id,file,rmsd_to_agonist,rmsd_to_antagonist,margin,state,n_atoms
H1_25hc__A0_baseline_A0_baseline_seed_42_sample_1_model,/home/lyceum/data/apheris-foundry-steering-committee/apheris_kit_rorgamma/runs/rorgamma_25hc/A0_baseline/A0_baseline_seed_42_sample_1_model.cif,0.6313348412513733,4.469559192657471,3.8382243514060974,agonist,201
H1_25hc__A0_baseline_A0_baseline_seed_43_sample_1_model,/home/lyceum/data/apheris-foundry-steering-committee/apheris_kit_rorgamma/runs/rorgamma_25hc/A0_baseline/A0_baseline_seed_43_sample_1_model.cif,0.3492058217525482,0.34645867347717285,0.002747148275375366,antagonist,201
H1_25hc__A1_pocket_specific_A1_pocket_specific_seed_42_sample_1_model,/home/lyceum/data/apheris-foundry-steering-committee/apheris_kit_rorgamma/runs/rorgamma_25hc/A1_pocket_specific/A1_pocket_specific_seed_42_sample_1_model.cif,0.34662631154060364,0.34877803921699524,0.0021517276763916016,agonist,201
H1_25hc__A1_pocket_specific_A1_pocket_specific_seed_43_sample_1_model,/home/lyceum/data/apheris-foundry-steering-committee/apheris_kit_rorgamma/runs/rorgamma_25hc/A1_pocket_specific/A1_pocket_specific_seed_43_sample_1_model.cif,0.4303837716579437,4.307526588439941,3.8771428167819977,agonist,201
H1_25hc__A2_pocket_shared_A2_pocket_shared_seed_42_sample_1_model,/home/lyceum/data/apheris-foundry-steering-committee/apheris_kit_rorgamma/runs/rorgamma_25hc/A2_pocket_shared/A2_pocket_shared_seed_42_sample_1_model.cif,0.3434674143791199,0.3508637547492981,0.007396340370178223,agonist,201
H1_25hc__A2_pocket_shared_A2_pocket_shared_seed_43_sample_1_model,/home/lyceum/data/apheris-foundry-steering-committee/apheris_kit_rorgamma/runs/rorgamma_25hc/A2_pocket_shared/A2_pocket_shared_seed_43_sample_1_model.cif,0.43025580048561096,4.30424165725708,3.873985856771469,agonist,201
H1_25hc__A3_template_target_A3_template_target_seed_42_sample_1_model,/home/lyceum/data/apheris-foundry-steering-committee/apheris_kit_rorgamma/runs/rorgamma_25hc/A3_template_target/A3_template_target_seed_42_sample_1_model.cif,0.400296688079834,1.2358436584472656,0.8355469703674316,agonist,201
H1_25hc__A4_template_wrong_A4_template_wrong_seed_42_sample_1_model,/home/lyceum/data/apheris-foundry-steering-committee/apheris_kit_rorgamma/runs/rorgamma_25hc/A4_template_wrong/A4_template_wrong_seed_42_sample_1_model.cif,0.4935051202774048,1.4247132539749146,0.9312081336975098,agonist,201
H1_25hc__A5_msa_free_A5_msa_free_seed_42_sample_1_model,/home/lyceum/data/apheris-foundry-steering-committee/apheris_kit_rorgamma/runs/rorgamma_25hc/A5_msa_free/A5_msa_free_seed_42_sample_1_model.cif,0.18325307965278625,1.0245637893676758,0.8413107097148895,agonist,201
H1_25hc__A6_pocket_plus_template_A6_pocket_plus_template_seed_42_sample_1_model,/home/lyceum/data/apheris-foundry-steering-committee/apheris_kit_rorgamma/runs/rorgamma_25hc/A6_pocket_plus_template/A6_pocket_plus_template_seed_42_sample_1_model.cif,0.6369606256484985,1.5154125690460205,0.878451943397522,agonist,201
H1_25hc__A7_pocket_msa_free_A7_pocket_msa_free_seed_42_sample_1_model,/home/lyceum/data/apheris-foundry-steering-committee/apheris_kit_rorgamma/runs/rorgamma_25hc/A7_pocket_msa_free/A7_pocket_msa_free_seed_42_sample_1_model.cif,0.39813685417175293,1.0429062843322754,0.6447694301605225,agonist,201
H1_25hc__A8_conflict_A8_conflict_seed_42_sample_1_model,/home/lyceum/data/apheris-foundry-steering-committee/apheris_kit_rorgamma/runs/rorgamma_25hc/A8_conflict/A8_conflict_seed_42_sample_1_model.cif,0.655379593372345,2.017656087875366,1.3622764945030212,agonist,201
H1_25hc__B0_of3_baseline_B0_of3_baseline_seed_42_sample_1_model,/home/lyceum/data/apheris-foundry-steering-committee/apheris_kit_rorgamma/runs/rorgamma_25hc/B0_of3_baseline/B0_of3_baseline_seed_42_sample_1_model.cif,0.6349233388900757,4.472080707550049,3.837157368659973,agonist,201
H1_25hc__B1_of3_template_B1_of3_template_seed_42_sample_1_model,/home/lyceum/data/apheris-foundry-steering-committee/apheris_kit_rorgamma/runs/rorgamma_25hc/B1_of3_template/B1_of3_template_seed_42_sample_1_model.cif,0.4006792902946472,1.2327566146850586,0.8320773243904114,agonist,201
H1_25hc__B2_of3_msa_free_B2_of3_msa_free_seed_42_sample_1_model,/home/lyceum/data/apheris-foundry-steering-committee/apheris_kit_rorgamma/runs/rorgamma_25hc/B2_of3_msa_free/B2_of3_msa_free_seed_42_sample_1_model.cif,0.2325582206249237,1.0586196184158325,0.8260613977909088,agonist,201
H1_25hc__B3_of3_template_msa_free_B3_of3_template_msa_free_seed_42_sample_1_model,/home/lyceum/data/apheris-foundry-steering-committee/apheris_kit_rorgamma/runs/rorgamma_25hc/B3_of3_template_msa_free/B3_of3_template_msa_free_seed_42_sample_1_model.cif,0.2948732078075409,0.3034391403198242,0.008565932512283325,agonist,201
H1_invago__A0_baseline_A0_baseline_seed_42_sample_1_model,/home/lyceum/data/apheris-foundry-steering-committee/apheris_kit_rorgamma/runs/rorgamma_invago/A0_baseline/A0_baseline_seed_42_sample_1_model.cif,4.66837215423584,1.4625614881515503,3.2058106660842896,antagonist,201
H1_invago__A0_baseline_A0_baseline_seed_43_sample_1_model,/home/lyceum/data/apheris-foundry-steering-committee/apheris_kit_rorgamma/runs/rorgamma_invago/A0_baseline/A0_baseline_seed_43_sample_1_model.cif,2.2044644355773926,1.0835477113723755,1.120916724205017,antagonist,201
H1_invago__A0_baseline_A0_baseline_seed_44_sample_1_model,/home/lyceum/data/apheris-foundry-steering-committee/apheris_kit_rorgamma/runs/rorgamma_invago/A0_baseline/A0_baseline_seed_44_sample_1_model.cif,0.34060031175613403,0.3365192115306854,0.004081100225448608,antagonist,201
H1_invago__A0_baseline_A0_baseline_seed_45_sample_1_model,/home/lyceum/data/apheris-foundry-steering-committee/apheris_kit_rorgamma/runs/rorgamma_invago/A0_baseline/A0_baseline_seed_45_sample_1_model.cif,4.8979926109313965,1.9823105335235596,2.915682077407837,antagonist,201
H1_invago__A0_baseline_A0_baseline_seed_46_sample_1_model,/home/lyceum/data/apheris-foundry-steering-committee/apheris_kit_rorgamma/runs/rorgamma_invago/A0_baseline/A0_baseline_seed_46_sample_1_model.cif,2.469200372695923,1.6341221332550049,0.835078239440918,antagonist,201
H1_invago__A10_msa_depth32_A10_msa_depth32_seed_42_sample_1_model,/home/lyceum/data/apheris-foundry-steering-committee/apheris_kit_rorgamma/runs/rorgamma_invago/A10_msa_depth32/A10_msa_depth32_seed_42_sample_1_model.cif,0.3909730613231659,4.223398208618164,3.832425147294998,agonist,201
H1_invago__A10_msa_depth32_A10_msa_depth32_seed_43_sample_1_model,/home/lyceum/data/apheris-foundry-steering-committee/apheris_kit_rorgamma/runs/rorgamma_invago/A10_msa_depth32/A10_msa_depth32_seed_43_sample_1_model.cif,0.5131746530532837,4.613503456115723,4.100328803062439,agonist,201
H1_invago__A10_msa_depth32_A10_msa_depth32_seed_44_sample_1_model,/home/lyceum/data/apheris-foundry-steering-committee/apheris_kit_rorgamma/runs/rorgamma_invago/A10_msa_depth32/A10_msa_depth32_seed_44_sample_1_model.cif,0.4416280686855316,4.317452907562256,3.8758248388767242,agonist,201
H1_invago__A10_msa_depth32_A10_msa_depth32_seed_45_sample_1_model,/home/lyceum/data/apheris-foundry-steering-committee/apheris_kit_rorgamma/runs/rorgamma_invago/A10_msa_depth32/A10_msa_depth32_seed_45_sample_1_model.cif,0.22143439948558807,0.3266944885253906,0.10526008903980255,agonist,201
H1_invago__A10_msa_depth32_A10_msa_depth32_seed_46_sample_1_model,/home/lyceum/data/apheris-foundry-steering-committee/apheris_kit_rorgamma/runs/rorgamma_invago/A10_msa_depth32/A10_msa_depth32_seed_46_sample_1_model.cif,0.2991354763507843,0.3267567455768585,0.02762126922607422,agonist,201
H1_invago__A11_msa_depth32_pocket_A11_msa_depth32_pocket_seed_42_sample_1_model,/home/lyceum/data/apheris-foundry-steering-committee/apheris_kit_rorgamma/runs/rorgamma_invago/A11_msa_depth32_pocket/A11_msa_depth32_pocket_seed_42_sample_1_model.cif,0.3558989465236664,0.3290514051914215,0.026847541332244873,antagonist,201
H1_invago__A11_msa_depth32_pocket_A11_msa_depth32_pocket_seed_43_sample_1_model,/home/lyceum/data/apheris-foundry-steering-committee/apheris_kit_rorgamma/runs/rorgamma_invago/A11_msa_depth32_pocket/A11_msa_depth32_pocket_seed_43_sample_1_model.cif,0.2580634653568268,0.3254541754722595,0.06739071011543274,agonist,201
H1_invago__A11_msa_depth32_pocket_A11_msa_depth32_pocket_seed_44_sample_1_model,/home/lyceum/data/apheris-foundry-steering-committee/apheris_kit_rorgamma/runs/rorgamma_invago/A11_msa_depth32_pocket/A11_msa_depth32_pocket_seed_44_sample_1_model.cif,0.5964121222496033,0.3338644504547119,0.26254767179489136,antagonist,201
H1_invago__A11_msa_depth32_pocket_A11_msa_depth32_pocket_seed_45_sample_1_model,/home/lyceum/data/apheris-foundry-steering-committee/apheris_kit_rorgamma/runs/rorgamma_invago/A11_msa_depth32_pocket/A11_msa_depth32_pocket_seed_45_sample_1_model.cif,0.26558664441108704,0.3566742241382599,0.09108757972717285,agonist,201
H1_invago__A11_msa_depth32_pocket_A11_msa_depth32_pocket_seed_46_sample_1_model,/home/lyceum/data/apheris-foundry-steering-committee/apheris_kit_rorgamma/runs/rorgamma_invago/A11_msa_depth32_pocket/A11_msa_depth32_pocket_seed_46_sample_1_model.cif,0.29116833209991455,0.3152311146259308,0.024062782526016235,agonist,201
H1_invago__A1_pocket_specific_A1_pocket_specific_seed_42_sample_1_model,/home/lyceum/data/apheris-foundry-steering-committee/apheris_kit_rorgamma/runs/rorgamma_invago/A1_pocket_specific/A1_pocket_specific_seed_42_sample_1_model.cif,0.6387686729431152,1.63240647315979,0.9936378002166748,agonist,201
H1_invago__A1_pocket_specific_A1_pocket_specific_seed_43_sample_1_model,/home/lyceum/data/apheris-foundry-steering-committee/apheris_kit_rorgamma/runs/rorgamma_invago/A1_pocket_specific/A1_pocket_specific_seed_43_sample_1_model.cif,0.36148878931999207,2.2639217376708984,1.9024329483509064,agonist,201
H1_invago__A1_pocket_specific_A1_pocket_specific_seed_44_sample_1_model,/home/lyceum/data/apheris-foundry-steering-committee/apheris_kit_rorgamma/runs/rorgamma_invago/A1_pocket_specific/A1_pocket_specific_seed_44_sample_1_model.cif,0.374683678150177,0.3406260013580322,0.034057676792144775,antagonist,201
H1_invago__A1_pocket_specific_A1_pocket_specific_seed_45_sample_1_model,/home/lyceum/data/apheris-foundry-steering-committee/apheris_kit_rorgamma/runs/rorgamma_invago/A1_pocket_specific/A1_pocket_specific_seed_45_sample_1_model.cif,2.2173361778259277,1.2672137022018433,0.9501224756240845,antagonist,201
H1_invago__A1_pocket_specific_A1_pocket_specific_seed_46_sample_1_model,/home/lyceum/data/apheris-foundry-steering-committee/apheris_kit_rorgamma/runs/rorgamma_invago/A1_pocket_specific/A1_pocket_specific_seed_46_sample_1_model.cif,0.30263152718544006,1.4738903045654297,1.1712587773799896,agonist,201
H1_invago__A2_pocket_shared_A2_pocket_shared_seed_42_sample_1_model,/home/lyceum/data/apheris-foundry-steering-committee/apheris_kit_rorgamma/runs/rorgamma_invago/A2_pocket_shared/A2_pocket_shared_seed_42_sample_1_model.cif,0.35273170471191406,1.4164475202560425,1.0637158155441284,agonist,201
H1_invago__A3_template_target_A3_template_target_seed_42_sample_1_model,/home/lyceum/data/apheris-foundry-steering-committee/apheris_kit_rorgamma/runs/rorgamma_invago/A3_template_target/A3_template_target_seed_42_sample_1_model.cif,4.145046710968018,1.6729669570922852,2.4720797538757324,antagonist,201
H1_invago__A4_template_wrong_A4_template_wrong_seed_42_sample_1_model,/home/lyceum/data/apheris-foundry-steering-committee/apheris_kit_rorgamma/runs/rorgamma_invago/A4_template_wrong/A4_template_wrong_seed_42_sample_1_model.cif,0.2686196267604828,1.3577914237976074,1.0891717970371246,agonist,201
H1_invago__A4_template_wrong_A4_template_wrong_seed_43_sample_1_model,/home/lyceum/data/apheris-foundry-steering-committee/apheris_kit_rorgamma/runs/rorgamma_invago/A4_template_wrong/A4_template_wrong_seed_43_sample_1_model.cif,2.2183971405029297,1.0899749994277954,1.1284221410751343,antagonist,201
H1_invago__A4_template_wrong_A4_template_wrong_seed_44_sample_1_model,/home/lyceum/data/apheris-foundry-steering-committee/apheris_kit_rorgamma/runs/rorgamma_invago/A4_template_wrong/A4_template_wrong_seed_44_sample_1_model.cif,0.3282524049282074,2.949446439743042,2.6211940348148346,agonist,201
H1_invago__A4_template_wrong_A4_template_wrong_seed_45_sample_1_model,/home/lyceum/data/apheris-foundry-steering-committee/apheris_kit_rorgamma/runs/rorgamma_invago/A4_template_wrong/A4_template_wrong_seed_45_sample_1_model.cif,0.35598960518836975,3.5422322750091553,3.1862426698207855,agonist,201
H1_invago__A4_template_wrong_A4_template_wrong_seed_46_sample_1_model,/home/lyceum/data/apheris-foundry-steering-committee/apheris_kit_rorgamma/runs/rorgamma_invago/A4_template_wrong/A4_template_wrong_seed_46_sample_1_model.cif,0.24777120351791382,2.181302785873413,1.9335315823554993,agonist,201
H1_invago__A5_msa_free_A5_msa_free_seed_42_sample_1_model,/home/lyceum/data/apheris-foundry-steering-committee/apheris_kit_rorgamma/runs/rorgamma_invago/A5_msa_free/A5_msa_free_seed_42_sample_1_model.cif,0.17123602330684662,1.106360912322998,0.9351248890161514,agonist,201
H1_invago__A6_pocket_plus_template_A6_pocket_plus_template_seed_42_sample_1_model,/home/lyceum/data/apheris-foundry-steering-committee/apheris_kit_rorgamma/runs/rorgamma_invago/A6_pocket_plus_template/A6_pocket_plus_template_seed_42_sample_1_model.cif,0.4897010624408722,0.7328207492828369,0.24311968684196472,agonist,201
H1_invago__A7_pocket_msa_free_A7_pocket_msa_free_seed_42_sample_1_model,/home/lyceum/data/apheris-foundry-steering-committee/apheris_kit_rorgamma/runs/rorgamma_invago/A7_pocket_msa_free/A7_pocket_msa_free_seed_42_sample_1_model.cif,0.19277030229568481,1.8312700986862183,1.6384997963905334,agonist,201
H1_invago__A8_conflict_A8_conflict_seed_42_sample_1_model,/home/lyceum/data/apheris-foundry-steering-committee/apheris_kit_rorgamma/runs/rorgamma_invago/A8_conflict/A8_conflict_seed_42_sample_1_model.cif,0.4487226903438568,1.4559178352355957,1.007195144891739,agonist,201
H1_invago__B0_of3_baseline_B0_of3_baseline_seed_42_sample_1_model,/home/lyceum/data/apheris-foundry-steering-committee/apheris_kit_rorgamma/runs/rorgamma_invago/B0_of3_baseline/B0_of3_baseline_seed_42_sample_1_model.cif,4.661464214324951,1.4657589197158813,3.19570529460907,antagonist,201
H1_invago__B1_of3_template_B1_of3_template_seed_42_sample_1_model,/home/lyceum/data/apheris-foundry-steering-committee/apheris_kit_rorgamma/runs/rorgamma_invago/B1_of3_template/B1_of3_template_seed_42_sample_1_model.cif,4.1560211181640625,1.6717689037322998,2.4842522144317627,antagonist,201
H1_invago__B2_of3_msa_free_B2_of3_msa_free_seed_42_sample_1_model,/home/lyceum/data/apheris-foundry-steering-committee/apheris_kit_rorgamma/runs/rorgamma_invago/B2_of3_msa_free/B2_of3_msa_free_seed_42_sample_1_model.cif,0.17914371192455292,1.1076419353485107,0.9284982234239578,agonist,201
H1_invago__B3_of3_template_msa_free_B3_of3_template_msa_free_seed_42_sample_1_model,/home/lyceum/data/apheris-foundry-steering-committee/apheris_kit_rorgamma/runs/rorgamma_invago/B3_of3_template_msa_free/B3_of3_template_msa_free_seed_42_sample_1_model.cif,0.416564404964447,1.5680357217788696,1.1514713168144226,agonist,201
H2__depth_128_H2_msa_titration_seed_42_H2_msa_titration_seed_42_sample_10_model,/home/lyceum/h2/out/depth_128/H2_msa_titration/seed_42/H2_msa_titration_seed_42_sample_10_model.cif,0.3928755819797516,0.3267824649810791,0.06609311699867249,antagonist,201
H2__depth_128_H2_msa_titration_seed_42_H2_msa_titration_seed_42_sample_1_model,/home/lyceum/h2/out/depth_128/H2_msa_titration/seed_42/H2_msa_titration_seed_42_sample_1_model.cif,0.35051366686820984,4.149430751800537,3.7989170849323273,agonist,201
H2__depth_128_H2_msa_titration_seed_42_H2_msa_titration_seed_42_sample_2_model,/home/lyceum/h2/out/depth_128/H2_msa_titration/seed_42/H2_msa_titration_seed_42_sample_2_model.cif,0.2926960587501526,0.34686943888664246,0.05417338013648987,agonist,201
H2__depth_128_H2_msa_titration_seed_42_H2_msa_titration_seed_42_sample_3_model,/home/lyceum/h2/out/depth_128/H2_msa_titration/seed_42/H2_msa_titration_seed_42_sample_3_model.cif,0.2654188275337219,5.020944595336914,4.755525767803192,agonist,201
H2__depth_128_H2_msa_titration_seed_42_H2_msa_titration_seed_42_sample_4_model,/home/lyceum/h2/out/depth_128/H2_msa_titration/seed_42/H2_msa_titration_seed_42_sample_4_model.cif,0.3742698132991791,0.33044537901878357,0.04382443428039551,antagonist,201
H2__depth_128_H2_msa_titration_seed_42_H2_msa_titration_seed_42_sample_5_model,/home/lyceum/h2/out/depth_128/H2_msa_titration/seed_42/H2_msa_titration_seed_42_sample_5_model.cif,0.350786954164505,0.3406750559806824,0.010111898183822632,antagonist,201
H2__depth_128_H2_msa_titration_seed_42_H2_msa_titration_seed_42_sample_6_model,/home/lyceum/h2/out/depth_128/H2_msa_titration/seed_42/H2_msa_titration_seed_42_sample_6_model.cif,0.32720133662223816,0.3321169316768646,0.004915595054626465,agonist,201
H2__depth_128_H2_msa_titration_seed_42_H2_msa_titration_seed_42_sample_7_model,/home/lyceum/h2/out/depth_128/H2_msa_titration/seed_42/H2_msa_titration_seed_42_sample_7_model.cif,0.36992377042770386,4.1704607009887695,3.8005369305610657,agonist,201
H2__depth_128_H2_msa_titration_seed_42_H2_msa_titration_seed_42_sample_8_model,/home/lyceum/h2/out/depth_128/H2_msa_titration/seed_42/H2_msa_titration_seed_42_sample_8_model.cif,0.3273337185382843,0.3195594847202301,0.007774233818054199,antagonist,201
H2__depth_128_H2_msa_titration_seed_42_H2_msa_titration_seed_42_sample_9_model,/home/lyceum/h2/out/depth_128/H2_msa_titration/seed_42/H2_msa_titration_seed_42_sample_9_model.cif,0.4275561571121216,0.3112981915473938,0.11625796556472778,antagonist,201
H2__depth_128_H2_msa_titration_seed_43_H2_msa_titration_seed_43_sample_10_model,/home/lyceum/h2/out/depth_128/H2_msa_titration/seed_43/H2_msa_titration_seed_43_sample_10_model.cif,0.36619120836257935,4.308350086212158,3.942158877849579,agonist,201
H2__depth_128_H2_msa_titration_seed_43_H2_msa_titration_seed_43_sample_1_model,/home/lyceum/h2/out/depth_128/H2_msa_titration/seed_43/H2_msa_titration_seed_43_sample_1_model.cif,0.4104544222354889,0.31556057929992676,0.09489384293556213,antagonist,201
H2__depth_128_H2_msa_titration_seed_43_H2_msa_titration_seed_43_sample_2_model,/home/lyceum/h2/out/depth_128/H2_msa_titration/seed_43/H2_msa_titration_seed_43_sample_2_model.cif,0.4512960612773895,4.4421210289001465,3.990824967622757,agonist,201
H2__depth_128_H2_msa_titration_seed_43_H2_msa_titration_seed_43_sample_3_model,/home/lyceum/h2/out/depth_128/H2_msa_titration/seed_43/H2_msa_titration_seed_43_sample_3_model.cif,0.44285616278648376,4.459939479827881,4.017083317041397,agonist,201
H2__depth_128_H2_msa_titration_seed_43_H2_msa_titration_seed_43_sample_4_model,/home/lyceum/h2/out/depth_128/H2_msa_titration/seed_43/H2_msa_titration_seed_43_sample_4_model.cif,0.31536996364593506,0.32873767614364624,0.013367712497711182,agonist,201
H2__depth_128_H2_msa_titration_seed_43_H2_msa_titration_seed_43_sample_5_model,/home/lyceum/h2/out/depth_128/H2_msa_titration/seed_43/H2_msa_titration_seed_43_sample_5_model.cif,0.2843106985092163,4.808043956756592,4.5237332582473755,agonist,201
H2__depth_128_H2_msa_titration_seed_43_H2_msa_titration_seed_43_sample_6_model,/home/lyceum/h2/out/depth_128/H2_msa_titration/seed_43/H2_msa_titration_seed_43_sample_6_model.cif,0.284915953874588,4.844655990600586,4.559740036725998,agonist,201
H2__depth_128_H2_msa_titration_seed_43_H2_msa_titration_seed_43_sample_7_model,/home/lyceum/h2/out/depth_128/H2_msa_titration/seed_43/H2_msa_titration_seed_43_sample_7_model.cif,0.32979077100753784,4.138906955718994,3.8091161847114563,agonist,201
H2__depth_128_H2_msa_titration_seed_43_H2_msa_titration_seed_43_sample_8_model,/home/lyceum/h2/out/depth_128/H2_msa_titration/seed_43/H2_msa_titration_seed_43_sample_8_model.cif,0.23564521968364716,0.3538033068180084,0.11815808713436127,agonist,201
H2__depth_128_H2_msa_titration_seed_43_H2_msa_titration_seed_43_sample_9_model,/home/lyceum/h2/out/depth_128/H2_msa_titration/seed_43/H2_msa_titration_seed_43_sample_9_model.cif,0.3349354863166809,0.3172946572303772,0.01764082908630371,antagonist,201
H2__depth_128_H2_msa_titration_seed_44_H2_msa_titration_seed_44_sample_10_model,/home/lyceum/h2/out/depth_128/H2_msa_titration/seed_44/H2_msa_titration_seed_44_sample_10_model.cif,0.32283803820610046,4.287883758544922,3.9650457203388214,agonist,201
H2__depth_128_H2_msa_titration_seed_44_H2_msa_titration_seed_44_sample_1_model,/home/lyceum/h2/out/depth_128/H2_msa_titration/seed_44/H2_msa_titration_seed_44_sample_1_model.cif,0.4455483853816986,4.432053089141846,3.986504703760147,agonist,201
H2__depth_128_H2_msa_titration_seed_44_H2_msa_titration_seed_44_sample_2_model,/home/lyceum/h2/out/depth_128/H2_msa_titration/seed_44/H2_msa_titration_seed_44_sample_2_model.cif,0.39503687620162964,0.33367660641670227,0.06136026978492737,antagonist,201
H2__depth_128_H2_msa_titration_seed_44_H2_msa_titration_seed_44_sample_3_model,/home/lyceum/h2/out/depth_128/H2_msa_titration/seed_44/H2_msa_titration_seed_44_sample_3_model.cif,0.4676010012626648,4.290652275085449,3.8230512738227844,agonist,201
H2__depth_128_H2_msa_titration_seed_44_H2_msa_titration_seed_44_sample_4_model,/home/lyceum/h2/out/depth_128/H2_msa_titration/seed_44/H2_msa_titration_seed_44_sample_4_model.cif,0.41356679797172546,0.3152899146080017,0.09827688336372375,antagonist,201
H2__depth_128_H2_msa_titration_seed_44_H2_msa_titration_seed_44_sample_5_model,/home/lyceum/h2/out/depth_128/H2_msa_titration/seed_44/H2_msa_titration_seed_44_sample_5_model.cif,0.3210195004940033,0.3347780406475067,0.013758540153503418,agonist,201
H2__depth_128_H2_msa_titration_seed_44_H2_msa_titration_seed_44_sample_6_model,/home/lyceum/h2/out/depth_128/H2_msa_titration/seed_44/H2_msa_titration_seed_44_sample_6_model.cif,0.31800034642219543,0.3585938513278961,0.040593504905700684,agonist,201
H2__depth_128_H2_msa_titration_seed_44_H2_msa_titration_seed_44_sample_7_model,/home/lyceum/h2/out/depth_128/H2_msa_titration/seed_44/H2_msa_titration_seed_44_sample_7_model.cif,0.3218388855457306,0.33377689123153687,0.011938005685806274,agonist,201
H2__depth_128_H2_msa_titration_seed_44_H2_msa_titration_seed_44_sample_8_model,/home/lyceum/h2/out/depth_128/H2_msa_titration/seed_44/H2_msa_titration_seed_44_sample_8_model.cif,0.3632364571094513,0.3950490653514862,0.03181260824203491,agonist,201
H2__depth_128_H2_msa_titration_seed_44_H2_msa_titration_seed_44_sample_9_model,/home/lyceum/h2/out/depth_128/H2_msa_titration/seed_44/H2_msa_titration_seed_44_sample_9_model.cif,0.42110127210617065,0.342952698469162,0.07814857363700867,antagonist,201
H2__depth_128_H2_msa_titration_seed_45_H2_msa_titration_seed_45_sample_10_model,/home/lyceum/h2/out/depth_128/H2_msa_titration/seed_45/H2_msa_titration_seed_45_sample_10_model.cif,0.39536818861961365,4.240072727203369,3.8447045385837555,agonist,201
H2__depth_128_H2_msa_titration_seed_45_H2_msa_titration_seed_45_sample_1_model,/home/lyceum/h2/out/depth_128/H2_msa_titration/seed_45/H2_msa_titration_seed_45_sample_1_model.cif,0.20155683159828186,0.327515572309494,0.12595874071121216,agonist,201
H2__depth_128_H2_msa_titration_seed_45_H2_msa_titration_seed_45_sample_2_model,/home/lyceum/h2/out/depth_128/H2_msa_titration/seed_45/H2_msa_titration_seed_45_sample_2_model.cif,0.44645988941192627,4.461195945739746,4.01473605632782,agonist,201
H2__depth_128_H2_msa_titration_seed_45_H2_msa_titration_seed_45_sample_3_model,/home/lyceum/h2/out/depth_128/H2_msa_titration/seed_45/H2_msa_titration_seed_45_sample_3_model.cif,0.3052509129047394,0.3249887526035309,0.019737839698791504,agonist,201
H2__depth_128_H2_msa_titration_seed_45_H2_msa_titration_seed_45_sample_4_model,/home/lyceum/h2/out/depth_128/H2_msa_titration/seed_45/H2_msa_titration_seed_45_sample_4_model.cif,0.26992589235305786,4.866189956665039,4.596264064311981,agonist,201
H2__depth_128_H2_msa_titration_seed_45_H2_msa_titration_seed_45_sample_5_model,/home/lyceum/h2/out/depth_128/H2_msa_titration/seed_45/H2_msa_titration_seed_45_sample_5_model.cif,0.3746985197067261,4.220870494842529,3.8461719751358032,agonist,201
H2__depth_128_H2_msa_titration_seed_45_H2_msa_titration_seed_45_sample_6_model,/home/lyceum/h2/out/depth_128/H2_msa_titration/seed_45/H2_msa_titration_seed_45_sample_6_model.cif,0.3600773513317108,4.178956985473633,3.818879634141922,agonist,201
H2__depth_128_H2_msa_titration_seed_45_H2_msa_titration_seed_45_sample_7_model,/home/lyceum/h2/out/depth_128/H2_msa_titration/seed_45/H2_msa_titration_seed_45_sample_7_model.cif,0.4527803659439087,4.416530609130859,3.9637502431869507,agonist,201
H2__depth_128_H2_msa_titration_seed_45_H2_msa_titration_seed_45_sample_8_model,/home/lyceum/h2/out/depth_128/H2_msa_titration/seed_45/H2_msa_titration_seed_45_sample_8_model.cif,0.537402868270874,4.371049880981445,3.8336470127105713,agonist,201
H2__depth_128_H2_msa_titration_seed_45_H2_msa_titration_seed_45_sample_9_model,/home/lyceum/h2/out/depth_128/H2_msa_titration/seed_45/H2_msa_titration_seed_45_sample_9_model.cif,0.30989906191825867,4.3075456619262695,3.997646600008011,agonist,201
H2__depth_128_H2_msa_titration_seed_46_H2_msa_titration_seed_46_sample_10_model,/home/lyceum/h2/out/depth_128/H2_msa_titration/seed_46/H2_msa_titration_seed_46_sample_10_model.cif,0.2786995768547058,0.3418072760105133,0.0631076991558075,agonist,201
H2__depth_128_H2_msa_titration_seed_46_H2_msa_titration_seed_46_sample_1_model,/home/lyceum/h2/out/depth_128/H2_msa_titration/seed_46/H2_msa_titration_seed_46_sample_1_model.cif,0.2778313457965851,0.3424000144004822,0.0645686686038971,agonist,201
H2__depth_128_H2_msa_titration_seed_46_H2_msa_titration_seed_46_sample_2_model,/home/lyceum/h2/out/depth_128/H2_msa_titration/seed_46/H2_msa_titration_seed_46_sample_2_model.cif,0.3356509506702423,4.0842437744140625,3.74859282374382,agonist,201
H2__depth_128_H2_msa_titration_seed_46_H2_msa_titration_seed_46_sample_3_model,/home/lyceum/h2/out/depth_128/H2_msa_titration/seed_46/H2_msa_titration_seed_46_sample_3_model.cif,0.29773083329200745,0.31468263268470764,0.016951799392700195,agonist,201
H2__depth_128_H2_msa_titration_seed_46_H2_msa_titration_seed_46_sample_4_model,/home/lyceum/h2/out/depth_128/H2_msa_titration/seed_46/H2_msa_titration_seed_46_sample_4_model.cif,0.310860276222229,0.26890432834625244,0.04195594787597656,antagonist,201
H2__depth_128_H2_msa_titration_seed_46_H2_msa_titration_seed_46_sample_5_model,/home/lyceum/h2/out/depth_128/H2_msa_titration/seed_46/H2_msa_titration_seed_46_sample_5_model.cif,0.29516470432281494,0.32526811957359314,0.030103415250778198,agonist,201
H2__depth_128_H2_msa_titration_seed_46_H2_msa_titration_seed_46_sample_6_model,/home/lyceum/h2/out/depth_128/H2_msa_titration/seed_46/H2_msa_titration_seed_46_sample_6_model.cif,0.16881845891475677,0.3578121066093445,0.1889936476945877,agonist,201
H2__depth_128_H2_msa_titration_seed_46_H2_msa_titration_seed_46_sample_7_model,/home/lyceum/h2/out/depth_128/H2_msa_titration/seed_46/H2_msa_titration_seed_46_sample_7_model.cif,0.261745423078537,0.3277140259742737,0.0659686028957367,agonist,201
H2__depth_128_H2_msa_titration_seed_46_H2_msa_titration_seed_46_sample_8_model,/home/lyceum/h2/out/depth_128/H2_msa_titration/seed_46/H2_msa_titration_seed_46_sample_8_model.cif,0.28588324785232544,0.3356612026691437,0.04977795481681824,agonist,201
H2__depth_128_H2_msa_titration_seed_46_H2_msa_titration_seed_46_sample_9_model,/home/lyceum/h2/out/depth_128/H2_msa_titration/seed_46/H2_msa_titration_seed_46_sample_9_model.cif,0.39011892676353455,4.419295787811279,4.029176861047745,agonist,201
H2__depth_32_H2_msa_titration_seed_42_H2_msa_titration_seed_42_sample_10_model,/home/lyceum/h2/out/depth_32/H2_msa_titration/seed_42/H2_msa_titration_seed_42_sample_10_model.cif,1.079401969909668,1.1257681846618652,0.046366214752197266,agonist,201
H2__depth_32_H2_msa_titration_seed_42_H2_msa_titration_seed_42_sample_1_model,/home/lyceum/h2/out/depth_32/H2_msa_titration/seed_42/H2_msa_titration_seed_42_sample_1_model.cif,0.43860480189323425,1.067224144935608,0.6286193430423737,agonist,201
H2__depth_32_H2_msa_titration_seed_42_H2_msa_titration_seed_42_sample_2_model,/home/lyceum/h2/out/depth_32/H2_msa_titration/seed_42/H2_msa_titration_seed_42_sample_2_model.cif,0.253977507352829,2.736300468444824,2.4823229610919952,agonist,201
H2__depth_32_H2_msa_titration_seed_42_H2_msa_titration_seed_42_sample_3_model,/home/lyceum/h2/out/depth_32/H2_msa_titration/seed_42/H2_msa_titration_seed_42_sample_3_model.cif,0.2812570333480835,1.238645076751709,0.9573880434036255,agonist,201
H2__depth_32_H2_msa_titration_seed_42_H2_msa_titration_seed_42_sample_4_model,/home/lyceum/h2/out/depth_32/H2_msa_titration/seed_42/H2_msa_titration_seed_42_sample_4_model.cif,0.209661602973938,1.0807849168777466,0.8711233139038086,agonist,201
H2__depth_32_H2_msa_titration_seed_42_H2_msa_titration_seed_42_sample_5_model,/home/lyceum/h2/out/depth_32/H2_msa_titration/seed_42/H2_msa_titration_seed_42_sample_5_model.cif,0.13299623131752014,0.991208016872406,0.8582117855548859,agonist,201
H2__depth_32_H2_msa_titration_seed_42_H2_msa_titration_seed_42_sample_6_model,/home/lyceum/h2/out/depth_32/H2_msa_titration/seed_42/H2_msa_titration_seed_42_sample_6_model.cif,3.5257668495178223,2.7398581504821777,0.7859086990356445,antagonist,201
H2__depth_32_H2_msa_titration_seed_42_H2_msa_titration_seed_42_sample_7_model,/home/lyceum/h2/out/depth_32/H2_msa_titration/seed_42/H2_msa_titration_seed_42_sample_7_model.cif,0.5080186724662781,0.9606893658638,0.452670693397522,agonist,201
H2__depth_32_H2_msa_titration_seed_42_H2_msa_titration_seed_42_sample_8_model,/home/lyceum/h2/out/depth_32/H2_msa_titration/seed_42/H2_msa_titration_seed_42_sample_8_model.cif,0.41770684719085693,1.0645625591278076,0.6468557119369507,agonist,201
H2__depth_32_H2_msa_titration_seed_42_H2_msa_titration_seed_42_sample_9_model,/home/lyceum/h2/out/depth_32/H2_msa_titration/seed_42/H2_msa_titration_seed_42_sample_9_model.cif,0.19868426024913788,0.9119554758071899,0.7132712155580521,agonist,201
H2__depth_32_H2_msa_titration_seed_43_H2_msa_titration_seed_43_sample_10_model,/home/lyceum/h2/out/depth_32/H2_msa_titration/seed_43/H2_msa_titration_seed_43_sample_10_model.cif,0.06043766066431999,0.9453806281089783,0.8849429674446583,agonist,201
H2__depth_32_H2_msa_titration_seed_43_H2_msa_titration_seed_43_sample_1_model,/home/lyceum/h2/out/depth_32/H2_msa_titration/seed_43/H2_msa_titration_seed_43_sample_1_model.cif,0.4933681786060333,0.9527519941329956,0.4593838155269623,agonist,201
H2__depth_32_H2_msa_titration_seed_43_H2_msa_titration_seed_43_sample_2_model,/home/lyceum/h2/out/depth_32/H2_msa_titration/seed_43/H2_msa_titration_seed_43_sample_2_model.cif,0.14392927289009094,1.0801031589508057,0.9361738860607147,agonist,201
H2__depth_32_H2_msa_titration_seed_43_H2_msa_titration_seed_43_sample_3_model,/home/lyceum/h2/out/depth_32/H2_msa_titration/seed_43/H2_msa_titration_seed_43_sample_3_model.cif,0.42366546392440796,1.1142810583114624,0.6906155943870544,agonist,201
H2__depth_32_H2_msa_titration_seed_43_H2_msa_titration_seed_43_sample_4_model,/home/lyceum/h2/out/depth_32/H2_msa_titration/seed_43/H2_msa_titration_seed_43_sample_4_model.cif,0.5666986703872681,0.9259975552558899,0.3592988848686218,agonist,201
H2__depth_32_H2_msa_titration_seed_43_H2_msa_titration_seed_43_sample_5_model,/home/lyceum/h2/out/depth_32/H2_msa_titration/seed_43/H2_msa_titration_seed_43_sample_5_model.cif,0.26500841975212097,0.9524152278900146,0.6874068081378937,agonist,201
H2__depth_32_H2_msa_titration_seed_43_H2_msa_titration_seed_43_sample_6_model,/home/lyceum/h2/out/depth_32/H2_msa_titration/seed_43/H2_msa_titration_seed_43_sample_6_model.cif,0.21894380450248718,1.0490902662277222,0.830146461725235,agonist,201
H2__depth_32_H2_msa_titration_seed_43_H2_msa_titration_seed_43_sample_7_model,/home/lyceum/h2/out/depth_32/H2_msa_titration/seed_43/H2_msa_titration_seed_43_sample_7_model.cif,0.4170275926589966,1.8845643997192383,1.4675368070602417,agonist,201
H2__depth_32_H2_msa_titration_seed_43_H2_msa_titration_seed_43_sample_8_model,/home/lyceum/h2/out/depth_32/H2_msa_titration/seed_43/H2_msa_titration_seed_43_sample_8_model.cif,0.21975786983966827,0.9526559710502625,0.7328981012105942,agonist,201
H2__depth_32_H2_msa_titration_seed_43_H2_msa_titration_seed_43_sample_9_model,/home/lyceum/h2/out/depth_32/H2_msa_titration/seed_43/H2_msa_titration_seed_43_sample_9_model.cif,0.36351341009140015,0.9292976260185242,0.565784215927124,agonist,201
H2__depth_32_H2_msa_titration_seed_44_H2_msa_titration_seed_44_sample_10_model,/home/lyceum/h2/out/depth_32/H2_msa_titration/seed_44/H2_msa_titration_seed_44_sample_10_model.cif,0.21775521337985992,2.347046375274658,2.1292911618947983,agonist,201
H2__depth_32_H2_msa_titration_seed_44_H2_msa_titration_seed_44_sample_1_model,/home/lyceum/h2/out/depth_32/H2_msa_titration/seed_44/H2_msa_titration_seed_44_sample_1_model.cif,0.4130667746067047,1.0746773481369019,0.6616105735301971,agonist,201
H2__depth_32_H2_msa_titration_seed_44_H2_msa_titration_seed_44_sample_2_model,/home/lyceum/h2/out/depth_32/H2_msa_titration/seed_44/H2_msa_titration_seed_44_sample_2_model.cif,0.5236803889274597,1.0956380367279053,0.5719576478004456,agonist,201
H2__depth_32_H2_msa_titration_seed_44_H2_msa_titration_seed_44_sample_3_model,/home/lyceum/h2/out/depth_32/H2_msa_titration/seed_44/H2_msa_titration_seed_44_sample_3_model.cif,1.2009233236312866,0.9286863207817078,0.27223700284957886,antagonist,201
H2__depth_32_H2_msa_titration_seed_44_H2_msa_titration_seed_44_sample_4_model,/home/lyceum/h2/out/depth_32/H2_msa_titration/seed_44/H2_msa_titration_seed_44_sample_4_model.cif,2.510699510574341,3.367784261703491,0.8570847511291504,agonist,201
H2__depth_32_H2_msa_titration_seed_44_H2_msa_titration_seed_44_sample_5_model,/home/lyceum/h2/out/depth_32/H2_msa_titration/seed_44/H2_msa_titration_seed_44_sample_5_model.cif,0.4715261161327362,1.0372413396835327,0.5657152235507965,agonist,201
H2__depth_32_H2_msa_titration_seed_44_H2_msa_titration_seed_44_sample_6_model,/home/lyceum/h2/out/depth_32/H2_msa_titration/seed_44/H2_msa_titration_seed_44_sample_6_model.cif,0.2949109375476837,0.895197331905365,0.6002863943576813,agonist,201
H2__depth_32_H2_msa_titration_seed_44_H2_msa_titration_seed_44_sample_7_model,/home/lyceum/h2/out/depth_32/H2_msa_titration/seed_44/H2_msa_titration_seed_44_sample_7_model.cif,2.4353561401367188,2.4036991596221924,0.03165698051452637,antagonist,201
H2__depth_32_H2_msa_titration_seed_44_H2_msa_titration_seed_44_sample_8_model,/home/lyceum/h2/out/depth_32/H2_msa_titration/seed_44/H2_msa_titration_seed_44_sample_8_model.cif,0.5100473761558533,0.9686800837516785,0.4586327075958252,agonist,201
H2__depth_32_H2_msa_titration_seed_44_H2_msa_titration_seed_44_sample_9_model,/home/lyceum/h2/out/depth_32/H2_msa_titration/seed_44/H2_msa_titration_seed_44_sample_9_model.cif,0.48097559809684753,0.9356165528297424,0.4546409547328949,agonist,201
H2__depth_32_H2_msa_titration_seed_45_H2_msa_titration_seed_45_sample_10_model,/home/lyceum/h2/out/depth_32/H2_msa_titration/seed_45/H2_msa_titration_seed_45_sample_10_model.cif,0.9274519681930542,2.876068115234375,1.9486161470413208,agonist,201
H2__depth_32_H2_msa_titration_seed_45_H2_msa_titration_seed_45_sample_1_model,/home/lyceum/h2/out/depth_32/H2_msa_titration/seed_45/H2_msa_titration_seed_45_sample_1_model.cif,0.342190682888031,0.9916918277740479,0.6495011448860168,agonist,201
H2__depth_32_H2_msa_titration_seed_45_H2_msa_titration_seed_45_sample_2_model,/home/lyceum/h2/out/depth_32/H2_msa_titration/seed_45/H2_msa_titration_seed_45_sample_2_model.cif,0.5033729672431946,1.053918480873108,0.5505455136299133,agonist,201
H2__depth_32_H2_msa_titration_seed_45_H2_msa_titration_seed_45_sample_3_model,/home/lyceum/h2/out/depth_32/H2_msa_titration/seed_45/H2_msa_titration_seed_45_sample_3_model.cif,0.1680678278207779,0.933301568031311,0.7652337402105331,agonist,201
H2__depth_32_H2_msa_titration_seed_45_H2_msa_titration_seed_45_sample_4_model,/home/lyceum/h2/out/depth_32/H2_msa_titration/seed_45/H2_msa_titration_seed_45_sample_4_model.cif,1.4748395681381226,1.12216317653656,0.3526763916015625,antagonist,201
H2__depth_32_H2_msa_titration_seed_45_H2_msa_titration_seed_45_sample_5_model,/home/lyceum/h2/out/depth_32/H2_msa_titration/seed_45/H2_msa_titration_seed_45_sample_5_model.cif,1.0174143314361572,2.393334150314331,1.3759198188781738,agonist,201
H2__depth_32_H2_msa_titration_seed_45_H2_msa_titration_seed_45_sample_6_model,/home/lyceum/h2/out/depth_32/H2_msa_titration/seed_45/H2_msa_titration_seed_45_sample_6_model.cif,0.17644986510276794,1.0799199342727661,0.9034700691699982,agonist,201
H2__depth_32_H2_msa_titration_seed_45_H2_msa_titration_seed_45_sample_7_model,/home/lyceum/h2/out/depth_32/H2_msa_titration/seed_45/H2_msa_titration_seed_45_sample_7_model.cif,0.9426000714302063,2.8047993183135986,1.8621992468833923,agonist,201
H2__depth_32_H2_msa_titration_seed_45_H2_msa_titration_seed_45_sample_8_model,/home/lyceum/h2/out/depth_32/H2_msa_titration/seed_45/H2_msa_titration_seed_45_sample_8_model.cif,0.9665043950080872,3.3969504833221436,2.4304460883140564,agonist,201
H2__depth_32_H2_msa_titration_seed_45_H2_msa_titration_seed_45_sample_9_model,/home/lyceum/h2/out/depth_32/H2_msa_titration/seed_45/H2_msa_titration_seed_45_sample_9_model.cif,0.626493513584137,0.9908446073532104,0.3643510937690735,agonist,201
H2__depth_32_H2_msa_titration_seed_46_H2_msa_titration_seed_46_sample_10_model,/home/lyceum/h2/out/depth_32/H2_msa_titration/seed_46/H2_msa_titration_seed_46_sample_10_model.cif,0.3987634778022766,1.2470427751541138,0.8482792973518372,agonist,201
H2__depth_32_H2_msa_titration_seed_46_H2_msa_titration_seed_46_sample_1_model,/home/lyceum/h2/out/depth_32/H2_msa_titration/seed_46/H2_msa_titration_seed_46_sample_1_model.cif,0.20284830033779144,1.0454955101013184,0.8426472097635269,agonist,201
H2__depth_32_H2_msa_titration_seed_46_H2_msa_titration_seed_46_sample_2_model,/home/lyceum/h2/out/depth_32/H2_msa_titration/seed_46/H2_msa_titration_seed_46_sample_2_model.cif,0.31253644824028015,1.4580267667770386,1.1454903185367584,agonist,201
H2__depth_32_H2_msa_titration_seed_46_H2_msa_titration_seed_46_sample_3_model,/home/lyceum/h2/out/depth_32/H2_msa_titration/seed_46/H2_msa_titration_seed_46_sample_3_model.cif,0.6347941756248474,0.8854191303253174,0.25062495470046997,agonist,201
H2__depth_32_H2_msa_titration_seed_46_H2_msa_titration_seed_46_sample_4_model,/home/lyceum/h2/out/depth_32/H2_msa_titration/seed_46/H2_msa_titration_seed_46_sample_4_model.cif,0.6240514516830444,1.1481330394744873,0.5240815877914429,agonist,201
H2__depth_32_H2_msa_titration_seed_46_H2_msa_titration_seed_46_sample_5_model,/home/lyceum/h2/out/depth_32/H2_msa_titration/seed_46/H2_msa_titration_seed_46_sample_5_model.cif,1.414888620376587,1.0167361497879028,0.3981524705886841,antagonist,201
H2__depth_32_H2_msa_titration_seed_46_H2_msa_titration_seed_46_sample_6_model,/home/lyceum/h2/out/depth_32/H2_msa_titration/seed_46/H2_msa_titration_seed_46_sample_6_model.cif,4.592957496643066,1.5632957220077515,3.029661774635315,antagonist,201
H2__depth_32_H2_msa_titration_seed_46_H2_msa_titration_seed_46_sample_7_model,/home/lyceum/h2/out/depth_32/H2_msa_titration/seed_46/H2_msa_titration_seed_46_sample_7_model.cif,0.4791739583015442,1.0562465190887451,0.5770725607872009,agonist,201
H2__depth_32_H2_msa_titration_seed_46_H2_msa_titration_seed_46_sample_8_model,/home/lyceum/h2/out/depth_32/H2_msa_titration/seed_46/H2_msa_titration_seed_46_sample_8_model.cif,0.9964599609375,0.9313512444496155,0.06510871648788452,antagonist,201
H2__depth_32_H2_msa_titration_seed_46_H2_msa_titration_seed_46_sample_9_model,/home/lyceum/h2/out/depth_32/H2_msa_titration/seed_46/H2_msa_titration_seed_46_sample_9_model.cif,0.231657937169075,1.0887259244918823,0.8570679873228073,agonist,201
H2__depth_512_H2_msa_titration_seed_42_H2_msa_titration_seed_42_sample_10_model,/home/lyceum/h2/out/depth_512/H2_msa_titration/seed_42/H2_msa_titration_seed_42_sample_10_model.cif,0.3526117503643036,0.3527187407016754,0.00010699033737182617,agonist,201
H2__depth_512_H2_msa_titration_seed_42_H2_msa_titration_seed_42_sample_1_model,/home/lyceum/h2/out/depth_512/H2_msa_titration/seed_42/H2_msa_titration_seed_42_sample_1_model.cif,0.31331008672714233,0.4245261251926422,0.11121603846549988,agonist,201
H2__depth_512_H2_msa_titration_seed_42_H2_msa_titration_seed_42_sample_2_model,/home/lyceum/h2/out/depth_512/H2_msa_titration/seed_42/H2_msa_titration_seed_42_sample_2_model.cif,0.2723822593688965,0.3433287739753723,0.07094651460647583,agonist,201
H2__depth_512_H2_msa_titration_seed_42_H2_msa_titration_seed_42_sample_3_model,/home/lyceum/h2/out/depth_512/H2_msa_titration/seed_42/H2_msa_titration_seed_42_sample_3_model.cif,0.265768438577652,0.33125245571136475,0.06548401713371277,agonist,201
H2__depth_512_H2_msa_titration_seed_42_H2_msa_titration_seed_42_sample_4_model,/home/lyceum/h2/out/depth_512/H2_msa_titration/seed_42/H2_msa_titration_seed_42_sample_4_model.cif,0.3473285734653473,0.3413951098918915,0.0059334635734558105,antagonist,201
H2__depth_512_H2_msa_titration_seed_42_H2_msa_titration_seed_42_sample_5_model,/home/lyceum/h2/out/depth_512/H2_msa_titration/seed_42/H2_msa_titration_seed_42_sample_5_model.cif,0.3423140347003937,0.34496447443962097,0.002650439739227295,agonist,201
H2__depth_512_H2_msa_titration_seed_42_H2_msa_titration_seed_42_sample_6_model,/home/lyceum/h2/out/depth_512/H2_msa_titration/seed_42/H2_msa_titration_seed_42_sample_6_model.cif,0.30699998140335083,0.3376377820968628,0.030637800693511963,agonist,201
H2__depth_512_H2_msa_titration_seed_42_H2_msa_titration_seed_42_sample_7_model,/home/lyceum/h2/out/depth_512/H2_msa_titration/seed_42/H2_msa_titration_seed_42_sample_7_model.cif,0.37194669246673584,0.3247457444667816,0.047200947999954224,antagonist,201
H2__depth_512_H2_msa_titration_seed_42_H2_msa_titration_seed_42_sample_8_model,/home/lyceum/h2/out/depth_512/H2_msa_titration/seed_42/H2_msa_titration_seed_42_sample_8_model.cif,0.3429757356643677,0.3205113410949707,0.022464394569396973,antagonist,201
H2__depth_512_H2_msa_titration_seed_42_H2_msa_titration_seed_42_sample_9_model,/home/lyceum/h2/out/depth_512/H2_msa_titration/seed_42/H2_msa_titration_seed_42_sample_9_model.cif,0.3901046812534332,0.3269656002521515,0.06313908100128174,antagonist,201
H2__depth_512_H2_msa_titration_seed_43_H2_msa_titration_seed_43_sample_10_model,/home/lyceum/h2/out/depth_512/H2_msa_titration/seed_43/H2_msa_titration_seed_43_sample_10_model.cif,0.3079851269721985,0.35965457558631897,0.05166944861412048,agonist,201
H2__depth_512_H2_msa_titration_seed_43_H2_msa_titration_seed_43_sample_1_model,/home/lyceum/h2/out/depth_512/H2_msa_titration/seed_43/H2_msa_titration_seed_43_sample_1_model.cif,0.4272518754005432,0.33016714453697205,0.09708473086357117,antagonist,201
H2__depth_512_H2_msa_titration_seed_43_H2_msa_titration_seed_43_sample_2_model,/home/lyceum/h2/out/depth_512/H2_msa_titration/seed_43/H2_msa_titration_seed_43_sample_2_model.cif,0.4199090898036957,0.34271812438964844,0.07719096541404724,antagonist,201
H2__depth_512_H2_msa_titration_seed_43_H2_msa_titration_seed_43_sample_3_model,/home/lyceum/h2/out/depth_512/H2_msa_titration/seed_43/H2_msa_titration_seed_43_sample_3_model.cif,0.43632903695106506,0.34016644954681396,0.0961625874042511,antagonist,201
H2__depth_512_H2_msa_titration_seed_43_H2_msa_titration_seed_43_sample_4_model,/home/lyceum/h2/out/depth_512/H2_msa_titration/seed_43/H2_msa_titration_seed_43_sample_4_model.cif,0.31894341111183167,0.35319048166275024,0.03424707055091858,agonist,201
H2__depth_512_H2_msa_titration_seed_43_H2_msa_titration_seed_43_sample_5_model,/home/lyceum/h2/out/depth_512/H2_msa_titration/seed_43/H2_msa_titration_seed_43_sample_5_model.cif,0.26527392864227295,0.3259665369987488,0.06069260835647583,agonist,201
H2__depth_512_H2_msa_titration_seed_43_H2_msa_titration_seed_43_sample_6_model,/home/lyceum/h2/out/depth_512/H2_msa_titration/seed_43/H2_msa_titration_seed_43_sample_6_model.cif,0.30710023641586304,0.35085350275039673,0.04375326633453369,agonist,201
H2__depth_512_H2_msa_titration_seed_43_H2_msa_titration_seed_43_sample_7_model,/home/lyceum/h2/out/depth_512/H2_msa_titration/seed_43/H2_msa_titration_seed_43_sample_7_model.cif,0.3101609945297241,0.389714777469635,0.07955378293991089,agonist,201
H2__depth_512_H2_msa_titration_seed_43_H2_msa_titration_seed_43_sample_8_model,/home/lyceum/h2/out/depth_512/H2_msa_titration/seed_43/H2_msa_titration_seed_43_sample_8_model.cif,0.2590581476688385,0.36024171113967896,0.10118356347084045,agonist,201
H2__depth_512_H2_msa_titration_seed_43_H2_msa_titration_seed_43_sample_9_model,/home/lyceum/h2/out/depth_512/H2_msa_titration/seed_43/H2_msa_titration_seed_43_sample_9_model.cif,0.29978933930397034,0.42448920011520386,0.12469986081123352,agonist,201
H2__depth_512_H2_msa_titration_seed_44_H2_msa_titration_seed_44_sample_10_model,/home/lyceum/h2/out/depth_512/H2_msa_titration/seed_44/H2_msa_titration_seed_44_sample_10_model.cif,0.2923831045627594,4.85886812210083,4.566485017538071,agonist,201
H2__depth_512_H2_msa_titration_seed_44_H2_msa_titration_seed_44_sample_1_model,/home/lyceum/h2/out/depth_512/H2_msa_titration/seed_44/H2_msa_titration_seed_44_sample_1_model.cif,0.3773668706417084,4.437808513641357,4.060441642999649,agonist,201
H2__depth_512_H2_msa_titration_seed_44_H2_msa_titration_seed_44_sample_2_model,/home/lyceum/h2/out/depth_512/H2_msa_titration/seed_44/H2_msa_titration_seed_44_sample_2_model.cif,0.3815813660621643,0.3329949378967285,0.04858642816543579,antagonist,201
H2__depth_512_H2_msa_titration_seed_44_H2_msa_titration_seed_44_sample_3_model,/home/lyceum/h2/out/depth_512/H2_msa_titration/seed_44/H2_msa_titration_seed_44_sample_3_model.cif,0.4407115876674652,4.286800861358643,3.8460892736911774,agonist,201
H2__depth_512_H2_msa_titration_seed_44_H2_msa_titration_seed_44_sample_4_model,/home/lyceum/h2/out/depth_512/H2_msa_titration/seed_44/H2_msa_titration_seed_44_sample_4_model.cif,0.36324864625930786,0.32430028915405273,0.03894835710525513,antagonist,201
H2__depth_512_H2_msa_titration_seed_44_H2_msa_titration_seed_44_sample_5_model,/home/lyceum/h2/out/depth_512/H2_msa_titration/seed_44/H2_msa_titration_seed_44_sample_5_model.cif,0.2783105671405792,0.33535027503967285,0.05703970789909363,agonist,201
H2__depth_512_H2_msa_titration_seed_44_H2_msa_titration_seed_44_sample_6_model,/home/lyceum/h2/out/depth_512/H2_msa_titration/seed_44/H2_msa_titration_seed_44_sample_6_model.cif,0.2924457788467407,0.4012398421764374,0.10879406332969666,agonist,201
H2__depth_512_H2_msa_titration_seed_44_H2_msa_titration_seed_44_sample_7_model,/home/lyceum/h2/out/depth_512/H2_msa_titration/seed_44/H2_msa_titration_seed_44_sample_7_model.cif,0.6813372373580933,1.9512286186218262,1.269891381263733,agonist,201
H2__depth_512_H2_msa_titration_seed_44_H2_msa_titration_seed_44_sample_8_model,/home/lyceum/h2/out/depth_512/H2_msa_titration/seed_44/H2_msa_titration_seed_44_sample_8_model.cif,0.3347689211368561,0.4051900804042816,0.07042115926742554,agonist,201
H2__depth_512_H2_msa_titration_seed_44_H2_msa_titration_seed_44_sample_9_model,/home/lyceum/h2/out/depth_512/H2_msa_titration/seed_44/H2_msa_titration_seed_44_sample_9_model.cif,0.3864164352416992,0.3523210883140564,0.03409534692764282,antagonist,201
H2__depth_512_H2_msa_titration_seed_45_H2_msa_titration_seed_45_sample_10_model,/home/lyceum/h2/out/depth_512/H2_msa_titration/seed_45/H2_msa_titration_seed_45_sample_10_model.cif,0.3619387447834015,4.433485984802246,4.071547240018845,agonist,201
H2__depth_512_H2_msa_titration_seed_45_H2_msa_titration_seed_45_sample_1_model,/home/lyceum/h2/out/depth_512/H2_msa_titration/seed_45/H2_msa_titration_seed_45_sample_1_model.cif,0.23608167469501495,0.331557959318161,0.09547628462314606,agonist,201
H2__depth_512_H2_msa_titration_seed_45_H2_msa_titration_seed_45_sample_2_model,/home/lyceum/h2/out/depth_512/H2_msa_titration/seed_45/H2_msa_titration_seed_45_sample_2_model.cif,0.42474544048309326,0.34784865379333496,0.0768967866897583,antagonist,201
H2__depth_512_H2_msa_titration_seed_45_H2_msa_titration_seed_45_sample_3_model,/home/lyceum/h2/out/depth_512/H2_msa_titration/seed_45/H2_msa_titration_seed_45_sample_3_model.cif,0.2937227785587311,0.3295809328556061,0.035858154296875,agonist,201
H2__depth_512_H2_msa_titration_seed_45_H2_msa_titration_seed_45_sample_4_model,/home/lyceum/h2/out/depth_512/H2_msa_titration/seed_45/H2_msa_titration_seed_45_sample_4_model.cif,0.2675110697746277,0.33429598808288574,0.06678491830825806,agonist,201
H2__depth_512_H2_msa_titration_seed_45_H2_msa_titration_seed_45_sample_5_model,/home/lyceum/h2/out/depth_512/H2_msa_titration/seed_45/H2_msa_titration_seed_45_sample_5_model.cif,0.34123849868774414,4.415072917938232,4.073834419250488,agonist,201
H2__depth_512_H2_msa_titration_seed_45_H2_msa_titration_seed_45_sample_6_model,/home/lyceum/h2/out/depth_512/H2_msa_titration/seed_45/H2_msa_titration_seed_45_sample_6_model.cif,0.35828569531440735,0.33347973227500916,0.024805963039398193,antagonist,201
H2__depth_512_H2_msa_titration_seed_45_H2_msa_titration_seed_45_sample_7_model,/home/lyceum/h2/out/depth_512/H2_msa_titration/seed_45/H2_msa_titration_seed_45_sample_7_model.cif,0.3328563868999481,0.33769506216049194,0.004838675260543823,agonist,201
H2__depth_512_H2_msa_titration_seed_45_H2_msa_titration_seed_45_sample_8_model,/home/lyceum/h2/out/depth_512/H2_msa_titration/seed_45/H2_msa_titration_seed_45_sample_8_model.cif,0.46220341324806213,4.408346652984619,3.946143239736557,agonist,201
H2__depth_512_H2_msa_titration_seed_45_H2_msa_titration_seed_45_sample_9_model,/home/lyceum/h2/out/depth_512/H2_msa_titration/seed_45/H2_msa_titration_seed_45_sample_9_model.cif,0.2907358407974243,0.33664557337760925,0.045909732580184937,agonist,201
H2__depth_512_H2_msa_titration_seed_46_H2_msa_titration_seed_46_sample_10_model,/home/lyceum/h2/out/depth_512/H2_msa_titration/seed_46/H2_msa_titration_seed_46_sample_10_model.cif,0.26641058921813965,0.3423866629600525,0.07597607374191284,agonist,201
H2__depth_512_H2_msa_titration_seed_46_H2_msa_titration_seed_46_sample_1_model,/home/lyceum/h2/out/depth_512/H2_msa_titration/seed_46/H2_msa_titration_seed_46_sample_1_model.cif,0.2891800105571747,0.3438561260700226,0.0546761155128479,agonist,201
H2__depth_512_H2_msa_titration_seed_46_H2_msa_titration_seed_46_sample_2_model,/home/lyceum/h2/out/depth_512/H2_msa_titration/seed_46/H2_msa_titration_seed_46_sample_2_model.cif,0.3193579912185669,0.32617610692977905,0.006818115711212158,agonist,201
H2__depth_512_H2_msa_titration_seed_46_H2_msa_titration_seed_46_sample_3_model,/home/lyceum/h2/out/depth_512/H2_msa_titration/seed_46/H2_msa_titration_seed_46_sample_3_model.cif,0.29622682929039,0.3257715404033661,0.029544711112976074,agonist,201
H2__depth_512_H2_msa_titration_seed_46_H2_msa_titration_seed_46_sample_4_model,/home/lyceum/h2/out/depth_512/H2_msa_titration/seed_46/H2_msa_titration_seed_46_sample_4_model.cif,0.3019685447216034,0.2881690263748169,0.013799518346786499,antagonist,201
H2__depth_512_H2_msa_titration_seed_46_H2_msa_titration_seed_46_sample_5_model,/home/lyceum/h2/out/depth_512/H2_msa_titration/seed_46/H2_msa_titration_seed_46_sample_5_model.cif,0.2971269190311432,0.3255404531955719,0.02841353416442871,agonist,201
H2__depth_512_H2_msa_titration_seed_46_H2_msa_titration_seed_46_sample_6_model,/home/lyceum/h2/out/depth_512/H2_msa_titration/seed_46/H2_msa_titration_seed_46_sample_6_model.cif,0.20899483561515808,0.36042094230651855,0.15142610669136047,agonist,201
H2__depth_512_H2_msa_titration_seed_46_H2_msa_titration_seed_46_sample_7_model,/home/lyceum/h2/out/depth_512/H2_msa_titration/seed_46/H2_msa_titration_seed_46_sample_7_model.cif,0.28253865242004395,0.331348717212677,0.04881006479263306,agonist,201
H2__depth_512_H2_msa_titration_seed_46_H2_msa_titration_seed_46_sample_8_model,/home/lyceum/h2/out/depth_512/H2_msa_titration/seed_46/H2_msa_titration_seed_46_sample_8_model.cif,0.2940678596496582,0.3445517420768738,0.050483882427215576,agonist,201
H2__depth_512_H2_msa_titration_seed_46_H2_msa_titration_seed_46_sample_9_model,/home/lyceum/h2/out/depth_512/H2_msa_titration/seed_46/H2_msa_titration_seed_46_sample_9_model.cif,0.3607584536075592,0.2734319567680359,0.08732649683952332,antagonist,201
H2__depth_8_H2_msa_titration_seed_42_H2_msa_titration_seed_42_sample_10_model,/home/lyceum/h2/out/depth_8/H2_msa_titration/seed_42/H2_msa_titration_seed_42_sample_10_model.cif,0.22002267837524414,1.2965031862258911,1.076480507850647,agonist,201
H2__depth_8_H2_msa_titration_seed_42_H2_msa_titration_seed_42_sample_1_model,/home/lyceum/h2/out/depth_8/H2_msa_titration/seed_42/H2_msa_titration_seed_42_sample_1_model.cif,0.2618267238140106,1.1879825592041016,0.9261558353900909,agonist,201
H2__depth_8_H2_msa_titration_seed_42_H2_msa_titration_seed_42_sample_2_model,/home/lyceum/h2/out/depth_8/H2_msa_titration/seed_42/H2_msa_titration_seed_42_sample_2_model.cif,1.1446161270141602,1.3160792589187622,0.17146313190460205,agonist,201
H2__depth_8_H2_msa_titration_seed_42_H2_msa_titration_seed_42_sample_3_model,/home/lyceum/h2/out/depth_8/H2_msa_titration/seed_42/H2_msa_titration_seed_42_sample_3_model.cif,0.2428477257490158,0.95625239610672,0.7134046703577042,agonist,201
H2__depth_8_H2_msa_titration_seed_42_H2_msa_titration_seed_42_sample_4_model,/home/lyceum/h2/out/depth_8/H2_msa_titration/seed_42/H2_msa_titration_seed_42_sample_4_model.cif,0.20404893159866333,1.214832067489624,1.0107831358909607,agonist,201
H2__depth_8_H2_msa_titration_seed_42_H2_msa_titration_seed_42_sample_5_model,/home/lyceum/h2/out/depth_8/H2_msa_titration/seed_42/H2_msa_titration_seed_42_sample_5_model.cif,3.7788467407226562,1.1775082349777222,2.601338505744934,antagonist,201
H2__depth_8_H2_msa_titration_seed_42_H2_msa_titration_seed_42_sample_6_model,/home/lyceum/h2/out/depth_8/H2_msa_titration/seed_42/H2_msa_titration_seed_42_sample_6_model.cif,0.28458932042121887,1.2180324792861938,0.933443158864975,agonist,201
H2__depth_8_H2_msa_titration_seed_42_H2_msa_titration_seed_42_sample_7_model,/home/lyceum/h2/out/depth_8/H2_msa_titration/seed_42/H2_msa_titration_seed_42_sample_7_model.cif,0.21138864755630493,1.3378139734268188,1.126425325870514,agonist,201
H2__depth_8_H2_msa_titration_seed_42_H2_msa_titration_seed_42_sample_8_model,/home/lyceum/h2/out/depth_8/H2_msa_titration/seed_42/H2_msa_titration_seed_42_sample_8_model.cif,0.20942318439483643,1.0403791666030884,0.830955982208252,agonist,201
H2__depth_8_H2_msa_titration_seed_42_H2_msa_titration_seed_42_sample_9_model,/home/lyceum/h2/out/depth_8/H2_msa_titration/seed_42/H2_msa_titration_seed_42_sample_9_model.cif,1.3401094675064087,1.1153507232666016,0.22475874423980713,antagonist,201
H2__depth_8_H2_msa_titration_seed_43_H2_msa_titration_seed_43_sample_10_model,/home/lyceum/h2/out/depth_8/H2_msa_titration/seed_43/H2_msa_titration_seed_43_sample_10_model.cif,0.1900140941143036,1.266345739364624,1.0763316452503204,agonist,201
H2__depth_8_H2_msa_titration_seed_43_H2_msa_titration_seed_43_sample_1_model,/home/lyceum/h2/out/depth_8/H2_msa_titration/seed_43/H2_msa_titration_seed_43_sample_1_model.cif,0.2954871952533722,2.434298276901245,2.138811081647873,agonist,201
H2__depth_8_H2_msa_titration_seed_43_H2_msa_titration_seed_43_sample_2_model,/home/lyceum/h2/out/depth_8/H2_msa_titration/seed_43/H2_msa_titration_seed_43_sample_2_model.cif,0.1590050905942917,1.0483670234680176,0.8893619328737259,agonist,201
H2__depth_8_H2_msa_titration_seed_43_H2_msa_titration_seed_43_sample_3_model,/home/lyceum/h2/out/depth_8/H2_msa_titration/seed_43/H2_msa_titration_seed_43_sample_3_model.cif,0.9461529850959778,1.1191277503967285,0.17297476530075073,agonist,201
H2__depth_8_H2_msa_titration_seed_43_H2_msa_titration_seed_43_sample_4_model,/home/lyceum/h2/out/depth_8/H2_msa_titration/seed_43/H2_msa_titration_seed_43_sample_4_model.cif,0.14884397387504578,1.172027587890625,1.0231836140155792,agonist,201
H2__depth_8_H2_msa_titration_seed_43_H2_msa_titration_seed_43_sample_5_model,/home/lyceum/h2/out/depth_8/H2_msa_titration/seed_43/H2_msa_titration_seed_43_sample_5_model.cif,0.09922081977128983,1.1928282976150513,1.0936074778437614,agonist,201
H2__depth_8_H2_msa_titration_seed_43_H2_msa_titration_seed_43_sample_6_model,/home/lyceum/h2/out/depth_8/H2_msa_titration/seed_43/H2_msa_titration_seed_43_sample_6_model.cif,0.9388207197189331,2.741915225982666,1.803094506263733,agonist,201
H2__depth_8_H2_msa_titration_seed_43_H2_msa_titration_seed_43_sample_7_model,/home/lyceum/h2/out/depth_8/H2_msa_titration/seed_43/H2_msa_titration_seed_43_sample_7_model.cif,0.7419372200965881,1.1285045146942139,0.38656729459762573,agonist,201
H2__depth_8_H2_msa_titration_seed_43_H2_msa_titration_seed_43_sample_8_model,/home/lyceum/h2/out/depth_8/H2_msa_titration/seed_43/H2_msa_titration_seed_43_sample_8_model.cif,0.22399310767650604,1.2366821765899658,1.0126890689134598,agonist,201
H2__depth_8_H2_msa_titration_seed_43_H2_msa_titration_seed_43_sample_9_model,/home/lyceum/h2/out/depth_8/H2_msa_titration/seed_43/H2_msa_titration_seed_43_sample_9_model.cif,0.1286410242319107,1.2486008405685425,1.1199598163366318,agonist,201
H2__depth_8_H2_msa_titration_seed_44_H2_msa_titration_seed_44_sample_10_model,/home/lyceum/h2/out/depth_8/H2_msa_titration/seed_44/H2_msa_titration_seed_44_sample_10_model.cif,1.6728113889694214,1.1357935667037964,0.537017822265625,antagonist,201
H2__depth_8_H2_msa_titration_seed_44_H2_msa_titration_seed_44_sample_1_model,/home/lyceum/h2/out/depth_8/H2_msa_titration/seed_44/H2_msa_titration_seed_44_sample_1_model.cif,0.8928338289260864,1.5262497663497925,0.633415937423706,agonist,201
H2__depth_8_H2_msa_titration_seed_44_H2_msa_titration_seed_44_sample_2_model,/home/lyceum/h2/out/depth_8/H2_msa_titration/seed_44/H2_msa_titration_seed_44_sample_2_model.cif,0.4290151298046112,1.0903756618499756,0.6613605320453644,agonist,201
H2__depth_8_H2_msa_titration_seed_44_H2_msa_titration_seed_44_sample_3_model,/home/lyceum/h2/out/depth_8/H2_msa_titration/seed_44/H2_msa_titration_seed_44_sample_3_model.cif,0.07297216355800629,1.5436967611312866,1.4707245975732803,agonist,201
H2__depth_8_H2_msa_titration_seed_44_H2_msa_titration_seed_44_sample_4_model,/home/lyceum/h2/out/depth_8/H2_msa_titration/seed_44/H2_msa_titration_seed_44_sample_4_model.cif,1.7851192951202393,1.3018474578857422,0.48327183723449707,antagonist,201
H2__depth_8_H2_msa_titration_seed_44_H2_msa_titration_seed_44_sample_5_model,/home/lyceum/h2/out/depth_8/H2_msa_titration/seed_44/H2_msa_titration_seed_44_sample_5_model.cif,2.838473320007324,1.0715471506118774,1.7669261693954468,antagonist,201
H2__depth_8_H2_msa_titration_seed_44_H2_msa_titration_seed_44_sample_6_model,/home/lyceum/h2/out/depth_8/H2_msa_titration/seed_44/H2_msa_titration_seed_44_sample_6_model.cif,0.6638475656509399,0.996309220790863,0.3324616551399231,agonist,201
H2__depth_8_H2_msa_titration_seed_44_H2_msa_titration_seed_44_sample_7_model,/home/lyceum/h2/out/depth_8/H2_msa_titration/seed_44/H2_msa_titration_seed_44_sample_7_model.cif,0.10390491783618927,1.0761686563491821,0.9722637385129929,agonist,201
H2__depth_8_H2_msa_titration_seed_44_H2_msa_titration_seed_44_sample_8_model,/home/lyceum/h2/out/depth_8/H2_msa_titration/seed_44/H2_msa_titration_seed_44_sample_8_model.cif,0.1629425436258316,1.0214567184448242,0.8585141748189926,agonist,201
H2__depth_8_H2_msa_titration_seed_44_H2_msa_titration_seed_44_sample_9_model,/home/lyceum/h2/out/depth_8/H2_msa_titration/seed_44/H2_msa_titration_seed_44_sample_9_model.cif,0.09024479985237122,1.1320558786392212,1.04181107878685,agonist,201
H2__depth_8_H2_msa_titration_seed_45_H2_msa_titration_seed_45_sample_10_model,/home/lyceum/h2/out/depth_8/H2_msa_titration/seed_45/H2_msa_titration_seed_45_sample_10_model.cif,0.08130013942718506,1.1395206451416016,1.0582205057144165,agonist,201
H2__depth_8_H2_msa_titration_seed_45_H2_msa_titration_seed_45_sample_1_model,/home/lyceum/h2/out/depth_8/H2_msa_titration/seed_45/H2_msa_titration_seed_45_sample_1_model.cif,0.29390469193458557,1.25321364402771,0.9593089520931244,agonist,201
H2__depth_8_H2_msa_titration_seed_45_H2_msa_titration_seed_45_sample_2_model,/home/lyceum/h2/out/depth_8/H2_msa_titration/seed_45/H2_msa_titration_seed_45_sample_2_model.cif,0.23146721720695496,1.113343596458435,0.8818763792514801,agonist,201
H2__depth_8_H2_msa_titration_seed_45_H2_msa_titration_seed_45_sample_3_model,/home/lyceum/h2/out/depth_8/H2_msa_titration/seed_45/H2_msa_titration_seed_45_sample_3_model.cif,0.357527494430542,1.6470249891281128,1.2894974946975708,agonist,201
H2__depth_8_H2_msa_titration_seed_45_H2_msa_titration_seed_45_sample_4_model,/home/lyceum/h2/out/depth_8/H2_msa_titration/seed_45/H2_msa_titration_seed_45_sample_4_model.cif,0.8650226593017578,1.1508829593658447,0.2858603000640869,agonist,201
H2__depth_8_H2_msa_titration_seed_45_H2_msa_titration_seed_45_sample_5_model,/home/lyceum/h2/out/depth_8/H2_msa_titration/seed_45/H2_msa_titration_seed_45_sample_5_model.cif,0.18726776540279388,1.2364839315414429,1.049216166138649,agonist,201
H2__depth_8_H2_msa_titration_seed_45_H2_msa_titration_seed_45_sample_6_model,/home/lyceum/h2/out/depth_8/H2_msa_titration/seed_45/H2_msa_titration_seed_45_sample_6_model.cif,0.12210512906312943,0.9714512825012207,0.8493461534380913,agonist,201
H2__depth_8_H2_msa_titration_seed_45_H2_msa_titration_seed_45_sample_7_model,/home/lyceum/h2/out/depth_8/H2_msa_titration/seed_45/H2_msa_titration_seed_45_sample_7_model.cif,0.5057011246681213,1.2141335010528564,0.7084323763847351,agonist,201
H2__depth_8_H2_msa_titration_seed_45_H2_msa_titration_seed_45_sample_8_model,/home/lyceum/h2/out/depth_8/H2_msa_titration/seed_45/H2_msa_titration_seed_45_sample_8_model.cif,0.2751177251338959,1.186383605003357,0.9112658798694611,agonist,201
H2__depth_8_H2_msa_titration_seed_45_H2_msa_titration_seed_45_sample_9_model,/home/lyceum/h2/out/depth_8/H2_msa_titration/seed_45/H2_msa_titration_seed_45_sample_9_model.cif,0.21991027891635895,1.1470502614974976,0.9271399825811386,agonist,201
H2__depth_8_H2_msa_titration_seed_46_H2_msa_titration_seed_46_sample_10_model,/home/lyceum/h2/out/depth_8/H2_msa_titration/seed_46/H2_msa_titration_seed_46_sample_10_model.cif,0.5318725109100342,1.2579139471054077,0.7260414361953735,agonist,201
H2__depth_8_H2_msa_titration_seed_46_H2_msa_titration_seed_46_sample_1_model,/home/lyceum/h2/out/depth_8/H2_msa_titration/seed_46/H2_msa_titration_seed_46_sample_1_model.cif,1.5278147459030151,1.1679131984710693,0.3599015474319458,antagonist,201
H2__depth_8_H2_msa_titration_seed_46_H2_msa_titration_seed_46_sample_2_model,/home/lyceum/h2/out/depth_8/H2_msa_titration/seed_46/H2_msa_titration_seed_46_sample_2_model.cif,0.028820602223277092,1.2157613039016724,1.1869407016783953,agonist,201
H2__depth_8_H2_msa_titration_seed_46_H2_msa_titration_seed_46_sample_3_model,/home/lyceum/h2/out/depth_8/H2_msa_titration/seed_46/H2_msa_titration_seed_46_sample_3_model.cif,0.8939297199249268,1.3317092657089233,0.4377795457839966,agonist,201
H2__depth_8_H2_msa_titration_seed_46_H2_msa_titration_seed_46_sample_4_model,/home/lyceum/h2/out/depth_8/H2_msa_titration/seed_46/H2_msa_titration_seed_46_sample_4_model.cif,0.10553966462612152,0.940647304058075,0.8351076394319534,agonist,201
H2__depth_8_H2_msa_titration_seed_46_H2_msa_titration_seed_46_sample_5_model,/home/lyceum/h2/out/depth_8/H2_msa_titration/seed_46/H2_msa_titration_seed_46_sample_5_model.cif,0.4224950671195984,1.834021806716919,1.4115267395973206,agonist,201
H2__depth_8_H2_msa_titration_seed_46_H2_msa_titration_seed_46_sample_6_model,/home/lyceum/h2/out/depth_8/H2_msa_titration/seed_46/H2_msa_titration_seed_46_sample_6_model.cif,0.8586392402648926,1.1829578876495361,0.32431864738464355,agonist,201
H2__depth_8_H2_msa_titration_seed_46_H2_msa_titration_seed_46_sample_7_model,/home/lyceum/h2/out/depth_8/H2_msa_titration/seed_46/H2_msa_titration_seed_46_sample_7_model.cif,0.5149206519126892,1.1995317935943604,0.6846111416816711,agonist,201
H2__depth_8_H2_msa_titration_seed_46_H2_msa_titration_seed_46_sample_8_model,/home/lyceum/h2/out/depth_8/H2_msa_titration/seed_46/H2_msa_titration_seed_46_sample_8_model.cif,1.1829159259796143,1.270871877670288,0.08795595169067383,agonist,201
H2__depth_8_H2_msa_titration_seed_46_H2_msa_titration_seed_46_sample_9_model,/home/lyceum/h2/out/depth_8/H2_msa_titration/seed_46/H2_msa_titration_seed_46_sample_9_model.cif,0.5056670308113098,1.2958710193634033,0.7902039885520935,agonist,201
H2_posthoc__coactivator_H2_coactivator_cofold_seed_42_H2_coactivator_cofold_seed_42_sample_10_model,/home/lyceum/h2_posthoc/out/coactivator/H2_coactivator_cofold/seed_42/H2_coactivator_cofold_seed_42_sample_10_model.cif,0.29615506529808044,0.3502264618873596,0.054071396589279175,agonist,201
H2_posthoc__coactivator_H2_coactivator_cofold_seed_42_H2_coactivator_cofold_seed_42_sample_1_model,/home/lyceum/h2_posthoc/out/coactivator/H2_coactivator_cofold/seed_42/H2_coactivator_cofold_seed_42_sample_1_model.cif,0.29830309748649597,0.33607789874076843,0.03777480125427246,agonist,201
H2_posthoc__coactivator_H2_coactivator_cofold_seed_42_H2_coactivator_cofold_seed_42_sample_2_model,/home/lyceum/h2_posthoc/out/coactivator/H2_coactivator_cofold/seed_42/H2_coactivator_cofold_seed_42_sample_2_model.cif,0.23684199154376984,0.3599695861339569,0.12312759459018707,agonist,201
H2_posthoc__coactivator_H2_coactivator_cofold_seed_42_H2_coactivator_cofold_seed_42_sample_3_model,/home/lyceum/h2_posthoc/out/coactivator/H2_coactivator_cofold/seed_42/H2_coactivator_cofold_seed_42_sample_3_model.cif,0.2598227858543396,0.4031910300254822,0.14336824417114258,agonist,201
H2_posthoc__coactivator_H2_coactivator_cofold_seed_42_H2_coactivator_cofold_seed_42_sample_4_model,/home/lyceum/h2_posthoc/out/coactivator/H2_coactivator_cofold/seed_42/H2_coactivator_cofold_seed_42_sample_4_model.cif,0.29402956366539,0.32590168714523315,0.03187212347984314,agonist,201
H2_posthoc__coactivator_H2_coactivator_cofold_seed_42_H2_coactivator_cofold_seed_42_sample_5_model,/home/lyceum/h2_posthoc/out/coactivator/H2_coactivator_cofold/seed_42/H2_coactivator_cofold_seed_42_sample_5_model.cif,0.2520776391029358,0.3561631739139557,0.1040855348110199,agonist,201
H2_posthoc__coactivator_H2_coactivator_cofold_seed_42_H2_coactivator_cofold_seed_42_sample_6_model,/home/lyceum/h2_posthoc/out/coactivator/H2_coactivator_cofold/seed_42/H2_coactivator_cofold_seed_42_sample_6_model.cif,0.29352515935897827,0.3464312255382538,0.05290606617927551,agonist,201
H2_posthoc__coactivator_H2_coactivator_cofold_seed_42_H2_coactivator_cofold_seed_42_sample_7_model,/home/lyceum/h2_posthoc/out/coactivator/H2_coactivator_cofold/seed_42/H2_coactivator_cofold_seed_42_sample_7_model.cif,0.2789153456687927,0.3270745873451233,0.048159241676330566,agonist,201
H2_posthoc__coactivator_H2_coactivator_cofold_seed_42_H2_coactivator_cofold_seed_42_sample_8_model,/home/lyceum/h2_posthoc/out/coactivator/H2_coactivator_cofold/seed_42/H2_coactivator_cofold_seed_42_sample_8_model.cif,0.28335556387901306,0.3470744788646698,0.06371891498565674,agonist,201
H2_posthoc__coactivator_H2_coactivator_cofold_seed_42_H2_coactivator_cofold_seed_42_sample_9_model,/home/lyceum/h2_posthoc/out/coactivator/H2_coactivator_cofold/seed_42/H2_coactivator_cofold_seed_42_sample_9_model.cif,0.25578486919403076,0.35110101103782654,0.09531614184379578,agonist,201
H2_posthoc__coactivator_H2_coactivator_cofold_seed_43_H2_coactivator_cofold_seed_43_sample_10_model,/home/lyceum/h2_posthoc/out/coactivator/H2_coactivator_cofold/seed_43/H2_coactivator_cofold_seed_43_sample_10_model.cif,0.23703372478485107,0.3609362840652466,0.12390255928039551,agonist,201
H2_posthoc__coactivator_H2_coactivator_cofold_seed_43_H2_coactivator_cofold_seed_43_sample_1_model,/home/lyceum/h2_posthoc/out/coactivator/H2_coactivator_cofold/seed_43/H2_coactivator_cofold_seed_43_sample_1_model.cif,0.25951990485191345,0.3533184826374054,0.09379857778549194,agonist,201
H2_posthoc__coactivator_H2_coactivator_cofold_seed_43_H2_coactivator_cofold_seed_43_sample_2_model,/home/lyceum/h2_posthoc/out/coactivator/H2_coactivator_cofold/seed_43/H2_coactivator_cofold_seed_43_sample_2_model.cif,0.28171074390411377,0.341026246547699,0.059315502643585205,agonist,201
H2_posthoc__coactivator_H2_coactivator_cofold_seed_43_H2_coactivator_cofold_seed_43_sample_3_model,/home/lyceum/h2_posthoc/out/coactivator/H2_coactivator_cofold/seed_43/H2_coactivator_cofold_seed_43_sample_3_model.cif,0.27010300755500793,0.34628111124038696,0.07617810368537903,agonist,201
H2_posthoc__coactivator_H2_coactivator_cofold_seed_43_H2_coactivator_cofold_seed_43_sample_4_model,/home/lyceum/h2_posthoc/out/coactivator/H2_coactivator_cofold/seed_43/H2_coactivator_cofold_seed_43_sample_4_model.cif,0.31059738993644714,0.34588220715522766,0.03528481721878052,agonist,201
H2_posthoc__coactivator_H2_coactivator_cofold_seed_43_H2_coactivator_cofold_seed_43_sample_5_model,/home/lyceum/h2_posthoc/out/coactivator/H2_coactivator_cofold/seed_43/H2_coactivator_cofold_seed_43_sample_5_model.cif,0.33590781688690186,0.355960875749588,0.020053058862686157,agonist,201
H2_posthoc__coactivator_H2_coactivator_cofold_seed_43_H2_coactivator_cofold_seed_43_sample_6_model,/home/lyceum/h2_posthoc/out/coactivator/H2_coactivator_cofold/seed_43/H2_coactivator_cofold_seed_43_sample_6_model.cif,0.2982257306575775,0.34894585609436035,0.05072012543678284,agonist,201
H2_posthoc__coactivator_H2_coactivator_cofold_seed_43_H2_coactivator_cofold_seed_43_sample_7_model,/home/lyceum/h2_posthoc/out/coactivator/H2_coactivator_cofold/seed_43/H2_coactivator_cofold_seed_43_sample_7_model.cif,0.26073697209358215,0.3402238190174103,0.07948684692382812,agonist,201
H2_posthoc__coactivator_H2_coactivator_cofold_seed_43_H2_coactivator_cofold_seed_43_sample_8_model,/home/lyceum/h2_posthoc/out/coactivator/H2_coactivator_cofold/seed_43/H2_coactivator_cofold_seed_43_sample_8_model.cif,0.22439290583133698,0.3834655284881592,0.1590726226568222,agonist,201
H2_posthoc__coactivator_H2_coactivator_cofold_seed_43_H2_coactivator_cofold_seed_43_sample_9_model,/home/lyceum/h2_posthoc/out/coactivator/H2_coactivator_cofold/seed_43/H2_coactivator_cofold_seed_43_sample_9_model.cif,0.2704627513885498,0.3199771046638489,0.04951435327529907,agonist,201
H2_posthoc__coactivator_H2_coactivator_cofold_seed_44_H2_coactivator_cofold_seed_44_sample_10_model,/home/lyceum/h2_posthoc/out/coactivator/H2_coactivator_cofold/seed_44/H2_coactivator_cofold_seed_44_sample_10_model.cif,0.22772866487503052,0.33592042326927185,0.10819175839424133,agonist,201
H2_posthoc__coactivator_H2_coactivator_cofold_seed_44_H2_coactivator_cofold_seed_44_sample_1_model,/home/lyceum/h2_posthoc/out/coactivator/H2_coactivator_cofold/seed_44/H2_coactivator_cofold_seed_44_sample_1_model.cif,0.25686323642730713,0.3404547870159149,0.08359155058860779,agonist,201
H2_posthoc__coactivator_H2_coactivator_cofold_seed_44_H2_coactivator_cofold_seed_44_sample_2_model,/home/lyceum/h2_posthoc/out/coactivator/H2_coactivator_cofold/seed_44/H2_coactivator_cofold_seed_44_sample_2_model.cif,0.22819487750530243,0.3616415858268738,0.13344670832157135,agonist,201
H2_posthoc__coactivator_H2_coactivator_cofold_seed_44_H2_coactivator_cofold_seed_44_sample_3_model,/home/lyceum/h2_posthoc/out/coactivator/H2_coactivator_cofold/seed_44/H2_coactivator_cofold_seed_44_sample_3_model.cif,0.28437113761901855,0.3250719904899597,0.04070085287094116,agonist,201
H2_posthoc__coactivator_H2_coactivator_cofold_seed_44_H2_coactivator_cofold_seed_44_sample_4_model,/home/lyceum/h2_posthoc/out/coactivator/H2_coactivator_cofold/seed_44/H2_coactivator_cofold_seed_44_sample_4_model.cif,0.3096591532230377,0.34430837631225586,0.03464922308921814,agonist,201
H2_posthoc__coactivator_H2_coactivator_cofold_seed_44_H2_coactivator_cofold_seed_44_sample_5_model,/home/lyceum/h2_posthoc/out/coactivator/H2_coactivator_cofold/seed_44/H2_coactivator_cofold_seed_44_sample_5_model.cif,0.2466365247964859,0.3489086329936981,0.10227210819721222,agonist,201
H2_posthoc__coactivator_H2_coactivator_cofold_seed_44_H2_coactivator_cofold_seed_44_sample_6_model,/home/lyceum/h2_posthoc/out/coactivator/H2_coactivator_cofold/seed_44/H2_coactivator_cofold_seed_44_sample_6_model.cif,0.2625804543495178,0.3486827611923218,0.08610230684280396,agonist,201
H2_posthoc__coactivator_H2_coactivator_cofold_seed_44_H2_coactivator_cofold_seed_44_sample_7_model,/home/lyceum/h2_posthoc/out/coactivator/H2_coactivator_cofold/seed_44/H2_coactivator_cofold_seed_44_sample_7_model.cif,0.25620749592781067,0.3511662781238556,0.09495878219604492,agonist,201
H2_posthoc__coactivator_H2_coactivator_cofold_seed_44_H2_coactivator_cofold_seed_44_sample_8_model,/home/lyceum/h2_posthoc/out/coactivator/H2_coactivator_cofold/seed_44/H2_coactivator_cofold_seed_44_sample_8_model.cif,0.23892362415790558,0.34776991605758667,0.10884629189968109,agonist,201
H2_posthoc__coactivator_H2_coactivator_cofold_seed_44_H2_coactivator_cofold_seed_44_sample_9_model,/home/lyceum/h2_posthoc/out/coactivator/H2_coactivator_cofold/seed_44/H2_coactivator_cofold_seed_44_sample_9_model.cif,0.25124216079711914,0.3447117805480957,0.09346961975097656,agonist,201
H2_posthoc__coactivator_H2_coactivator_cofold_seed_45_H2_coactivator_cofold_seed_45_sample_10_model,/home/lyceum/h2_posthoc/out/coactivator/H2_coactivator_cofold/seed_45/H2_coactivator_cofold_seed_45_sample_10_model.cif,0.2473166286945343,0.3298099935054779,0.0824933648109436,agonist,201
H2_posthoc__coactivator_H2_coactivator_cofold_seed_45_H2_coactivator_cofold_seed_45_sample_1_model,/home/lyceum/h2_posthoc/out/coactivator/H2_coactivator_cofold/seed_45/H2_coactivator_cofold_seed_45_sample_1_model.cif,0.28801172971725464,0.33174046874046326,0.04372873902320862,agonist,201
H2_posthoc__coactivator_H2_coactivator_cofold_seed_45_H2_coactivator_cofold_seed_45_sample_2_model,/home/lyceum/h2_posthoc/out/coactivator/H2_coactivator_cofold/seed_45/H2_coactivator_cofold_seed_45_sample_2_model.cif,0.23772664368152618,0.43230491876602173,0.19457827508449554,agonist,201
H2_posthoc__coactivator_H2_coactivator_cofold_seed_45_H2_coactivator_cofold_seed_45_sample_3_model,/home/lyceum/h2_posthoc/out/coactivator/H2_coactivator_cofold/seed_45/H2_coactivator_cofold_seed_45_sample_3_model.cif,0.23454491794109344,0.3330615162849426,0.09851659834384918,agonist,201
H2_posthoc__coactivator_H2_coactivator_cofold_seed_45_H2_coactivator_cofold_seed_45_sample_4_model,/home/lyceum/h2_posthoc/out/coactivator/H2_coactivator_cofold/seed_45/H2_coactivator_cofold_seed_45_sample_4_model.cif,0.26052525639533997,0.32690098881721497,0.066375732421875,agonist,201
H2_posthoc__coactivator_H2_coactivator_cofold_seed_45_H2_coactivator_cofold_seed_45_sample_5_model,/home/lyceum/h2_posthoc/out/coactivator/H2_coactivator_cofold/seed_45/H2_coactivator_cofold_seed_45_sample_5_model.cif,0.24292099475860596,0.34040069580078125,0.09747970104217529,agonist,201
H2_posthoc__coactivator_H2_coactivator_cofold_seed_45_H2_coactivator_cofold_seed_45_sample_6_model,/home/lyceum/h2_posthoc/out/coactivator/H2_coactivator_cofold/seed_45/H2_coactivator_cofold_seed_45_sample_6_model.cif,0.2542118430137634,0.33306685090065,0.0788550078868866,agonist,201
H2_posthoc__coactivator_H2_coactivator_cofold_seed_45_H2_coactivator_cofold_seed_45_sample_7_model,/home/lyceum/h2_posthoc/out/coactivator/H2_coactivator_cofold/seed_45/H2_coactivator_cofold_seed_45_sample_7_model.cif,0.2877681851387024,0.33835849165916443,0.050590306520462036,agonist,201
H2_posthoc__coactivator_H2_coactivator_cofold_seed_45_H2_coactivator_cofold_seed_45_sample_8_model,/home/lyceum/h2_posthoc/out/coactivator/H2_coactivator_cofold/seed_45/H2_coactivator_cofold_seed_45_sample_8_model.cif,0.2526785433292389,0.346037358045578,0.09335881471633911,agonist,201
H2_posthoc__coactivator_H2_coactivator_cofold_seed_45_H2_coactivator_cofold_seed_45_sample_9_model,/home/lyceum/h2_posthoc/out/coactivator/H2_coactivator_cofold/seed_45/H2_coactivator_cofold_seed_45_sample_9_model.cif,0.23341317474842072,0.33520370721817017,0.10179053246974945,agonist,201
H2_posthoc__coactivator_H2_coactivator_cofold_seed_46_H2_coactivator_cofold_seed_46_sample_10_model,/home/lyceum/h2_posthoc/out/coactivator/H2_coactivator_cofold/seed_46/H2_coactivator_cofold_seed_46_sample_10_model.cif,0.23663772642612457,0.35622358322143555,0.11958585679531097,agonist,201
H2_posthoc__coactivator_H2_coactivator_cofold_seed_46_H2_coactivator_cofold_seed_46_sample_1_model,/home/lyceum/h2_posthoc/out/coactivator/H2_coactivator_cofold/seed_46/H2_coactivator_cofold_seed_46_sample_1_model.cif,0.23036570847034454,0.3618072271347046,0.13144151866436005,agonist,201
H2_posthoc__coactivator_H2_coactivator_cofold_seed_46_H2_coactivator_cofold_seed_46_sample_2_model,/home/lyceum/h2_posthoc/out/coactivator/H2_coactivator_cofold/seed_46/H2_coactivator_cofold_seed_46_sample_2_model.cif,0.18351149559020996,0.3662763237953186,0.18276482820510864,agonist,201
H2_posthoc__coactivator_H2_coactivator_cofold_seed_46_H2_coactivator_cofold_seed_46_sample_3_model,/home/lyceum/h2_posthoc/out/coactivator/H2_coactivator_cofold/seed_46/H2_coactivator_cofold_seed_46_sample_3_model.cif,0.2750457227230072,0.3431290090084076,0.06808328628540039,agonist,201
H2_posthoc__coactivator_H2_coactivator_cofold_seed_46_H2_coactivator_cofold_seed_46_sample_4_model,/home/lyceum/h2_posthoc/out/coactivator/H2_coactivator_cofold/seed_46/H2_coactivator_cofold_seed_46_sample_4_model.cif,0.2773849070072174,0.3454463481903076,0.06806144118309021,agonist,201
H2_posthoc__coactivator_H2_coactivator_cofold_seed_46_H2_coactivator_cofold_seed_46_sample_5_model,/home/lyceum/h2_posthoc/out/coactivator/H2_coactivator_cofold/seed_46/H2_coactivator_cofold_seed_46_sample_5_model.cif,0.2832011580467224,0.3384656310081482,0.05526447296142578,agonist,201
H2_posthoc__coactivator_H2_coactivator_cofold_seed_46_H2_coactivator_cofold_seed_46_sample_6_model,/home/lyceum/h2_posthoc/out/coactivator/H2_coactivator_cofold/seed_46/H2_coactivator_cofold_seed_46_sample_6_model.cif,0.2557435631752014,0.3650599718093872,0.10931640863418579,agonist,201
H2_posthoc__coactivator_H2_coactivator_cofold_seed_46_H2_coactivator_cofold_seed_46_sample_7_model,/home/lyceum/h2_posthoc/out/coactivator/H2_coactivator_cofold/seed_46/H2_coactivator_cofold_seed_46_sample_7_model.cif,0.2648027241230011,0.31860604882240295,0.053803324699401855,agonist,201
H2_posthoc__coactivator_H2_coactivator_cofold_seed_46_H2_coactivator_cofold_seed_46_sample_8_model,/home/lyceum/h2_posthoc/out/coactivator/H2_coactivator_cofold/seed_46/H2_coactivator_cofold_seed_46_sample_8_model.cif,0.3311491310596466,0.3593355119228363,0.028186380863189697,agonist,201
H2_posthoc__coactivator_H2_coactivator_cofold_seed_46_H2_coactivator_cofold_seed_46_sample_9_model,/home/lyceum/h2_posthoc/out/coactivator/H2_coactivator_cofold/seed_46/H2_coactivator_cofold_seed_46_sample_9_model.cif,0.2696804404258728,0.3397471606731415,0.07006672024726868,agonist,201
H2_posthoc__depth_48_H2_msa_titration_seed_42_H2_msa_titration_seed_42_sample_10_model,/home/lyceum/h2_posthoc/out/depth_48/H2_msa_titration/seed_42/H2_msa_titration_seed_42_sample_10_model.cif,0.957476019859314,1.1901522874832153,0.23267626762390137,agonist,201
H2_posthoc__depth_48_H2_msa_titration_seed_42_H2_msa_titration_seed_42_sample_1_model,/home/lyceum/h2_posthoc/out/depth_48/H2_msa_titration/seed_42/H2_msa_titration_seed_42_sample_1_model.cif,0.5425379872322083,1.1897355318069458,0.6471975445747375,agonist,201
H2_posthoc__depth_48_H2_msa_titration_seed_42_H2_msa_titration_seed_42_sample_2_model,/home/lyceum/h2_posthoc/out/depth_48/H2_msa_titration/seed_42/H2_msa_titration_seed_42_sample_2_model.cif,0.9575850963592529,1.1265572309494019,0.16897213459014893,agonist,201
H2_posthoc__depth_48_H2_msa_titration_seed_42_H2_msa_titration_seed_42_sample_3_model,/home/lyceum/h2_posthoc/out/depth_48/H2_msa_titration/seed_42/H2_msa_titration_seed_42_sample_3_model.cif,0.9348633885383606,1.0907284021377563,0.15586501359939575,agonist,201
H2_posthoc__depth_48_H2_msa_titration_seed_42_H2_msa_titration_seed_42_sample_4_model,/home/lyceum/h2_posthoc/out/depth_48/H2_msa_titration/seed_42/H2_msa_titration_seed_42_sample_4_model.cif,0.5403150916099548,1.235024094581604,0.6947090029716492,agonist,201
H2_posthoc__depth_48_H2_msa_titration_seed_42_H2_msa_titration_seed_42_sample_5_model,/home/lyceum/h2_posthoc/out/depth_48/H2_msa_titration/seed_42/H2_msa_titration_seed_42_sample_5_model.cif,0.9503872394561768,1.148322343826294,0.1979351043701172,agonist,201
H2_posthoc__depth_48_H2_msa_titration_seed_42_H2_msa_titration_seed_42_sample_6_model,/home/lyceum/h2_posthoc/out/depth_48/H2_msa_titration/seed_42/H2_msa_titration_seed_42_sample_6_model.cif,0.8422328233718872,1.1559346914291382,0.313701868057251,agonist,201
H2_posthoc__depth_48_H2_msa_titration_seed_42_H2_msa_titration_seed_42_sample_7_model,/home/lyceum/h2_posthoc/out/depth_48/H2_msa_titration/seed_42/H2_msa_titration_seed_42_sample_7_model.cif,0.536717414855957,1.2520127296447754,0.7152953147888184,agonist,201
H2_posthoc__depth_48_H2_msa_titration_seed_42_H2_msa_titration_seed_42_sample_8_model,/home/lyceum/h2_posthoc/out/depth_48/H2_msa_titration/seed_42/H2_msa_titration_seed_42_sample_8_model.cif,2.4695751667022705,0.9135195016860962,1.5560556650161743,antagonist,201
H2_posthoc__depth_48_H2_msa_titration_seed_42_H2_msa_titration_seed_42_sample_9_model,/home/lyceum/h2_posthoc/out/depth_48/H2_msa_titration/seed_42/H2_msa_titration_seed_42_sample_9_model.cif,0.753180980682373,1.0973987579345703,0.34421777725219727,agonist,201
H2_posthoc__depth_48_H2_msa_titration_seed_43_H2_msa_titration_seed_43_sample_10_model,/home/lyceum/h2_posthoc/out/depth_48/H2_msa_titration/seed_43/H2_msa_titration_seed_43_sample_10_model.cif,1.395796537399292,1.0482022762298584,0.3475942611694336,antagonist,201
H2_posthoc__depth_48_H2_msa_titration_seed_43_H2_msa_titration_seed_43_sample_1_model,/home/lyceum/h2_posthoc/out/depth_48/H2_msa_titration/seed_43/H2_msa_titration_seed_43_sample_1_model.cif,0.7700039148330688,1.2594069242477417,0.48940300941467285,agonist,201
H2_posthoc__depth_48_H2_msa_titration_seed_43_H2_msa_titration_seed_43_sample_2_model,/home/lyceum/h2_posthoc/out/depth_48/H2_msa_titration/seed_43/H2_msa_titration_seed_43_sample_2_model.cif,0.8577165603637695,1.24130380153656,0.3835872411727905,agonist,201
H2_posthoc__depth_48_H2_msa_titration_seed_43_H2_msa_titration_seed_43_sample_3_model,/home/lyceum/h2_posthoc/out/depth_48/H2_msa_titration/seed_43/H2_msa_titration_seed_43_sample_3_model.cif,0.01888306625187397,1.3149579763412476,1.2960749100893736,agonist,201
H2_posthoc__depth_48_H2_msa_titration_seed_43_H2_msa_titration_seed_43_sample_4_model,/home/lyceum/h2_posthoc/out/depth_48/H2_msa_titration/seed_43/H2_msa_titration_seed_43_sample_4_model.cif,2.9085917472839355,1.1505112648010254,1.7580804824829102,antagonist,201
H2_posthoc__depth_48_H2_msa_titration_seed_43_H2_msa_titration_seed_43_sample_5_model,/home/lyceum/h2_posthoc/out/depth_48/H2_msa_titration/seed_43/H2_msa_titration_seed_43_sample_5_model.cif,0.9793556928634644,1.1012868881225586,0.12193119525909424,agonist,201
H2_posthoc__depth_48_H2_msa_titration_seed_43_H2_msa_titration_seed_43_sample_6_model,/home/lyceum/h2_posthoc/out/depth_48/H2_msa_titration/seed_43/H2_msa_titration_seed_43_sample_6_model.cif,4.913616180419922,1.060892105102539,3.852724075317383,antagonist,201
H2_posthoc__depth_48_H2_msa_titration_seed_43_H2_msa_titration_seed_43_sample_7_model,/home/lyceum/h2_posthoc/out/depth_48/H2_msa_titration/seed_43/H2_msa_titration_seed_43_sample_7_model.cif,0.8966653943061829,1.1028002500534058,0.2061348557472229,agonist,201
H2_posthoc__depth_48_H2_msa_titration_seed_43_H2_msa_titration_seed_43_sample_8_model,/home/lyceum/h2_posthoc/out/depth_48/H2_msa_titration/seed_43/H2_msa_titration_seed_43_sample_8_model.cif,4.829588890075684,1.166158676147461,3.6634302139282227,antagonist,201
H2_posthoc__depth_48_H2_msa_titration_seed_43_H2_msa_titration_seed_43_sample_9_model,/home/lyceum/h2_posthoc/out/depth_48/H2_msa_titration/seed_43/H2_msa_titration_seed_43_sample_9_model.cif,0.7671212553977966,1.1980663537979126,0.43094509840011597,agonist,201
H2_posthoc__depth_48_H2_msa_titration_seed_44_H2_msa_titration_seed_44_sample_10_model,/home/lyceum/h2_posthoc/out/depth_48/H2_msa_titration/seed_44/H2_msa_titration_seed_44_sample_10_model.cif,0.5347235798835754,1.2356717586517334,0.700948178768158,agonist,201
H2_posthoc__depth_48_H2_msa_titration_seed_44_H2_msa_titration_seed_44_sample_1_model,/home/lyceum/h2_posthoc/out/depth_48/H2_msa_titration/seed_44/H2_msa_titration_seed_44_sample_1_model.cif,0.8880090117454529,0.8250789642333984,0.06293004751205444,antagonist,201
H2_posthoc__depth_48_H2_msa_titration_seed_44_H2_msa_titration_seed_44_sample_2_model,/home/lyceum/h2_posthoc/out/depth_48/H2_msa_titration/seed_44/H2_msa_titration_seed_44_sample_2_model.cif,0.7321637272834778,1.390912413597107,0.6587486863136292,agonist,201
H2_posthoc__depth_48_H2_msa_titration_seed_44_H2_msa_titration_seed_44_sample_3_model,/home/lyceum/h2_posthoc/out/depth_48/H2_msa_titration/seed_44/H2_msa_titration_seed_44_sample_3_model.cif,1.0045764446258545,1.118117332458496,0.1135408878326416,agonist,201
H2_posthoc__depth_48_H2_msa_titration_seed_44_H2_msa_titration_seed_44_sample_4_model,/home/lyceum/h2_posthoc/out/depth_48/H2_msa_titration/seed_44/H2_msa_titration_seed_44_sample_4_model.cif,0.5136812329292297,1.119031548500061,0.6053503155708313,agonist,201
H2_posthoc__depth_48_H2_msa_titration_seed_44_H2_msa_titration_seed_44_sample_5_model,/home/lyceum/h2_posthoc/out/depth_48/H2_msa_titration/seed_44/H2_msa_titration_seed_44_sample_5_model.cif,0.898464024066925,1.2834763526916504,0.38501232862472534,agonist,201
H2_posthoc__depth_48_H2_msa_titration_seed_44_H2_msa_titration_seed_44_sample_6_model,/home/lyceum/h2_posthoc/out/depth_48/H2_msa_titration/seed_44/H2_msa_titration_seed_44_sample_6_model.cif,0.9389354586601257,1.0884530544281006,0.14951759576797485,agonist,201
H2_posthoc__depth_48_H2_msa_titration_seed_44_H2_msa_titration_seed_44_sample_7_model,/home/lyceum/h2_posthoc/out/depth_48/H2_msa_titration/seed_44/H2_msa_titration_seed_44_sample_7_model.cif,0.5275340676307678,0.985523521900177,0.4579894542694092,agonist,201
H2_posthoc__depth_48_H2_msa_titration_seed_44_H2_msa_titration_seed_44_sample_8_model,/home/lyceum/h2_posthoc/out/depth_48/H2_msa_titration/seed_44/H2_msa_titration_seed_44_sample_8_model.cif,0.8938214182853699,1.3481460809707642,0.4543246626853943,agonist,201
H2_posthoc__depth_48_H2_msa_titration_seed_44_H2_msa_titration_seed_44_sample_9_model,/home/lyceum/h2_posthoc/out/depth_48/H2_msa_titration/seed_44/H2_msa_titration_seed_44_sample_9_model.cif,0.8855535984039307,1.1255825757980347,0.240028977394104,agonist,201
H2_posthoc__depth_48_H2_msa_titration_seed_45_H2_msa_titration_seed_45_sample_10_model,/home/lyceum/h2_posthoc/out/depth_48/H2_msa_titration/seed_45/H2_msa_titration_seed_45_sample_10_model.cif,3.2197580337524414,1.0622035264968872,2.157554507255554,antagonist,201
H2_posthoc__depth_48_H2_msa_titration_seed_45_H2_msa_titration_seed_45_sample_1_model,/home/lyceum/h2_posthoc/out/depth_48/H2_msa_titration/seed_45/H2_msa_titration_seed_45_sample_1_model.cif,2.984130620956421,1.1087251901626587,1.8754054307937622,antagonist,201
H2_posthoc__depth_48_H2_msa_titration_seed_45_H2_msa_titration_seed_45_sample_2_model,/home/lyceum/h2_posthoc/out/depth_48/H2_msa_titration/seed_45/H2_msa_titration_seed_45_sample_2_model.cif,0.8842924237251282,1.042832374572754,0.15853995084762573,agonist,201
H2_posthoc__depth_48_H2_msa_titration_seed_45_H2_msa_titration_seed_45_sample_3_model,/home/lyceum/h2_posthoc/out/depth_48/H2_msa_titration/seed_45/H2_msa_titration_seed_45_sample_3_model.cif,2.9089910984039307,1.0375876426696777,1.871403455734253,antagonist,201
H2_posthoc__depth_48_H2_msa_titration_seed_45_H2_msa_titration_seed_45_sample_4_model,/home/lyceum/h2_posthoc/out/depth_48/H2_msa_titration/seed_45/H2_msa_titration_seed_45_sample_4_model.cif,3.235591173171997,1.0222641229629517,2.2133270502090454,antagonist,201
H2_posthoc__depth_48_H2_msa_titration_seed_45_H2_msa_titration_seed_45_sample_5_model,/home/lyceum/h2_posthoc/out/depth_48/H2_msa_titration/seed_45/H2_msa_titration_seed_45_sample_5_model.cif,0.4852401316165924,1.5154526233673096,1.0302124917507172,agonist,201
H2_posthoc__depth_48_H2_msa_titration_seed_45_H2_msa_titration_seed_45_sample_6_model,/home/lyceum/h2_posthoc/out/depth_48/H2_msa_titration/seed_45/H2_msa_titration_seed_45_sample_6_model.cif,0.4531814754009247,1.2546181678771973,0.8014366924762726,agonist,201
H2_posthoc__depth_48_H2_msa_titration_seed_45_H2_msa_titration_seed_45_sample_7_model,/home/lyceum/h2_posthoc/out/depth_48/H2_msa_titration/seed_45/H2_msa_titration_seed_45_sample_7_model.cif,2.9264636039733887,0.977265477180481,1.9491981267929077,antagonist,201
H2_posthoc__depth_48_H2_msa_titration_seed_45_H2_msa_titration_seed_45_sample_8_model,/home/lyceum/h2_posthoc/out/depth_48/H2_msa_titration/seed_45/H2_msa_titration_seed_45_sample_8_model.cif,0.9407272338867188,1.1951467990875244,0.25441956520080566,agonist,201
H2_posthoc__depth_48_H2_msa_titration_seed_45_H2_msa_titration_seed_45_sample_9_model,/home/lyceum/h2_posthoc/out/depth_48/H2_msa_titration/seed_45/H2_msa_titration_seed_45_sample_9_model.cif,0.4317954182624817,1.259937047958374,0.8281416296958923,agonist,201
H2_posthoc__depth_48_H2_msa_titration_seed_46_H2_msa_titration_seed_46_sample_10_model,/home/lyceum/h2_posthoc/out/depth_48/H2_msa_titration/seed_46/H2_msa_titration_seed_46_sample_10_model.cif,3.570082187652588,1.1824557781219482,2.3876264095306396,antagonist,201
H2_posthoc__depth_48_H2_msa_titration_seed_46_H2_msa_titration_seed_46_sample_1_model,/home/lyceum/h2_posthoc/out/depth_48/H2_msa_titration/seed_46/H2_msa_titration_seed_46_sample_1_model.cif,0.5036531090736389,1.1364001035690308,0.6327469944953918,agonist,201
H2_posthoc__depth_48_H2_msa_titration_seed_46_H2_msa_titration_seed_46_sample_2_model,/home/lyceum/h2_posthoc/out/depth_48/H2_msa_titration/seed_46/H2_msa_titration_seed_46_sample_2_model.cif,0.5415191650390625,1.3279471397399902,0.7864279747009277,agonist,201
H2_posthoc__depth_48_H2_msa_titration_seed_46_H2_msa_titration_seed_46_sample_3_model,/home/lyceum/h2_posthoc/out/depth_48/H2_msa_titration/seed_46/H2_msa_titration_seed_46_sample_3_model.cif,2.7487406730651855,0.8792948126792908,1.8694458603858948,antagonist,201
H2_posthoc__depth_48_H2_msa_titration_seed_46_H2_msa_titration_seed_46_sample_4_model,/home/lyceum/h2_posthoc/out/depth_48/H2_msa_titration/seed_46/H2_msa_titration_seed_46_sample_4_model.cif,2.8580663204193115,1.057483434677124,1.8005828857421875,antagonist,201
H2_posthoc__depth_48_H2_msa_titration_seed_46_H2_msa_titration_seed_46_sample_5_model,/home/lyceum/h2_posthoc/out/depth_48/H2_msa_titration/seed_46/H2_msa_titration_seed_46_sample_5_model.cif,0.7803683280944824,1.1020172834396362,0.3216489553451538,agonist,201
H2_posthoc__depth_48_H2_msa_titration_seed_46_H2_msa_titration_seed_46_sample_6_model,/home/lyceum/h2_posthoc/out/depth_48/H2_msa_titration/seed_46/H2_msa_titration_seed_46_sample_6_model.cif,3.2521607875823975,1.2756273746490479,1.9765334129333496,antagonist,201
H2_posthoc__depth_48_H2_msa_titration_seed_46_H2_msa_titration_seed_46_sample_7_model,/home/lyceum/h2_posthoc/out/depth_48/H2_msa_titration/seed_46/H2_msa_titration_seed_46_sample_7_model.cif,2.9002275466918945,1.4203206300735474,1.4799069166183472,antagonist,201
H2_posthoc__depth_48_H2_msa_titration_seed_46_H2_msa_titration_seed_46_sample_8_model,/home/lyceum/h2_posthoc/out/depth_48/H2_msa_titration/seed_46/H2_msa_titration_seed_46_sample_8_model.cif,0.4862009286880493,1.0651137828826904,0.5789128541946411,agonist,201
H2_posthoc__depth_48_H2_msa_titration_seed_46_H2_msa_titration_seed_46_sample_9_model,/home/lyceum/h2_posthoc/out/depth_48/H2_msa_titration/seed_46/H2_msa_titration_seed_46_sample_9_model.cif,0.5721819996833801,1.0904135704040527,0.5182315707206726,agonist,201
H2_posthoc__depth_64_H2_msa_titration_seed_42_H2_msa_titration_seed_42_sample_10_model,/home/lyceum/h2_posthoc/out/depth_64/H2_msa_titration/seed_42/H2_msa_titration_seed_42_sample_10_model.cif,2.967207431793213,0.42125919461250305,2.54594823718071,antagonist,201
H2_posthoc__depth_64_H2_msa_titration_seed_42_H2_msa_titration_seed_42_sample_1_model,/home/lyceum/h2_posthoc/out/depth_64/H2_msa_titration/seed_42/H2_msa_titration_seed_42_sample_1_model.cif,2.5848278999328613,0.5039174556732178,2.0809104442596436,antagonist,201
H2_posthoc__depth_64_H2_msa_titration_seed_42_H2_msa_titration_seed_42_sample_2_model,/home/lyceum/h2_posthoc/out/depth_64/H2_msa_titration/seed_42/H2_msa_titration_seed_42_sample_2_model.cif,2.343216896057129,0.5044665336608887,1.8387503623962402,antagonist,201
H2_posthoc__depth_64_H2_msa_titration_seed_42_H2_msa_titration_seed_42_sample_3_model,/home/lyceum/h2_posthoc/out/depth_64/H2_msa_titration/seed_42/H2_msa_titration_seed_42_sample_3_model.cif,1.6451178789138794,0.7291846871376038,0.9159331917762756,antagonist,201
H2_posthoc__depth_64_H2_msa_titration_seed_42_H2_msa_titration_seed_42_sample_4_model,/home/lyceum/h2_posthoc/out/depth_64/H2_msa_titration/seed_42/H2_msa_titration_seed_42_sample_4_model.cif,0.31455016136169434,2.015497922897339,1.7009477615356445,agonist,201
H2_posthoc__depth_64_H2_msa_titration_seed_42_H2_msa_titration_seed_42_sample_5_model,/home/lyceum/h2_posthoc/out/depth_64/H2_msa_titration/seed_42/H2_msa_titration_seed_42_sample_5_model.cif,1.8981295824050903,0.6117151975631714,1.286414384841919,antagonist,201
H2_posthoc__depth_64_H2_msa_titration_seed_42_H2_msa_titration_seed_42_sample_6_model,/home/lyceum/h2_posthoc/out/depth_64/H2_msa_titration/seed_42/H2_msa_titration_seed_42_sample_6_model.cif,1.0104467868804932,0.9299293160438538,0.0805174708366394,antagonist,201
H2_posthoc__depth_64_H2_msa_titration_seed_42_H2_msa_titration_seed_42_sample_7_model,/home/lyceum/h2_posthoc/out/depth_64/H2_msa_titration/seed_42/H2_msa_titration_seed_42_sample_7_model.cif,7.789074420928955,2.784503936767578,5.004570484161377,antagonist,201
H2_posthoc__depth_64_H2_msa_titration_seed_42_H2_msa_titration_seed_42_sample_8_model,/home/lyceum/h2_posthoc/out/depth_64/H2_msa_titration/seed_42/H2_msa_titration_seed_42_sample_8_model.cif,1.1489715576171875,0.7378655672073364,0.4111059904098511,antagonist,201
H2_posthoc__depth_64_H2_msa_titration_seed_42_H2_msa_titration_seed_42_sample_9_model,/home/lyceum/h2_posthoc/out/depth_64/H2_msa_titration/seed_42/H2_msa_titration_seed_42_sample_9_model.cif,0.32371506094932556,1.7909448146820068,1.4672297537326813,agonist,201
H2_posthoc__depth_64_H2_msa_titration_seed_43_H2_msa_titration_seed_43_sample_10_model,/home/lyceum/h2_posthoc/out/depth_64/H2_msa_titration/seed_43/H2_msa_titration_seed_43_sample_10_model.cif,2.456530809402466,0.5917452573776245,1.8647855520248413,antagonist,201
H2_posthoc__depth_64_H2_msa_titration_seed_43_H2_msa_titration_seed_43_sample_1_model,/home/lyceum/h2_posthoc/out/depth_64/H2_msa_titration/seed_43/H2_msa_titration_seed_43_sample_1_model.cif,2.613246440887451,0.5055387020111084,2.1077077388763428,antagonist,201
H2_posthoc__depth_64_H2_msa_titration_seed_43_H2_msa_titration_seed_43_sample_2_model,/home/lyceum/h2_posthoc/out/depth_64/H2_msa_titration/seed_43/H2_msa_titration_seed_43_sample_2_model.cif,2.6392266750335693,0.5641739964485168,2.0750526785850525,antagonist,201
H2_posthoc__depth_64_H2_msa_titration_seed_43_H2_msa_titration_seed_43_sample_3_model,/home/lyceum/h2_posthoc/out/depth_64/H2_msa_titration/seed_43/H2_msa_titration_seed_43_sample_3_model.cif,2.8606748580932617,0.5308017730712891,2.3298730850219727,antagonist,201
H2_posthoc__depth_64_H2_msa_titration_seed_43_H2_msa_titration_seed_43_sample_4_model,/home/lyceum/h2_posthoc/out/depth_64/H2_msa_titration/seed_43/H2_msa_titration_seed_43_sample_4_model.cif,3.4274706840515137,0.6220092177391052,2.8054614663124084,antagonist,201
H2_posthoc__depth_64_H2_msa_titration_seed_43_H2_msa_titration_seed_43_sample_5_model,/home/lyceum/h2_posthoc/out/depth_64/H2_msa_titration/seed_43/H2_msa_titration_seed_43_sample_5_model.cif,2.2259557247161865,1.0849478244781494,1.141007900238037,antagonist,201
H2_posthoc__depth_64_H2_msa_titration_seed_43_H2_msa_titration_seed_43_sample_6_model,/home/lyceum/h2_posthoc/out/depth_64/H2_msa_titration/seed_43/H2_msa_titration_seed_43_sample_6_model.cif,3.197011947631836,1.5212644338607788,1.6757475137710571,antagonist,201
H2_posthoc__depth_64_H2_msa_titration_seed_43_H2_msa_titration_seed_43_sample_7_model,/home/lyceum/h2_posthoc/out/depth_64/H2_msa_titration/seed_43/H2_msa_titration_seed_43_sample_7_model.cif,4.645651817321777,1.6011440753936768,3.0445077419281006,antagonist,201
H2_posthoc__depth_64_H2_msa_titration_seed_43_H2_msa_titration_seed_43_sample_8_model,/home/lyceum/h2_posthoc/out/depth_64/H2_msa_titration/seed_43/H2_msa_titration_seed_43_sample_8_model.cif,1.7127796411514282,0.8442791104316711,0.8685005307197571,antagonist,201
H2_posthoc__depth_64_H2_msa_titration_seed_43_H2_msa_titration_seed_43_sample_9_model,/home/lyceum/h2_posthoc/out/depth_64/H2_msa_titration/seed_43/H2_msa_titration_seed_43_sample_9_model.cif,2.1104564666748047,0.4910469651222229,1.6194095015525818,antagonist,201
H2_posthoc__depth_64_H2_msa_titration_seed_44_H2_msa_titration_seed_44_sample_10_model,/home/lyceum/h2_posthoc/out/depth_64/H2_msa_titration/seed_44/H2_msa_titration_seed_44_sample_10_model.cif,2.597405433654785,0.48497411608695984,2.1124313175678253,antagonist,201
H2_posthoc__depth_64_H2_msa_titration_seed_44_H2_msa_titration_seed_44_sample_1_model,/home/lyceum/h2_posthoc/out/depth_64/H2_msa_titration/seed_44/H2_msa_titration_seed_44_sample_1_model.cif,1.5150508880615234,0.3389740288257599,1.1760768592357635,antagonist,201
H2_posthoc__depth_64_H2_msa_titration_seed_44_H2_msa_titration_seed_44_sample_2_model,/home/lyceum/h2_posthoc/out/depth_64/H2_msa_titration/seed_44/H2_msa_titration_seed_44_sample_2_model.cif,1.816485047340393,0.4509689211845398,1.3655161261558533,antagonist,201
H2_posthoc__depth_64_H2_msa_titration_seed_44_H2_msa_titration_seed_44_sample_3_model,/home/lyceum/h2_posthoc/out/depth_64/H2_msa_titration/seed_44/H2_msa_titration_seed_44_sample_3_model.cif,1.2293280363082886,2.4457032680511475,1.2163752317428589,agonist,201
H2_posthoc__depth_64_H2_msa_titration_seed_44_H2_msa_titration_seed_44_sample_4_model,/home/lyceum/h2_posthoc/out/depth_64/H2_msa_titration/seed_44/H2_msa_titration_seed_44_sample_4_model.cif,1.439879059791565,0.5215033888816833,0.9183756709098816,antagonist,201
H2_posthoc__depth_64_H2_msa_titration_seed_44_H2_msa_titration_seed_44_sample_5_model,/home/lyceum/h2_posthoc/out/depth_64/H2_msa_titration/seed_44/H2_msa_titration_seed_44_sample_5_model.cif,2.5050957202911377,0.2505764067173004,2.2545193135738373,antagonist,201
H2_posthoc__depth_64_H2_msa_titration_seed_44_H2_msa_titration_seed_44_sample_6_model,/home/lyceum/h2_posthoc/out/depth_64/H2_msa_titration/seed_44/H2_msa_titration_seed_44_sample_6_model.cif,1.6853041648864746,2.0226497650146484,0.33734560012817383,agonist,201
H2_posthoc__depth_64_H2_msa_titration_seed_44_H2_msa_titration_seed_44_sample_7_model,/home/lyceum/h2_posthoc/out/depth_64/H2_msa_titration/seed_44/H2_msa_titration_seed_44_sample_7_model.cif,1.3550007343292236,1.5659047365188599,0.21090400218963623,agonist,201
H2_posthoc__depth_64_H2_msa_titration_seed_44_H2_msa_titration_seed_44_sample_8_model,/home/lyceum/h2_posthoc/out/depth_64/H2_msa_titration/seed_44/H2_msa_titration_seed_44_sample_8_model.cif,1.6867002248764038,0.806124746799469,0.8805754780769348,antagonist,201
H2_posthoc__depth_64_H2_msa_titration_seed_44_H2_msa_titration_seed_44_sample_9_model,/home/lyceum/h2_posthoc/out/depth_64/H2_msa_titration/seed_44/H2_msa_titration_seed_44_sample_9_model.cif,2.356914520263672,1.9050772190093994,0.45183730125427246,antagonist,201
H2_posthoc__depth_64_H2_msa_titration_seed_45_H2_msa_titration_seed_45_sample_10_model,/home/lyceum/h2_posthoc/out/depth_64/H2_msa_titration/seed_45/H2_msa_titration_seed_45_sample_10_model.cif,6.019244194030762,2.1327834129333496,3.886460781097412,antagonist,201
H2_posthoc__depth_64_H2_msa_titration_seed_45_H2_msa_titration_seed_45_sample_1_model,/home/lyceum/h2_posthoc/out/depth_64/H2_msa_titration/seed_45/H2_msa_titration_seed_45_sample_1_model.cif,2.7843897342681885,0.5648103952407837,2.219579339027405,antagonist,201
H2_posthoc__depth_64_H2_msa_titration_seed_45_H2_msa_titration_seed_45_sample_2_model,/home/lyceum/h2_posthoc/out/depth_64/H2_msa_titration/seed_45/H2_msa_titration_seed_45_sample_2_model.cif,2.0202457904815674,0.6355289220809937,1.3847168684005737,antagonist,201
H2_posthoc__depth_64_H2_msa_titration_seed_45_H2_msa_titration_seed_45_sample_3_model,/home/lyceum/h2_posthoc/out/depth_64/H2_msa_titration/seed_45/H2_msa_titration_seed_45_sample_3_model.cif,1.166718602180481,0.29497069120407104,0.8717479109764099,antagonist,201
H2_posthoc__depth_64_H2_msa_titration_seed_45_H2_msa_titration_seed_45_sample_4_model,/home/lyceum/h2_posthoc/out/depth_64/H2_msa_titration/seed_45/H2_msa_titration_seed_45_sample_4_model.cif,0.7559912204742432,1.3842378854751587,0.6282466650009155,agonist,201
H2_posthoc__depth_64_H2_msa_titration_seed_45_H2_msa_titration_seed_45_sample_5_model,/home/lyceum/h2_posthoc/out/depth_64/H2_msa_titration/seed_45/H2_msa_titration_seed_45_sample_5_model.cif,2.8650968074798584,1.484552264213562,1.3805445432662964,antagonist,201
H2_posthoc__depth_64_H2_msa_titration_seed_45_H2_msa_titration_seed_45_sample_6_model,/home/lyceum/h2_posthoc/out/depth_64/H2_msa_titration/seed_45/H2_msa_titration_seed_45_sample_6_model.cif,1.4885457754135132,2.3070523738861084,0.8185065984725952,agonist,201
H2_posthoc__depth_64_H2_msa_titration_seed_45_H2_msa_titration_seed_45_sample_7_model,/home/lyceum/h2_posthoc/out/depth_64/H2_msa_titration/seed_45/H2_msa_titration_seed_45_sample_7_model.cif,2.63144588470459,0.6469604969024658,1.984485387802124,antagonist,201
H2_posthoc__depth_64_H2_msa_titration_seed_45_H2_msa_titration_seed_45_sample_8_model,/home/lyceum/h2_posthoc/out/depth_64/H2_msa_titration/seed_45/H2_msa_titration_seed_45_sample_8_model.cif,1.9444329738616943,0.3015824854373932,1.6428504884243011,antagonist,201
H2_posthoc__depth_64_H2_msa_titration_seed_45_H2_msa_titration_seed_45_sample_9_model,/home/lyceum/h2_posthoc/out/depth_64/H2_msa_titration/seed_45/H2_msa_titration_seed_45_sample_9_model.cif,2.598360300064087,0.5083857178688049,2.089974582195282,antagonist,201
H2_posthoc__depth_64_H2_msa_titration_seed_46_H2_msa_titration_seed_46_sample_10_model,/home/lyceum/h2_posthoc/out/depth_64/H2_msa_titration/seed_46/H2_msa_titration_seed_46_sample_10_model.cif,3.69038462638855,0.6803770661354065,3.0100075602531433,antagonist,201
H2_posthoc__depth_64_H2_msa_titration_seed_46_H2_msa_titration_seed_46_sample_1_model,/home/lyceum/h2_posthoc/out/depth_64/H2_msa_titration/seed_46/H2_msa_titration_seed_46_sample_1_model.cif,1.9238808155059814,2.6309783458709717,0.7070975303649902,agonist,201
H2_posthoc__depth_64_H2_msa_titration_seed_46_H2_msa_titration_seed_46_sample_2_model,/home/lyceum/h2_posthoc/out/depth_64/H2_msa_titration/seed_46/H2_msa_titration_seed_46_sample_2_model.cif,1.331418514251709,0.26010656356811523,1.0713119506835938,antagonist,201
H2_posthoc__depth_64_H2_msa_titration_seed_46_H2_msa_titration_seed_46_sample_3_model,/home/lyceum/h2_posthoc/out/depth_64/H2_msa_titration/seed_46/H2_msa_titration_seed_46_sample_3_model.cif,2.2461209297180176,0.6008266806602478,1.6452942490577698,antagonist,201
H2_posthoc__depth_64_H2_msa_titration_seed_46_H2_msa_titration_seed_46_sample_4_model,/home/lyceum/h2_posthoc/out/depth_64/H2_msa_titration/seed_46/H2_msa_titration_seed_46_sample_4_model.cif,2.033625602722168,0.2856982946395874,1.7479273080825806,antagonist,201
H2_posthoc__depth_64_H2_msa_titration_seed_46_H2_msa_titration_seed_46_sample_5_model,/home/lyceum/h2_posthoc/out/depth_64/H2_msa_titration/seed_46/H2_msa_titration_seed_46_sample_5_model.cif,2.4167463779449463,2.940054178237915,0.5233078002929688,agonist,201
H2_posthoc__depth_64_H2_msa_titration_seed_46_H2_msa_titration_seed_46_sample_6_model,/home/lyceum/h2_posthoc/out/depth_64/H2_msa_titration/seed_46/H2_msa_titration_seed_46_sample_6_model.cif,2.4838950634002686,2.7315638065338135,0.24766874313354492,agonist,201
H2_posthoc__depth_64_H2_msa_titration_seed_46_H2_msa_titration_seed_46_sample_7_model,/home/lyceum/h2_posthoc/out/depth_64/H2_msa_titration/seed_46/H2_msa_titration_seed_46_sample_7_model.cif,2.0584945678710938,1.362589955329895,0.6959046125411987,antagonist,201
H2_posthoc__depth_64_H2_msa_titration_seed_46_H2_msa_titration_seed_46_sample_8_model,/home/lyceum/h2_posthoc/out/depth_64/H2_msa_titration/seed_46/H2_msa_titration_seed_46_sample_8_model.cif,2.518612861633301,0.3301035463809967,2.188509315252304,antagonist,201
H2_posthoc__depth_64_H2_msa_titration_seed_46_H2_msa_titration_seed_46_sample_9_model,/home/lyceum/h2_posthoc/out/depth_64/H2_msa_titration/seed_46/H2_msa_titration_seed_46_sample_9_model.cif,1.865475058555603,1.4868360757827759,0.37863898277282715,antagonist,201
H2_posthoc__depth_96_H2_msa_titration_seed_42_H2_msa_titration_seed_42_sample_10_model,/home/lyceum/h2_posthoc/out/depth_96/H2_msa_titration/seed_42/H2_msa_titration_seed_42_sample_10_model.cif,2.2847988605499268,0.42798522114753723,1.8568136394023895,antagonist,201
H2_posthoc__depth_96_H2_msa_titration_seed_42_H2_msa_titration_seed_42_sample_1_model,/home/lyceum/h2_posthoc/out/depth_96/H2_msa_titration/seed_42/H2_msa_titration_seed_42_sample_1_model.cif,2.782914400100708,0.3206522464752197,2.4622621536254883,antagonist,201
H2_posthoc__depth_96_H2_msa_titration_seed_42_H2_msa_titration_seed_42_sample_2_model,/home/lyceum/h2_posthoc/out/depth_96/H2_msa_titration/seed_42/H2_msa_titration_seed_42_sample_2_model.cif,3.084054470062256,0.35659685730934143,2.7274576127529144,antagonist,201
H2_posthoc__depth_96_H2_msa_titration_seed_42_H2_msa_titration_seed_42_sample_3_model,/home/lyceum/h2_posthoc/out/depth_96/H2_msa_titration/seed_42/H2_msa_titration_seed_42_sample_3_model.cif,2.9244916439056396,0.2901718020439148,2.634319841861725,antagonist,201
H2_posthoc__depth_96_H2_msa_titration_seed_42_H2_msa_titration_seed_42_sample_4_model,/home/lyceum/h2_posthoc/out/depth_96/H2_msa_titration/seed_42/H2_msa_titration_seed_42_sample_4_model.cif,2.884014368057251,0.3951466977596283,2.4888676702976227,antagonist,201
H2_posthoc__depth_96_H2_msa_titration_seed_42_H2_msa_titration_seed_42_sample_5_model,/home/lyceum/h2_posthoc/out/depth_96/H2_msa_titration/seed_42/H2_msa_titration_seed_42_sample_5_model.cif,2.8071789741516113,0.5172906517982483,2.289888322353363,antagonist,201
H2_posthoc__depth_96_H2_msa_titration_seed_42_H2_msa_titration_seed_42_sample_6_model,/home/lyceum/h2_posthoc/out/depth_96/H2_msa_titration/seed_42/H2_msa_titration_seed_42_sample_6_model.cif,2.405956506729126,0.42778971791267395,1.978166788816452,antagonist,201
H2_posthoc__depth_96_H2_msa_titration_seed_42_H2_msa_titration_seed_42_sample_7_model,/home/lyceum/h2_posthoc/out/depth_96/H2_msa_titration/seed_42/H2_msa_titration_seed_42_sample_7_model.cif,3.1133203506469727,0.3989729583263397,2.714347392320633,antagonist,201
H2_posthoc__depth_96_H2_msa_titration_seed_42_H2_msa_titration_seed_42_sample_8_model,/home/lyceum/h2_posthoc/out/depth_96/H2_msa_titration/seed_42/H2_msa_titration_seed_42_sample_8_model.cif,2.4577414989471436,0.4347034990787506,2.023037999868393,antagonist,201
H2_posthoc__depth_96_H2_msa_titration_seed_42_H2_msa_titration_seed_42_sample_9_model,/home/lyceum/h2_posthoc/out/depth_96/H2_msa_titration/seed_42/H2_msa_titration_seed_42_sample_9_model.cif,2.2521722316741943,0.37906932830810547,1.8731029033660889,antagonist,201
H2_posthoc__depth_96_H2_msa_titration_seed_43_H2_msa_titration_seed_43_sample_10_model,/home/lyceum/h2_posthoc/out/depth_96/H2_msa_titration/seed_43/H2_msa_titration_seed_43_sample_10_model.cif,2.4351110458374023,0.35882657766342163,2.0762844681739807,antagonist,201
H2_posthoc__depth_96_H2_msa_titration_seed_43_H2_msa_titration_seed_43_sample_1_model,/home/lyceum/h2_posthoc/out/depth_96/H2_msa_titration/seed_43/H2_msa_titration_seed_43_sample_1_model.cif,2.3054003715515137,0.29659566283226013,2.0088047087192535,antagonist,201
H2_posthoc__depth_96_H2_msa_titration_seed_43_H2_msa_titration_seed_43_sample_2_model,/home/lyceum/h2_posthoc/out/depth_96/H2_msa_titration/seed_43/H2_msa_titration_seed_43_sample_2_model.cif,2.627122640609741,0.3679121136665344,2.259210526943207,antagonist,201
H2_posthoc__depth_96_H2_msa_titration_seed_43_H2_msa_titration_seed_43_sample_3_model,/home/lyceum/h2_posthoc/out/depth_96/H2_msa_titration/seed_43/H2_msa_titration_seed_43_sample_3_model.cif,3.0203444957733154,0.39351674914360046,2.626827746629715,antagonist,201
H2_posthoc__depth_96_H2_msa_titration_seed_43_H2_msa_titration_seed_43_sample_4_model,/home/lyceum/h2_posthoc/out/depth_96/H2_msa_titration/seed_43/H2_msa_titration_seed_43_sample_4_model.cif,2.9118993282318115,0.4400571584701538,2.4718421697616577,antagonist,201
H2_posthoc__depth_96_H2_msa_titration_seed_43_H2_msa_titration_seed_43_sample_5_model,/home/lyceum/h2_posthoc/out/depth_96/H2_msa_titration/seed_43/H2_msa_titration_seed_43_sample_5_model.cif,2.890284776687622,0.38276663422584534,2.5075181424617767,antagonist,201
H2_posthoc__depth_96_H2_msa_titration_seed_43_H2_msa_titration_seed_43_sample_6_model,/home/lyceum/h2_posthoc/out/depth_96/H2_msa_titration/seed_43/H2_msa_titration_seed_43_sample_6_model.cif,3.09436297416687,0.39769718050956726,2.696665793657303,antagonist,201
H2_posthoc__depth_96_H2_msa_titration_seed_43_H2_msa_titration_seed_43_sample_7_model,/home/lyceum/h2_posthoc/out/depth_96/H2_msa_titration/seed_43/H2_msa_titration_seed_43_sample_7_model.cif,2.61499285697937,0.42253777384757996,2.19245508313179,antagonist,201
H2_posthoc__depth_96_H2_msa_titration_seed_43_H2_msa_titration_seed_43_sample_8_model,/home/lyceum/h2_posthoc/out/depth_96/H2_msa_titration/seed_43/H2_msa_titration_seed_43_sample_8_model.cif,2.867785930633545,0.3672700822353363,2.5005158483982086,antagonist,201
H2_posthoc__depth_96_H2_msa_titration_seed_43_H2_msa_titration_seed_43_sample_9_model,/home/lyceum/h2_posthoc/out/depth_96/H2_msa_titration/seed_43/H2_msa_titration_seed_43_sample_9_model.cif,2.675868034362793,0.39337480068206787,2.282493233680725,antagonist,201
H2_posthoc__depth_96_H2_msa_titration_seed_44_H2_msa_titration_seed_44_sample_10_model,/home/lyceum/h2_posthoc/out/depth_96/H2_msa_titration/seed_44/H2_msa_titration_seed_44_sample_10_model.cif,1.0020204782485962,0.40025365352630615,0.60176682472229,antagonist,201
H2_posthoc__depth_96_H2_msa_titration_seed_44_H2_msa_titration_seed_44_sample_1_model,/home/lyceum/h2_posthoc/out/depth_96/H2_msa_titration/seed_44/H2_msa_titration_seed_44_sample_1_model.cif,2.0354511737823486,0.36406800150871277,1.6713831722736359,antagonist,201
H2_posthoc__depth_96_H2_msa_titration_seed_44_H2_msa_titration_seed_44_sample_2_model,/home/lyceum/h2_posthoc/out/depth_96/H2_msa_titration/seed_44/H2_msa_titration_seed_44_sample_2_model.cif,2.882251501083374,0.5320284962654114,2.3502230048179626,antagonist,201
H2_posthoc__depth_96_H2_msa_titration_seed_44_H2_msa_titration_seed_44_sample_3_model,/home/lyceum/h2_posthoc/out/depth_96/H2_msa_titration/seed_44/H2_msa_titration_seed_44_sample_3_model.cif,2.4107255935668945,0.3381345570087433,2.0725910365581512,antagonist,201
H2_posthoc__depth_96_H2_msa_titration_seed_44_H2_msa_titration_seed_44_sample_4_model,/home/lyceum/h2_posthoc/out/depth_96/H2_msa_titration/seed_44/H2_msa_titration_seed_44_sample_4_model.cif,2.5325169563293457,0.46767741441726685,2.064839541912079,antagonist,201
H2_posthoc__depth_96_H2_msa_titration_seed_44_H2_msa_titration_seed_44_sample_5_model,/home/lyceum/h2_posthoc/out/depth_96/H2_msa_titration/seed_44/H2_msa_titration_seed_44_sample_5_model.cif,2.110694169998169,0.3683304190635681,1.7423637509346008,antagonist,201
H2_posthoc__depth_96_H2_msa_titration_seed_44_H2_msa_titration_seed_44_sample_6_model,/home/lyceum/h2_posthoc/out/depth_96/H2_msa_titration/seed_44/H2_msa_titration_seed_44_sample_6_model.cif,2.1767470836639404,2.2342467308044434,0.05749964714050293,agonist,201
H2_posthoc__depth_96_H2_msa_titration_seed_44_H2_msa_titration_seed_44_sample_7_model,/home/lyceum/h2_posthoc/out/depth_96/H2_msa_titration/seed_44/H2_msa_titration_seed_44_sample_7_model.cif,1.850820541381836,2.0328025817871094,0.18198204040527344,agonist,201
H2_posthoc__depth_96_H2_msa_titration_seed_44_H2_msa_titration_seed_44_sample_8_model,/home/lyceum/h2_posthoc/out/depth_96/H2_msa_titration/seed_44/H2_msa_titration_seed_44_sample_8_model.cif,0.957428514957428,0.5291290283203125,0.4282994866371155,antagonist,201
H2_posthoc__depth_96_H2_msa_titration_seed_44_H2_msa_titration_seed_44_sample_9_model,/home/lyceum/h2_posthoc/out/depth_96/H2_msa_titration/seed_44/H2_msa_titration_seed_44_sample_9_model.cif,2.1366758346557617,0.41205355525016785,1.7246222794055939,antagonist,201
H2_posthoc__depth_96_H2_msa_titration_seed_45_H2_msa_titration_seed_45_sample_10_model,/home/lyceum/h2_posthoc/out/depth_96/H2_msa_titration/seed_45/H2_msa_titration_seed_45_sample_10_model.cif,3.0911436080932617,0.3909660875797272,2.7001775205135345,antagonist,201
H2_posthoc__depth_96_H2_msa_titration_seed_45_H2_msa_titration_seed_45_sample_1_model,/home/lyceum/h2_posthoc/out/depth_96/H2_msa_titration/seed_45/H2_msa_titration_seed_45_sample_1_model.cif,3.222329616546631,0.33393076062202454,2.8883988559246063,antagonist,201
H2_posthoc__depth_96_H2_msa_titration_seed_45_H2_msa_titration_seed_45_sample_2_model,/home/lyceum/h2_posthoc/out/depth_96/H2_msa_titration/seed_45/H2_msa_titration_seed_45_sample_2_model.cif,2.1323323249816895,0.3735301196575165,1.758802205324173,antagonist,201
H2_posthoc__depth_96_H2_msa_titration_seed_45_H2_msa_titration_seed_45_sample_3_model,/home/lyceum/h2_posthoc/out/depth_96/H2_msa_titration/seed_45/H2_msa_titration_seed_45_sample_3_model.cif,2.8714213371276855,0.4384102523326874,2.433011084794998,antagonist,201
H2_posthoc__depth_96_H2_msa_titration_seed_45_H2_msa_titration_seed_45_sample_4_model,/home/lyceum/h2_posthoc/out/depth_96/H2_msa_titration/seed_45/H2_msa_titration_seed_45_sample_4_model.cif,2.616283416748047,0.44898703694343567,2.167296379804611,antagonist,201
H2_posthoc__depth_96_H2_msa_titration_seed_45_H2_msa_titration_seed_45_sample_5_model,/home/lyceum/h2_posthoc/out/depth_96/H2_msa_titration/seed_45/H2_msa_titration_seed_45_sample_5_model.cif,2.5249176025390625,0.5199822783470154,2.004935324192047,antagonist,201
H2_posthoc__depth_96_H2_msa_titration_seed_45_H2_msa_titration_seed_45_sample_6_model,/home/lyceum/h2_posthoc/out/depth_96/H2_msa_titration/seed_45/H2_msa_titration_seed_45_sample_6_model.cif,2.677922248840332,0.4371156692504883,2.2408065795898438,antagonist,201
H2_posthoc__depth_96_H2_msa_titration_seed_45_H2_msa_titration_seed_45_sample_7_model,/home/lyceum/h2_posthoc/out/depth_96/H2_msa_titration/seed_45/H2_msa_titration_seed_45_sample_7_model.cif,2.6878457069396973,0.5433551669120789,2.1444905400276184,antagonist,201
H2_posthoc__depth_96_H2_msa_titration_seed_45_H2_msa_titration_seed_45_sample_8_model,/home/lyceum/h2_posthoc/out/depth_96/H2_msa_titration/seed_45/H2_msa_titration_seed_45_sample_8_model.cif,2.209245443344116,0.287936270236969,1.9213091731071472,antagonist,201
H2_posthoc__depth_96_H2_msa_titration_seed_45_H2_msa_titration_seed_45_sample_9_model,/home/lyceum/h2_posthoc/out/depth_96/H2_msa_titration/seed_45/H2_msa_titration_seed_45_sample_9_model.cif,3.2209970951080322,0.5430508255958557,2.6779462695121765,antagonist,201
H2_posthoc__depth_96_H2_msa_titration_seed_46_H2_msa_titration_seed_46_sample_10_model,/home/lyceum/h2_posthoc/out/depth_96/H2_msa_titration/seed_46/H2_msa_titration_seed_46_sample_10_model.cif,2.649949550628662,0.2935647964477539,2.356384754180908,antagonist,201
H2_posthoc__depth_96_H2_msa_titration_seed_46_H2_msa_titration_seed_46_sample_1_model,/home/lyceum/h2_posthoc/out/depth_96/H2_msa_titration/seed_46/H2_msa_titration_seed_46_sample_1_model.cif,2.6170973777770996,0.3470352590084076,2.270062118768692,antagonist,201
H2_posthoc__depth_96_H2_msa_titration_seed_46_H2_msa_titration_seed_46_sample_2_model,/home/lyceum/h2_posthoc/out/depth_96/H2_msa_titration/seed_46/H2_msa_titration_seed_46_sample_2_model.cif,2.1430206298828125,0.44652530550956726,1.6964953243732452,antagonist,201
H2_posthoc__depth_96_H2_msa_titration_seed_46_H2_msa_titration_seed_46_sample_3_model,/home/lyceum/h2_posthoc/out/depth_96/H2_msa_titration/seed_46/H2_msa_titration_seed_46_sample_3_model.cif,1.3620858192443848,1.8831866979599,0.5211008787155151,agonist,201
H2_posthoc__depth_96_H2_msa_titration_seed_46_H2_msa_titration_seed_46_sample_4_model,/home/lyceum/h2_posthoc/out/depth_96/H2_msa_titration/seed_46/H2_msa_titration_seed_46_sample_4_model.cif,2.1299922466278076,0.36409226059913635,1.7658999860286713,antagonist,201
H2_posthoc__depth_96_H2_msa_titration_seed_46_H2_msa_titration_seed_46_sample_5_model,/home/lyceum/h2_posthoc/out/depth_96/H2_msa_titration/seed_46/H2_msa_titration_seed_46_sample_5_model.cif,1.3554891347885132,2.5872459411621094,1.2317568063735962,agonist,201
H2_posthoc__depth_96_H2_msa_titration_seed_46_H2_msa_titration_seed_46_sample_6_model,/home/lyceum/h2_posthoc/out/depth_96/H2_msa_titration/seed_46/H2_msa_titration_seed_46_sample_6_model.cif,1.2627556324005127,0.3173612952232361,0.9453943371772766,antagonist,201
H2_posthoc__depth_96_H2_msa_titration_seed_46_H2_msa_titration_seed_46_sample_7_model,/home/lyceum/h2_posthoc/out/depth_96/H2_msa_titration/seed_46/H2_msa_titration_seed_46_sample_7_model.cif,0.6373351216316223,0.4254401624202728,0.2118949592113495,antagonist,201
H2_posthoc__depth_96_H2_msa_titration_seed_46_H2_msa_titration_seed_46_sample_8_model,/home/lyceum/h2_posthoc/out/depth_96/H2_msa_titration/seed_46/H2_msa_titration_seed_46_sample_8_model.cif,2.8319296836853027,0.4872489273548126,2.34468075633049,antagonist,201
H2_posthoc__depth_96_H2_msa_titration_seed_46_H2_msa_titration_seed_46_sample_9_model,/home/lyceum/h2_posthoc/out/depth_96/H2_msa_titration/seed_46/H2_msa_titration_seed_46_sample_9_model.cif,2.5367066860198975,0.5680931806564331,1.9686135053634644,antagonist,201
H2_posthoc__template_3kyt_H2_msa_titration_seed_42_H2_msa_titration_seed_42_sample_10_model,/home/lyceum/h2_posthoc/out/template_3kyt/H2_msa_titration/seed_42/H2_msa_titration_seed_42_sample_10_model.cif,0.24408015608787537,2.1202492713928223,1.876169115304947,agonist,201
H2_posthoc__template_3kyt_H2_msa_titration_seed_42_H2_msa_titration_seed_42_sample_1_model,/home/lyceum/h2_posthoc/out/template_3kyt/H2_msa_titration/seed_42/H2_msa_titration_seed_42_sample_1_model.cif,0.270912230014801,1.0317209959030151,0.7608087658882141,agonist,201
H2_posthoc__template_3kyt_H2_msa_titration_seed_42_H2_msa_titration_seed_42_sample_2_model,/home/lyceum/h2_posthoc/out/template_3kyt/H2_msa_titration/seed_42/H2_msa_titration_seed_42_sample_2_model.cif,0.32464173436164856,0.9586999416351318,0.6340582072734833,agonist,201
H2_posthoc__template_3kyt_H2_msa_titration_seed_42_H2_msa_titration_seed_42_sample_3_model,/home/lyceum/h2_posthoc/out/template_3kyt/H2_msa_titration/seed_42/H2_msa_titration_seed_42_sample_3_model.cif,0.2551271617412567,1.8910027742385864,1.6358756124973297,agonist,201
H2_posthoc__template_3kyt_H2_msa_titration_seed_42_H2_msa_titration_seed_42_sample_4_model,/home/lyceum/h2_posthoc/out/template_3kyt/H2_msa_titration/seed_42/H2_msa_titration_seed_42_sample_4_model.cif,2.2620601654052734,1.6399304866790771,0.6221296787261963,antagonist,201
H2_posthoc__template_3kyt_H2_msa_titration_seed_42_H2_msa_titration_seed_42_sample_5_model,/home/lyceum/h2_posthoc/out/template_3kyt/H2_msa_titration/seed_42/H2_msa_titration_seed_42_sample_5_model.cif,2.338576316833496,1.9634501934051514,0.3751261234283447,antagonist,201
H2_posthoc__template_3kyt_H2_msa_titration_seed_42_H2_msa_titration_seed_42_sample_6_model,/home/lyceum/h2_posthoc/out/template_3kyt/H2_msa_titration/seed_42/H2_msa_titration_seed_42_sample_6_model.cif,0.1902843862771988,2.2078211307525635,2.0175367444753647,agonist,201
H2_posthoc__template_3kyt_H2_msa_titration_seed_42_H2_msa_titration_seed_42_sample_7_model,/home/lyceum/h2_posthoc/out/template_3kyt/H2_msa_titration/seed_42/H2_msa_titration_seed_42_sample_7_model.cif,0.43179211020469666,2.0383102893829346,1.606518179178238,agonist,201
H2_posthoc__template_3kyt_H2_msa_titration_seed_42_H2_msa_titration_seed_42_sample_8_model,/home/lyceum/h2_posthoc/out/template_3kyt/H2_msa_titration/seed_42/H2_msa_titration_seed_42_sample_8_model.cif,0.3962540626525879,2.069817066192627,1.673563003540039,agonist,201
H2_posthoc__template_3kyt_H2_msa_titration_seed_42_H2_msa_titration_seed_42_sample_9_model,/home/lyceum/h2_posthoc/out/template_3kyt/H2_msa_titration/seed_42/H2_msa_titration_seed_42_sample_9_model.cif,0.3048204183578491,1.8804527521133423,1.5756323337554932,agonist,201
H2_posthoc__template_3kyt_H2_msa_titration_seed_43_H2_msa_titration_seed_43_sample_10_model,/home/lyceum/h2_posthoc/out/template_3kyt/H2_msa_titration/seed_43/H2_msa_titration_seed_43_sample_10_model.cif,0.25916919112205505,1.973265528678894,1.714096337556839,agonist,201
H2_posthoc__template_3kyt_H2_msa_titration_seed_43_H2_msa_titration_seed_43_sample_1_model,/home/lyceum/h2_posthoc/out/template_3kyt/H2_msa_titration/seed_43/H2_msa_titration_seed_43_sample_1_model.cif,2.276832103729248,1.5384912490844727,0.7383408546447754,antagonist,201
H2_posthoc__template_3kyt_H2_msa_titration_seed_43_H2_msa_titration_seed_43_sample_2_model,/home/lyceum/h2_posthoc/out/template_3kyt/H2_msa_titration/seed_43/H2_msa_titration_seed_43_sample_2_model.cif,0.24420756101608276,1.956437110900879,1.7122295498847961,agonist,201
H2_posthoc__template_3kyt_H2_msa_titration_seed_43_H2_msa_titration_seed_43_sample_3_model,/home/lyceum/h2_posthoc/out/template_3kyt/H2_msa_titration/seed_43/H2_msa_titration_seed_43_sample_3_model.cif,0.3295173645019531,1.911118745803833,1.5816013813018799,agonist,201
H2_posthoc__template_3kyt_H2_msa_titration_seed_43_H2_msa_titration_seed_43_sample_4_model,/home/lyceum/h2_posthoc/out/template_3kyt/H2_msa_titration/seed_43/H2_msa_titration_seed_43_sample_4_model.cif,0.27185720205307007,1.829408884048462,1.5575516819953918,agonist,201
H2_posthoc__template_3kyt_H2_msa_titration_seed_43_H2_msa_titration_seed_43_sample_5_model,/home/lyceum/h2_posthoc/out/template_3kyt/H2_msa_titration/seed_43/H2_msa_titration_seed_43_sample_5_model.cif,0.2283889651298523,2.1671457290649414,1.9387567639350891,agonist,201
H2_posthoc__template_3kyt_H2_msa_titration_seed_43_H2_msa_titration_seed_43_sample_6_model,/home/lyceum/h2_posthoc/out/template_3kyt/H2_msa_titration/seed_43/H2_msa_titration_seed_43_sample_6_model.cif,2.309931516647339,1.4833348989486694,0.8265966176986694,antagonist,201
H2_posthoc__template_3kyt_H2_msa_titration_seed_43_H2_msa_titration_seed_43_sample_7_model,/home/lyceum/h2_posthoc/out/template_3kyt/H2_msa_titration/seed_43/H2_msa_titration_seed_43_sample_7_model.cif,1.7041857242584229,1.2087849378585815,0.4954007863998413,antagonist,201
H2_posthoc__template_3kyt_H2_msa_titration_seed_43_H2_msa_titration_seed_43_sample_8_model,/home/lyceum/h2_posthoc/out/template_3kyt/H2_msa_titration/seed_43/H2_msa_titration_seed_43_sample_8_model.cif,0.3249703645706177,0.9735711216926575,0.6486007571220398,agonist,201
H2_posthoc__template_3kyt_H2_msa_titration_seed_43_H2_msa_titration_seed_43_sample_9_model,/home/lyceum/h2_posthoc/out/template_3kyt/H2_msa_titration/seed_43/H2_msa_titration_seed_43_sample_9_model.cif,2.256683111190796,2.1502695083618164,0.10641360282897949,antagonist,201
H2_posthoc__template_3kyt_H2_msa_titration_seed_44_H2_msa_titration_seed_44_sample_10_model,/home/lyceum/h2_posthoc/out/template_3kyt/H2_msa_titration/seed_44/H2_msa_titration_seed_44_sample_10_model.cif,2.182469606399536,1.6879570484161377,0.49451255798339844,antagonist,201
H2_posthoc__template_3kyt_H2_msa_titration_seed_44_H2_msa_titration_seed_44_sample_1_model,/home/lyceum/h2_posthoc/out/template_3kyt/H2_msa_titration/seed_44/H2_msa_titration_seed_44_sample_1_model.cif,0.2685287594795227,1.6093968152999878,1.340868055820465,agonist,201
H2_posthoc__template_3kyt_H2_msa_titration_seed_44_H2_msa_titration_seed_44_sample_2_model,/home/lyceum/h2_posthoc/out/template_3kyt/H2_msa_titration/seed_44/H2_msa_titration_seed_44_sample_2_model.cif,0.2875417172908783,1.3058875799179077,1.0183458626270294,agonist,201
H2_posthoc__template_3kyt_H2_msa_titration_seed_44_H2_msa_titration_seed_44_sample_3_model,/home/lyceum/h2_posthoc/out/template_3kyt/H2_msa_titration/seed_44/H2_msa_titration_seed_44_sample_3_model.cif,0.43094146251678467,2.061150312423706,1.6302088499069214,agonist,201
H2_posthoc__template_3kyt_H2_msa_titration_seed_44_H2_msa_titration_seed_44_sample_4_model,/home/lyceum/h2_posthoc/out/template_3kyt/H2_msa_titration/seed_44/H2_msa_titration_seed_44_sample_4_model.cif,0.2898634076118469,1.9629147052764893,1.6730512976646423,agonist,201
H2_posthoc__template_3kyt_H2_msa_titration_seed_44_H2_msa_titration_seed_44_sample_5_model,/home/lyceum/h2_posthoc/out/template_3kyt/H2_msa_titration/seed_44/H2_msa_titration_seed_44_sample_5_model.cif,0.3791860044002533,3.055201530456543,2.6760155260562897,agonist,201
H2_posthoc__template_3kyt_H2_msa_titration_seed_44_H2_msa_titration_seed_44_sample_6_model,/home/lyceum/h2_posthoc/out/template_3kyt/H2_msa_titration/seed_44/H2_msa_titration_seed_44_sample_6_model.cif,0.2262926995754242,1.7318058013916016,1.5055131018161774,agonist,201
H2_posthoc__template_3kyt_H2_msa_titration_seed_44_H2_msa_titration_seed_44_sample_7_model,/home/lyceum/h2_posthoc/out/template_3kyt/H2_msa_titration/seed_44/H2_msa_titration_seed_44_sample_7_model.cif,0.5783303380012512,1.961222529411316,1.3828921914100647,agonist,201
H2_posthoc__template_3kyt_H2_msa_titration_seed_44_H2_msa_titration_seed_44_sample_8_model,/home/lyceum/h2_posthoc/out/template_3kyt/H2_msa_titration/seed_44/H2_msa_titration_seed_44_sample_8_model.cif,0.3610730767250061,1.5481986999511719,1.1871256232261658,agonist,201
H2_posthoc__template_3kyt_H2_msa_titration_seed_44_H2_msa_titration_seed_44_sample_9_model,/home/lyceum/h2_posthoc/out/template_3kyt/H2_msa_titration/seed_44/H2_msa_titration_seed_44_sample_9_model.cif,0.22329746186733246,1.6552218198776245,1.431924358010292,agonist,201
H2_posthoc__template_3kyt_H2_msa_titration_seed_45_H2_msa_titration_seed_45_sample_10_model,/home/lyceum/h2_posthoc/out/template_3kyt/H2_msa_titration/seed_45/H2_msa_titration_seed_45_sample_10_model.cif,0.2445044368505478,1.873056411743164,1.6285519748926163,agonist,201
H2_posthoc__template_3kyt_H2_msa_titration_seed_45_H2_msa_titration_seed_45_sample_1_model,/home/lyceum/h2_posthoc/out/template_3kyt/H2_msa_titration/seed_45/H2_msa_titration_seed_45_sample_1_model.cif,0.3046746253967285,1.3577184677124023,1.0530438423156738,agonist,201
H2_posthoc__template_3kyt_H2_msa_titration_seed_45_H2_msa_titration_seed_45_sample_2_model,/home/lyceum/h2_posthoc/out/template_3kyt/H2_msa_titration/seed_45/H2_msa_titration_seed_45_sample_2_model.cif,0.20842345058918,1.1865967512130737,0.9781733006238937,agonist,201
H2_posthoc__template_3kyt_H2_msa_titration_seed_45_H2_msa_titration_seed_45_sample_3_model,/home/lyceum/h2_posthoc/out/template_3kyt/H2_msa_titration/seed_45/H2_msa_titration_seed_45_sample_3_model.cif,2.2826530933380127,0.8516753315925598,1.4309777617454529,antagonist,201
H2_posthoc__template_3kyt_H2_msa_titration_seed_45_H2_msa_titration_seed_45_sample_4_model,/home/lyceum/h2_posthoc/out/template_3kyt/H2_msa_titration/seed_45/H2_msa_titration_seed_45_sample_4_model.cif,5.026361465454102,1.7261793613433838,3.3001821041107178,antagonist,201
H2_posthoc__template_3kyt_H2_msa_titration_seed_45_H2_msa_titration_seed_45_sample_5_model,/home/lyceum/h2_posthoc/out/template_3kyt/H2_msa_titration/seed_45/H2_msa_titration_seed_45_sample_5_model.cif,0.3963150680065155,2.22594952583313,1.8296344578266144,agonist,201
H2_posthoc__template_3kyt_H2_msa_titration_seed_45_H2_msa_titration_seed_45_sample_6_model,/home/lyceum/h2_posthoc/out/template_3kyt/H2_msa_titration/seed_45/H2_msa_titration_seed_45_sample_6_model.cif,0.23966193199157715,1.6421010494232178,1.4024391174316406,agonist,201
H2_posthoc__template_3kyt_H2_msa_titration_seed_45_H2_msa_titration_seed_45_sample_7_model,/home/lyceum/h2_posthoc/out/template_3kyt/H2_msa_titration/seed_45/H2_msa_titration_seed_45_sample_7_model.cif,0.5056383609771729,1.9638112783432007,1.4581729173660278,agonist,201
H2_posthoc__template_3kyt_H2_msa_titration_seed_45_H2_msa_titration_seed_45_sample_8_model,/home/lyceum/h2_posthoc/out/template_3kyt/H2_msa_titration/seed_45/H2_msa_titration_seed_45_sample_8_model.cif,0.4004359841346741,2.777324676513672,2.376888692378998,agonist,201
H2_posthoc__template_3kyt_H2_msa_titration_seed_45_H2_msa_titration_seed_45_sample_9_model,/home/lyceum/h2_posthoc/out/template_3kyt/H2_msa_titration/seed_45/H2_msa_titration_seed_45_sample_9_model.cif,0.3382963538169861,1.164989948272705,0.826693594455719,agonist,201
H2_posthoc__template_3kyt_H2_msa_titration_seed_46_H2_msa_titration_seed_46_sample_10_model,/home/lyceum/h2_posthoc/out/template_3kyt/H2_msa_titration/seed_46/H2_msa_titration_seed_46_sample_10_model.cif,5.139097213745117,1.576940894126892,3.562156319618225,antagonist,201
H2_posthoc__template_3kyt_H2_msa_titration_seed_46_H2_msa_titration_seed_46_sample_1_model,/home/lyceum/h2_posthoc/out/template_3kyt/H2_msa_titration/seed_46/H2_msa_titration_seed_46_sample_1_model.cif,0.404343843460083,0.9455463290214539,0.5412024855613708,agonist,201
H2_posthoc__template_3kyt_H2_msa_titration_seed_46_H2_msa_titration_seed_46_sample_2_model,/home/lyceum/h2_posthoc/out/template_3kyt/H2_msa_titration/seed_46/H2_msa_titration_seed_46_sample_2_model.cif,0.2554750144481659,2.133669137954712,1.878194123506546,agonist,201
H2_posthoc__template_3kyt_H2_msa_titration_seed_46_H2_msa_titration_seed_46_sample_3_model,/home/lyceum/h2_posthoc/out/template_3kyt/H2_msa_titration/seed_46/H2_msa_titration_seed_46_sample_3_model.cif,0.38257166743278503,1.6448121070861816,1.2622404396533966,agonist,201
H2_posthoc__template_3kyt_H2_msa_titration_seed_46_H2_msa_titration_seed_46_sample_4_model,/home/lyceum/h2_posthoc/out/template_3kyt/H2_msa_titration/seed_46/H2_msa_titration_seed_46_sample_4_model.cif,0.3813052773475647,2.0006372928619385,1.6193320155143738,agonist,201
H2_posthoc__template_3kyt_H2_msa_titration_seed_46_H2_msa_titration_seed_46_sample_5_model,/home/lyceum/h2_posthoc/out/template_3kyt/H2_msa_titration/seed_46/H2_msa_titration_seed_46_sample_5_model.cif,0.3737300634384155,1.3220077753067017,0.9482777118682861,agonist,201
H2_posthoc__template_3kyt_H2_msa_titration_seed_46_H2_msa_titration_seed_46_sample_6_model,/home/lyceum/h2_posthoc/out/template_3kyt/H2_msa_titration/seed_46/H2_msa_titration_seed_46_sample_6_model.cif,0.2768336534500122,1.5541640520095825,1.2773303985595703,agonist,201
H2_posthoc__template_3kyt_H2_msa_titration_seed_46_H2_msa_titration_seed_46_sample_7_model,/home/lyceum/h2_posthoc/out/template_3kyt/H2_msa_titration/seed_46/H2_msa_titration_seed_46_sample_7_model.cif,0.2267947942018509,1.7754621505737305,1.5486673563718796,agonist,201
H2_posthoc__template_3kyt_H2_msa_titration_seed_46_H2_msa_titration_seed_46_sample_8_model,/home/lyceum/h2_posthoc/out/template_3kyt/H2_msa_titration/seed_46/H2_msa_titration_seed_46_sample_8_model.cif,0.3315337300300598,1.719736933708191,1.388203203678131,agonist,201
H2_posthoc__template_3kyt_H2_msa_titration_seed_46_H2_msa_titration_seed_46_sample_9_model,/home/lyceum/h2_posthoc/out/template_3kyt/H2_msa_titration/seed_46/H2_msa_titration_seed_46_sample_9_model.cif,0.3090852200984955,2.0086658000946045,1.699580579996109,agonist,201
H2_posthoc__template_4zjw_H2_msa_titration_seed_42_H2_msa_titration_seed_42_sample_10_model,/home/lyceum/h2_posthoc/out/template_4zjw/H2_msa_titration/seed_42/H2_msa_titration_seed_42_sample_10_model.cif,0.31728294491767883,2.1749846935272217,1.8577017486095428,agonist,201
H2_posthoc__template_4zjw_H2_msa_titration_seed_42_H2_msa_titration_seed_42_sample_1_model,/home/lyceum/h2_posthoc/out/template_4zjw/H2_msa_titration/seed_42/H2_msa_titration_seed_42_sample_1_model.cif,2.0796616077423096,2.4669604301452637,0.3872988224029541,agonist,201
H2_posthoc__template_4zjw_H2_msa_titration_seed_42_H2_msa_titration_seed_42_sample_2_model,/home/lyceum/h2_posthoc/out/template_4zjw/H2_msa_titration/seed_42/H2_msa_titration_seed_42_sample_2_model.cif,0.2593757212162018,5.126694679260254,4.867318958044052,agonist,201
H2_posthoc__template_4zjw_H2_msa_titration_seed_42_H2_msa_titration_seed_42_sample_3_model,/home/lyceum/h2_posthoc/out/template_4zjw/H2_msa_titration/seed_42/H2_msa_titration_seed_42_sample_3_model.cif,2.5749800205230713,0.49005162715911865,2.0849283933639526,antagonist,201
H2_posthoc__template_4zjw_H2_msa_titration_seed_42_H2_msa_titration_seed_42_sample_4_model,/home/lyceum/h2_posthoc/out/template_4zjw/H2_msa_titration/seed_42/H2_msa_titration_seed_42_sample_4_model.cif,0.3275969624519348,0.3402960002422333,0.012699037790298462,agonist,201
H2_posthoc__template_4zjw_H2_msa_titration_seed_42_H2_msa_titration_seed_42_sample_5_model,/home/lyceum/h2_posthoc/out/template_4zjw/H2_msa_titration/seed_42/H2_msa_titration_seed_42_sample_5_model.cif,0.3151865303516388,0.33503594994544983,0.019849419593811035,agonist,201
H2_posthoc__template_4zjw_H2_msa_titration_seed_42_H2_msa_titration_seed_42_sample_6_model,/home/lyceum/h2_posthoc/out/template_4zjw/H2_msa_titration/seed_42/H2_msa_titration_seed_42_sample_6_model.cif,0.2555598318576813,4.213510990142822,3.957951158285141,agonist,201
H2_posthoc__template_4zjw_H2_msa_titration_seed_42_H2_msa_titration_seed_42_sample_7_model,/home/lyceum/h2_posthoc/out/template_4zjw/H2_msa_titration/seed_42/H2_msa_titration_seed_42_sample_7_model.cif,0.33606770634651184,0.3220958709716797,0.013971835374832153,antagonist,201
H2_posthoc__template_4zjw_H2_msa_titration_seed_42_H2_msa_titration_seed_42_sample_8_model,/home/lyceum/h2_posthoc/out/template_4zjw/H2_msa_titration/seed_42/H2_msa_titration_seed_42_sample_8_model.cif,0.2714655101299286,4.175944805145264,3.904479295015335,agonist,201
H2_posthoc__template_4zjw_H2_msa_titration_seed_42_H2_msa_titration_seed_42_sample_9_model,/home/lyceum/h2_posthoc/out/template_4zjw/H2_msa_titration/seed_42/H2_msa_titration_seed_42_sample_9_model.cif,0.3858524262905121,0.30765873193740845,0.07819369435310364,antagonist,201
H2_posthoc__template_4zjw_H2_msa_titration_seed_43_H2_msa_titration_seed_43_sample_10_model,/home/lyceum/h2_posthoc/out/template_4zjw/H2_msa_titration/seed_43/H2_msa_titration_seed_43_sample_10_model.cif,0.30567917227745056,0.34939634799957275,0.04371717572212219,agonist,201
H2_posthoc__template_4zjw_H2_msa_titration_seed_43_H2_msa_titration_seed_43_sample_1_model,/home/lyceum/h2_posthoc/out/template_4zjw/H2_msa_titration/seed_43/H2_msa_titration_seed_43_sample_1_model.cif,0.3744795620441437,0.3149493932723999,0.059530168771743774,antagonist,201
H2_posthoc__template_4zjw_H2_msa_titration_seed_43_H2_msa_titration_seed_43_sample_2_model,/home/lyceum/h2_posthoc/out/template_4zjw/H2_msa_titration/seed_43/H2_msa_titration_seed_43_sample_2_model.cif,0.36689189076423645,4.345751762390137,3.9788598716259003,agonist,201
H2_posthoc__template_4zjw_H2_msa_titration_seed_43_H2_msa_titration_seed_43_sample_3_model,/home/lyceum/h2_posthoc/out/template_4zjw/H2_msa_titration/seed_43/H2_msa_titration_seed_43_sample_3_model.cif,0.3708169162273407,0.3312302827835083,0.0395866334438324,antagonist,201
H2_posthoc__template_4zjw_H2_msa_titration_seed_43_H2_msa_titration_seed_43_sample_4_model,/home/lyceum/h2_posthoc/out/template_4zjw/H2_msa_titration/seed_43/H2_msa_titration_seed_43_sample_4_model.cif,0.28167977929115295,0.34530943632125854,0.06362965703010559,agonist,201
H2_posthoc__template_4zjw_H2_msa_titration_seed_43_H2_msa_titration_seed_43_sample_5_model,/home/lyceum/h2_posthoc/out/template_4zjw/H2_msa_titration/seed_43/H2_msa_titration_seed_43_sample_5_model.cif,0.27719730138778687,0.3727074861526489,0.09551018476486206,agonist,201
H2_posthoc__template_4zjw_H2_msa_titration_seed_43_H2_msa_titration_seed_43_sample_6_model,/home/lyceum/h2_posthoc/out/template_4zjw/H2_msa_titration/seed_43/H2_msa_titration_seed_43_sample_6_model.cif,2.2893691062927246,1.1827954053878784,1.1065737009048462,antagonist,201
H2_posthoc__template_4zjw_H2_msa_titration_seed_43_H2_msa_titration_seed_43_sample_7_model,/home/lyceum/h2_posthoc/out/template_4zjw/H2_msa_titration/seed_43/H2_msa_titration_seed_43_sample_7_model.cif,0.3572327792644501,0.33760443329811096,0.01962834596633911,antagonist,201
H2_posthoc__template_4zjw_H2_msa_titration_seed_43_H2_msa_titration_seed_43_sample_8_model,/home/lyceum/h2_posthoc/out/template_4zjw/H2_msa_titration/seed_43/H2_msa_titration_seed_43_sample_8_model.cif,0.28364884853363037,1.6690688133239746,1.3854199647903442,agonist,201
H2_posthoc__template_4zjw_H2_msa_titration_seed_43_H2_msa_titration_seed_43_sample_9_model,/home/lyceum/h2_posthoc/out/template_4zjw/H2_msa_titration/seed_43/H2_msa_titration_seed_43_sample_9_model.cif,0.37578943371772766,0.3651549220085144,0.010634511709213257,antagonist,201
H2_posthoc__template_4zjw_H2_msa_titration_seed_44_H2_msa_titration_seed_44_sample_10_model,/home/lyceum/h2_posthoc/out/template_4zjw/H2_msa_titration/seed_44/H2_msa_titration_seed_44_sample_10_model.cif,0.3373079001903534,0.4032372236251831,0.06592932343482971,agonist,201
H2_posthoc__template_4zjw_H2_msa_titration_seed_44_H2_msa_titration_seed_44_sample_1_model,/home/lyceum/h2_posthoc/out/template_4zjw/H2_msa_titration/seed_44/H2_msa_titration_seed_44_sample_1_model.cif,0.3863312602043152,0.33036696910858154,0.05596429109573364,antagonist,201
H2_posthoc__template_4zjw_H2_msa_titration_seed_44_H2_msa_titration_seed_44_sample_2_model,/home/lyceum/h2_posthoc/out/template_4zjw/H2_msa_titration/seed_44/H2_msa_titration_seed_44_sample_2_model.cif,0.3358722925186157,0.3229028582572937,0.012969434261322021,antagonist,201
H2_posthoc__template_4zjw_H2_msa_titration_seed_44_H2_msa_titration_seed_44_sample_3_model,/home/lyceum/h2_posthoc/out/template_4zjw/H2_msa_titration/seed_44/H2_msa_titration_seed_44_sample_3_model.cif,0.486617773771286,0.3278292119503021,0.1587885618209839,antagonist,201
H2_posthoc__template_4zjw_H2_msa_titration_seed_44_H2_msa_titration_seed_44_sample_4_model,/home/lyceum/h2_posthoc/out/template_4zjw/H2_msa_titration/seed_44/H2_msa_titration_seed_44_sample_4_model.cif,0.3206976354122162,0.31182485818862915,0.008872777223587036,antagonist,201
H2_posthoc__template_4zjw_H2_msa_titration_seed_44_H2_msa_titration_seed_44_sample_5_model,/home/lyceum/h2_posthoc/out/template_4zjw/H2_msa_titration/seed_44/H2_msa_titration_seed_44_sample_5_model.cif,0.2868167757987976,0.3220217227935791,0.035204946994781494,agonist,201
H2_posthoc__template_4zjw_H2_msa_titration_seed_44_H2_msa_titration_seed_44_sample_6_model,/home/lyceum/h2_posthoc/out/template_4zjw/H2_msa_titration/seed_44/H2_msa_titration_seed_44_sample_6_model.cif,0.31016138195991516,0.35333341360092163,0.04317203164100647,agonist,201
H2_posthoc__template_4zjw_H2_msa_titration_seed_44_H2_msa_titration_seed_44_sample_7_model,/home/lyceum/h2_posthoc/out/template_4zjw/H2_msa_titration/seed_44/H2_msa_titration_seed_44_sample_7_model.cif,0.261234849691391,4.79603910446167,4.534804254770279,agonist,201
H2_posthoc__template_4zjw_H2_msa_titration_seed_44_H2_msa_titration_seed_44_sample_8_model,/home/lyceum/h2_posthoc/out/template_4zjw/H2_msa_titration/seed_44/H2_msa_titration_seed_44_sample_8_model.cif,0.32855355739593506,0.345273494720459,0.016719937324523926,agonist,201
H2_posthoc__template_4zjw_H2_msa_titration_seed_44_H2_msa_titration_seed_44_sample_9_model,/home/lyceum/h2_posthoc/out/template_4zjw/H2_msa_titration/seed_44/H2_msa_titration_seed_44_sample_9_model.cif,0.3272345960140228,0.33435899019241333,0.007124394178390503,agonist,201
H2_posthoc__template_4zjw_H2_msa_titration_seed_45_H2_msa_titration_seed_45_sample_10_model,/home/lyceum/h2_posthoc/out/template_4zjw/H2_msa_titration/seed_45/H2_msa_titration_seed_45_sample_10_model.cif,0.34986335039138794,0.33140087127685547,0.01846247911453247,antagonist,201
H2_posthoc__template_4zjw_H2_msa_titration_seed_45_H2_msa_titration_seed_45_sample_1_model,/home/lyceum/h2_posthoc/out/template_4zjw/H2_msa_titration/seed_45/H2_msa_titration_seed_45_sample_1_model.cif,0.2783900797367096,0.33321672677993774,0.05482664704322815,agonist,201
H2_posthoc__template_4zjw_H2_msa_titration_seed_45_H2_msa_titration_seed_45_sample_2_model,/home/lyceum/h2_posthoc/out/template_4zjw/H2_msa_titration/seed_45/H2_msa_titration_seed_45_sample_2_model.cif,0.23016369342803955,1.238471269607544,1.0083075761795044,agonist,201
H2_posthoc__template_4zjw_H2_msa_titration_seed_45_H2_msa_titration_seed_45_sample_3_model,/home/lyceum/h2_posthoc/out/template_4zjw/H2_msa_titration/seed_45/H2_msa_titration_seed_45_sample_3_model.cif,0.22703473269939423,4.998690605163574,4.77165587246418,agonist,201
H2_posthoc__template_4zjw_H2_msa_titration_seed_45_H2_msa_titration_seed_45_sample_4_model,/home/lyceum/h2_posthoc/out/template_4zjw/H2_msa_titration/seed_45/H2_msa_titration_seed_45_sample_4_model.cif,0.27904585003852844,0.3583981394767761,0.07935228943824768,agonist,201
H2_posthoc__template_4zjw_H2_msa_titration_seed_45_H2_msa_titration_seed_45_sample_5_model,/home/lyceum/h2_posthoc/out/template_4zjw/H2_msa_titration/seed_45/H2_msa_titration_seed_45_sample_5_model.cif,0.32297483086586,0.38221022486686707,0.05923539400100708,agonist,201
H2_posthoc__template_4zjw_H2_msa_titration_seed_45_H2_msa_titration_seed_45_sample_6_model,/home/lyceum/h2_posthoc/out/template_4zjw/H2_msa_titration/seed_45/H2_msa_titration_seed_45_sample_6_model.cif,0.3205564320087433,4.097438812255859,3.776882380247116,agonist,201
H2_posthoc__template_4zjw_H2_msa_titration_seed_45_H2_msa_titration_seed_45_sample_7_model,/home/lyceum/h2_posthoc/out/template_4zjw/H2_msa_titration/seed_45/H2_msa_titration_seed_45_sample_7_model.cif,0.33290421962738037,0.31190186738967896,0.021002352237701416,antagonist,201
H2_posthoc__template_4zjw_H2_msa_titration_seed_45_H2_msa_titration_seed_45_sample_8_model,/home/lyceum/h2_posthoc/out/template_4zjw/H2_msa_titration/seed_45/H2_msa_titration_seed_45_sample_8_model.cif,0.4903360605239868,4.251615047454834,3.761278986930847,agonist,201
H2_posthoc__template_4zjw_H2_msa_titration_seed_45_H2_msa_titration_seed_45_sample_9_model,/home/lyceum/h2_posthoc/out/template_4zjw/H2_msa_titration/seed_45/H2_msa_titration_seed_45_sample_9_model.cif,1.7516430616378784,1.7353225946426392,0.016320466995239258,antagonist,201
H2_posthoc__template_4zjw_H2_msa_titration_seed_46_H2_msa_titration_seed_46_sample_10_model,/home/lyceum/h2_posthoc/out/template_4zjw/H2_msa_titration/seed_46/H2_msa_titration_seed_46_sample_10_model.cif,0.24909599125385284,0.34896689653396606,0.09987090528011322,agonist,201
H2_posthoc__template_4zjw_H2_msa_titration_seed_46_H2_msa_titration_seed_46_sample_1_model,/home/lyceum/h2_posthoc/out/template_4zjw/H2_msa_titration/seed_46/H2_msa_titration_seed_46_sample_1_model.cif,0.2615378201007843,0.33602890372276306,0.07449108362197876,agonist,201
H2_posthoc__template_4zjw_H2_msa_titration_seed_46_H2_msa_titration_seed_46_sample_2_model,/home/lyceum/h2_posthoc/out/template_4zjw/H2_msa_titration/seed_46/H2_msa_titration_seed_46_sample_2_model.cif,0.3629451096057892,0.33304563164711,0.0298994779586792,antagonist,201
H2_posthoc__template_4zjw_H2_msa_titration_seed_46_H2_msa_titration_seed_46_sample_3_model,/home/lyceum/h2_posthoc/out/template_4zjw/H2_msa_titration/seed_46/H2_msa_titration_seed_46_sample_3_model.cif,0.35011810064315796,1.714524745941162,1.3644066452980042,agonist,201
H2_posthoc__template_4zjw_H2_msa_titration_seed_46_H2_msa_titration_seed_46_sample_4_model,/home/lyceum/h2_posthoc/out/template_4zjw/H2_msa_titration/seed_46/H2_msa_titration_seed_46_sample_4_model.cif,0.2904917895793915,0.28904199600219727,0.0014497935771942139,antagonist,201
H2_posthoc__template_4zjw_H2_msa_titration_seed_46_H2_msa_titration_seed_46_sample_5_model,/home/lyceum/h2_posthoc/out/template_4zjw/H2_msa_titration/seed_46/H2_msa_titration_seed_46_sample_5_model.cif,0.28312134742736816,0.3231915235519409,0.040070176124572754,agonist,201
H2_posthoc__template_4zjw_H2_msa_titration_seed_46_H2_msa_titration_seed_46_sample_6_model,/home/lyceum/h2_posthoc/out/template_4zjw/H2_msa_titration/seed_46/H2_msa_titration_seed_46_sample_6_model.cif,0.1805964857339859,0.35626867413520813,0.17567218840122223,agonist,201
H2_posthoc__template_4zjw_H2_msa_titration_seed_46_H2_msa_titration_seed_46_sample_7_model,/home/lyceum/h2_posthoc/out/template_4zjw/H2_msa_titration/seed_46/H2_msa_titration_seed_46_sample_7_model.cif,0.2321036010980606,4.264161109924316,4.032057508826256,agonist,201
H2_posthoc__template_4zjw_H2_msa_titration_seed_46_H2_msa_titration_seed_46_sample_8_model,/home/lyceum/h2_posthoc/out/template_4zjw/H2_msa_titration/seed_46/H2_msa_titration_seed_46_sample_8_model.cif,0.25524812936782837,0.3301655650138855,0.07491743564605713,agonist,201
H2_posthoc__template_4zjw_H2_msa_titration_seed_46_H2_msa_titration_seed_46_sample_9_model,/home/lyceum/h2_posthoc/out/template_4zjw/H2_msa_titration/seed_46/H2_msa_titration_seed_46_sample_9_model.cif,0.36329811811447144,0.28117963671684265,0.08211848139762878,antagonist,201
H2_posthoc__template_5c4o_H2_msa_titration_seed_42_H2_msa_titration_seed_42_sample_10_model,/home/lyceum/h2_posthoc/out/template_5c4o/H2_msa_titration/seed_42/H2_msa_titration_seed_42_sample_10_model.cif,0.30540212988853455,1.7917842864990234,1.486382156610489,agonist,201
H2_posthoc__template_5c4o_H2_msa_titration_seed_42_H2_msa_titration_seed_42_sample_1_model,/home/lyceum/h2_posthoc/out/template_5c4o/H2_msa_titration/seed_42/H2_msa_titration_seed_42_sample_1_model.cif,0.30794477462768555,1.6566307544708252,1.3486859798431396,agonist,201
H2_posthoc__template_5c4o_H2_msa_titration_seed_42_H2_msa_titration_seed_42_sample_2_model,/home/lyceum/h2_posthoc/out/template_5c4o/H2_msa_titration/seed_42/H2_msa_titration_seed_42_sample_2_model.cif,0.24849724769592285,1.267971396446228,1.0194741487503052,agonist,201
H2_posthoc__template_5c4o_H2_msa_titration_seed_42_H2_msa_titration_seed_42_sample_3_model,/home/lyceum/h2_posthoc/out/template_5c4o/H2_msa_titration/seed_42/H2_msa_titration_seed_42_sample_3_model.cif,0.30263665318489075,1.6021268367767334,1.2994901835918427,agonist,201
H2_posthoc__template_5c4o_H2_msa_titration_seed_42_H2_msa_titration_seed_42_sample_4_model,/home/lyceum/h2_posthoc/out/template_5c4o/H2_msa_titration/seed_42/H2_msa_titration_seed_42_sample_4_model.cif,0.2383156269788742,1.4552043676376343,1.21688874065876,agonist,201
H2_posthoc__template_5c4o_H2_msa_titration_seed_42_H2_msa_titration_seed_42_sample_5_model,/home/lyceum/h2_posthoc/out/template_5c4o/H2_msa_titration/seed_42/H2_msa_titration_seed_42_sample_5_model.cif,0.2624717354774475,1.3898879289627075,1.12741619348526,agonist,201
H2_posthoc__template_5c4o_H2_msa_titration_seed_42_H2_msa_titration_seed_42_sample_6_model,/home/lyceum/h2_posthoc/out/template_5c4o/H2_msa_titration/seed_42/H2_msa_titration_seed_42_sample_6_model.cif,0.240301251411438,1.490525245666504,1.250223994255066,agonist,201
H2_posthoc__template_5c4o_H2_msa_titration_seed_42_H2_msa_titration_seed_42_sample_7_model,/home/lyceum/h2_posthoc/out/template_5c4o/H2_msa_titration/seed_42/H2_msa_titration_seed_42_sample_7_model.cif,0.2449565827846527,1.3877869844436646,1.1428304016590118,agonist,201
H2_posthoc__template_5c4o_H2_msa_titration_seed_42_H2_msa_titration_seed_42_sample_8_model,/home/lyceum/h2_posthoc/out/template_5c4o/H2_msa_titration/seed_42/H2_msa_titration_seed_42_sample_8_model.cif,0.23949383199214935,1.757894515991211,1.5184006839990616,agonist,201
H2_posthoc__template_5c4o_H2_msa_titration_seed_42_H2_msa_titration_seed_42_sample_9_model,/home/lyceum/h2_posthoc/out/template_5c4o/H2_msa_titration/seed_42/H2_msa_titration_seed_42_sample_9_model.cif,0.2676103711128235,1.577856421470642,1.3102460503578186,agonist,201
H2_posthoc__template_5c4o_H2_msa_titration_seed_43_H2_msa_titration_seed_43_sample_10_model,/home/lyceum/h2_posthoc/out/template_5c4o/H2_msa_titration/seed_43/H2_msa_titration_seed_43_sample_10_model.cif,0.25942033529281616,1.9807382822036743,1.7213179469108582,agonist,201
H2_posthoc__template_5c4o_H2_msa_titration_seed_43_H2_msa_titration_seed_43_sample_1_model,/home/lyceum/h2_posthoc/out/template_5c4o/H2_msa_titration/seed_43/H2_msa_titration_seed_43_sample_1_model.cif,0.4042742848396301,1.183016061782837,0.7787417769432068,agonist,201
H2_posthoc__template_5c4o_H2_msa_titration_seed_43_H2_msa_titration_seed_43_sample_2_model,/home/lyceum/h2_posthoc/out/template_5c4o/H2_msa_titration/seed_43/H2_msa_titration_seed_43_sample_2_model.cif,0.2550140619277954,1.9098882675170898,1.6548742055892944,agonist,201
H2_posthoc__template_5c4o_H2_msa_titration_seed_43_H2_msa_titration_seed_43_sample_3_model,/home/lyceum/h2_posthoc/out/template_5c4o/H2_msa_titration/seed_43/H2_msa_titration_seed_43_sample_3_model.cif,0.2980296313762665,1.3919548988342285,1.093925267457962,agonist,201
H2_posthoc__template_5c4o_H2_msa_titration_seed_43_H2_msa_titration_seed_43_sample_4_model,/home/lyceum/h2_posthoc/out/template_5c4o/H2_msa_titration/seed_43/H2_msa_titration_seed_43_sample_4_model.cif,0.3276876211166382,1.3341306447982788,1.0064430236816406,agonist,201
H2_posthoc__template_5c4o_H2_msa_titration_seed_43_H2_msa_titration_seed_43_sample_5_model,/home/lyceum/h2_posthoc/out/template_5c4o/H2_msa_titration/seed_43/H2_msa_titration_seed_43_sample_5_model.cif,0.2687814235687256,1.642624855041504,1.3738434314727783,agonist,201
H2_posthoc__template_5c4o_H2_msa_titration_seed_43_H2_msa_titration_seed_43_sample_6_model,/home/lyceum/h2_posthoc/out/template_5c4o/H2_msa_titration/seed_43/H2_msa_titration_seed_43_sample_6_model.cif,0.23728805780410767,1.2768757343292236,1.039587676525116,agonist,201
H2_posthoc__template_5c4o_H2_msa_titration_seed_43_H2_msa_titration_seed_43_sample_7_model,/home/lyceum/h2_posthoc/out/template_5c4o/H2_msa_titration/seed_43/H2_msa_titration_seed_43_sample_7_model.cif,0.3046908974647522,1.4878010749816895,1.1831101775169373,agonist,201
H2_posthoc__template_5c4o_H2_msa_titration_seed_43_H2_msa_titration_seed_43_sample_8_model,/home/lyceum/h2_posthoc/out/template_5c4o/H2_msa_titration/seed_43/H2_msa_titration_seed_43_sample_8_model.cif,0.3104642331600189,1.2633358240127563,0.9528715908527374,agonist,201
H2_posthoc__template_5c4o_H2_msa_titration_seed_43_H2_msa_titration_seed_43_sample_9_model,/home/lyceum/h2_posthoc/out/template_5c4o/H2_msa_titration/seed_43/H2_msa_titration_seed_43_sample_9_model.cif,0.2889743745326996,1.6155420541763306,1.326567679643631,agonist,201
H2_posthoc__template_5c4o_H2_msa_titration_seed_44_H2_msa_titration_seed_44_sample_10_model,/home/lyceum/h2_posthoc/out/template_5c4o/H2_msa_titration/seed_44/H2_msa_titration_seed_44_sample_10_model.cif,0.2431052029132843,1.9842051267623901,1.7410999238491058,agonist,201
H2_posthoc__template_5c4o_H2_msa_titration_seed_44_H2_msa_titration_seed_44_sample_1_model,/home/lyceum/h2_posthoc/out/template_5c4o/H2_msa_titration/seed_44/H2_msa_titration_seed_44_sample_1_model.cif,0.4436364471912384,1.647053837776184,1.2034173905849457,agonist,201
H2_posthoc__template_5c4o_H2_msa_titration_seed_44_H2_msa_titration_seed_44_sample_2_model,/home/lyceum/h2_posthoc/out/template_5c4o/H2_msa_titration/seed_44/H2_msa_titration_seed_44_sample_2_model.cif,0.24893803894519806,1.2001895904541016,0.9512515515089035,agonist,201
H2_posthoc__template_5c4o_H2_msa_titration_seed_44_H2_msa_titration_seed_44_sample_3_model,/home/lyceum/h2_posthoc/out/template_5c4o/H2_msa_titration/seed_44/H2_msa_titration_seed_44_sample_3_model.cif,0.2377418428659439,1.4977473020553589,1.260005459189415,agonist,201
H2_posthoc__template_5c4o_H2_msa_titration_seed_44_H2_msa_titration_seed_44_sample_4_model,/home/lyceum/h2_posthoc/out/template_5c4o/H2_msa_titration/seed_44/H2_msa_titration_seed_44_sample_4_model.cif,0.30812832713127136,1.5921298265457153,1.284001499414444,agonist,201
H2_posthoc__template_5c4o_H2_msa_titration_seed_44_H2_msa_titration_seed_44_sample_5_model,/home/lyceum/h2_posthoc/out/template_5c4o/H2_msa_titration/seed_44/H2_msa_titration_seed_44_sample_5_model.cif,0.3022512197494507,1.8023180961608887,1.500066876411438,agonist,201
H2_posthoc__template_5c4o_H2_msa_titration_seed_44_H2_msa_titration_seed_44_sample_6_model,/home/lyceum/h2_posthoc/out/template_5c4o/H2_msa_titration/seed_44/H2_msa_titration_seed_44_sample_6_model.cif,0.24000178277492523,1.693156123161316,1.4531543403863907,agonist,201
H2_posthoc__template_5c4o_H2_msa_titration_seed_44_H2_msa_titration_seed_44_sample_7_model,/home/lyceum/h2_posthoc/out/template_5c4o/H2_msa_titration/seed_44/H2_msa_titration_seed_44_sample_7_model.cif,0.258150190114975,1.6058591604232788,1.3477089703083038,agonist,201
H2_posthoc__template_5c4o_H2_msa_titration_seed_44_H2_msa_titration_seed_44_sample_8_model,/home/lyceum/h2_posthoc/out/template_5c4o/H2_msa_titration/seed_44/H2_msa_titration_seed_44_sample_8_model.cif,0.32305043935775757,1.434888243675232,1.1118378043174744,agonist,201
H2_posthoc__template_5c4o_H2_msa_titration_seed_44_H2_msa_titration_seed_44_sample_9_model,/home/lyceum/h2_posthoc/out/template_5c4o/H2_msa_titration/seed_44/H2_msa_titration_seed_44_sample_9_model.cif,0.24208590388298035,1.460754632949829,1.2186687290668488,agonist,201
H2_posthoc__template_5c4o_H2_msa_titration_seed_45_H2_msa_titration_seed_45_sample_10_model,/home/lyceum/h2_posthoc/out/template_5c4o/H2_msa_titration/seed_45/H2_msa_titration_seed_45_sample_10_model.cif,0.31040090322494507,1.7895478010177612,1.4791468977928162,agonist,201
H2_posthoc__template_5c4o_H2_msa_titration_seed_45_H2_msa_titration_seed_45_sample_1_model,/home/lyceum/h2_posthoc/out/template_5c4o/H2_msa_titration/seed_45/H2_msa_titration_seed_45_sample_1_model.cif,0.2939552068710327,1.3707777261734009,1.0768225193023682,agonist,201
H2_posthoc__template_5c4o_H2_msa_titration_seed_45_H2_msa_titration_seed_45_sample_2_model,/home/lyceum/h2_posthoc/out/template_5c4o/H2_msa_titration/seed_45/H2_msa_titration_seed_45_sample_2_model.cif,0.33176568150520325,1.3602277040481567,1.0284620225429535,agonist,201
H2_posthoc__template_5c4o_H2_msa_titration_seed_45_H2_msa_titration_seed_45_sample_3_model,/home/lyceum/h2_posthoc/out/template_5c4o/H2_msa_titration/seed_45/H2_msa_titration_seed_45_sample_3_model.cif,0.24683663249015808,1.3859163522720337,1.1390797197818756,agonist,201
H2_posthoc__template_5c4o_H2_msa_titration_seed_45_H2_msa_titration_seed_45_sample_4_model,/home/lyceum/h2_posthoc/out/template_5c4o/H2_msa_titration/seed_45/H2_msa_titration_seed_45_sample_4_model.cif,0.25531792640686035,1.8922474384307861,1.6369295120239258,agonist,201
H2_posthoc__template_5c4o_H2_msa_titration_seed_45_H2_msa_titration_seed_45_sample_5_model,/home/lyceum/h2_posthoc/out/template_5c4o/H2_msa_titration/seed_45/H2_msa_titration_seed_45_sample_5_model.cif,0.33678412437438965,1.8195228576660156,1.482738733291626,agonist,201
H2_posthoc__template_5c4o_H2_msa_titration_seed_45_H2_msa_titration_seed_45_sample_6_model,/home/lyceum/h2_posthoc/out/template_5c4o/H2_msa_titration/seed_45/H2_msa_titration_seed_45_sample_6_model.cif,0.24637754261493683,1.7424376010894775,1.4960600584745407,agonist,201
H2_posthoc__template_5c4o_H2_msa_titration_seed_45_H2_msa_titration_seed_45_sample_7_model,/home/lyceum/h2_posthoc/out/template_5c4o/H2_msa_titration/seed_45/H2_msa_titration_seed_45_sample_7_model.cif,0.3339591324329376,1.7330021858215332,1.3990430533885956,agonist,201
H2_posthoc__template_5c4o_H2_msa_titration_seed_45_H2_msa_titration_seed_45_sample_8_model,/home/lyceum/h2_posthoc/out/template_5c4o/H2_msa_titration/seed_45/H2_msa_titration_seed_45_sample_8_model.cif,2.5444934368133545,1.9444959163665771,0.5999975204467773,antagonist,201
H2_posthoc__template_5c4o_H2_msa_titration_seed_45_H2_msa_titration_seed_45_sample_9_model,/home/lyceum/h2_posthoc/out/template_5c4o/H2_msa_titration/seed_45/H2_msa_titration_seed_45_sample_9_model.cif,0.3367781639099121,1.7716996669769287,1.4349215030670166,agonist,201
H2_posthoc__template_5c4o_H2_msa_titration_seed_46_H2_msa_titration_seed_46_sample_10_model,/home/lyceum/h2_posthoc/out/template_5c4o/H2_msa_titration/seed_46/H2_msa_titration_seed_46_sample_10_model.cif,0.3183422088623047,1.7055009603500366,1.387158751487732,agonist,201
H2_posthoc__template_5c4o_H2_msa_titration_seed_46_H2_msa_titration_seed_46_sample_1_model,/home/lyceum/h2_posthoc/out/template_5c4o/H2_msa_titration/seed_46/H2_msa_titration_seed_46_sample_1_model.cif,0.2558528482913971,1.8912733793258667,1.6354205310344696,agonist,201
H2_posthoc__template_5c4o_H2_msa_titration_seed_46_H2_msa_titration_seed_46_sample_2_model,/home/lyceum/h2_posthoc/out/template_5c4o/H2_msa_titration/seed_46/H2_msa_titration_seed_46_sample_2_model.cif,0.24255478382110596,1.650162935256958,1.407608151435852,agonist,201
H2_posthoc__template_5c4o_H2_msa_titration_seed_46_H2_msa_titration_seed_46_sample_3_model,/home/lyceum/h2_posthoc/out/template_5c4o/H2_msa_titration/seed_46/H2_msa_titration_seed_46_sample_3_model.cif,0.42817968130111694,1.496036171913147,1.06785649061203,agonist,201
H2_posthoc__template_5c4o_H2_msa_titration_seed_46_H2_msa_titration_seed_46_sample_4_model,/home/lyceum/h2_posthoc/out/template_5c4o/H2_msa_titration/seed_46/H2_msa_titration_seed_46_sample_4_model.cif,0.37327641248703003,1.8600490093231201,1.48677259683609,agonist,201
H2_posthoc__template_5c4o_H2_msa_titration_seed_46_H2_msa_titration_seed_46_sample_5_model,/home/lyceum/h2_posthoc/out/template_5c4o/H2_msa_titration/seed_46/H2_msa_titration_seed_46_sample_5_model.cif,0.2465331256389618,1.2083643674850464,0.9618312418460846,agonist,201
H2_posthoc__template_5c4o_H2_msa_titration_seed_46_H2_msa_titration_seed_46_sample_6_model,/home/lyceum/h2_posthoc/out/template_5c4o/H2_msa_titration/seed_46/H2_msa_titration_seed_46_sample_6_model.cif,0.24522410333156586,1.7423944473266602,1.4971703439950943,agonist,201
H2_posthoc__template_5c4o_H2_msa_titration_seed_46_H2_msa_titration_seed_46_sample_7_model,/home/lyceum/h2_posthoc/out/template_5c4o/H2_msa_titration/seed_46/H2_msa_titration_seed_46_sample_7_model.cif,0.25478610396385193,1.60512113571167,1.350335031747818,agonist,201
H2_posthoc__template_5c4o_H2_msa_titration_seed_46_H2_msa_titration_seed_46_sample_8_model,/home/lyceum/h2_posthoc/out/template_5c4o/H2_msa_titration/seed_46/H2_msa_titration_seed_46_sample_8_model.cif,0.3016569912433624,1.0759879350662231,0.7743309438228607,agonist,201
H2_posthoc__template_5c4o_H2_msa_titration_seed_46_H2_msa_titration_seed_46_sample_9_model,/home/lyceum/h2_posthoc/out/template_5c4o/H2_msa_titration/seed_46/H2_msa_titration_seed_46_sample_9_model.cif,0.25739261507987976,1.3345742225646973,1.0771816074848175,agonist,201
H3__apo_H3_apo_seed_42_H3_apo_seed_42_sample_10_model,/home/lyceum/h3/out/apo/H3_apo/seed_42/H3_apo_seed_42_sample_10_model.cif,0.38927212357521057,3.9848105907440186,3.595538467168808,agonist,201
H3__apo_H3_apo_seed_42_H3_apo_seed_42_sample_1_model,/home/lyceum/h3/out/apo/H3_apo/seed_42/H3_apo_seed_42_sample_1_model.cif,0.5041913986206055,4.638072967529297,4.133881568908691,agonist,201
H3__apo_H3_apo_seed_42_H3_apo_seed_42_sample_2_model,/home/lyceum/h3/out/apo/H3_apo/seed_42/H3_apo_seed_42_sample_2_model.cif,0.3654559850692749,0.346580445766449,0.018875539302825928,antagonist,201
H3__apo_H3_apo_seed_42_H3_apo_seed_42_sample_3_model,/home/lyceum/h3/out/apo/H3_apo/seed_42/H3_apo_seed_42_sample_3_model.cif,0.41960805654525757,0.33914995193481445,0.08045810461044312,antagonist,201
H3__apo_H3_apo_seed_42_H3_apo_seed_42_sample_4_model,/home/lyceum/h3/out/apo/H3_apo/seed_42/H3_apo_seed_42_sample_4_model.cif,0.48636654019355774,4.554186820983887,4.067820280790329,agonist,201
H3__apo_H3_apo_seed_42_H3_apo_seed_42_sample_5_model,/home/lyceum/h3/out/apo/H3_apo/seed_42/H3_apo_seed_42_sample_5_model.cif,0.4276602864265442,0.3559834361076355,0.07167685031890869,antagonist,201
H3__apo_H3_apo_seed_42_H3_apo_seed_42_sample_6_model,/home/lyceum/h3/out/apo/H3_apo/seed_42/H3_apo_seed_42_sample_6_model.cif,0.4188940227031708,0.3431539237499237,0.07574009895324707,antagonist,201
H3__apo_H3_apo_seed_42_H3_apo_seed_42_sample_7_model,/home/lyceum/h3/out/apo/H3_apo/seed_42/H3_apo_seed_42_sample_7_model.cif,0.37047311663627625,0.35475975275039673,0.015713363885879517,antagonist,201
H3__apo_H3_apo_seed_42_H3_apo_seed_42_sample_8_model,/home/lyceum/h3/out/apo/H3_apo/seed_42/H3_apo_seed_42_sample_8_model.cif,0.3967699706554413,0.3566591739654541,0.04011079668998718,antagonist,201
H3__apo_H3_apo_seed_42_H3_apo_seed_42_sample_9_model,/home/lyceum/h3/out/apo/H3_apo/seed_42/H3_apo_seed_42_sample_9_model.cif,0.3821871876716614,0.3540244996547699,0.02816268801689148,antagonist,201
H3__apo_H3_apo_seed_43_H3_apo_seed_43_sample_10_model,/home/lyceum/h3/out/apo/H3_apo/seed_43/H3_apo_seed_43_sample_10_model.cif,0.32796284556388855,0.33772799372673035,0.009765148162841797,agonist,201
H3__apo_H3_apo_seed_43_H3_apo_seed_43_sample_1_model,/home/lyceum/h3/out/apo/H3_apo/seed_43/H3_apo_seed_43_sample_1_model.cif,0.35937801003456116,0.3521777391433716,0.007200270891189575,antagonist,201
H3__apo_H3_apo_seed_43_H3_apo_seed_43_sample_2_model,/home/lyceum/h3/out/apo/H3_apo/seed_43/H3_apo_seed_43_sample_2_model.cif,0.31780415773391724,0.35819098353385925,0.04038682579994202,agonist,201
H3__apo_H3_apo_seed_43_H3_apo_seed_43_sample_3_model,/home/lyceum/h3/out/apo/H3_apo/seed_43/H3_apo_seed_43_sample_3_model.cif,0.36784082651138306,0.3502713441848755,0.01756948232650757,antagonist,201
H3__apo_H3_apo_seed_43_H3_apo_seed_43_sample_4_model,/home/lyceum/h3/out/apo/H3_apo/seed_43/H3_apo_seed_43_sample_4_model.cif,0.33394476771354675,0.35854923725128174,0.024604469537734985,agonist,201
H3__apo_H3_apo_seed_43_H3_apo_seed_43_sample_5_model,/home/lyceum/h3/out/apo/H3_apo/seed_43/H3_apo_seed_43_sample_5_model.cif,0.47389650344848633,0.34282928705215454,0.1310672163963318,antagonist,201
H3__apo_H3_apo_seed_43_H3_apo_seed_43_sample_6_model,/home/lyceum/h3/out/apo/H3_apo/seed_43/H3_apo_seed_43_sample_6_model.cif,0.3511800765991211,0.35494545102119446,0.0037653744220733643,agonist,201
H3__apo_H3_apo_seed_43_H3_apo_seed_43_sample_7_model,/home/lyceum/h3/out/apo/H3_apo/seed_43/H3_apo_seed_43_sample_7_model.cif,0.33338287472724915,0.35493260622024536,0.021549731492996216,agonist,201
H3__apo_H3_apo_seed_43_H3_apo_seed_43_sample_8_model,/home/lyceum/h3/out/apo/H3_apo/seed_43/H3_apo_seed_43_sample_8_model.cif,0.305705726146698,0.34724485874176025,0.041539132595062256,agonist,201
H3__apo_H3_apo_seed_43_H3_apo_seed_43_sample_9_model,/home/lyceum/h3/out/apo/H3_apo/seed_43/H3_apo_seed_43_sample_9_model.cif,0.34164661169052124,0.3085937798023224,0.03305283188819885,antagonist,201
H3__apo_H3_apo_seed_44_H3_apo_seed_44_sample_10_model,/home/lyceum/h3/out/apo/H3_apo/seed_44/H3_apo_seed_44_sample_10_model.cif,0.37355947494506836,0.35329413414001465,0.02026534080505371,antagonist,201
H3__apo_H3_apo_seed_44_H3_apo_seed_44_sample_1_model,/home/lyceum/h3/out/apo/H3_apo/seed_44/H3_apo_seed_44_sample_1_model.cif,0.36927202343940735,0.35732465982437134,0.01194736361503601,antagonist,201
H3__apo_H3_apo_seed_44_H3_apo_seed_44_sample_2_model,/home/lyceum/h3/out/apo/H3_apo/seed_44/H3_apo_seed_44_sample_2_model.cif,0.4593319594860077,4.556832313537598,4.09750035405159,agonist,201
H3__apo_H3_apo_seed_44_H3_apo_seed_44_sample_3_model,/home/lyceum/h3/out/apo/H3_apo/seed_44/H3_apo_seed_44_sample_3_model.cif,0.3394683301448822,0.36118605732917786,0.021717727184295654,agonist,201
H3__apo_H3_apo_seed_44_H3_apo_seed_44_sample_4_model,/home/lyceum/h3/out/apo/H3_apo/seed_44/H3_apo_seed_44_sample_4_model.cif,0.39855507016181946,0.3676363527774811,0.03091871738433838,antagonist,201
H3__apo_H3_apo_seed_44_H3_apo_seed_44_sample_5_model,/home/lyceum/h3/out/apo/H3_apo/seed_44/H3_apo_seed_44_sample_5_model.cif,0.3730393946170807,0.320980966091156,0.05205842852592468,antagonist,201
H3__apo_H3_apo_seed_44_H3_apo_seed_44_sample_6_model,/home/lyceum/h3/out/apo/H3_apo/seed_44/H3_apo_seed_44_sample_6_model.cif,0.3828282058238983,0.37002861499786377,0.012799590826034546,antagonist,201
H3__apo_H3_apo_seed_44_H3_apo_seed_44_sample_7_model,/home/lyceum/h3/out/apo/H3_apo/seed_44/H3_apo_seed_44_sample_7_model.cif,0.40915581583976746,0.35248303413391113,0.05667278170585632,antagonist,201
H3__apo_H3_apo_seed_44_H3_apo_seed_44_sample_8_model,/home/lyceum/h3/out/apo/H3_apo/seed_44/H3_apo_seed_44_sample_8_model.cif,0.3247085511684418,0.3569040298461914,0.032195478677749634,agonist,201
H3__apo_H3_apo_seed_44_H3_apo_seed_44_sample_9_model,/home/lyceum/h3/out/apo/H3_apo/seed_44/H3_apo_seed_44_sample_9_model.cif,0.34068554639816284,0.35148507356643677,0.010799527168273926,agonist,201
H3__apo_H3_apo_seed_45_H3_apo_seed_45_sample_10_model,/home/lyceum/h3/out/apo/H3_apo/seed_45/H3_apo_seed_45_sample_10_model.cif,0.3778800964355469,0.33999648690223694,0.037883609533309937,antagonist,201
H3__apo_H3_apo_seed_45_H3_apo_seed_45_sample_1_model,/home/lyceum/h3/out/apo/H3_apo/seed_45/H3_apo_seed_45_sample_1_model.cif,0.35549989342689514,0.3609391748905182,0.005439281463623047,agonist,201
H3__apo_H3_apo_seed_45_H3_apo_seed_45_sample_2_model,/home/lyceum/h3/out/apo/H3_apo/seed_45/H3_apo_seed_45_sample_2_model.cif,0.30647870898246765,0.3693494200706482,0.06287071108818054,agonist,201
H3__apo_H3_apo_seed_45_H3_apo_seed_45_sample_3_model,/home/lyceum/h3/out/apo/H3_apo/seed_45/H3_apo_seed_45_sample_3_model.cif,0.35423406958580017,0.3561590015888214,0.0019249320030212402,agonist,201
H3__apo_H3_apo_seed_45_H3_apo_seed_45_sample_4_model,/home/lyceum/h3/out/apo/H3_apo/seed_45/H3_apo_seed_45_sample_4_model.cif,0.2902480959892273,0.3454916477203369,0.05524355173110962,agonist,201
H3__apo_H3_apo_seed_45_H3_apo_seed_45_sample_5_model,/home/lyceum/h3/out/apo/H3_apo/seed_45/H3_apo_seed_45_sample_5_model.cif,0.45650386810302734,0.3583534359931946,0.09815043210983276,antagonist,201
H3__apo_H3_apo_seed_45_H3_apo_seed_45_sample_6_model,/home/lyceum/h3/out/apo/H3_apo/seed_45/H3_apo_seed_45_sample_6_model.cif,0.440840482711792,4.070793151855469,3.6299526691436768,agonist,201
H3__apo_H3_apo_seed_45_H3_apo_seed_45_sample_7_model,/home/lyceum/h3/out/apo/H3_apo/seed_45/H3_apo_seed_45_sample_7_model.cif,0.2747327387332916,0.354846328496933,0.08011358976364136,agonist,201
H3__apo_H3_apo_seed_45_H3_apo_seed_45_sample_8_model,/home/lyceum/h3/out/apo/H3_apo/seed_45/H3_apo_seed_45_sample_8_model.cif,0.34679803252220154,0.35201168060302734,0.005213648080825806,agonist,201
H3__apo_H3_apo_seed_45_H3_apo_seed_45_sample_9_model,/home/lyceum/h3/out/apo/H3_apo/seed_45/H3_apo_seed_45_sample_9_model.cif,0.30323660373687744,0.365136981010437,0.06190037727355957,agonist,201
H3__apo_H3_apo_seed_46_H3_apo_seed_46_sample_10_model,/home/lyceum/h3/out/apo/H3_apo/seed_46/H3_apo_seed_46_sample_10_model.cif,0.3363681733608246,0.37853604555130005,0.042167872190475464,agonist,201
H3__apo_H3_apo_seed_46_H3_apo_seed_46_sample_1_model,/home/lyceum/h3/out/apo/H3_apo/seed_46/H3_apo_seed_46_sample_1_model.cif,0.3397064805030823,0.36656060814857483,0.026854127645492554,agonist,201
H3__apo_H3_apo_seed_46_H3_apo_seed_46_sample_2_model,/home/lyceum/h3/out/apo/H3_apo/seed_46/H3_apo_seed_46_sample_2_model.cif,0.3002205491065979,0.3445729911327362,0.044352442026138306,agonist,201
H3__apo_H3_apo_seed_46_H3_apo_seed_46_sample_3_model,/home/lyceum/h3/out/apo/H3_apo/seed_46/H3_apo_seed_46_sample_3_model.cif,0.42253345251083374,0.3276403248310089,0.09489312767982483,antagonist,201
H3__apo_H3_apo_seed_46_H3_apo_seed_46_sample_4_model,/home/lyceum/h3/out/apo/H3_apo/seed_46/H3_apo_seed_46_sample_4_model.cif,0.35741284489631653,0.3575797975063324,0.00016695261001586914,agonist,201
H3__apo_H3_apo_seed_46_H3_apo_seed_46_sample_5_model,/home/lyceum/h3/out/apo/H3_apo/seed_46/H3_apo_seed_46_sample_5_model.cif,0.31853213906288147,0.353206604719162,0.03467446565628052,agonist,201
H3__apo_H3_apo_seed_46_H3_apo_seed_46_sample_6_model,/home/lyceum/h3/out/apo/H3_apo/seed_46/H3_apo_seed_46_sample_6_model.cif,0.4013475775718689,0.36380329728126526,0.03754428029060364,antagonist,201
H3__apo_H3_apo_seed_46_H3_apo_seed_46_sample_7_model,/home/lyceum/h3/out/apo/H3_apo/seed_46/H3_apo_seed_46_sample_7_model.cif,0.3688843548297882,0.33122140169143677,0.03766295313835144,antagonist,201
H3__apo_H3_apo_seed_46_H3_apo_seed_46_sample_8_model,/home/lyceum/h3/out/apo/H3_apo/seed_46/H3_apo_seed_46_sample_8_model.cif,0.46411657333374023,4.579946994781494,4.115830421447754,agonist,201
H3__apo_H3_apo_seed_46_H3_apo_seed_46_sample_9_model,/home/lyceum/h3/out/apo/H3_apo/seed_46/H3_apo_seed_46_sample_9_model.cif,0.35412657260894775,0.3672022819519043,0.013075709342956543,agonist,201
H3__c1_H3_C1_agonist_HC2_seed_42_H3_C1_agonist_HC2_seed_42_sample_10_model,/home/lyceum/h3/out/c1/H3_C1_agonist_HC2/seed_42/H3_C1_agonist_HC2_seed_42_sample_10_model.cif,0.40658798813819885,0.35723650455474854,0.04935148358345032,antagonist,201
H3__c1_H3_C1_agonist_HC2_seed_42_H3_C1_agonist_HC2_seed_42_sample_1_model,/home/lyceum/h3/out/c1/H3_C1_agonist_HC2/seed_42/H3_C1_agonist_HC2_seed_42_sample_1_model.cif,0.6325390934944153,4.477622032165527,3.845082938671112,agonist,201
H3__c1_H3_C1_agonist_HC2_seed_42_H3_C1_agonist_HC2_seed_42_sample_2_model,/home/lyceum/h3/out/c1/H3_C1_agonist_HC2/seed_42/H3_C1_agonist_HC2_seed_42_sample_2_model.cif,0.3305242657661438,0.36696305871009827,0.03643879294395447,agonist,201
H3__c1_H3_C1_agonist_HC2_seed_42_H3_C1_agonist_HC2_seed_42_sample_3_model,/home/lyceum/h3/out/c1/H3_C1_agonist_HC2/seed_42/H3_C1_agonist_HC2_seed_42_sample_3_model.cif,0.2875056266784668,0.3320661783218384,0.04456055164337158,agonist,201
H3__c1_H3_C1_agonist_HC2_seed_42_H3_C1_agonist_HC2_seed_42_sample_4_model,/home/lyceum/h3/out/c1/H3_C1_agonist_HC2/seed_42/H3_C1_agonist_HC2_seed_42_sample_4_model.cif,0.3102355897426605,0.36452919244766235,0.05429360270500183,agonist,201
H3__c1_H3_C1_agonist_HC2_seed_42_H3_C1_agonist_HC2_seed_42_sample_5_model,/home/lyceum/h3/out/c1/H3_C1_agonist_HC2/seed_42/H3_C1_agonist_HC2_seed_42_sample_5_model.cif,0.3602600693702698,0.33761319518089294,0.02264687418937683,antagonist,201
H3__c1_H3_C1_agonist_HC2_seed_42_H3_C1_agonist_HC2_seed_42_sample_6_model,/home/lyceum/h3/out/c1/H3_C1_agonist_HC2/seed_42/H3_C1_agonist_HC2_seed_42_sample_6_model.cif,0.28934839367866516,0.2964755594730377,0.007127165794372559,agonist,201
H3__c1_H3_C1_agonist_HC2_seed_42_H3_C1_agonist_HC2_seed_42_sample_7_model,/home/lyceum/h3/out/c1/H3_C1_agonist_HC2/seed_42/H3_C1_agonist_HC2_seed_42_sample_7_model.cif,0.3844291567802429,0.3437137007713318,0.04071545600891113,antagonist,201
H3__c1_H3_C1_agonist_HC2_seed_42_H3_C1_agonist_HC2_seed_42_sample_8_model,/home/lyceum/h3/out/c1/H3_C1_agonist_HC2/seed_42/H3_C1_agonist_HC2_seed_42_sample_8_model.cif,0.30877724289894104,0.32749250531196594,0.018715262413024902,agonist,201
H3__c1_H3_C1_agonist_HC2_seed_42_H3_C1_agonist_HC2_seed_42_sample_9_model,/home/lyceum/h3/out/c1/H3_C1_agonist_HC2/seed_42/H3_C1_agonist_HC2_seed_42_sample_9_model.cif,0.42451104521751404,1.3543075323104858,0.9297964870929718,agonist,201
H3__c1_H3_C1_agonist_HC2_seed_43_H3_C1_agonist_HC2_seed_43_sample_10_model,/home/lyceum/h3/out/c1/H3_C1_agonist_HC2/seed_43/H3_C1_agonist_HC2_seed_43_sample_10_model.cif,0.3154996335506439,0.42172953486442566,0.10622990131378174,agonist,201
H3__c1_H3_C1_agonist_HC2_seed_43_H3_C1_agonist_HC2_seed_43_sample_1_model,/home/lyceum/h3/out/c1/H3_C1_agonist_HC2/seed_43/H3_C1_agonist_HC2_seed_43_sample_1_model.cif,0.3487561345100403,0.3471265137195587,0.0016296207904815674,antagonist,201
H3__c1_H3_C1_agonist_HC2_seed_43_H3_C1_agonist_HC2_seed_43_sample_2_model,/home/lyceum/h3/out/c1/H3_C1_agonist_HC2/seed_43/H3_C1_agonist_HC2_seed_43_sample_2_model.cif,0.26587942242622375,0.3868503272533417,0.12097090482711792,agonist,201
H3__c1_H3_C1_agonist_HC2_seed_43_H3_C1_agonist_HC2_seed_43_sample_3_model,/home/lyceum/h3/out/c1/H3_C1_agonist_HC2/seed_43/H3_C1_agonist_HC2_seed_43_sample_3_model.cif,0.2690656781196594,0.3475874066352844,0.078521728515625,agonist,201
H3__c1_H3_C1_agonist_HC2_seed_43_H3_C1_agonist_HC2_seed_43_sample_4_model,/home/lyceum/h3/out/c1/H3_C1_agonist_HC2/seed_43/H3_C1_agonist_HC2_seed_43_sample_4_model.cif,0.31456318497657776,0.3200756311416626,0.005512446165084839,agonist,201
H3__c1_H3_C1_agonist_HC2_seed_43_H3_C1_agonist_HC2_seed_43_sample_5_model,/home/lyceum/h3/out/c1/H3_C1_agonist_HC2/seed_43/H3_C1_agonist_HC2_seed_43_sample_5_model.cif,0.40198710560798645,0.3281356990337372,0.07385140657424927,antagonist,201
H3__c1_H3_C1_agonist_HC2_seed_43_H3_C1_agonist_HC2_seed_43_sample_6_model,/home/lyceum/h3/out/c1/H3_C1_agonist_HC2/seed_43/H3_C1_agonist_HC2_seed_43_sample_6_model.cif,0.2993902862071991,0.3407137393951416,0.041323453187942505,agonist,201
H3__c1_H3_C1_agonist_HC2_seed_43_H3_C1_agonist_HC2_seed_43_sample_7_model,/home/lyceum/h3/out/c1/H3_C1_agonist_HC2/seed_43/H3_C1_agonist_HC2_seed_43_sample_7_model.cif,0.3533650040626526,0.32293596863746643,0.030429035425186157,antagonist,201
H3__c1_H3_C1_agonist_HC2_seed_43_H3_C1_agonist_HC2_seed_43_sample_8_model,/home/lyceum/h3/out/c1/H3_C1_agonist_HC2/seed_43/H3_C1_agonist_HC2_seed_43_sample_8_model.cif,0.30686894059181213,0.335254043340683,0.02838510274887085,agonist,201
H3__c1_H3_C1_agonist_HC2_seed_43_H3_C1_agonist_HC2_seed_43_sample_9_model,/home/lyceum/h3/out/c1/H3_C1_agonist_HC2/seed_43/H3_C1_agonist_HC2_seed_43_sample_9_model.cif,0.22886031866073608,0.34867173433303833,0.11981141567230225,agonist,201
H3__c1_H3_C1_agonist_HC2_seed_44_H3_C1_agonist_HC2_seed_44_sample_10_model,/home/lyceum/h3/out/c1/H3_C1_agonist_HC2/seed_44/H3_C1_agonist_HC2_seed_44_sample_10_model.cif,0.30310630798339844,0.3824082016944885,0.07930189371109009,agonist,201
H3__c1_H3_C1_agonist_HC2_seed_44_H3_C1_agonist_HC2_seed_44_sample_1_model,/home/lyceum/h3/out/c1/H3_C1_agonist_HC2/seed_44/H3_C1_agonist_HC2_seed_44_sample_1_model.cif,0.3412562608718872,0.34102872014045715,0.0002275407314300537,antagonist,201
H3__c1_H3_C1_agonist_HC2_seed_44_H3_C1_agonist_HC2_seed_44_sample_2_model,/home/lyceum/h3/out/c1/H3_C1_agonist_HC2/seed_44/H3_C1_agonist_HC2_seed_44_sample_2_model.cif,0.3458463251590729,0.37618762254714966,0.030341297388076782,agonist,201
H3__c1_H3_C1_agonist_HC2_seed_44_H3_C1_agonist_HC2_seed_44_sample_3_model,/home/lyceum/h3/out/c1/H3_C1_agonist_HC2/seed_44/H3_C1_agonist_HC2_seed_44_sample_3_model.cif,0.3443550169467926,0.3463432490825653,0.001988232135772705,agonist,201
H3__c1_H3_C1_agonist_HC2_seed_44_H3_C1_agonist_HC2_seed_44_sample_4_model,/home/lyceum/h3/out/c1/H3_C1_agonist_HC2/seed_44/H3_C1_agonist_HC2_seed_44_sample_4_model.cif,0.38498783111572266,0.3425883948802948,0.042399436235427856,antagonist,201
H3__c1_H3_C1_agonist_HC2_seed_44_H3_C1_agonist_HC2_seed_44_sample_5_model,/home/lyceum/h3/out/c1/H3_C1_agonist_HC2/seed_44/H3_C1_agonist_HC2_seed_44_sample_5_model.cif,0.4269775450229645,4.301322937011719,3.8743453919887543,agonist,201
H3__c1_H3_C1_agonist_HC2_seed_44_H3_C1_agonist_HC2_seed_44_sample_6_model,/home/lyceum/h3/out/c1/H3_C1_agonist_HC2/seed_44/H3_C1_agonist_HC2_seed_44_sample_6_model.cif,0.3054344058036804,0.357293963432312,0.05185955762863159,agonist,201
H3__c1_H3_C1_agonist_HC2_seed_44_H3_C1_agonist_HC2_seed_44_sample_7_model,/home/lyceum/h3/out/c1/H3_C1_agonist_HC2/seed_44/H3_C1_agonist_HC2_seed_44_sample_7_model.cif,0.28378739953041077,0.37592825293540955,0.09214085340499878,agonist,201
H3__c1_H3_C1_agonist_HC2_seed_44_H3_C1_agonist_HC2_seed_44_sample_8_model,/home/lyceum/h3/out/c1/H3_C1_agonist_HC2/seed_44/H3_C1_agonist_HC2_seed_44_sample_8_model.cif,0.3449153006076813,0.35182398557662964,0.006908684968948364,agonist,201
H3__c1_H3_C1_agonist_HC2_seed_44_H3_C1_agonist_HC2_seed_44_sample_9_model,/home/lyceum/h3/out/c1/H3_C1_agonist_HC2/seed_44/H3_C1_agonist_HC2_seed_44_sample_9_model.cif,0.3386904001235962,0.35050132870674133,0.011810928583145142,agonist,201
H3__c1_H3_C1_agonist_HC2_seed_45_H3_C1_agonist_HC2_seed_45_sample_10_model,/home/lyceum/h3/out/c1/H3_C1_agonist_HC2/seed_45/H3_C1_agonist_HC2_seed_45_sample_10_model.cif,0.3016795814037323,0.40085241198539734,0.09917283058166504,agonist,201
H3__c1_H3_C1_agonist_HC2_seed_45_H3_C1_agonist_HC2_seed_45_sample_1_model,/home/lyceum/h3/out/c1/H3_C1_agonist_HC2/seed_45/H3_C1_agonist_HC2_seed_45_sample_1_model.cif,0.36882662773132324,0.3368757665157318,0.03195086121559143,antagonist,201
H3__c1_H3_C1_agonist_HC2_seed_45_H3_C1_agonist_HC2_seed_45_sample_2_model,/home/lyceum/h3/out/c1/H3_C1_agonist_HC2/seed_45/H3_C1_agonist_HC2_seed_45_sample_2_model.cif,0.32087352871894836,0.3566628694534302,0.03578934073448181,agonist,201
H3__c1_H3_C1_agonist_HC2_seed_45_H3_C1_agonist_HC2_seed_45_sample_3_model,/home/lyceum/h3/out/c1/H3_C1_agonist_HC2/seed_45/H3_C1_agonist_HC2_seed_45_sample_3_model.cif,0.29625096917152405,0.3548435866832733,0.05859261751174927,agonist,201
H3__c1_H3_C1_agonist_HC2_seed_45_H3_C1_agonist_HC2_seed_45_sample_4_model,/home/lyceum/h3/out/c1/H3_C1_agonist_HC2/seed_45/H3_C1_agonist_HC2_seed_45_sample_4_model.cif,0.38444140553474426,0.3467089533805847,0.037732452154159546,antagonist,201
H3__c1_H3_C1_agonist_HC2_seed_45_H3_C1_agonist_HC2_seed_45_sample_5_model,/home/lyceum/h3/out/c1/H3_C1_agonist_HC2/seed_45/H3_C1_agonist_HC2_seed_45_sample_5_model.cif,0.2942587733268738,0.36788514256477356,0.07362636923789978,agonist,201
H3__c1_H3_C1_agonist_HC2_seed_45_H3_C1_agonist_HC2_seed_45_sample_6_model,/home/lyceum/h3/out/c1/H3_C1_agonist_HC2/seed_45/H3_C1_agonist_HC2_seed_45_sample_6_model.cif,0.32095277309417725,0.3543849289417267,0.03343215584754944,agonist,201
H3__c1_H3_C1_agonist_HC2_seed_45_H3_C1_agonist_HC2_seed_45_sample_7_model,/home/lyceum/h3/out/c1/H3_C1_agonist_HC2/seed_45/H3_C1_agonist_HC2_seed_45_sample_7_model.cif,0.3809168040752411,0.3337317705154419,0.047185033559799194,antagonist,201
H3__c1_H3_C1_agonist_HC2_seed_45_H3_C1_agonist_HC2_seed_45_sample_8_model,/home/lyceum/h3/out/c1/H3_C1_agonist_HC2/seed_45/H3_C1_agonist_HC2_seed_45_sample_8_model.cif,0.40686145424842834,0.3190135359764099,0.08784791827201843,antagonist,201
H3__c1_H3_C1_agonist_HC2_seed_45_H3_C1_agonist_HC2_seed_45_sample_9_model,/home/lyceum/h3/out/c1/H3_C1_agonist_HC2/seed_45/H3_C1_agonist_HC2_seed_45_sample_9_model.cif,0.29522478580474854,0.3404538631439209,0.04522907733917236,agonist,201
H3__c1_H3_C1_agonist_HC2_seed_46_H3_C1_agonist_HC2_seed_46_sample_10_model,/home/lyceum/h3/out/c1/H3_C1_agonist_HC2/seed_46/H3_C1_agonist_HC2_seed_46_sample_10_model.cif,0.36145538091659546,0.33733996748924255,0.024115413427352905,antagonist,201
H3__c1_H3_C1_agonist_HC2_seed_46_H3_C1_agonist_HC2_seed_46_sample_1_model,/home/lyceum/h3/out/c1/H3_C1_agonist_HC2/seed_46/H3_C1_agonist_HC2_seed_46_sample_1_model.cif,0.29628700017929077,0.3724096715450287,0.07612267136573792,agonist,201
H3__c1_H3_C1_agonist_HC2_seed_46_H3_C1_agonist_HC2_seed_46_sample_2_model,/home/lyceum/h3/out/c1/H3_C1_agonist_HC2/seed_46/H3_C1_agonist_HC2_seed_46_sample_2_model.cif,0.41822361946105957,0.3483847975730896,0.06983882188796997,antagonist,201
H3__c1_H3_C1_agonist_HC2_seed_46_H3_C1_agonist_HC2_seed_46_sample_3_model,/home/lyceum/h3/out/c1/H3_C1_agonist_HC2/seed_46/H3_C1_agonist_HC2_seed_46_sample_3_model.cif,0.30482518672943115,0.35207289457321167,0.04724770784378052,agonist,201
H3__c1_H3_C1_agonist_HC2_seed_46_H3_C1_agonist_HC2_seed_46_sample_4_model,/home/lyceum/h3/out/c1/H3_C1_agonist_HC2/seed_46/H3_C1_agonist_HC2_seed_46_sample_4_model.cif,0.3455450236797333,0.3526097238063812,0.007064700126647949,agonist,201
H3__c1_H3_C1_agonist_HC2_seed_46_H3_C1_agonist_HC2_seed_46_sample_5_model,/home/lyceum/h3/out/c1/H3_C1_agonist_HC2/seed_46/H3_C1_agonist_HC2_seed_46_sample_5_model.cif,0.33669453859329224,0.3703010678291321,0.033606529235839844,agonist,201
H3__c1_H3_C1_agonist_HC2_seed_46_H3_C1_agonist_HC2_seed_46_sample_6_model,/home/lyceum/h3/out/c1/H3_C1_agonist_HC2/seed_46/H3_C1_agonist_HC2_seed_46_sample_6_model.cif,0.27068793773651123,0.3652830123901367,0.09459507465362549,agonist,201
H3__c1_H3_C1_agonist_HC2_seed_46_H3_C1_agonist_HC2_seed_46_sample_7_model,/home/lyceum/h3/out/c1/H3_C1_agonist_HC2/seed_46/H3_C1_agonist_HC2_seed_46_sample_7_model.cif,0.2603204548358917,0.34767478704452515,0.08735433220863342,agonist,201
H3__c1_H3_C1_agonist_HC2_seed_46_H3_C1_agonist_HC2_seed_46_sample_8_model,/home/lyceum/h3/out/c1/H3_C1_agonist_HC2/seed_46/H3_C1_agonist_HC2_seed_46_sample_8_model.cif,0.4137961268424988,0.35522323846817017,0.05857288837432861,antagonist,201
H3__c1_H3_C1_agonist_HC2_seed_46_H3_C1_agonist_HC2_seed_46_sample_9_model,/home/lyceum/h3/out/c1/H3_C1_agonist_HC2/seed_46/H3_C1_agonist_HC2_seed_46_sample_9_model.cif,0.35227787494659424,0.44311100244522095,0.09083312749862671,agonist,201
H3__c2_H3_C2_invago_4P1_seed_42_H3_C2_invago_4P1_seed_42_sample_10_model,/home/lyceum/h3/out/c2/H3_C2_invago_4P1/seed_42/H3_C2_invago_4P1_seed_42_sample_10_model.cif,0.32159799337387085,1.729345440864563,1.4077474474906921,agonist,201
H3__c2_H3_C2_invago_4P1_seed_42_H3_C2_invago_4P1_seed_42_sample_1_model,/home/lyceum/h3/out/c2/H3_C2_invago_4P1/seed_42/H3_C2_invago_4P1_seed_42_sample_1_model.cif,4.682679176330566,1.4545848369598389,3.2280943393707275,antagonist,201
H3__c2_H3_C2_invago_4P1_seed_42_H3_C2_invago_4P1_seed_42_sample_2_model,/home/lyceum/h3/out/c2/H3_C2_invago_4P1/seed_42/H3_C2_invago_4P1_seed_42_sample_2_model.cif,0.33993467688560486,1.647745966911316,1.307811290025711,agonist,201
H3__c2_H3_C2_invago_4P1_seed_42_H3_C2_invago_4P1_seed_42_sample_3_model,/home/lyceum/h3/out/c2/H3_C2_invago_4P1/seed_42/H3_C2_invago_4P1_seed_42_sample_3_model.cif,0.28216856718063354,1.1456196308135986,0.8634510636329651,agonist,201
H3__c2_H3_C2_invago_4P1_seed_42_H3_C2_invago_4P1_seed_42_sample_4_model,/home/lyceum/h3/out/c2/H3_C2_invago_4P1/seed_42/H3_C2_invago_4P1_seed_42_sample_4_model.cif,0.4778614640235901,1.6618343591690063,1.1839728951454163,agonist,201
H3__c2_H3_C2_invago_4P1_seed_42_H3_C2_invago_4P1_seed_42_sample_5_model,/home/lyceum/h3/out/c2/H3_C2_invago_4P1/seed_42/H3_C2_invago_4P1_seed_42_sample_5_model.cif,8.788775444030762,1.756583571434021,7.032191872596741,antagonist,201
H3__c2_H3_C2_invago_4P1_seed_42_H3_C2_invago_4P1_seed_42_sample_6_model,/home/lyceum/h3/out/c2/H3_C2_invago_4P1/seed_42/H3_C2_invago_4P1_seed_42_sample_6_model.cif,0.44233670830726624,1.3619834184646606,0.9196467101573944,agonist,201
H3__c2_H3_C2_invago_4P1_seed_42_H3_C2_invago_4P1_seed_42_sample_7_model,/home/lyceum/h3/out/c2/H3_C2_invago_4P1/seed_42/H3_C2_invago_4P1_seed_42_sample_7_model.cif,0.4779878556728363,1.3338980674743652,0.8559102118015289,agonist,201
H3__c2_H3_C2_invago_4P1_seed_42_H3_C2_invago_4P1_seed_42_sample_8_model,/home/lyceum/h3/out/c2/H3_C2_invago_4P1/seed_42/H3_C2_invago_4P1_seed_42_sample_8_model.cif,4.241153240203857,2.1139421463012695,2.127211093902588,antagonist,201
H3__c2_H3_C2_invago_4P1_seed_42_H3_C2_invago_4P1_seed_42_sample_9_model,/home/lyceum/h3/out/c2/H3_C2_invago_4P1/seed_42/H3_C2_invago_4P1_seed_42_sample_9_model.cif,0.39259588718414307,2.2635436058044434,1.8709477186203003,agonist,201
H3__c2_H3_C2_invago_4P1_seed_43_H3_C2_invago_4P1_seed_43_sample_10_model,/home/lyceum/h3/out/c2/H3_C2_invago_4P1/seed_43/H3_C2_invago_4P1_seed_43_sample_10_model.cif,0.30396074056625366,0.4473869502544403,0.14342620968818665,agonist,201
H3__c2_H3_C2_invago_4P1_seed_43_H3_C2_invago_4P1_seed_43_sample_1_model,/home/lyceum/h3/out/c2/H3_C2_invago_4P1/seed_43/H3_C2_invago_4P1_seed_43_sample_1_model.cif,2.202852487564087,1.0857985019683838,1.1170539855957031,antagonist,201
H3__c2_H3_C2_invago_4P1_seed_43_H3_C2_invago_4P1_seed_43_sample_2_model,/home/lyceum/h3/out/c2/H3_C2_invago_4P1/seed_43/H3_C2_invago_4P1_seed_43_sample_2_model.cif,2.2440474033355713,2.075054168701172,0.16899323463439941,antagonist,201
H3__c2_H3_C2_invago_4P1_seed_43_H3_C2_invago_4P1_seed_43_sample_3_model,/home/lyceum/h3/out/c2/H3_C2_invago_4P1/seed_43/H3_C2_invago_4P1_seed_43_sample_3_model.cif,0.442655473947525,1.283922553062439,0.8412670791149139,agonist,201
H3__c2_H3_C2_invago_4P1_seed_43_H3_C2_invago_4P1_seed_43_sample_4_model,/home/lyceum/h3/out/c2/H3_C2_invago_4P1/seed_43/H3_C2_invago_4P1_seed_43_sample_4_model.cif,0.3388180434703827,1.6513376235961914,1.3125195801258087,agonist,201
H3__c2_H3_C2_invago_4P1_seed_43_H3_C2_invago_4P1_seed_43_sample_5_model,/home/lyceum/h3/out/c2/H3_C2_invago_4P1/seed_43/H3_C2_invago_4P1_seed_43_sample_5_model.cif,2.150270462036133,1.1021716594696045,1.0480988025665283,antagonist,201
H3__c2_H3_C2_invago_4P1_seed_43_H3_C2_invago_4P1_seed_43_sample_6_model,/home/lyceum/h3/out/c2/H3_C2_invago_4P1/seed_43/H3_C2_invago_4P1_seed_43_sample_6_model.cif,0.4326760768890381,1.6595216989517212,1.226845622062683,agonist,201
H3__c2_H3_C2_invago_4P1_seed_43_H3_C2_invago_4P1_seed_43_sample_7_model,/home/lyceum/h3/out/c2/H3_C2_invago_4P1/seed_43/H3_C2_invago_4P1_seed_43_sample_7_model.cif,0.315187931060791,1.355581283569336,1.040393352508545,agonist,201
H3__c2_H3_C2_invago_4P1_seed_43_H3_C2_invago_4P1_seed_43_sample_8_model,/home/lyceum/h3/out/c2/H3_C2_invago_4P1/seed_43/H3_C2_invago_4P1_seed_43_sample_8_model.cif,0.35437944531440735,0.35694563388824463,0.0025661885738372803,agonist,201
H3__c2_H3_C2_invago_4P1_seed_43_H3_C2_invago_4P1_seed_43_sample_9_model,/home/lyceum/h3/out/c2/H3_C2_invago_4P1/seed_43/H3_C2_invago_4P1_seed_43_sample_9_model.cif,0.2362518608570099,1.8957440853118896,1.6594922244548798,agonist,201
H3__c2_H3_C2_invago_4P1_seed_44_H3_C2_invago_4P1_seed_44_sample_10_model,/home/lyceum/h3/out/c2/H3_C2_invago_4P1/seed_44/H3_C2_invago_4P1_seed_44_sample_10_model.cif,0.3649941682815552,1.5347936153411865,1.1697994470596313,agonist,201
H3__c2_H3_C2_invago_4P1_seed_44_H3_C2_invago_4P1_seed_44_sample_1_model,/home/lyceum/h3/out/c2/H3_C2_invago_4P1/seed_44/H3_C2_invago_4P1_seed_44_sample_1_model.cif,0.3412633240222931,0.3358984589576721,0.005364865064620972,antagonist,201
H3__c2_H3_C2_invago_4P1_seed_44_H3_C2_invago_4P1_seed_44_sample_2_model,/home/lyceum/h3/out/c2/H3_C2_invago_4P1/seed_44/H3_C2_invago_4P1_seed_44_sample_2_model.cif,0.37558451294898987,1.334639072418213,0.959054559469223,agonist,201
H3__c2_H3_C2_invago_4P1_seed_44_H3_C2_invago_4P1_seed_44_sample_3_model,/home/lyceum/h3/out/c2/H3_C2_invago_4P1/seed_44/H3_C2_invago_4P1_seed_44_sample_3_model.cif,6.2426300048828125,2.112161159515381,4.130468845367432,antagonist,201
H3__c2_H3_C2_invago_4P1_seed_44_H3_C2_invago_4P1_seed_44_sample_4_model,/home/lyceum/h3/out/c2/H3_C2_invago_4P1/seed_44/H3_C2_invago_4P1_seed_44_sample_4_model.cif,0.31302666664123535,1.8846378326416016,1.5716111660003662,agonist,201
H3__c2_H3_C2_invago_4P1_seed_44_H3_C2_invago_4P1_seed_44_sample_5_model,/home/lyceum/h3/out/c2/H3_C2_invago_4P1/seed_44/H3_C2_invago_4P1_seed_44_sample_5_model.cif,0.3402116596698761,0.9853353500366211,0.645123690366745,agonist,201
H3__c2_H3_C2_invago_4P1_seed_44_H3_C2_invago_4P1_seed_44_sample_6_model,/home/lyceum/h3/out/c2/H3_C2_invago_4P1/seed_44/H3_C2_invago_4P1_seed_44_sample_6_model.cif,0.5020610690116882,0.7159730792045593,0.2139120101928711,agonist,201
H3__c2_H3_C2_invago_4P1_seed_44_H3_C2_invago_4P1_seed_44_sample_7_model,/home/lyceum/h3/out/c2/H3_C2_invago_4P1/seed_44/H3_C2_invago_4P1_seed_44_sample_7_model.cif,0.375020831823349,0.33459657430648804,0.04042425751686096,antagonist,201
H3__c2_H3_C2_invago_4P1_seed_44_H3_C2_invago_4P1_seed_44_sample_8_model,/home/lyceum/h3/out/c2/H3_C2_invago_4P1/seed_44/H3_C2_invago_4P1_seed_44_sample_8_model.cif,0.49683254957199097,1.5778594017028809,1.08102685213089,agonist,201
H3__c2_H3_C2_invago_4P1_seed_44_H3_C2_invago_4P1_seed_44_sample_9_model,/home/lyceum/h3/out/c2/H3_C2_invago_4P1/seed_44/H3_C2_invago_4P1_seed_44_sample_9_model.cif,0.35163959860801697,1.733020544052124,1.381380945444107,agonist,201
H3__c2_H3_C2_invago_4P1_seed_45_H3_C2_invago_4P1_seed_45_sample_10_model,/home/lyceum/h3/out/c2/H3_C2_invago_4P1/seed_45/H3_C2_invago_4P1_seed_45_sample_10_model.cif,2.2195305824279785,1.0489083528518677,1.1706222295761108,antagonist,201
H3__c2_H3_C2_invago_4P1_seed_45_H3_C2_invago_4P1_seed_45_sample_1_model,/home/lyceum/h3/out/c2/H3_C2_invago_4P1/seed_45/H3_C2_invago_4P1_seed_45_sample_1_model.cif,4.897056579589844,1.978825330734253,2.918231248855591,antagonist,201
H3__c2_H3_C2_invago_4P1_seed_45_H3_C2_invago_4P1_seed_45_sample_2_model,/home/lyceum/h3/out/c2/H3_C2_invago_4P1/seed_45/H3_C2_invago_4P1_seed_45_sample_2_model.cif,2.29681658744812,2.165660858154297,0.13115572929382324,antagonist,201
H3__c2_H3_C2_invago_4P1_seed_45_H3_C2_invago_4P1_seed_45_sample_3_model,/home/lyceum/h3/out/c2/H3_C2_invago_4P1/seed_45/H3_C2_invago_4P1_seed_45_sample_3_model.cif,0.29948750138282776,0.34928077459335327,0.04979327321052551,agonist,201
H3__c2_H3_C2_invago_4P1_seed_45_H3_C2_invago_4P1_seed_45_sample_4_model,/home/lyceum/h3/out/c2/H3_C2_invago_4P1/seed_45/H3_C2_invago_4P1_seed_45_sample_4_model.cif,0.37470361590385437,1.0497187376022339,0.6750151216983795,agonist,201
H3__c2_H3_C2_invago_4P1_seed_45_H3_C2_invago_4P1_seed_45_sample_5_model,/home/lyceum/h3/out/c2/H3_C2_invago_4P1/seed_45/H3_C2_invago_4P1_seed_45_sample_5_model.cif,0.6011866927146912,2.164355754852295,1.5631690621376038,agonist,201
H3__c2_H3_C2_invago_4P1_seed_45_H3_C2_invago_4P1_seed_45_sample_6_model,/home/lyceum/h3/out/c2/H3_C2_invago_4P1/seed_45/H3_C2_invago_4P1_seed_45_sample_6_model.cif,0.31690606474876404,1.564857006072998,1.247950941324234,agonist,201
H3__c2_H3_C2_invago_4P1_seed_45_H3_C2_invago_4P1_seed_45_sample_7_model,/home/lyceum/h3/out/c2/H3_C2_invago_4P1/seed_45/H3_C2_invago_4P1_seed_45_sample_7_model.cif,2.5994412899017334,2.1067140102386475,0.49272727966308594,antagonist,201
H3__c2_H3_C2_invago_4P1_seed_45_H3_C2_invago_4P1_seed_45_sample_8_model,/home/lyceum/h3/out/c2/H3_C2_invago_4P1/seed_45/H3_C2_invago_4P1_seed_45_sample_8_model.cif,0.2808260917663574,1.527063012123108,1.2462369203567505,agonist,201
H3__c2_H3_C2_invago_4P1_seed_45_H3_C2_invago_4P1_seed_45_sample_9_model,/home/lyceum/h3/out/c2/H3_C2_invago_4P1/seed_45/H3_C2_invago_4P1_seed_45_sample_9_model.cif,7.985845565795898,1.7725281715393066,6.213317394256592,antagonist,201
H3__c2_H3_C2_invago_4P1_seed_46_H3_C2_invago_4P1_seed_46_sample_10_model,/home/lyceum/h3/out/c2/H3_C2_invago_4P1/seed_46/H3_C2_invago_4P1_seed_46_sample_10_model.cif,0.4794321358203888,2.0424249172210693,1.5629927814006805,agonist,201
H3__c2_H3_C2_invago_4P1_seed_46_H3_C2_invago_4P1_seed_46_sample_1_model,/home/lyceum/h3/out/c2/H3_C2_invago_4P1/seed_46/H3_C2_invago_4P1_seed_46_sample_1_model.cif,0.40336188673973083,1.6440263986587524,1.2406645119190216,agonist,201
H3__c2_H3_C2_invago_4P1_seed_46_H3_C2_invago_4P1_seed_46_sample_2_model,/home/lyceum/h3/out/c2/H3_C2_invago_4P1/seed_46/H3_C2_invago_4P1_seed_46_sample_2_model.cif,0.4165363609790802,1.549641728401184,1.1331053674221039,agonist,201
H3__c2_H3_C2_invago_4P1_seed_46_H3_C2_invago_4P1_seed_46_sample_3_model,/home/lyceum/h3/out/c2/H3_C2_invago_4P1/seed_46/H3_C2_invago_4P1_seed_46_sample_3_model.cif,2.2017898559570312,1.0797185897827148,1.1220712661743164,antagonist,201
H3__c2_H3_C2_invago_4P1_seed_46_H3_C2_invago_4P1_seed_46_sample_4_model,/home/lyceum/h3/out/c2/H3_C2_invago_4P1/seed_46/H3_C2_invago_4P1_seed_46_sample_4_model.cif,0.2839902937412262,1.6468075513839722,1.362817257642746,agonist,201
H3__c2_H3_C2_invago_4P1_seed_46_H3_C2_invago_4P1_seed_46_sample_5_model,/home/lyceum/h3/out/c2/H3_C2_invago_4P1/seed_46/H3_C2_invago_4P1_seed_46_sample_5_model.cif,5.452502727508545,1.8643735647201538,3.588129162788391,antagonist,201
H3__c2_H3_C2_invago_4P1_seed_46_H3_C2_invago_4P1_seed_46_sample_6_model,/home/lyceum/h3/out/c2/H3_C2_invago_4P1/seed_46/H3_C2_invago_4P1_seed_46_sample_6_model.cif,0.2975715100765228,1.0861438512802124,0.7885723412036896,agonist,201
H3__c2_H3_C2_invago_4P1_seed_46_H3_C2_invago_4P1_seed_46_sample_7_model,/home/lyceum/h3/out/c2/H3_C2_invago_4P1/seed_46/H3_C2_invago_4P1_seed_46_sample_7_model.cif,0.5210371613502502,0.8584716320037842,0.33743447065353394,agonist,201
H3__c2_H3_C2_invago_4P1_seed_46_H3_C2_invago_4P1_seed_46_sample_8_model,/home/lyceum/h3/out/c2/H3_C2_invago_4P1/seed_46/H3_C2_invago_4P1_seed_46_sample_8_model.cif,0.4200341999530792,1.5467053651809692,1.12667116522789,agonist,201
H3__c2_H3_C2_invago_4P1_seed_46_H3_C2_invago_4P1_seed_46_sample_9_model,/home/lyceum/h3/out/c2/H3_C2_invago_4P1/seed_46/H3_C2_invago_4P1_seed_46_sample_9_model.cif,0.5041131973266602,1.0444567203521729,0.5403435230255127,agonist,201
H3__c3_H3_C3_agonist_BIO592_seed_42_H3_C3_agonist_BIO592_seed_42_sample_10_model,/home/lyceum/h3/out/c3/H3_C3_agonist_BIO592/seed_42/H3_C3_agonist_BIO592_seed_42_sample_10_model.cif,0.2219284325838089,0.3609773516654968,0.13904891908168793,agonist,201
H3__c3_H3_C3_agonist_BIO592_seed_42_H3_C3_agonist_BIO592_seed_42_sample_1_model,/home/lyceum/h3/out/c3/H3_C3_agonist_BIO592/seed_42/H3_C3_agonist_BIO592_seed_42_sample_1_model.cif,0.5236172676086426,1.0342003107070923,0.5105830430984497,agonist,201
H3__c3_H3_C3_agonist_BIO592_seed_42_H3_C3_agonist_BIO592_seed_42_sample_2_model,/home/lyceum/h3/out/c3/H3_C3_agonist_BIO592/seed_42/H3_C3_agonist_BIO592_seed_42_sample_2_model.cif,0.36091575026512146,0.3596191108226776,0.0012966394424438477,antagonist,201
H3__c3_H3_C3_agonist_BIO592_seed_42_H3_C3_agonist_BIO592_seed_42_sample_3_model,/home/lyceum/h3/out/c3/H3_C3_agonist_BIO592/seed_42/H3_C3_agonist_BIO592_seed_42_sample_3_model.cif,0.34304115176200867,1.3789746761322021,1.0359335243701935,agonist,201
H3__c3_H3_C3_agonist_BIO592_seed_42_H3_C3_agonist_BIO592_seed_42_sample_4_model,/home/lyceum/h3/out/c3/H3_C3_agonist_BIO592/seed_42/H3_C3_agonist_BIO592_seed_42_sample_4_model.cif,0.3938199281692505,0.3429465889930725,0.05087333917617798,antagonist,201
H3__c3_H3_C3_agonist_BIO592_seed_42_H3_C3_agonist_BIO592_seed_42_sample_5_model,/home/lyceum/h3/out/c3/H3_C3_agonist_BIO592/seed_42/H3_C3_agonist_BIO592_seed_42_sample_5_model.cif,0.34347498416900635,1.3837027549743652,1.0402277708053589,agonist,201
H3__c3_H3_C3_agonist_BIO592_seed_42_H3_C3_agonist_BIO592_seed_42_sample_6_model,/home/lyceum/h3/out/c3/H3_C3_agonist_BIO592/seed_42/H3_C3_agonist_BIO592_seed_42_sample_6_model.cif,0.2956881523132324,0.40790286660194397,0.11221471428871155,agonist,201
H3__c3_H3_C3_agonist_BIO592_seed_42_H3_C3_agonist_BIO592_seed_42_sample_7_model,/home/lyceum/h3/out/c3/H3_C3_agonist_BIO592/seed_42/H3_C3_agonist_BIO592_seed_42_sample_7_model.cif,0.30700060725212097,0.3402057886123657,0.03320518136024475,agonist,201
H3__c3_H3_C3_agonist_BIO592_seed_42_H3_C3_agonist_BIO592_seed_42_sample_8_model,/home/lyceum/h3/out/c3/H3_C3_agonist_BIO592/seed_42/H3_C3_agonist_BIO592_seed_42_sample_8_model.cif,0.2949985861778259,0.35429754853248596,0.059298962354660034,agonist,201
H3__c3_H3_C3_agonist_BIO592_seed_42_H3_C3_agonist_BIO592_seed_42_sample_9_model,/home/lyceum/h3/out/c3/H3_C3_agonist_BIO592/seed_42/H3_C3_agonist_BIO592_seed_42_sample_9_model.cif,2.5660996437072754,1.8941580057144165,0.6719416379928589,antagonist,201
H3__c3_H3_C3_agonist_BIO592_seed_43_H3_C3_agonist_BIO592_seed_43_sample_10_model,/home/lyceum/h3/out/c3/H3_C3_agonist_BIO592/seed_43/H3_C3_agonist_BIO592_seed_43_sample_10_model.cif,2.277454137802124,1.857359766960144,0.42009437084198,antagonist,201
H3__c3_H3_C3_agonist_BIO592_seed_43_H3_C3_agonist_BIO592_seed_43_sample_1_model,/home/lyceum/h3/out/c3/H3_C3_agonist_BIO592/seed_43/H3_C3_agonist_BIO592_seed_43_sample_1_model.cif,0.3386002480983734,0.3518531322479248,0.013252884149551392,agonist,201
H3__c3_H3_C3_agonist_BIO592_seed_43_H3_C3_agonist_BIO592_seed_43_sample_2_model,/home/lyceum/h3/out/c3/H3_C3_agonist_BIO592/seed_43/H3_C3_agonist_BIO592_seed_43_sample_2_model.cif,0.2561628520488739,0.34850960969924927,0.09234675765037537,agonist,201
H3__c3_H3_C3_agonist_BIO592_seed_43_H3_C3_agonist_BIO592_seed_43_sample_3_model,/home/lyceum/h3/out/c3/H3_C3_agonist_BIO592/seed_43/H3_C3_agonist_BIO592_seed_43_sample_3_model.cif,0.4983610212802887,1.2494940757751465,0.7511330544948578,agonist,201
H3__c3_H3_C3_agonist_BIO592_seed_43_H3_C3_agonist_BIO592_seed_43_sample_4_model,/home/lyceum/h3/out/c3/H3_C3_agonist_BIO592/seed_43/H3_C3_agonist_BIO592_seed_43_sample_4_model.cif,0.33535072207450867,0.33657699823379517,0.001226276159286499,agonist,201
H3__c3_H3_C3_agonist_BIO592_seed_43_H3_C3_agonist_BIO592_seed_43_sample_5_model,/home/lyceum/h3/out/c3/H3_C3_agonist_BIO592/seed_43/H3_C3_agonist_BIO592_seed_43_sample_5_model.cif,0.5699477791786194,2.746896743774414,2.1769489645957947,agonist,201
H3__c3_H3_C3_agonist_BIO592_seed_43_H3_C3_agonist_BIO592_seed_43_sample_6_model,/home/lyceum/h3/out/c3/H3_C3_agonist_BIO592/seed_43/H3_C3_agonist_BIO592_seed_43_sample_6_model.cif,0.5359570980072021,1.5105646848678589,0.9746075868606567,agonist,201
H3__c3_H3_C3_agonist_BIO592_seed_43_H3_C3_agonist_BIO592_seed_43_sample_7_model,/home/lyceum/h3/out/c3/H3_C3_agonist_BIO592/seed_43/H3_C3_agonist_BIO592_seed_43_sample_7_model.cif,0.2741577625274658,0.33657634258270264,0.062418580055236816,agonist,201
H3__c3_H3_C3_agonist_BIO592_seed_43_H3_C3_agonist_BIO592_seed_43_sample_8_model,/home/lyceum/h3/out/c3/H3_C3_agonist_BIO592/seed_43/H3_C3_agonist_BIO592_seed_43_sample_8_model.cif,0.3850732147693634,0.3675498068332672,0.01752340793609619,antagonist,201
H3__c3_H3_C3_agonist_BIO592_seed_43_H3_C3_agonist_BIO592_seed_43_sample_9_model,/home/lyceum/h3/out/c3/H3_C3_agonist_BIO592/seed_43/H3_C3_agonist_BIO592_seed_43_sample_9_model.cif,0.4529228210449219,4.106072425842285,3.6531496047973633,agonist,201
H3__c3_H3_C3_agonist_BIO592_seed_44_H3_C3_agonist_BIO592_seed_44_sample_10_model,/home/lyceum/h3/out/c3/H3_C3_agonist_BIO592/seed_44/H3_C3_agonist_BIO592_seed_44_sample_10_model.cif,0.2765347957611084,0.375072717666626,0.09853792190551758,agonist,201
H3__c3_H3_C3_agonist_BIO592_seed_44_H3_C3_agonist_BIO592_seed_44_sample_1_model,/home/lyceum/h3/out/c3/H3_C3_agonist_BIO592/seed_44/H3_C3_agonist_BIO592_seed_44_sample_1_model.cif,0.35826829075813293,0.34252166748046875,0.015746623277664185,antagonist,201
H3__c3_H3_C3_agonist_BIO592_seed_44_H3_C3_agonist_BIO592_seed_44_sample_2_model,/home/lyceum/h3/out/c3/H3_C3_agonist_BIO592/seed_44/H3_C3_agonist_BIO592_seed_44_sample_2_model.cif,0.5549846291542053,0.2679370939731598,0.28704753518104553,antagonist,201
H3__c3_H3_C3_agonist_BIO592_seed_44_H3_C3_agonist_BIO592_seed_44_sample_3_model,/home/lyceum/h3/out/c3/H3_C3_agonist_BIO592/seed_44/H3_C3_agonist_BIO592_seed_44_sample_3_model.cif,0.4140778183937073,0.34306082129478455,0.07101699709892273,antagonist,201
H3__c3_H3_C3_agonist_BIO592_seed_44_H3_C3_agonist_BIO592_seed_44_sample_4_model,/home/lyceum/h3/out/c3/H3_C3_agonist_BIO592/seed_44/H3_C3_agonist_BIO592_seed_44_sample_4_model.cif,0.31145498156547546,0.359373539686203,0.04791855812072754,agonist,201
H3__c3_H3_C3_agonist_BIO592_seed_44_H3_C3_agonist_BIO592_seed_44_sample_5_model,/home/lyceum/h3/out/c3/H3_C3_agonist_BIO592/seed_44/H3_C3_agonist_BIO592_seed_44_sample_5_model.cif,0.3471120595932007,0.33820784091949463,0.008904218673706055,antagonist,201
H3__c3_H3_C3_agonist_BIO592_seed_44_H3_C3_agonist_BIO592_seed_44_sample_6_model,/home/lyceum/h3/out/c3/H3_C3_agonist_BIO592/seed_44/H3_C3_agonist_BIO592_seed_44_sample_6_model.cif,0.3865107595920563,0.35701316595077515,0.029497593641281128,antagonist,201
H3__c3_H3_C3_agonist_BIO592_seed_44_H3_C3_agonist_BIO592_seed_44_sample_7_model,/home/lyceum/h3/out/c3/H3_C3_agonist_BIO592/seed_44/H3_C3_agonist_BIO592_seed_44_sample_7_model.cif,0.2844749987125397,0.3490391671657562,0.06456416845321655,agonist,201
H3__c3_H3_C3_agonist_BIO592_seed_44_H3_C3_agonist_BIO592_seed_44_sample_8_model,/home/lyceum/h3/out/c3/H3_C3_agonist_BIO592/seed_44/H3_C3_agonist_BIO592_seed_44_sample_8_model.cif,0.38812342286109924,0.3396470546722412,0.04847636818885803,antagonist,201
H3__c3_H3_C3_agonist_BIO592_seed_44_H3_C3_agonist_BIO592_seed_44_sample_9_model,/home/lyceum/h3/out/c3/H3_C3_agonist_BIO592/seed_44/H3_C3_agonist_BIO592_seed_44_sample_9_model.cif,0.39160358905792236,0.36167728900909424,0.029926300048828125,antagonist,201
H3__c3_H3_C3_agonist_BIO592_seed_45_H3_C3_agonist_BIO592_seed_45_sample_10_model,/home/lyceum/h3/out/c3/H3_C3_agonist_BIO592/seed_45/H3_C3_agonist_BIO592_seed_45_sample_10_model.cif,0.40642881393432617,1.5982850790023804,1.1918562650680542,agonist,201
H3__c3_H3_C3_agonist_BIO592_seed_45_H3_C3_agonist_BIO592_seed_45_sample_1_model,/home/lyceum/h3/out/c3/H3_C3_agonist_BIO592/seed_45/H3_C3_agonist_BIO592_seed_45_sample_1_model.cif,0.5996527671813965,2.8901894092559814,2.290536642074585,agonist,201
H3__c3_H3_C3_agonist_BIO592_seed_45_H3_C3_agonist_BIO592_seed_45_sample_2_model,/home/lyceum/h3/out/c3/H3_C3_agonist_BIO592/seed_45/H3_C3_agonist_BIO592_seed_45_sample_2_model.cif,0.3387663662433624,2.0745925903320312,1.7358262240886688,agonist,201
H3__c3_H3_C3_agonist_BIO592_seed_45_H3_C3_agonist_BIO592_seed_45_sample_3_model,/home/lyceum/h3/out/c3/H3_C3_agonist_BIO592/seed_45/H3_C3_agonist_BIO592_seed_45_sample_3_model.cif,2.3314051628112793,1.5262519121170044,0.8051532506942749,antagonist,201
H3__c3_H3_C3_agonist_BIO592_seed_45_H3_C3_agonist_BIO592_seed_45_sample_4_model,/home/lyceum/h3/out/c3/H3_C3_agonist_BIO592/seed_45/H3_C3_agonist_BIO592_seed_45_sample_4_model.cif,0.4257231056690216,1.34231436252594,0.9165912568569183,agonist,201
H3__c3_H3_C3_agonist_BIO592_seed_45_H3_C3_agonist_BIO592_seed_45_sample_5_model,/home/lyceum/h3/out/c3/H3_C3_agonist_BIO592/seed_45/H3_C3_agonist_BIO592_seed_45_sample_5_model.cif,3.00998854637146,3.389785051345825,0.37979650497436523,agonist,201
H3__c3_H3_C3_agonist_BIO592_seed_45_H3_C3_agonist_BIO592_seed_45_sample_6_model,/home/lyceum/h3/out/c3/H3_C3_agonist_BIO592/seed_45/H3_C3_agonist_BIO592_seed_45_sample_6_model.cif,0.4537563920021057,1.2946224212646484,0.8408660292625427,agonist,201
H3__c3_H3_C3_agonist_BIO592_seed_45_H3_C3_agonist_BIO592_seed_45_sample_7_model,/home/lyceum/h3/out/c3/H3_C3_agonist_BIO592/seed_45/H3_C3_agonist_BIO592_seed_45_sample_7_model.cif,0.3948160707950592,1.6855179071426392,1.29070183634758,agonist,201
H3__c3_H3_C3_agonist_BIO592_seed_45_H3_C3_agonist_BIO592_seed_45_sample_8_model,/home/lyceum/h3/out/c3/H3_C3_agonist_BIO592/seed_45/H3_C3_agonist_BIO592_seed_45_sample_8_model.cif,0.37119606137275696,1.8743702173233032,1.5031741559505463,agonist,201
H3__c3_H3_C3_agonist_BIO592_seed_45_H3_C3_agonist_BIO592_seed_45_sample_9_model,/home/lyceum/h3/out/c3/H3_C3_agonist_BIO592/seed_45/H3_C3_agonist_BIO592_seed_45_sample_9_model.cif,2.3160486221313477,3.5323047637939453,1.2162561416625977,agonist,201
H3__c3_H3_C3_agonist_BIO592_seed_46_H3_C3_agonist_BIO592_seed_46_sample_10_model,/home/lyceum/h3/out/c3/H3_C3_agonist_BIO592/seed_46/H3_C3_agonist_BIO592_seed_46_sample_10_model.cif,0.4738539159297943,1.6373646259307861,1.1635107100009918,agonist,201
H3__c3_H3_C3_agonist_BIO592_seed_46_H3_C3_agonist_BIO592_seed_46_sample_1_model,/home/lyceum/h3/out/c3/H3_C3_agonist_BIO592/seed_46/H3_C3_agonist_BIO592_seed_46_sample_1_model.cif,0.31523868441581726,0.36467206478118896,0.049433380365371704,agonist,201
H3__c3_H3_C3_agonist_BIO592_seed_46_H3_C3_agonist_BIO592_seed_46_sample_2_model,/home/lyceum/h3/out/c3/H3_C3_agonist_BIO592/seed_46/H3_C3_agonist_BIO592_seed_46_sample_2_model.cif,0.4113823175430298,0.3556608259677887,0.05572149157524109,antagonist,201
H3__c3_H3_C3_agonist_BIO592_seed_46_H3_C3_agonist_BIO592_seed_46_sample_3_model,/home/lyceum/h3/out/c3/H3_C3_agonist_BIO592/seed_46/H3_C3_agonist_BIO592_seed_46_sample_3_model.cif,0.32572248578071594,0.3417850434780121,0.016062557697296143,agonist,201
H3__c3_H3_C3_agonist_BIO592_seed_46_H3_C3_agonist_BIO592_seed_46_sample_4_model,/home/lyceum/h3/out/c3/H3_C3_agonist_BIO592/seed_46/H3_C3_agonist_BIO592_seed_46_sample_4_model.cif,0.3371908962726593,0.3484054505825043,0.01121455430984497,agonist,201
H3__c3_H3_C3_agonist_BIO592_seed_46_H3_C3_agonist_BIO592_seed_46_sample_5_model,/home/lyceum/h3/out/c3/H3_C3_agonist_BIO592/seed_46/H3_C3_agonist_BIO592_seed_46_sample_5_model.cif,0.43121418356895447,0.38480859994888306,0.04640558362007141,antagonist,201
H3__c3_H3_C3_agonist_BIO592_seed_46_H3_C3_agonist_BIO592_seed_46_sample_6_model,/home/lyceum/h3/out/c3/H3_C3_agonist_BIO592/seed_46/H3_C3_agonist_BIO592_seed_46_sample_6_model.cif,0.5356690287590027,1.926489233970642,1.3908202052116394,agonist,201
H3__c3_H3_C3_agonist_BIO592_seed_46_H3_C3_agonist_BIO592_seed_46_sample_7_model,/home/lyceum/h3/out/c3/H3_C3_agonist_BIO592/seed_46/H3_C3_agonist_BIO592_seed_46_sample_7_model.cif,0.3047856390476227,0.34599223732948303,0.04120659828186035,agonist,201
H3__c3_H3_C3_agonist_BIO592_seed_46_H3_C3_agonist_BIO592_seed_46_sample_8_model,/home/lyceum/h3/out/c3/H3_C3_agonist_BIO592/seed_46/H3_C3_agonist_BIO592_seed_46_sample_8_model.cif,0.37874430418014526,0.3421519696712494,0.036592334508895874,antagonist,201
H3__c3_H3_C3_agonist_BIO592_seed_46_H3_C3_agonist_BIO592_seed_46_sample_9_model,/home/lyceum/h3/out/c3/H3_C3_agonist_BIO592/seed_46/H3_C3_agonist_BIO592_seed_46_sample_9_model.cif,0.27086296677589417,0.33088573813438416,0.06002277135848999,agonist,201
H3__c4_H3_C4_invago_6EW_BIO399_seed_42_H3_C4_invago_6EW_BIO399_seed_42_sample_10_model,/home/lyceum/h3/out/c4/H3_C4_invago_6EW_BIO399/seed_42/H3_C4_invago_6EW_BIO399_seed_42_sample_10_model.cif,0.39595961570739746,0.3229611814022064,0.07299843430519104,antagonist,201
H3__c4_H3_C4_invago_6EW_BIO399_seed_42_H3_C4_invago_6EW_BIO399_seed_42_sample_1_model,/home/lyceum/h3/out/c4/H3_C4_invago_6EW_BIO399/seed_42/H3_C4_invago_6EW_BIO399_seed_42_sample_1_model.cif,0.5650855898857117,1.2112830877304077,0.646197497844696,agonist,201
H3__c4_H3_C4_invago_6EW_BIO399_seed_42_H3_C4_invago_6EW_BIO399_seed_42_sample_2_model,/home/lyceum/h3/out/c4/H3_C4_invago_6EW_BIO399/seed_42/H3_C4_invago_6EW_BIO399_seed_42_sample_2_model.cif,0.24162057042121887,0.352721244096756,0.11110067367553711,agonist,201
H3__c4_H3_C4_invago_6EW_BIO399_seed_42_H3_C4_invago_6EW_BIO399_seed_42_sample_3_model,/home/lyceum/h3/out/c4/H3_C4_invago_6EW_BIO399/seed_42/H3_C4_invago_6EW_BIO399_seed_42_sample_3_model.cif,0.36979955434799194,0.35397133231163025,0.015828222036361694,antagonist,201
H3__c4_H3_C4_invago_6EW_BIO399_seed_42_H3_C4_invago_6EW_BIO399_seed_42_sample_4_model,/home/lyceum/h3/out/c4/H3_C4_invago_6EW_BIO399/seed_42/H3_C4_invago_6EW_BIO399_seed_42_sample_4_model.cif,0.33287280797958374,0.3411039412021637,0.008231133222579956,agonist,201
H3__c4_H3_C4_invago_6EW_BIO399_seed_42_H3_C4_invago_6EW_BIO399_seed_42_sample_5_model,/home/lyceum/h3/out/c4/H3_C4_invago_6EW_BIO399/seed_42/H3_C4_invago_6EW_BIO399_seed_42_sample_5_model.cif,0.44208741188049316,1.3280445337295532,0.8859571218490601,agonist,201
H3__c4_H3_C4_invago_6EW_BIO399_seed_42_H3_C4_invago_6EW_BIO399_seed_42_sample_6_model,/home/lyceum/h3/out/c4/H3_C4_invago_6EW_BIO399/seed_42/H3_C4_invago_6EW_BIO399_seed_42_sample_6_model.cif,0.4238830804824829,1.2927049398422241,0.8688218593597412,agonist,201
H3__c4_H3_C4_invago_6EW_BIO399_seed_42_H3_C4_invago_6EW_BIO399_seed_42_sample_7_model,/home/lyceum/h3/out/c4/H3_C4_invago_6EW_BIO399/seed_42/H3_C4_invago_6EW_BIO399_seed_42_sample_7_model.cif,0.35373273491859436,0.3213854730129242,0.032347261905670166,antagonist,201
H3__c4_H3_C4_invago_6EW_BIO399_seed_42_H3_C4_invago_6EW_BIO399_seed_42_sample_8_model,/home/lyceum/h3/out/c4/H3_C4_invago_6EW_BIO399/seed_42/H3_C4_invago_6EW_BIO399_seed_42_sample_8_model.cif,0.4589768946170807,1.5327961444854736,1.073819249868393,agonist,201
H3__c4_H3_C4_invago_6EW_BIO399_seed_42_H3_C4_invago_6EW_BIO399_seed_42_sample_9_model,/home/lyceum/h3/out/c4/H3_C4_invago_6EW_BIO399/seed_42/H3_C4_invago_6EW_BIO399_seed_42_sample_9_model.cif,0.353076308965683,0.35367634892463684,0.0006000399589538574,agonist,201
H3__c4_H3_C4_invago_6EW_BIO399_seed_43_H3_C4_invago_6EW_BIO399_seed_43_sample_10_model,/home/lyceum/h3/out/c4/H3_C4_invago_6EW_BIO399/seed_43/H3_C4_invago_6EW_BIO399_seed_43_sample_10_model.cif,0.35089927911758423,0.33996516466140747,0.010934114456176758,antagonist,201
H3__c4_H3_C4_invago_6EW_BIO399_seed_43_H3_C4_invago_6EW_BIO399_seed_43_sample_1_model,/home/lyceum/h3/out/c4/H3_C4_invago_6EW_BIO399/seed_43/H3_C4_invago_6EW_BIO399_seed_43_sample_1_model.cif,0.35683202743530273,0.34392979741096497,0.012902230024337769,antagonist,201
H3__c4_H3_C4_invago_6EW_BIO399_seed_43_H3_C4_invago_6EW_BIO399_seed_43_sample_2_model,/home/lyceum/h3/out/c4/H3_C4_invago_6EW_BIO399/seed_43/H3_C4_invago_6EW_BIO399_seed_43_sample_2_model.cif,0.4752195477485657,0.3372952342033386,0.13792431354522705,antagonist,201
H3__c4_H3_C4_invago_6EW_BIO399_seed_43_H3_C4_invago_6EW_BIO399_seed_43_sample_3_model,/home/lyceum/h3/out/c4/H3_C4_invago_6EW_BIO399/seed_43/H3_C4_invago_6EW_BIO399_seed_43_sample_3_model.cif,0.362158864736557,0.3292601406574249,0.03289872407913208,antagonist,201
H3__c4_H3_C4_invago_6EW_BIO399_seed_43_H3_C4_invago_6EW_BIO399_seed_43_sample_4_model,/home/lyceum/h3/out/c4/H3_C4_invago_6EW_BIO399/seed_43/H3_C4_invago_6EW_BIO399_seed_43_sample_4_model.cif,0.5091551542282104,0.3288232088088989,0.18033194541931152,antagonist,201
H3__c4_H3_C4_invago_6EW_BIO399_seed_43_H3_C4_invago_6EW_BIO399_seed_43_sample_5_model,/home/lyceum/h3/out/c4/H3_C4_invago_6EW_BIO399/seed_43/H3_C4_invago_6EW_BIO399_seed_43_sample_5_model.cif,0.28323090076446533,0.3988076448440552,0.11557674407958984,agonist,201
H3__c4_H3_C4_invago_6EW_BIO399_seed_43_H3_C4_invago_6EW_BIO399_seed_43_sample_6_model,/home/lyceum/h3/out/c4/H3_C4_invago_6EW_BIO399/seed_43/H3_C4_invago_6EW_BIO399_seed_43_sample_6_model.cif,0.2933303713798523,0.3371087610721588,0.04377838969230652,agonist,201
H3__c4_H3_C4_invago_6EW_BIO399_seed_43_H3_C4_invago_6EW_BIO399_seed_43_sample_7_model,/home/lyceum/h3/out/c4/H3_C4_invago_6EW_BIO399/seed_43/H3_C4_invago_6EW_BIO399_seed_43_sample_7_model.cif,0.34354308247566223,0.33151498436927795,0.012028098106384277,antagonist,201
H3__c4_H3_C4_invago_6EW_BIO399_seed_43_H3_C4_invago_6EW_BIO399_seed_43_sample_8_model,/home/lyceum/h3/out/c4/H3_C4_invago_6EW_BIO399/seed_43/H3_C4_invago_6EW_BIO399_seed_43_sample_8_model.cif,0.5632964968681335,0.3400440514087677,0.22325244545936584,antagonist,201
H3__c4_H3_C4_invago_6EW_BIO399_seed_43_H3_C4_invago_6EW_BIO399_seed_43_sample_9_model,/home/lyceum/h3/out/c4/H3_C4_invago_6EW_BIO399/seed_43/H3_C4_invago_6EW_BIO399_seed_43_sample_9_model.cif,0.31089282035827637,0.35778191685676575,0.04688909649848938,agonist,201
H3__c4_H3_C4_invago_6EW_BIO399_seed_44_H3_C4_invago_6EW_BIO399_seed_44_sample_10_model,/home/lyceum/h3/out/c4/H3_C4_invago_6EW_BIO399/seed_44/H3_C4_invago_6EW_BIO399_seed_44_sample_10_model.cif,0.38938865065574646,0.3405499756336212,0.048838675022125244,antagonist,201
H3__c4_H3_C4_invago_6EW_BIO399_seed_44_H3_C4_invago_6EW_BIO399_seed_44_sample_1_model,/home/lyceum/h3/out/c4/H3_C4_invago_6EW_BIO399/seed_44/H3_C4_invago_6EW_BIO399_seed_44_sample_1_model.cif,0.3586798906326294,0.3306945562362671,0.027985334396362305,antagonist,201
H3__c4_H3_C4_invago_6EW_BIO399_seed_44_H3_C4_invago_6EW_BIO399_seed_44_sample_2_model,/home/lyceum/h3/out/c4/H3_C4_invago_6EW_BIO399/seed_44/H3_C4_invago_6EW_BIO399_seed_44_sample_2_model.cif,0.3354335427284241,0.36108261346817017,0.025649070739746094,agonist,201
H3__c4_H3_C4_invago_6EW_BIO399_seed_44_H3_C4_invago_6EW_BIO399_seed_44_sample_3_model,/home/lyceum/h3/out/c4/H3_C4_invago_6EW_BIO399/seed_44/H3_C4_invago_6EW_BIO399_seed_44_sample_3_model.cif,0.5314967632293701,4.575599193572998,4.044102430343628,agonist,201
H3__c4_H3_C4_invago_6EW_BIO399_seed_44_H3_C4_invago_6EW_BIO399_seed_44_sample_4_model,/home/lyceum/h3/out/c4/H3_C4_invago_6EW_BIO399/seed_44/H3_C4_invago_6EW_BIO399_seed_44_sample_4_model.cif,0.3772881031036377,0.3354147672653198,0.04187333583831787,antagonist,201
H3__c4_H3_C4_invago_6EW_BIO399_seed_44_H3_C4_invago_6EW_BIO399_seed_44_sample_5_model,/home/lyceum/h3/out/c4/H3_C4_invago_6EW_BIO399/seed_44/H3_C4_invago_6EW_BIO399_seed_44_sample_5_model.cif,0.38709205389022827,0.3400615453720093,0.047030508518218994,antagonist,201
H3__c4_H3_C4_invago_6EW_BIO399_seed_44_H3_C4_invago_6EW_BIO399_seed_44_sample_6_model,/home/lyceum/h3/out/c4/H3_C4_invago_6EW_BIO399/seed_44/H3_C4_invago_6EW_BIO399_seed_44_sample_6_model.cif,0.3383411169052124,0.3695610463619232,0.031219929456710815,agonist,201
H3__c4_H3_C4_invago_6EW_BIO399_seed_44_H3_C4_invago_6EW_BIO399_seed_44_sample_7_model,/home/lyceum/h3/out/c4/H3_C4_invago_6EW_BIO399/seed_44/H3_C4_invago_6EW_BIO399_seed_44_sample_7_model.cif,0.40368595719337463,0.3330460786819458,0.07063987851142883,antagonist,201
H3__c4_H3_C4_invago_6EW_BIO399_seed_44_H3_C4_invago_6EW_BIO399_seed_44_sample_8_model,/home/lyceum/h3/out/c4/H3_C4_invago_6EW_BIO399/seed_44/H3_C4_invago_6EW_BIO399_seed_44_sample_8_model.cif,0.35605746507644653,0.3615569472312927,0.005499482154846191,agonist,201
H3__c4_H3_C4_invago_6EW_BIO399_seed_44_H3_C4_invago_6EW_BIO399_seed_44_sample_9_model,/home/lyceum/h3/out/c4/H3_C4_invago_6EW_BIO399/seed_44/H3_C4_invago_6EW_BIO399_seed_44_sample_9_model.cif,0.38671189546585083,0.3550534248352051,0.03165847063064575,antagonist,201
H3__c4_H3_C4_invago_6EW_BIO399_seed_45_H3_C4_invago_6EW_BIO399_seed_45_sample_10_model,/home/lyceum/h3/out/c4/H3_C4_invago_6EW_BIO399/seed_45/H3_C4_invago_6EW_BIO399_seed_45_sample_10_model.cif,0.27878060936927795,0.3653557002544403,0.08657509088516235,agonist,201
H3__c4_H3_C4_invago_6EW_BIO399_seed_45_H3_C4_invago_6EW_BIO399_seed_45_sample_1_model,/home/lyceum/h3/out/c4/H3_C4_invago_6EW_BIO399/seed_45/H3_C4_invago_6EW_BIO399_seed_45_sample_1_model.cif,0.5951645970344543,2.227444887161255,1.6322802901268005,agonist,201
H3__c4_H3_C4_invago_6EW_BIO399_seed_45_H3_C4_invago_6EW_BIO399_seed_45_sample_2_model,/home/lyceum/h3/out/c4/H3_C4_invago_6EW_BIO399/seed_45/H3_C4_invago_6EW_BIO399_seed_45_sample_2_model.cif,0.5220658183097839,1.3469337224960327,0.8248679041862488,agonist,201
H3__c4_H3_C4_invago_6EW_BIO399_seed_45_H3_C4_invago_6EW_BIO399_seed_45_sample_3_model,/home/lyceum/h3/out/c4/H3_C4_invago_6EW_BIO399/seed_45/H3_C4_invago_6EW_BIO399_seed_45_sample_3_model.cif,0.5701107978820801,2.8449997901916504,2.2748889923095703,agonist,201
H3__c4_H3_C4_invago_6EW_BIO399_seed_45_H3_C4_invago_6EW_BIO399_seed_45_sample_4_model,/home/lyceum/h3/out/c4/H3_C4_invago_6EW_BIO399/seed_45/H3_C4_invago_6EW_BIO399_seed_45_sample_4_model.cif,0.31155088543891907,1.7096219062805176,1.3980710208415985,agonist,201
H3__c4_H3_C4_invago_6EW_BIO399_seed_45_H3_C4_invago_6EW_BIO399_seed_45_sample_5_model,/home/lyceum/h3/out/c4/H3_C4_invago_6EW_BIO399/seed_45/H3_C4_invago_6EW_BIO399_seed_45_sample_5_model.cif,0.5154804587364197,1.4493043422698975,0.9338238835334778,agonist,201
H3__c4_H3_C4_invago_6EW_BIO399_seed_45_H3_C4_invago_6EW_BIO399_seed_45_sample_6_model,/home/lyceum/h3/out/c4/H3_C4_invago_6EW_BIO399/seed_45/H3_C4_invago_6EW_BIO399_seed_45_sample_6_model.cif,0.32112452387809753,1.0484356880187988,0.7273111641407013,agonist,201
H3__c4_H3_C4_invago_6EW_BIO399_seed_45_H3_C4_invago_6EW_BIO399_seed_45_sample_7_model,/home/lyceum/h3/out/c4/H3_C4_invago_6EW_BIO399/seed_45/H3_C4_invago_6EW_BIO399_seed_45_sample_7_model.cif,0.39891955256462097,0.3512871563434601,0.04763239622116089,antagonist,201
H3__c4_H3_C4_invago_6EW_BIO399_seed_45_H3_C4_invago_6EW_BIO399_seed_45_sample_8_model,/home/lyceum/h3/out/c4/H3_C4_invago_6EW_BIO399/seed_45/H3_C4_invago_6EW_BIO399_seed_45_sample_8_model.cif,0.3588838279247284,1.8078930377960205,1.4490092098712921,agonist,201
H3__c4_H3_C4_invago_6EW_BIO399_seed_45_H3_C4_invago_6EW_BIO399_seed_45_sample_9_model,/home/lyceum/h3/out/c4/H3_C4_invago_6EW_BIO399/seed_45/H3_C4_invago_6EW_BIO399_seed_45_sample_9_model.cif,0.4841192364692688,1.6502012014389038,1.166081964969635,agonist,201
H3__c4_H3_C4_invago_6EW_BIO399_seed_46_H3_C4_invago_6EW_BIO399_seed_46_sample_10_model,/home/lyceum/h3/out/c4/H3_C4_invago_6EW_BIO399/seed_46/H3_C4_invago_6EW_BIO399_seed_46_sample_10_model.cif,2.198361873626709,1.645850419998169,0.55251145362854,antagonist,201
H3__c4_H3_C4_invago_6EW_BIO399_seed_46_H3_C4_invago_6EW_BIO399_seed_46_sample_1_model,/home/lyceum/h3/out/c4/H3_C4_invago_6EW_BIO399/seed_46/H3_C4_invago_6EW_BIO399_seed_46_sample_1_model.cif,0.31684544682502747,0.3647909164428711,0.04794546961784363,agonist,201
H3__c4_H3_C4_invago_6EW_BIO399_seed_46_H3_C4_invago_6EW_BIO399_seed_46_sample_2_model,/home/lyceum/h3/out/c4/H3_C4_invago_6EW_BIO399/seed_46/H3_C4_invago_6EW_BIO399_seed_46_sample_2_model.cif,0.3491556644439697,0.3491491377353668,6.5267086029052734e-06,antagonist,201
H3__c4_H3_C4_invago_6EW_BIO399_seed_46_H3_C4_invago_6EW_BIO399_seed_46_sample_3_model,/home/lyceum/h3/out/c4/H3_C4_invago_6EW_BIO399/seed_46/H3_C4_invago_6EW_BIO399_seed_46_sample_3_model.cif,2.194272994995117,1.1458377838134766,1.0484352111816406,antagonist,201
H3__c4_H3_C4_invago_6EW_BIO399_seed_46_H3_C4_invago_6EW_BIO399_seed_46_sample_4_model,/home/lyceum/h3/out/c4/H3_C4_invago_6EW_BIO399/seed_46/H3_C4_invago_6EW_BIO399_seed_46_sample_4_model.cif,0.34079205989837646,0.3370840847492218,0.003707975149154663,antagonist,201
H3__c4_H3_C4_invago_6EW_BIO399_seed_46_H3_C4_invago_6EW_BIO399_seed_46_sample_5_model,/home/lyceum/h3/out/c4/H3_C4_invago_6EW_BIO399/seed_46/H3_C4_invago_6EW_BIO399_seed_46_sample_5_model.cif,0.32542645931243896,0.36225250363349915,0.03682604432106018,agonist,201
H3__c4_H3_C4_invago_6EW_BIO399_seed_46_H3_C4_invago_6EW_BIO399_seed_46_sample_6_model,/home/lyceum/h3/out/c4/H3_C4_invago_6EW_BIO399/seed_46/H3_C4_invago_6EW_BIO399_seed_46_sample_6_model.cif,0.3343028128147125,0.3364691138267517,0.0021663010120391846,agonist,201
H3__c4_H3_C4_invago_6EW_BIO399_seed_46_H3_C4_invago_6EW_BIO399_seed_46_sample_7_model,/home/lyceum/h3/out/c4/H3_C4_invago_6EW_BIO399/seed_46/H3_C4_invago_6EW_BIO399_seed_46_sample_7_model.cif,2.0622904300689697,1.3407150506973267,0.7215753793716431,antagonist,201
H3__c4_H3_C4_invago_6EW_BIO399_seed_46_H3_C4_invago_6EW_BIO399_seed_46_sample_8_model,/home/lyceum/h3/out/c4/H3_C4_invago_6EW_BIO399/seed_46/H3_C4_invago_6EW_BIO399_seed_46_sample_8_model.cif,0.3882122039794922,0.3112969398498535,0.07691526412963867,antagonist,201
H3__c4_H3_C4_invago_6EW_BIO399_seed_46_H3_C4_invago_6EW_BIO399_seed_46_sample_9_model,/home/lyceum/h3/out/c4/H3_C4_invago_6EW_BIO399/seed_46/H3_C4_invago_6EW_BIO399_seed_46_sample_9_model.cif,0.31382066011428833,0.34631311893463135,0.03249245882034302,agonist,201
H3__c5_H3_C5_invago_99N_seed_42_H3_C5_invago_99N_seed_42_sample_10_model,/home/lyceum/h3/out/c5/H3_C5_invago_99N/seed_42/H3_C5_invago_99N_seed_42_sample_10_model.cif,0.3929785490036011,2.123770236968994,1.730791687965393,agonist,201
H3__c5_H3_C5_invago_99N_seed_42_H3_C5_invago_99N_seed_42_sample_1_model,/home/lyceum/h3/out/c5/H3_C5_invago_99N/seed_42/H3_C5_invago_99N_seed_42_sample_1_model.cif,4.6771955490112305,1.3079617023468018,3.3692338466644287,antagonist,201
H3__c5_H3_C5_invago_99N_seed_42_H3_C5_invago_99N_seed_42_sample_2_model,/home/lyceum/h3/out/c5/H3_C5_invago_99N/seed_42/H3_C5_invago_99N_seed_42_sample_2_model.cif,0.21203584969043732,1.5270024538040161,1.3149666041135788,agonist,201
H3__c5_H3_C5_invago_99N_seed_42_H3_C5_invago_99N_seed_42_sample_3_model,/home/lyceum/h3/out/c5/H3_C5_invago_99N/seed_42/H3_C5_invago_99N_seed_42_sample_3_model.cif,0.4690418243408203,2.4070560932159424,1.938014268875122,agonist,201
H3__c5_H3_C5_invago_99N_seed_42_H3_C5_invago_99N_seed_42_sample_4_model,/home/lyceum/h3/out/c5/H3_C5_invago_99N/seed_42/H3_C5_invago_99N_seed_42_sample_4_model.cif,0.2733044922351837,1.6054579019546509,1.3321534097194672,agonist,201
H3__c5_H3_C5_invago_99N_seed_42_H3_C5_invago_99N_seed_42_sample_5_model,/home/lyceum/h3/out/c5/H3_C5_invago_99N/seed_42/H3_C5_invago_99N_seed_42_sample_5_model.cif,2.267101526260376,1.379812479019165,0.8872890472412109,antagonist,201
H3__c5_H3_C5_invago_99N_seed_42_H3_C5_invago_99N_seed_42_sample_6_model,/home/lyceum/h3/out/c5/H3_C5_invago_99N/seed_42/H3_C5_invago_99N_seed_42_sample_6_model.cif,2.2098581790924072,1.093672275543213,1.1161859035491943,antagonist,201
H3__c5_H3_C5_invago_99N_seed_42_H3_C5_invago_99N_seed_42_sample_7_model,/home/lyceum/h3/out/c5/H3_C5_invago_99N/seed_42/H3_C5_invago_99N_seed_42_sample_7_model.cif,5.090555667877197,2.1089587211608887,2.9815969467163086,antagonist,201
H3__c5_H3_C5_invago_99N_seed_42_H3_C5_invago_99N_seed_42_sample_8_model,/home/lyceum/h3/out/c5/H3_C5_invago_99N/seed_42/H3_C5_invago_99N_seed_42_sample_8_model.cif,0.3679102957248688,1.1919736862182617,0.8240633904933929,agonist,201
H3__c5_H3_C5_invago_99N_seed_42_H3_C5_invago_99N_seed_42_sample_9_model,/home/lyceum/h3/out/c5/H3_C5_invago_99N/seed_42/H3_C5_invago_99N_seed_42_sample_9_model.cif,2.636786937713623,0.8140431642532349,1.8227437734603882,antagonist,201
H3__c5_H3_C5_invago_99N_seed_43_H3_C5_invago_99N_seed_43_sample_10_model,/home/lyceum/h3/out/c5/H3_C5_invago_99N/seed_43/H3_C5_invago_99N_seed_43_sample_10_model.cif,0.5103171467781067,1.1977450847625732,0.6874279379844666,agonist,201
H3__c5_H3_C5_invago_99N_seed_43_H3_C5_invago_99N_seed_43_sample_1_model,/home/lyceum/h3/out/c5/H3_C5_invago_99N/seed_43/H3_C5_invago_99N_seed_43_sample_1_model.cif,0.49262741208076477,2.322939157485962,1.8303117454051971,agonist,201
H3__c5_H3_C5_invago_99N_seed_43_H3_C5_invago_99N_seed_43_sample_2_model,/home/lyceum/h3/out/c5/H3_C5_invago_99N/seed_43/H3_C5_invago_99N_seed_43_sample_2_model.cif,0.29210883378982544,1.6460105180740356,1.3539016842842102,agonist,201
H3__c5_H3_C5_invago_99N_seed_43_H3_C5_invago_99N_seed_43_sample_3_model,/home/lyceum/h3/out/c5/H3_C5_invago_99N/seed_43/H3_C5_invago_99N_seed_43_sample_3_model.cif,2.3491923809051514,1.0491325855255127,1.3000597953796387,antagonist,201
H3__c5_H3_C5_invago_99N_seed_43_H3_C5_invago_99N_seed_43_sample_4_model,/home/lyceum/h3/out/c5/H3_C5_invago_99N/seed_43/H3_C5_invago_99N_seed_43_sample_4_model.cif,2.260603427886963,1.2438268661499023,1.0167765617370605,antagonist,201
H3__c5_H3_C5_invago_99N_seed_43_H3_C5_invago_99N_seed_43_sample_5_model,/home/lyceum/h3/out/c5/H3_C5_invago_99N/seed_43/H3_C5_invago_99N_seed_43_sample_5_model.cif,0.23778246343135834,1.5091146230697632,1.2713321596384048,agonist,201
H3__c5_H3_C5_invago_99N_seed_43_H3_C5_invago_99N_seed_43_sample_6_model,/home/lyceum/h3/out/c5/H3_C5_invago_99N/seed_43/H3_C5_invago_99N_seed_43_sample_6_model.cif,0.8441136479377747,1.2064136266708374,0.36229997873306274,agonist,201
H3__c5_H3_C5_invago_99N_seed_43_H3_C5_invago_99N_seed_43_sample_7_model,/home/lyceum/h3/out/c5/H3_C5_invago_99N/seed_43/H3_C5_invago_99N_seed_43_sample_7_model.cif,0.2993083894252777,1.1278717517852783,0.8285633623600006,agonist,201
H3__c5_H3_C5_invago_99N_seed_43_H3_C5_invago_99N_seed_43_sample_8_model,/home/lyceum/h3/out/c5/H3_C5_invago_99N/seed_43/H3_C5_invago_99N_seed_43_sample_8_model.cif,2.2381937503814697,1.4494637250900269,0.7887300252914429,antagonist,201
H3__c5_H3_C5_invago_99N_seed_43_H3_C5_invago_99N_seed_43_sample_9_model,/home/lyceum/h3/out/c5/H3_C5_invago_99N/seed_43/H3_C5_invago_99N_seed_43_sample_9_model.cif,1.84279203414917,1.4548444747924805,0.38794755935668945,antagonist,201
H3__c5_H3_C5_invago_99N_seed_44_H3_C5_invago_99N_seed_44_sample_10_model,/home/lyceum/h3/out/c5/H3_C5_invago_99N/seed_44/H3_C5_invago_99N_seed_44_sample_10_model.cif,0.3945382833480835,1.4701822996139526,1.0756440162658691,agonist,201
H3__c5_H3_C5_invago_99N_seed_44_H3_C5_invago_99N_seed_44_sample_1_model,/home/lyceum/h3/out/c5/H3_C5_invago_99N/seed_44/H3_C5_invago_99N_seed_44_sample_1_model.cif,0.5216071009635925,1.4680055379867554,0.9463984370231628,agonist,201
H3__c5_H3_C5_invago_99N_seed_44_H3_C5_invago_99N_seed_44_sample_2_model,/home/lyceum/h3/out/c5/H3_C5_invago_99N/seed_44/H3_C5_invago_99N_seed_44_sample_2_model.cif,2.2924270629882812,1.0279731750488281,1.2644538879394531,antagonist,201
H3__c5_H3_C5_invago_99N_seed_44_H3_C5_invago_99N_seed_44_sample_3_model,/home/lyceum/h3/out/c5/H3_C5_invago_99N/seed_44/H3_C5_invago_99N_seed_44_sample_3_model.cif,0.5344842076301575,1.0845731496810913,0.5500889420509338,agonist,201
H3__c5_H3_C5_invago_99N_seed_44_H3_C5_invago_99N_seed_44_sample_4_model,/home/lyceum/h3/out/c5/H3_C5_invago_99N/seed_44/H3_C5_invago_99N_seed_44_sample_4_model.cif,5.523043632507324,2.098839044570923,3.4242045879364014,antagonist,201
H3__c5_H3_C5_invago_99N_seed_44_H3_C5_invago_99N_seed_44_sample_5_model,/home/lyceum/h3/out/c5/H3_C5_invago_99N/seed_44/H3_C5_invago_99N_seed_44_sample_5_model.cif,1.702380895614624,4.683058738708496,2.980677843093872,agonist,201
H3__c5_H3_C5_invago_99N_seed_44_H3_C5_invago_99N_seed_44_sample_6_model,/home/lyceum/h3/out/c5/H3_C5_invago_99N/seed_44/H3_C5_invago_99N_seed_44_sample_6_model.cif,0.4524495601654053,1.2779192924499512,0.8254697322845459,agonist,201
H3__c5_H3_C5_invago_99N_seed_44_H3_C5_invago_99N_seed_44_sample_7_model,/home/lyceum/h3/out/c5/H3_C5_invago_99N/seed_44/H3_C5_invago_99N_seed_44_sample_7_model.cif,2.183443784713745,2.5149505138397217,0.33150672912597656,agonist,201
H3__c5_H3_C5_invago_99N_seed_44_H3_C5_invago_99N_seed_44_sample_8_model,/home/lyceum/h3/out/c5/H3_C5_invago_99N/seed_44/H3_C5_invago_99N_seed_44_sample_8_model.cif,0.4955857992172241,1.636456847190857,1.1408710479736328,agonist,201
H3__c5_H3_C5_invago_99N_seed_44_H3_C5_invago_99N_seed_44_sample_9_model,/home/lyceum/h3/out/c5/H3_C5_invago_99N/seed_44/H3_C5_invago_99N_seed_44_sample_9_model.cif,0.47906285524368286,1.288006067276001,0.8089432120323181,agonist,201
H3__c5_H3_C5_invago_99N_seed_45_H3_C5_invago_99N_seed_45_sample_10_model,/home/lyceum/h3/out/c5/H3_C5_invago_99N/seed_45/H3_C5_invago_99N_seed_45_sample_10_model.cif,0.5345435738563538,1.1973613500595093,0.6628177762031555,agonist,201
H3__c5_H3_C5_invago_99N_seed_45_H3_C5_invago_99N_seed_45_sample_1_model,/home/lyceum/h3/out/c5/H3_C5_invago_99N/seed_45/H3_C5_invago_99N_seed_45_sample_1_model.cif,2.310476064682007,2.1365184783935547,0.17395758628845215,antagonist,201
H3__c5_H3_C5_invago_99N_seed_45_H3_C5_invago_99N_seed_45_sample_2_model,/home/lyceum/h3/out/c5/H3_C5_invago_99N/seed_45/H3_C5_invago_99N_seed_45_sample_2_model.cif,7.1539998054504395,2.071295976638794,5.0827038288116455,antagonist,201
H3__c5_H3_C5_invago_99N_seed_45_H3_C5_invago_99N_seed_45_sample_3_model,/home/lyceum/h3/out/c5/H3_C5_invago_99N/seed_45/H3_C5_invago_99N_seed_45_sample_3_model.cif,0.8760930299758911,1.816738486289978,0.9406454563140869,agonist,201
H3__c5_H3_C5_invago_99N_seed_45_H3_C5_invago_99N_seed_45_sample_4_model,/home/lyceum/h3/out/c5/H3_C5_invago_99N/seed_45/H3_C5_invago_99N_seed_45_sample_4_model.cif,0.17458929121494293,1.528298020362854,1.353708729147911,agonist,201
H3__c5_H3_C5_invago_99N_seed_45_H3_C5_invago_99N_seed_45_sample_5_model,/home/lyceum/h3/out/c5/H3_C5_invago_99N/seed_45/H3_C5_invago_99N_seed_45_sample_5_model.cif,0.6922550797462463,2.447073459625244,1.7548183798789978,agonist,201
H3__c5_H3_C5_invago_99N_seed_45_H3_C5_invago_99N_seed_45_sample_6_model,/home/lyceum/h3/out/c5/H3_C5_invago_99N/seed_45/H3_C5_invago_99N_seed_45_sample_6_model.cif,0.3124867081642151,1.852089285850525,1.5396025776863098,agonist,201
H3__c5_H3_C5_invago_99N_seed_45_H3_C5_invago_99N_seed_45_sample_7_model,/home/lyceum/h3/out/c5/H3_C5_invago_99N/seed_45/H3_C5_invago_99N_seed_45_sample_7_model.cif,0.22317646443843842,1.6004446744918823,1.377268210053444,agonist,201
H3__c5_H3_C5_invago_99N_seed_45_H3_C5_invago_99N_seed_45_sample_8_model,/home/lyceum/h3/out/c5/H3_C5_invago_99N/seed_45/H3_C5_invago_99N_seed_45_sample_8_model.cif,2.414659261703491,1.3893581628799438,1.0253010988235474,antagonist,201
H3__c5_H3_C5_invago_99N_seed_45_H3_C5_invago_99N_seed_45_sample_9_model,/home/lyceum/h3/out/c5/H3_C5_invago_99N/seed_45/H3_C5_invago_99N_seed_45_sample_9_model.cif,0.37734904885292053,1.6476413011550903,1.2702922523021698,agonist,201
H3__c5_H3_C5_invago_99N_seed_46_H3_C5_invago_99N_seed_46_sample_10_model,/home/lyceum/h3/out/c5/H3_C5_invago_99N/seed_46/H3_C5_invago_99N_seed_46_sample_10_model.cif,2.208765745162964,3.337164878845215,1.128399133682251,agonist,201
H3__c5_H3_C5_invago_99N_seed_46_H3_C5_invago_99N_seed_46_sample_1_model,/home/lyceum/h3/out/c5/H3_C5_invago_99N/seed_46/H3_C5_invago_99N_seed_46_sample_1_model.cif,0.526137113571167,2.2759130001068115,1.7497758865356445,agonist,201
H3__c5_H3_C5_invago_99N_seed_46_H3_C5_invago_99N_seed_46_sample_2_model,/home/lyceum/h3/out/c5/H3_C5_invago_99N/seed_46/H3_C5_invago_99N_seed_46_sample_2_model.cif,2.5912363529205322,2.4988510608673096,0.09238529205322266,antagonist,201
H3__c5_H3_C5_invago_99N_seed_46_H3_C5_invago_99N_seed_46_sample_3_model,/home/lyceum/h3/out/c5/H3_C5_invago_99N/seed_46/H3_C5_invago_99N_seed_46_sample_3_model.cif,2.4018757343292236,2.0520660877227783,0.3498096466064453,antagonist,201
H3__c5_H3_C5_invago_99N_seed_46_H3_C5_invago_99N_seed_46_sample_4_model,/home/lyceum/h3/out/c5/H3_C5_invago_99N/seed_46/H3_C5_invago_99N_seed_46_sample_4_model.cif,3.1199378967285156,1.8312056064605713,1.2887322902679443,antagonist,201
H3__c5_H3_C5_invago_99N_seed_46_H3_C5_invago_99N_seed_46_sample_5_model,/home/lyceum/h3/out/c5/H3_C5_invago_99N/seed_46/H3_C5_invago_99N_seed_46_sample_5_model.cif,0.22729240357875824,1.7780600786209106,1.5507676750421524,agonist,201
H3__c5_H3_C5_invago_99N_seed_46_H3_C5_invago_99N_seed_46_sample_6_model,/home/lyceum/h3/out/c5/H3_C5_invago_99N/seed_46/H3_C5_invago_99N_seed_46_sample_6_model.cif,0.18349863588809967,3.1935372352600098,3.01003859937191,agonist,201
H3__c5_H3_C5_invago_99N_seed_46_H3_C5_invago_99N_seed_46_sample_7_model,/home/lyceum/h3/out/c5/H3_C5_invago_99N/seed_46/H3_C5_invago_99N_seed_46_sample_7_model.cif,2.286435127258301,2.6176037788391113,0.33116865158081055,agonist,201
H3__c5_H3_C5_invago_99N_seed_46_H3_C5_invago_99N_seed_46_sample_8_model,/home/lyceum/h3/out/c5/H3_C5_invago_99N/seed_46/H3_C5_invago_99N_seed_46_sample_8_model.cif,0.44764769077301025,3.2918343544006348,2.8441866636276245,agonist,201
H3__c5_H3_C5_invago_99N_seed_46_H3_C5_invago_99N_seed_46_sample_9_model,/home/lyceum/h3/out/c5/H3_C5_invago_99N/seed_46/H3_C5_invago_99N_seed_46_sample_9_model.cif,0.5873333215713501,1.6220241785049438,1.0346908569335938,agonist,201
H3__c6_H3_C6_invago_4P3_seed_42_H3_C6_invago_4P3_seed_42_sample_10_model,/home/lyceum/h3/out/c6/H3_C6_invago_4P3/seed_42/H3_C6_invago_4P3_seed_42_sample_10_model.cif,0.3637219965457916,0.42389678955078125,0.060174793004989624,agonist,201
H3__c6_H3_C6_invago_4P3_seed_42_H3_C6_invago_4P3_seed_42_sample_1_model,/home/lyceum/h3/out/c6/H3_C6_invago_4P3/seed_42/H3_C6_invago_4P3_seed_42_sample_1_model.cif,0.6309160590171814,4.530916213989258,3.9000001549720764,agonist,201
H3__c6_H3_C6_invago_4P3_seed_42_H3_C6_invago_4P3_seed_42_sample_2_model,/home/lyceum/h3/out/c6/H3_C6_invago_4P3/seed_42/H3_C6_invago_4P3_seed_42_sample_2_model.cif,0.35243478417396545,4.038158893585205,3.6857241094112396,agonist,201
H3__c6_H3_C6_invago_4P3_seed_42_H3_C6_invago_4P3_seed_42_sample_3_model,/home/lyceum/h3/out/c6/H3_C6_invago_4P3/seed_42/H3_C6_invago_4P3_seed_42_sample_3_model.cif,0.3182578384876251,0.4273143708705902,0.10905653238296509,agonist,201
H3__c6_H3_C6_invago_4P3_seed_42_H3_C6_invago_4P3_seed_42_sample_4_model,/home/lyceum/h3/out/c6/H3_C6_invago_4P3/seed_42/H3_C6_invago_4P3_seed_42_sample_4_model.cif,0.3328162431716919,0.36382168531417847,0.031005442142486572,agonist,201
H3__c6_H3_C6_invago_4P3_seed_42_H3_C6_invago_4P3_seed_42_sample_5_model,/home/lyceum/h3/out/c6/H3_C6_invago_4P3/seed_42/H3_C6_invago_4P3_seed_42_sample_5_model.cif,0.4459591209888458,3.3318474292755127,2.885888308286667,agonist,201
H3__c6_H3_C6_invago_4P3_seed_42_H3_C6_invago_4P3_seed_42_sample_6_model,/home/lyceum/h3/out/c6/H3_C6_invago_4P3/seed_42/H3_C6_invago_4P3_seed_42_sample_6_model.cif,0.24604611098766327,1.9118491411209106,1.6658030301332474,agonist,201
H3__c6_H3_C6_invago_4P3_seed_42_H3_C6_invago_4P3_seed_42_sample_7_model,/home/lyceum/h3/out/c6/H3_C6_invago_4P3/seed_42/H3_C6_invago_4P3_seed_42_sample_7_model.cif,0.5339264273643494,1.4429806470870972,0.9090542197227478,agonist,201
H3__c6_H3_C6_invago_4P3_seed_42_H3_C6_invago_4P3_seed_42_sample_8_model,/home/lyceum/h3/out/c6/H3_C6_invago_4P3/seed_42/H3_C6_invago_4P3_seed_42_sample_8_model.cif,0.2744120657444,0.3591160774230957,0.08470401167869568,agonist,201
H3__c6_H3_C6_invago_4P3_seed_42_H3_C6_invago_4P3_seed_42_sample_9_model,/home/lyceum/h3/out/c6/H3_C6_invago_4P3/seed_42/H3_C6_invago_4P3_seed_42_sample_9_model.cif,0.3219374120235443,1.8076425790786743,1.48570516705513,agonist,201
H3__c6_H3_C6_invago_4P3_seed_43_H3_C6_invago_4P3_seed_43_sample_10_model,/home/lyceum/h3/out/c6/H3_C6_invago_4P3/seed_43/H3_C6_invago_4P3_seed_43_sample_10_model.cif,0.4644048810005188,1.2535194158554077,0.7891145348548889,agonist,201
H3__c6_H3_C6_invago_4P3_seed_43_H3_C6_invago_4P3_seed_43_sample_1_model,/home/lyceum/h3/out/c6/H3_C6_invago_4P3/seed_43/H3_C6_invago_4P3_seed_43_sample_1_model.cif,0.36318784952163696,0.34828969836235046,0.014898151159286499,antagonist,201
H3__c6_H3_C6_invago_4P3_seed_43_H3_C6_invago_4P3_seed_43_sample_2_model,/home/lyceum/h3/out/c6/H3_C6_invago_4P3/seed_43/H3_C6_invago_4P3_seed_43_sample_2_model.cif,0.3842151463031769,1.4532324075698853,1.0690172612667084,agonist,201
H3__c6_H3_C6_invago_4P3_seed_43_H3_C6_invago_4P3_seed_43_sample_3_model,/home/lyceum/h3/out/c6/H3_C6_invago_4P3/seed_43/H3_C6_invago_4P3_seed_43_sample_3_model.cif,0.3212975263595581,1.3370016813278198,1.0157041549682617,agonist,201
H3__c6_H3_C6_invago_4P3_seed_43_H3_C6_invago_4P3_seed_43_sample_4_model,/home/lyceum/h3/out/c6/H3_C6_invago_4P3/seed_43/H3_C6_invago_4P3_seed_43_sample_4_model.cif,0.23070430755615234,1.3160655498504639,1.0853612422943115,agonist,201
H3__c6_H3_C6_invago_4P3_seed_43_H3_C6_invago_4P3_seed_43_sample_5_model,/home/lyceum/h3/out/c6/H3_C6_invago_4P3/seed_43/H3_C6_invago_4P3_seed_43_sample_5_model.cif,0.2206960916519165,1.8621180057525635,1.641421914100647,agonist,201
H3__c6_H3_C6_invago_4P3_seed_43_H3_C6_invago_4P3_seed_43_sample_6_model,/home/lyceum/h3/out/c6/H3_C6_invago_4P3/seed_43/H3_C6_invago_4P3_seed_43_sample_6_model.cif,0.2739899754524231,0.35391995310783386,0.07992997765541077,agonist,201
H3__c6_H3_C6_invago_4P3_seed_43_H3_C6_invago_4P3_seed_43_sample_7_model,/home/lyceum/h3/out/c6/H3_C6_invago_4P3/seed_43/H3_C6_invago_4P3_seed_43_sample_7_model.cif,0.25593695044517517,0.3524129092693329,0.09647595882415771,agonist,201
H3__c6_H3_C6_invago_4P3_seed_43_H3_C6_invago_4P3_seed_43_sample_8_model,/home/lyceum/h3/out/c6/H3_C6_invago_4P3/seed_43/H3_C6_invago_4P3_seed_43_sample_8_model.cif,0.36353805661201477,0.36577147245407104,0.0022334158420562744,agonist,201
H3__c6_H3_C6_invago_4P3_seed_43_H3_C6_invago_4P3_seed_43_sample_9_model,/home/lyceum/h3/out/c6/H3_C6_invago_4P3/seed_43/H3_C6_invago_4P3_seed_43_sample_9_model.cif,0.35799604654312134,0.35842669010162354,0.00043064355850219727,agonist,201
H3__c6_H3_C6_invago_4P3_seed_44_H3_C6_invago_4P3_seed_44_sample_10_model,/home/lyceum/h3/out/c6/H3_C6_invago_4P3/seed_44/H3_C6_invago_4P3_seed_44_sample_10_model.cif,0.4647098779678345,4.188164710998535,3.7234548330307007,agonist,201
H3__c6_H3_C6_invago_4P3_seed_44_H3_C6_invago_4P3_seed_44_sample_1_model,/home/lyceum/h3/out/c6/H3_C6_invago_4P3/seed_44/H3_C6_invago_4P3_seed_44_sample_1_model.cif,0.37234973907470703,0.33631962537765503,0.036030113697052,antagonist,201
H3__c6_H3_C6_invago_4P3_seed_44_H3_C6_invago_4P3_seed_44_sample_2_model,/home/lyceum/h3/out/c6/H3_C6_invago_4P3/seed_44/H3_C6_invago_4P3_seed_44_sample_2_model.cif,0.2875917851924896,1.2311946153640747,0.9436028301715851,agonist,201
H3__c6_H3_C6_invago_4P3_seed_44_H3_C6_invago_4P3_seed_44_sample_3_model,/home/lyceum/h3/out/c6/H3_C6_invago_4P3/seed_44/H3_C6_invago_4P3_seed_44_sample_3_model.cif,0.4267100393772125,0.30604037642478943,0.1206696629524231,antagonist,201
H3__c6_H3_C6_invago_4P3_seed_44_H3_C6_invago_4P3_seed_44_sample_4_model,/home/lyceum/h3/out/c6/H3_C6_invago_4P3/seed_44/H3_C6_invago_4P3_seed_44_sample_4_model.cif,0.28229525685310364,0.3503231406211853,0.06802788376808167,agonist,201
H3__c6_H3_C6_invago_4P3_seed_44_H3_C6_invago_4P3_seed_44_sample_5_model,/home/lyceum/h3/out/c6/H3_C6_invago_4P3/seed_44/H3_C6_invago_4P3_seed_44_sample_5_model.cif,0.409291535615921,0.3591720759868622,0.05011945962905884,antagonist,201
H3__c6_H3_C6_invago_4P3_seed_44_H3_C6_invago_4P3_seed_44_sample_6_model,/home/lyceum/h3/out/c6/H3_C6_invago_4P3/seed_44/H3_C6_invago_4P3_seed_44_sample_6_model.cif,0.341507226228714,0.36028486490249634,0.01877763867378235,agonist,201
H3__c6_H3_C6_invago_4P3_seed_44_H3_C6_invago_4P3_seed_44_sample_7_model,/home/lyceum/h3/out/c6/H3_C6_invago_4P3/seed_44/H3_C6_invago_4P3_seed_44_sample_7_model.cif,0.3557746410369873,0.3360709249973297,0.019703716039657593,antagonist,201
H3__c6_H3_C6_invago_4P3_seed_44_H3_C6_invago_4P3_seed_44_sample_8_model,/home/lyceum/h3/out/c6/H3_C6_invago_4P3/seed_44/H3_C6_invago_4P3_seed_44_sample_8_model.cif,0.3768360912799835,0.34483569860458374,0.03200039267539978,antagonist,201
H3__c6_H3_C6_invago_4P3_seed_44_H3_C6_invago_4P3_seed_44_sample_9_model,/home/lyceum/h3/out/c6/H3_C6_invago_4P3/seed_44/H3_C6_invago_4P3_seed_44_sample_9_model.cif,0.32879069447517395,0.32956939935684204,0.0007787048816680908,agonist,201
H3__c6_H3_C6_invago_4P3_seed_45_H3_C6_invago_4P3_seed_45_sample_10_model,/home/lyceum/h3/out/c6/H3_C6_invago_4P3/seed_45/H3_C6_invago_4P3_seed_45_sample_10_model.cif,0.3761557638645172,4.226953029632568,3.850797265768051,agonist,201
H3__c6_H3_C6_invago_4P3_seed_45_H3_C6_invago_4P3_seed_45_sample_1_model,/home/lyceum/h3/out/c6/H3_C6_invago_4P3/seed_45/H3_C6_invago_4P3_seed_45_sample_1_model.cif,0.4615953862667084,1.9172124862670898,1.4556171000003815,agonist,201
H3__c6_H3_C6_invago_4P3_seed_45_H3_C6_invago_4P3_seed_45_sample_2_model,/home/lyceum/h3/out/c6/H3_C6_invago_4P3/seed_45/H3_C6_invago_4P3_seed_45_sample_2_model.cif,0.3099813163280487,5.168614387512207,4.858633071184158,agonist,201
H3__c6_H3_C6_invago_4P3_seed_45_H3_C6_invago_4P3_seed_45_sample_3_model,/home/lyceum/h3/out/c6/H3_C6_invago_4P3/seed_45/H3_C6_invago_4P3_seed_45_sample_3_model.cif,0.3344498574733734,0.3371609151363373,0.002711057662963867,agonist,201
H3__c6_H3_C6_invago_4P3_seed_45_H3_C6_invago_4P3_seed_45_sample_4_model,/home/lyceum/h3/out/c6/H3_C6_invago_4P3/seed_45/H3_C6_invago_4P3_seed_45_sample_4_model.cif,0.26965272426605225,1.7181251049041748,1.4484723806381226,agonist,201
H3__c6_H3_C6_invago_4P3_seed_45_H3_C6_invago_4P3_seed_45_sample_5_model,/home/lyceum/h3/out/c6/H3_C6_invago_4P3/seed_45/H3_C6_invago_4P3_seed_45_sample_5_model.cif,0.2825182378292084,2.190091371536255,1.9075731337070465,agonist,201
H3__c6_H3_C6_invago_4P3_seed_45_H3_C6_invago_4P3_seed_45_sample_6_model,/home/lyceum/h3/out/c6/H3_C6_invago_4P3/seed_45/H3_C6_invago_4P3_seed_45_sample_6_model.cif,0.2671397924423218,1.3356165885925293,1.0684767961502075,agonist,201
H3__c6_H3_C6_invago_4P3_seed_45_H3_C6_invago_4P3_seed_45_sample_7_model,/home/lyceum/h3/out/c6/H3_C6_invago_4P3/seed_45/H3_C6_invago_4P3_seed_45_sample_7_model.cif,0.29190587997436523,0.3412090837955475,0.04930320382118225,agonist,201
H3__c6_H3_C6_invago_4P3_seed_45_H3_C6_invago_4P3_seed_45_sample_8_model,/home/lyceum/h3/out/c6/H3_C6_invago_4P3/seed_45/H3_C6_invago_4P3_seed_45_sample_8_model.cif,0.430216908454895,0.3146548569202423,0.11556205153465271,antagonist,201
H3__c6_H3_C6_invago_4P3_seed_45_H3_C6_invago_4P3_seed_45_sample_9_model,/home/lyceum/h3/out/c6/H3_C6_invago_4P3/seed_45/H3_C6_invago_4P3_seed_45_sample_9_model.cif,2.9545273780822754,2.638906478881836,0.31562089920043945,antagonist,201
H3__c6_H3_C6_invago_4P3_seed_46_H3_C6_invago_4P3_seed_46_sample_10_model,/home/lyceum/h3/out/c6/H3_C6_invago_4P3/seed_46/H3_C6_invago_4P3_seed_46_sample_10_model.cif,0.32273778319358826,1.7923864126205444,1.4696486294269562,agonist,201
H3__c6_H3_C6_invago_4P3_seed_46_H3_C6_invago_4P3_seed_46_sample_1_model,/home/lyceum/h3/out/c6/H3_C6_invago_4P3/seed_46/H3_C6_invago_4P3_seed_46_sample_1_model.cif,0.28288891911506653,0.35725080966949463,0.0743618905544281,agonist,201
H3__c6_H3_C6_invago_4P3_seed_46_H3_C6_invago_4P3_seed_46_sample_2_model,/home/lyceum/h3/out/c6/H3_C6_invago_4P3/seed_46/H3_C6_invago_4P3_seed_46_sample_2_model.cif,0.34316959977149963,1.2423630952835083,0.8991934955120087,agonist,201
H3__c6_H3_C6_invago_4P3_seed_46_H3_C6_invago_4P3_seed_46_sample_3_model,/home/lyceum/h3/out/c6/H3_C6_invago_4P3/seed_46/H3_C6_invago_4P3_seed_46_sample_3_model.cif,0.38568276166915894,0.3616637587547302,0.02401900291442871,antagonist,201
H3__c6_H3_C6_invago_4P3_seed_46_H3_C6_invago_4P3_seed_46_sample_4_model,/home/lyceum/h3/out/c6/H3_C6_invago_4P3/seed_46/H3_C6_invago_4P3_seed_46_sample_4_model.cif,0.2832159399986267,0.33553755283355713,0.05232161283493042,agonist,201
H3__c6_H3_C6_invago_4P3_seed_46_H3_C6_invago_4P3_seed_46_sample_5_model,/home/lyceum/h3/out/c6/H3_C6_invago_4P3/seed_46/H3_C6_invago_4P3_seed_46_sample_5_model.cif,0.38631734251976013,4.257014751434326,3.870697408914566,agonist,201
H3__c6_H3_C6_invago_4P3_seed_46_H3_C6_invago_4P3_seed_46_sample_6_model,/home/lyceum/h3/out/c6/H3_C6_invago_4P3/seed_46/H3_C6_invago_4P3_seed_46_sample_6_model.cif,0.3028401732444763,0.33939701318740845,0.03655683994293213,agonist,201
H3__c6_H3_C6_invago_4P3_seed_46_H3_C6_invago_4P3_seed_46_sample_7_model,/home/lyceum/h3/out/c6/H3_C6_invago_4P3/seed_46/H3_C6_invago_4P3_seed_46_sample_7_model.cif,0.5083698630332947,0.32462140917778015,0.18374845385551453,antagonist,201
H3__c6_H3_C6_invago_4P3_seed_46_H3_C6_invago_4P3_seed_46_sample_8_model,/home/lyceum/h3/out/c6/H3_C6_invago_4P3/seed_46/H3_C6_invago_4P3_seed_46_sample_8_model.cif,0.43237411975860596,4.510905742645264,4.078531622886658,agonist,201
H3__c6_H3_C6_invago_4P3_seed_46_H3_C6_invago_4P3_seed_46_sample_9_model,/home/lyceum/h3/out/c6/H3_C6_invago_4P3/seed_46/H3_C6_invago_4P3_seed_46_sample_9_model.cif,0.3596124053001404,0.34291836619377136,0.01669403910636902,antagonist,201
H3__pool120_POOL_CHEMBL3217768_agonist_seed_42_POOL_CHEMBL3217768_agonist_seed_42_sample_1_model,/home/lyceum/h3/out/pool120/POOL_CHEMBL3217768_agonist/seed_42/POOL_CHEMBL3217768_agonist_seed_42_sample_1_model.cif,0.6369350552558899,4.420291423797607,3.7833563685417175,agonist,201
H3__pool120_POOL_CHEMBL3217768_agonist_seed_42_POOL_CHEMBL3217768_agonist_seed_42_sample_2_model,/home/lyceum/h3/out/pool120/POOL_CHEMBL3217768_agonist/seed_42/POOL_CHEMBL3217768_agonist_seed_42_sample_2_model.cif,0.3263855576515198,0.3578575551509857,0.03147199749946594,agonist,201
H3__pool120_POOL_CHEMBL3313999_agonist_seed_42_POOL_CHEMBL3313999_agonist_seed_42_sample_1_model,/home/lyceum/h3/out/pool120/POOL_CHEMBL3313999_agonist/seed_42/POOL_CHEMBL3313999_agonist_seed_42_sample_1_model.cif,0.5253750681877136,1.112699270248413,0.5873242020606995,agonist,201
H3__pool120_POOL_CHEMBL3313999_agonist_seed_42_POOL_CHEMBL3313999_agonist_seed_42_sample_2_model,/home/lyceum/h3/out/pool120/POOL_CHEMBL3313999_agonist/seed_42/POOL_CHEMBL3313999_agonist_seed_42_sample_2_model.cif,0.5310099124908447,1.1358463764190674,0.6048364639282227,agonist,201
H3__pool120_POOL_CHEMBL3314000_agonist_seed_42_POOL_CHEMBL3314000_agonist_seed_42_sample_1_model,/home/lyceum/h3/out/pool120/POOL_CHEMBL3314000_agonist/seed_42/POOL_CHEMBL3314000_agonist_seed_42_sample_1_model.cif,0.5313153862953186,1.225864291191101,0.6945489048957825,agonist,201
H3__pool120_POOL_CHEMBL3314000_agonist_seed_42_POOL_CHEMBL3314000_agonist_seed_42_sample_2_model,/home/lyceum/h3/out/pool120/POOL_CHEMBL3314000_agonist/seed_42/POOL_CHEMBL3314000_agonist_seed_42_sample_2_model.cif,0.496683269739151,1.0698769092559814,0.5731936395168304,agonist,201
H3__pool120_POOL_CHEMBL3314023_antagonist_seed_42_POOL_CHEMBL3314023_antagonist_seed_42_sample_1_model,/home/lyceum/h3/out/pool120/POOL_CHEMBL3314023_antagonist/seed_42/POOL_CHEMBL3314023_antagonist_seed_42_sample_1_model.cif,0.5833324790000916,1.0676978826522827,0.48436540365219116,agonist,201
H3__pool120_POOL_CHEMBL3314023_antagonist_seed_42_POOL_CHEMBL3314023_antagonist_seed_42_sample_2_model,/home/lyceum/h3/out/pool120/POOL_CHEMBL3314023_antagonist/seed_42/POOL_CHEMBL3314023_antagonist_seed_42_sample_2_model.cif,7.7419562339782715,1.987922191619873,5.754034042358398,antagonist,201
H3__pool120_POOL_CHEMBL3314025_antagonist_seed_42_POOL_CHEMBL3314025_antagonist_seed_42_sample_1_model,/home/lyceum/h3/out/pool120/POOL_CHEMBL3314025_antagonist/seed_42/POOL_CHEMBL3314025_antagonist_seed_42_sample_1_model.cif,0.514759361743927,1.3463635444641113,0.8316041827201843,agonist,201
H3__pool120_POOL_CHEMBL3314025_antagonist_seed_42_POOL_CHEMBL3314025_antagonist_seed_42_sample_2_model,/home/lyceum/h3/out/pool120/POOL_CHEMBL3314025_antagonist/seed_42/POOL_CHEMBL3314025_antagonist_seed_42_sample_2_model.cif,0.3613394796848297,0.42596128582954407,0.06462180614471436,agonist,201
H3__pool120_POOL_CHEMBL3314026_antagonist_seed_42_POOL_CHEMBL3314026_antagonist_seed_42_sample_1_model,/home/lyceum/h3/out/pool120/POOL_CHEMBL3314026_antagonist/seed_42/POOL_CHEMBL3314026_antagonist_seed_42_sample_1_model.cif,0.5365759134292603,1.4734996557235718,0.9369237422943115,agonist,201
H3__pool120_POOL_CHEMBL3314026_antagonist_seed_42_POOL_CHEMBL3314026_antagonist_seed_42_sample_2_model,/home/lyceum/h3/out/pool120/POOL_CHEMBL3314026_antagonist/seed_42/POOL_CHEMBL3314026_antagonist_seed_42_sample_2_model.cif,0.3288385570049286,0.42441999912261963,0.09558144211769104,agonist,201
H3__pool120_POOL_CHEMBL3314027_antagonist_seed_42_POOL_CHEMBL3314027_antagonist_seed_42_sample_1_model,/home/lyceum/h3/out/pool120/POOL_CHEMBL3314027_antagonist/seed_42/POOL_CHEMBL3314027_antagonist_seed_42_sample_1_model.cif,0.4142114818096161,1.0430586338043213,0.6288471519947052,agonist,201
H3__pool120_POOL_CHEMBL3314027_antagonist_seed_42_POOL_CHEMBL3314027_antagonist_seed_42_sample_2_model,/home/lyceum/h3/out/pool120/POOL_CHEMBL3314027_antagonist/seed_42/POOL_CHEMBL3314027_antagonist_seed_42_sample_2_model.cif,0.25064387917518616,0.9558520317077637,0.7052081525325775,agonist,201
H3__pool120_POOL_CHEMBL3314028_antagonist_seed_42_POOL_CHEMBL3314028_antagonist_seed_42_sample_1_model,/home/lyceum/h3/out/pool120/POOL_CHEMBL3314028_antagonist/seed_42/POOL_CHEMBL3314028_antagonist_seed_42_sample_1_model.cif,0.7555029988288879,0.3299602270126343,0.42554277181625366,antagonist,201
H3__pool120_POOL_CHEMBL3314028_antagonist_seed_42_POOL_CHEMBL3314028_antagonist_seed_42_sample_2_model,/home/lyceum/h3/out/pool120/POOL_CHEMBL3314028_antagonist/seed_42/POOL_CHEMBL3314028_antagonist_seed_42_sample_2_model.cif,0.31339558959007263,0.34018370509147644,0.02678811550140381,agonist,201
H3__pool120_POOL_CHEMBL3581543_agonist_seed_42_POOL_CHEMBL3581543_agonist_seed_42_sample_1_model,/home/lyceum/h3/out/pool120/POOL_CHEMBL3581543_agonist/seed_42/POOL_CHEMBL3581543_agonist_seed_42_sample_1_model.cif,0.6449463367462158,0.3293195068836212,0.3156268298625946,antagonist,201
H3__pool120_POOL_CHEMBL3581543_agonist_seed_42_POOL_CHEMBL3581543_agonist_seed_42_sample_2_model,/home/lyceum/h3/out/pool120/POOL_CHEMBL3581543_agonist/seed_42/POOL_CHEMBL3581543_agonist_seed_42_sample_2_model.cif,0.30116012692451477,0.36261069774627686,0.061450570821762085,agonist,201
H3__pool120_POOL_CHEMBL3609403_agonist_seed_42_POOL_CHEMBL3609403_agonist_seed_42_sample_1_model,/home/lyceum/h3/out/pool120/POOL_CHEMBL3609403_agonist/seed_42/POOL_CHEMBL3609403_agonist_seed_42_sample_1_model.cif,0.5293020009994507,1.1424765586853027,0.613174557685852,agonist,201
H3__pool120_POOL_CHEMBL3609403_agonist_seed_42_POOL_CHEMBL3609403_agonist_seed_42_sample_2_model,/home/lyceum/h3/out/pool120/POOL_CHEMBL3609403_agonist/seed_42/POOL_CHEMBL3609403_agonist_seed_42_sample_2_model.cif,0.29857137799263,0.422917902469635,0.124346524477005,agonist,201
H3__pool120_POOL_CHEMBL3609404_agonist_seed_42_POOL_CHEMBL3609404_agonist_seed_42_sample_1_model,/home/lyceum/h3/out/pool120/POOL_CHEMBL3609404_agonist/seed_42/POOL_CHEMBL3609404_agonist_seed_42_sample_1_model.cif,0.38240525126457214,0.8087743520736694,0.4263691008090973,agonist,201
H3__pool120_POOL_CHEMBL3609404_agonist_seed_42_POOL_CHEMBL3609404_agonist_seed_42_sample_2_model,/home/lyceum/h3/out/pool120/POOL_CHEMBL3609404_agonist/seed_42/POOL_CHEMBL3609404_agonist_seed_42_sample_2_model.cif,2.029989719390869,1.7185848951339722,0.311404824256897,antagonist,201
H3__pool120_POOL_CHEMBL3609409_agonist_seed_42_POOL_CHEMBL3609409_agonist_seed_42_sample_1_model,/home/lyceum/h3/out/pool120/POOL_CHEMBL3609409_agonist/seed_42/POOL_CHEMBL3609409_agonist_seed_42_sample_1_model.cif,0.5194746851921082,1.2640461921691895,0.7445715069770813,agonist,201
H3__pool120_POOL_CHEMBL3609409_agonist_seed_42_POOL_CHEMBL3609409_agonist_seed_42_sample_2_model,/home/lyceum/h3/out/pool120/POOL_CHEMBL3609409_agonist/seed_42/POOL_CHEMBL3609409_agonist_seed_42_sample_2_model.cif,0.2771412134170532,0.4088747501373291,0.13173353672027588,agonist,201
H3__pool120_POOL_CHEMBL4125757_antagonist_seed_42_POOL_CHEMBL4125757_antagonist_seed_42_sample_1_model,/home/lyceum/h3/out/pool120/POOL_CHEMBL4125757_antagonist/seed_42/POOL_CHEMBL4125757_antagonist_seed_42_sample_1_model.cif,0.6441752314567566,4.487529277801514,3.843354046344757,agonist,201
H3__pool120_POOL_CHEMBL4125757_antagonist_seed_42_POOL_CHEMBL4125757_antagonist_seed_42_sample_2_model,/home/lyceum/h3/out/pool120/POOL_CHEMBL4125757_antagonist/seed_42/POOL_CHEMBL4125757_antagonist_seed_42_sample_2_model.cif,0.2934023439884186,0.3369700312614441,0.04356768727302551,agonist,201
H3__pool120_POOL_CHEMBL4126317_antagonist_seed_42_POOL_CHEMBL4126317_antagonist_seed_42_sample_1_model,/home/lyceum/h3/out/pool120/POOL_CHEMBL4126317_antagonist/seed_42/POOL_CHEMBL4126317_antagonist_seed_42_sample_1_model.cif,0.6375870704650879,0.3106510043144226,0.3269360661506653,antagonist,201
H3__pool120_POOL_CHEMBL4126317_antagonist_seed_42_POOL_CHEMBL4126317_antagonist_seed_42_sample_2_model,/home/lyceum/h3/out/pool120/POOL_CHEMBL4126317_antagonist/seed_42/POOL_CHEMBL4126317_antagonist_seed_42_sample_2_model.cif,0.2977413833141327,0.3313903212547302,0.033648937940597534,agonist,201
H3__pool120_POOL_CHEMBL4126366_antagonist_seed_42_POOL_CHEMBL4126366_antagonist_seed_42_sample_1_model,/home/lyceum/h3/out/pool120/POOL_CHEMBL4126366_antagonist/seed_42/POOL_CHEMBL4126366_antagonist_seed_42_sample_1_model.cif,0.722231388092041,0.311949759721756,0.41028162837028503,antagonist,201
H3__pool120_POOL_CHEMBL4126366_antagonist_seed_42_POOL_CHEMBL4126366_antagonist_seed_42_sample_2_model,/home/lyceum/h3/out/pool120/POOL_CHEMBL4126366_antagonist/seed_42/POOL_CHEMBL4126366_antagonist_seed_42_sample_2_model.cif,0.3128272593021393,0.329070121049881,0.0162428617477417,agonist,201
H3__pool120_POOL_CHEMBL4127127_antagonist_seed_42_POOL_CHEMBL4127127_antagonist_seed_42_sample_1_model,/home/lyceum/h3/out/pool120/POOL_CHEMBL4127127_antagonist/seed_42/POOL_CHEMBL4127127_antagonist_seed_42_sample_1_model.cif,0.6329681277275085,4.4715447425842285,3.83857661485672,agonist,201
H3__pool120_POOL_CHEMBL4127127_antagonist_seed_42_POOL_CHEMBL4127127_antagonist_seed_42_sample_2_model,/home/lyceum/h3/out/pool120/POOL_CHEMBL4127127_antagonist/seed_42/POOL_CHEMBL4127127_antagonist_seed_42_sample_2_model.cif,0.29530104994773865,0.32400768995285034,0.028706640005111694,agonist,201
H3__pool120_POOL_CHEMBL4127932_antagonist_seed_42_POOL_CHEMBL4127932_antagonist_seed_42_sample_1_model,/home/lyceum/h3/out/pool120/POOL_CHEMBL4127932_antagonist/seed_42/POOL_CHEMBL4127932_antagonist_seed_42_sample_1_model.cif,0.645767092704773,4.541841506958008,3.896074414253235,agonist,201
H3__pool120_POOL_CHEMBL4127932_antagonist_seed_42_POOL_CHEMBL4127932_antagonist_seed_42_sample_2_model,/home/lyceum/h3/out/pool120/POOL_CHEMBL4127932_antagonist/seed_42/POOL_CHEMBL4127932_antagonist_seed_42_sample_2_model.cif,0.31710365414619446,0.33257991075515747,0.015476256608963013,agonist,201
H3__pool120_POOL_CHEMBL4128363_antagonist_seed_42_POOL_CHEMBL4128363_antagonist_seed_42_sample_1_model,/home/lyceum/h3/out/pool120/POOL_CHEMBL4128363_antagonist/seed_42/POOL_CHEMBL4128363_antagonist_seed_42_sample_1_model.cif,0.7099469304084778,0.3054930865764618,0.404453843832016,antagonist,201
H3__pool120_POOL_CHEMBL4128363_antagonist_seed_42_POOL_CHEMBL4128363_antagonist_seed_42_sample_2_model,/home/lyceum/h3/out/pool120/POOL_CHEMBL4128363_antagonist/seed_42/POOL_CHEMBL4128363_antagonist_seed_42_sample_2_model.cif,0.3029634654521942,0.3355952501296997,0.03263178467750549,agonist,201
H3__pool120_POOL_CHEMBL4128575_antagonist_seed_42_POOL_CHEMBL4128575_antagonist_seed_42_sample_1_model,/home/lyceum/h3/out/pool120/POOL_CHEMBL4128575_antagonist/seed_42/POOL_CHEMBL4128575_antagonist_seed_42_sample_1_model.cif,0.6766723990440369,0.300851047039032,0.3758213520050049,antagonist,201
H3__pool120_POOL_CHEMBL4128575_antagonist_seed_42_POOL_CHEMBL4128575_antagonist_seed_42_sample_2_model,/home/lyceum/h3/out/pool120/POOL_CHEMBL4128575_antagonist/seed_42/POOL_CHEMBL4128575_antagonist_seed_42_sample_2_model.cif,0.31993773579597473,0.3160029649734497,0.003934770822525024,antagonist,201
H3__pool120_POOL_CHEMBL4129494_antagonist_seed_42_POOL_CHEMBL4129494_antagonist_seed_42_sample_1_model,/home/lyceum/h3/out/pool120/POOL_CHEMBL4129494_antagonist/seed_42/POOL_CHEMBL4129494_antagonist_seed_42_sample_1_model.cif,0.6362701058387756,4.531720161437988,3.8954500555992126,agonist,201
H3__pool120_POOL_CHEMBL4129494_antagonist_seed_42_POOL_CHEMBL4129494_antagonist_seed_42_sample_2_model,/home/lyceum/h3/out/pool120/POOL_CHEMBL4129494_antagonist/seed_42/POOL_CHEMBL4129494_antagonist_seed_42_sample_2_model.cif,0.2841877043247223,0.3291175365447998,0.044929832220077515,agonist,201
H3__pool120_POOL_CHEMBL4434744_agonist_seed_42_POOL_CHEMBL4434744_agonist_seed_42_sample_1_model,/home/lyceum/h3/out/pool120/POOL_CHEMBL4434744_agonist/seed_42/POOL_CHEMBL4434744_agonist_seed_42_sample_1_model.cif,0.5261895656585693,1.3001151084899902,0.7739255428314209,agonist,201
H3__pool120_POOL_CHEMBL4434744_agonist_seed_42_POOL_CHEMBL4434744_agonist_seed_42_sample_2_model,/home/lyceum/h3/out/pool120/POOL_CHEMBL4434744_agonist/seed_42/POOL_CHEMBL4434744_agonist_seed_42_sample_2_model.cif,0.2930278480052948,0.3476371765136719,0.054609328508377075,agonist,201
H3__pool120_POOL_CHEMBL4446140_agonist_seed_42_POOL_CHEMBL4446140_agonist_seed_42_sample_1_model,/home/lyceum/h3/out/pool120/POOL_CHEMBL4446140_agonist/seed_42/POOL_CHEMBL4446140_agonist_seed_42_sample_1_model.cif,0.6134043335914612,4.354315757751465,3.7409114241600037,agonist,201
H3__pool120_POOL_CHEMBL4446140_agonist_seed_42_POOL_CHEMBL4446140_agonist_seed_42_sample_2_model,/home/lyceum/h3/out/pool120/POOL_CHEMBL4446140_agonist/seed_42/POOL_CHEMBL4446140_agonist_seed_42_sample_2_model.cif,0.3244248628616333,0.33278992772102356,0.008365064859390259,agonist,201
H3__pool120_POOL_CHEMBL4459436_agonist_seed_42_POOL_CHEMBL4459436_agonist_seed_42_sample_1_model,/home/lyceum/h3/out/pool120/POOL_CHEMBL4459436_agonist/seed_42/POOL_CHEMBL4459436_agonist_seed_42_sample_1_model.cif,0.5608256459236145,1.2974854707717896,0.736659824848175,agonist,201
H3__pool120_POOL_CHEMBL4459436_agonist_seed_42_POOL_CHEMBL4459436_agonist_seed_42_sample_2_model,/home/lyceum/h3/out/pool120/POOL_CHEMBL4459436_agonist/seed_42/POOL_CHEMBL4459436_agonist_seed_42_sample_2_model.cif,0.30327388644218445,0.35559985041618347,0.05232596397399902,agonist,201
H3__pool120_POOL_CHEMBL4543504_agonist_seed_42_POOL_CHEMBL4543504_agonist_seed_42_sample_1_model,/home/lyceum/h3/out/pool120/POOL_CHEMBL4543504_agonist/seed_42/POOL_CHEMBL4543504_agonist_seed_42_sample_1_model.cif,0.619006872177124,4.399315357208252,3.780308485031128,agonist,201
H3__pool120_POOL_CHEMBL4543504_agonist_seed_42_POOL_CHEMBL4543504_agonist_seed_42_sample_2_model,/home/lyceum/h3/out/pool120/POOL_CHEMBL4543504_agonist/seed_42/POOL_CHEMBL4543504_agonist_seed_42_sample_2_model.cif,0.30019083619117737,0.35769352316856384,0.057502686977386475,agonist,201
H3__pool120_POOL_CHEMBL4578385_antagonist_seed_42_POOL_CHEMBL4578385_antagonist_seed_42_sample_1_model,/home/lyceum/h3/out/pool120/POOL_CHEMBL4578385_antagonist/seed_42/POOL_CHEMBL4578385_antagonist_seed_42_sample_1_model.cif,7.399338722229004,1.3725833892822266,6.026755332946777,antagonist,201
H3__pool120_POOL_CHEMBL4578385_antagonist_seed_42_POOL_CHEMBL4578385_antagonist_seed_42_sample_2_model,/home/lyceum/h3/out/pool120/POOL_CHEMBL4578385_antagonist/seed_42/POOL_CHEMBL4578385_antagonist_seed_42_sample_2_model.cif,7.537088394165039,1.3396708965301514,6.197417497634888,antagonist,201
H3__pool120_POOL_CHEMBL4634701_agonist_seed_42_POOL_CHEMBL4634701_agonist_seed_42_sample_1_model,/home/lyceum/h3/out/pool120/POOL_CHEMBL4634701_agonist/seed_42/POOL_CHEMBL4634701_agonist_seed_42_sample_1_model.cif,0.6043108701705933,0.31691575050354004,0.2873951196670532,antagonist,201
H3__pool120_POOL_CHEMBL4634701_agonist_seed_42_POOL_CHEMBL4634701_agonist_seed_42_sample_2_model,/home/lyceum/h3/out/pool120/POOL_CHEMBL4634701_agonist/seed_42/POOL_CHEMBL4634701_agonist_seed_42_sample_2_model.cif,0.3726135194301605,0.31193992495536804,0.06067359447479248,antagonist,201
H3__pool120_POOL_CHEMBL4642011_agonist_seed_42_POOL_CHEMBL4642011_agonist_seed_42_sample_1_model,/home/lyceum/h3/out/pool120/POOL_CHEMBL4642011_agonist/seed_42/POOL_CHEMBL4642011_agonist_seed_42_sample_1_model.cif,0.5797344446182251,0.3144761025905609,0.2652583420276642,antagonist,201
H3__pool120_POOL_CHEMBL4642011_agonist_seed_42_POOL_CHEMBL4642011_agonist_seed_42_sample_2_model,/home/lyceum/h3/out/pool120/POOL_CHEMBL4642011_agonist/seed_42/POOL_CHEMBL4642011_agonist_seed_42_sample_2_model.cif,0.4576992094516754,0.3231968581676483,0.1345023512840271,antagonist,201
H3__pool120_POOL_CHEMBL4644213_agonist_seed_42_POOL_CHEMBL4644213_agonist_seed_42_sample_1_model,/home/lyceum/h3/out/pool120/POOL_CHEMBL4644213_agonist/seed_42/POOL_CHEMBL4644213_agonist_seed_42_sample_1_model.cif,0.5980474352836609,0.3138183653354645,0.2842290699481964,antagonist,201
H3__pool120_POOL_CHEMBL4644213_agonist_seed_42_POOL_CHEMBL4644213_agonist_seed_42_sample_2_model,/home/lyceum/h3/out/pool120/POOL_CHEMBL4644213_agonist/seed_42/POOL_CHEMBL4644213_agonist_seed_42_sample_2_model.cif,0.41960304975509644,0.3179246485233307,0.10167840123176575,antagonist,201
H3__pool120_POOL_CHEMBL4645125_agonist_seed_42_POOL_CHEMBL4645125_agonist_seed_42_sample_1_model,/home/lyceum/h3/out/pool120/POOL_CHEMBL4645125_agonist/seed_42/POOL_CHEMBL4645125_agonist_seed_42_sample_1_model.cif,0.6239877939224243,0.32061105966567993,0.3033767342567444,antagonist,201
H3__pool120_POOL_CHEMBL4645125_agonist_seed_42_POOL_CHEMBL4645125_agonist_seed_42_sample_2_model,/home/lyceum/h3/out/pool120/POOL_CHEMBL4645125_agonist/seed_42/POOL_CHEMBL4645125_agonist_seed_42_sample_2_model.cif,0.45927953720092773,0.31260719895362854,0.1466723382472992,antagonist,201
H3__pool120_POOL_CHEMBL4648410_agonist_seed_42_POOL_CHEMBL4648410_agonist_seed_42_sample_1_model,/home/lyceum/h3/out/pool120/POOL_CHEMBL4648410_agonist/seed_42/POOL_CHEMBL4648410_agonist_seed_42_sample_1_model.cif,0.5997517704963684,0.3132270872592926,0.2865246832370758,antagonist,201
H3__pool120_POOL_CHEMBL4648410_agonist_seed_42_POOL_CHEMBL4648410_agonist_seed_42_sample_2_model,/home/lyceum/h3/out/pool120/POOL_CHEMBL4648410_agonist/seed_42/POOL_CHEMBL4648410_agonist_seed_42_sample_2_model.cif,0.4397875964641571,0.3271835744380951,0.11260402202606201,antagonist,201
H3__pool120_POOL_CHEMBL4777230_agonist_seed_42_POOL_CHEMBL4777230_agonist_seed_42_sample_1_model,/home/lyceum/h3/out/pool120/POOL_CHEMBL4777230_agonist/seed_42/POOL_CHEMBL4777230_agonist_seed_42_sample_1_model.cif,0.6713845133781433,4.362885475158691,3.691500961780548,agonist,201
H3__pool120_POOL_CHEMBL4777230_agonist_seed_42_POOL_CHEMBL4777230_agonist_seed_42_sample_2_model,/home/lyceum/h3/out/pool120/POOL_CHEMBL4777230_agonist/seed_42/POOL_CHEMBL4777230_agonist_seed_42_sample_2_model.cif,0.28995656967163086,0.34377217292785645,0.053815603256225586,agonist,201
H3__pool120_POOL_CHEMBL4777967_agonist_seed_42_POOL_CHEMBL4777967_agonist_seed_42_sample_1_model,/home/lyceum/h3/out/pool120/POOL_CHEMBL4777967_agonist/seed_42/POOL_CHEMBL4777967_agonist_seed_42_sample_1_model.cif,0.6470404863357544,4.360281467437744,3.7132409811019897,agonist,201
H3__pool120_POOL_CHEMBL4777967_agonist_seed_42_POOL_CHEMBL4777967_agonist_seed_42_sample_2_model,/home/lyceum/h3/out/pool120/POOL_CHEMBL4777967_agonist/seed_42/POOL_CHEMBL4777967_agonist_seed_42_sample_2_model.cif,0.2416122406721115,0.3324841260910034,0.0908718854188919,agonist,201
H3__pool120_POOL_CHEMBL4783854_agonist_seed_42_POOL_CHEMBL4783854_agonist_seed_42_sample_1_model,/home/lyceum/h3/out/pool120/POOL_CHEMBL4783854_agonist/seed_42/POOL_CHEMBL4783854_agonist_seed_42_sample_1_model.cif,0.5748065710067749,4.556200981140137,3.981394410133362,agonist,201
H3__pool120_POOL_CHEMBL4783854_agonist_seed_42_POOL_CHEMBL4783854_agonist_seed_42_sample_2_model,/home/lyceum/h3/out/pool120/POOL_CHEMBL4783854_agonist/seed_42/POOL_CHEMBL4783854_agonist_seed_42_sample_2_model.cif,0.2748989760875702,0.33557984232902527,0.06068086624145508,agonist,201
H3__pool120_POOL_CHEMBL4848024_antagonist_seed_42_POOL_CHEMBL4848024_antagonist_seed_42_sample_1_model,/home/lyceum/h3/out/pool120/POOL_CHEMBL4848024_antagonist/seed_42/POOL_CHEMBL4848024_antagonist_seed_42_sample_1_model.cif,0.5834142565727234,0.33764246106147766,0.24577179551124573,antagonist,201
H3__pool120_POOL_CHEMBL4848024_antagonist_seed_42_POOL_CHEMBL4848024_antagonist_seed_42_sample_2_model,/home/lyceum/h3/out/pool120/POOL_CHEMBL4848024_antagonist/seed_42/POOL_CHEMBL4848024_antagonist_seed_42_sample_2_model.cif,0.3205430805683136,0.34306764602661133,0.02252456545829773,agonist,201
H3__pool120_POOL_CHEMBL4849340_agonist_seed_42_POOL_CHEMBL4849340_agonist_seed_42_sample_1_model,/home/lyceum/h3/out/pool120/POOL_CHEMBL4849340_agonist/seed_42/POOL_CHEMBL4849340_agonist_seed_42_sample_1_model.cif,0.6280696392059326,4.429261684417725,3.801192045211792,agonist,201
H3__pool120_POOL_CHEMBL4849340_agonist_seed_42_POOL_CHEMBL4849340_agonist_seed_42_sample_2_model,/home/lyceum/h3/out/pool120/POOL_CHEMBL4849340_agonist/seed_42/POOL_CHEMBL4849340_agonist_seed_42_sample_2_model.cif,0.3061230182647705,0.3536338806152344,0.04751086235046387,agonist,201
H3__pool120_POOL_CHEMBL4851155_agonist_seed_42_POOL_CHEMBL4851155_agonist_seed_42_sample_1_model,/home/lyceum/h3/out/pool120/POOL_CHEMBL4851155_agonist/seed_42/POOL_CHEMBL4851155_agonist_seed_42_sample_1_model.cif,0.5000678300857544,1.2415015697479248,0.7414337396621704,agonist,201
H3__pool120_POOL_CHEMBL4851155_agonist_seed_42_POOL_CHEMBL4851155_agonist_seed_42_sample_2_model,/home/lyceum/h3/out/pool120/POOL_CHEMBL4851155_agonist/seed_42/POOL_CHEMBL4851155_agonist_seed_42_sample_2_model.cif,0.2851445972919464,0.40103083848953247,0.11588624119758606,agonist,201
H3__pool120_POOL_CHEMBL4851214_agonist_seed_42_POOL_CHEMBL4851214_agonist_seed_42_sample_1_model,/home/lyceum/h3/out/pool120/POOL_CHEMBL4851214_agonist/seed_42/POOL_CHEMBL4851214_agonist_seed_42_sample_1_model.cif,0.6244391202926636,0.33627811074256897,0.2881610095500946,antagonist,201
H3__pool120_POOL_CHEMBL4851214_agonist_seed_42_POOL_CHEMBL4851214_agonist_seed_42_sample_2_model,/home/lyceum/h3/out/pool120/POOL_CHEMBL4851214_agonist/seed_42/POOL_CHEMBL4851214_agonist_seed_42_sample_2_model.cif,0.3849506676197052,0.34973132610321045,0.03521934151649475,antagonist,201
H3__pool120_POOL_CHEMBL4856642_agonist_seed_42_POOL_CHEMBL4856642_agonist_seed_42_sample_1_model,/home/lyceum/h3/out/pool120/POOL_CHEMBL4856642_agonist/seed_42/POOL_CHEMBL4856642_agonist_seed_42_sample_1_model.cif,0.6687300801277161,0.3326476514339447,0.33608242869377136,antagonist,201
H3__pool120_POOL_CHEMBL4856642_agonist_seed_42_POOL_CHEMBL4856642_agonist_seed_42_sample_2_model,/home/lyceum/h3/out/pool120/POOL_CHEMBL4856642_agonist/seed_42/POOL_CHEMBL4856642_agonist_seed_42_sample_2_model.cif,0.36758068203926086,0.3347789943218231,0.032801687717437744,antagonist,201
H3__pool120_POOL_CHEMBL4863222_agonist_seed_42_POOL_CHEMBL4863222_agonist_seed_42_sample_1_model,/home/lyceum/h3/out/pool120/POOL_CHEMBL4863222_agonist/seed_42/POOL_CHEMBL4863222_agonist_seed_42_sample_1_model.cif,0.5845849514007568,4.615898132324219,4.031313180923462,agonist,201
H3__pool120_POOL_CHEMBL4863222_agonist_seed_42_POOL_CHEMBL4863222_agonist_seed_42_sample_2_model,/home/lyceum/h3/out/pool120/POOL_CHEMBL4863222_agonist/seed_42/POOL_CHEMBL4863222_agonist_seed_42_sample_2_model.cif,0.29289403557777405,0.34860995411872864,0.05571591854095459,agonist,201
H3__pool120_POOL_CHEMBL4863518_agonist_seed_42_POOL_CHEMBL4863518_agonist_seed_42_sample_1_model,/home/lyceum/h3/out/pool120/POOL_CHEMBL4863518_agonist/seed_42/POOL_CHEMBL4863518_agonist_seed_42_sample_1_model.cif,0.5914216041564941,4.601019859313965,4.009598255157471,agonist,201
H3__pool120_POOL_CHEMBL4863518_agonist_seed_42_POOL_CHEMBL4863518_agonist_seed_42_sample_2_model,/home/lyceum/h3/out/pool120/POOL_CHEMBL4863518_agonist/seed_42/POOL_CHEMBL4863518_agonist_seed_42_sample_2_model.cif,0.2977512776851654,4.401509761810303,4.103758484125137,agonist,201
H3__pool120_POOL_CHEMBL4865740_agonist_seed_42_POOL_CHEMBL4865740_agonist_seed_42_sample_1_model,/home/lyceum/h3/out/pool120/POOL_CHEMBL4865740_agonist/seed_42/POOL_CHEMBL4865740_agonist_seed_42_sample_1_model.cif,0.6058551669120789,4.637402057647705,4.031546890735626,agonist,201
H3__pool120_POOL_CHEMBL4865740_agonist_seed_42_POOL_CHEMBL4865740_agonist_seed_42_sample_2_model,/home/lyceum/h3/out/pool120/POOL_CHEMBL4865740_agonist/seed_42/POOL_CHEMBL4865740_agonist_seed_42_sample_2_model.cif,0.2980848550796509,0.3461778461933136,0.04809299111366272,agonist,201
H3__pool120_POOL_CHEMBL4868437_agonist_seed_42_POOL_CHEMBL4868437_agonist_seed_42_sample_1_model,/home/lyceum/h3/out/pool120/POOL_CHEMBL4868437_agonist/seed_42/POOL_CHEMBL4868437_agonist_seed_42_sample_1_model.cif,0.597542941570282,4.463502883911133,3.865959942340851,agonist,201
H3__pool120_POOL_CHEMBL4868437_agonist_seed_42_POOL_CHEMBL4868437_agonist_seed_42_sample_2_model,/home/lyceum/h3/out/pool120/POOL_CHEMBL4868437_agonist/seed_42/POOL_CHEMBL4868437_agonist_seed_42_sample_2_model.cif,0.3122505843639374,0.34196168184280396,0.029711097478866577,agonist,201
H3__pool120_POOL_CHEMBL4868594_agonist_seed_42_POOL_CHEMBL4868594_agonist_seed_42_sample_1_model,/home/lyceum/h3/out/pool120/POOL_CHEMBL4868594_agonist/seed_42/POOL_CHEMBL4868594_agonist_seed_42_sample_1_model.cif,0.597271203994751,4.625301361083984,4.028030157089233,agonist,201
H3__pool120_POOL_CHEMBL4868594_agonist_seed_42_POOL_CHEMBL4868594_agonist_seed_42_sample_2_model,/home/lyceum/h3/out/pool120/POOL_CHEMBL4868594_agonist/seed_42/POOL_CHEMBL4868594_agonist_seed_42_sample_2_model.cif,0.30260026454925537,0.3548998236656189,0.052299559116363525,agonist,201
H3__pool120_POOL_CHEMBL4870621_agonist_seed_42_POOL_CHEMBL4870621_agonist_seed_42_sample_1_model,/home/lyceum/h3/out/pool120/POOL_CHEMBL4870621_agonist/seed_42/POOL_CHEMBL4870621_agonist_seed_42_sample_1_model.cif,0.6069420576095581,4.641417503356934,4.0344754457473755,agonist,201
H3__pool120_POOL_CHEMBL4870621_agonist_seed_42_POOL_CHEMBL4870621_agonist_seed_42_sample_2_model,/home/lyceum/h3/out/pool120/POOL_CHEMBL4870621_agonist/seed_42/POOL_CHEMBL4870621_agonist_seed_42_sample_2_model.cif,0.29320886731147766,0.3461242914199829,0.05291542410850525,agonist,201
H3__pool120_POOL_CHEMBL4870796_agonist_seed_42_POOL_CHEMBL4870796_agonist_seed_42_sample_1_model,/home/lyceum/h3/out/pool120/POOL_CHEMBL4870796_agonist/seed_42/POOL_CHEMBL4870796_agonist_seed_42_sample_1_model.cif,0.6987244486808777,4.338170051574707,3.6394456028938293,agonist,201
H3__pool120_POOL_CHEMBL4870796_agonist_seed_42_POOL_CHEMBL4870796_agonist_seed_42_sample_2_model,/home/lyceum/h3/out/pool120/POOL_CHEMBL4870796_agonist/seed_42/POOL_CHEMBL4870796_agonist_seed_42_sample_2_model.cif,0.3128145635128021,4.425603866577148,4.112789303064346,agonist,201
H3__pool120_POOL_CHEMBL4871865_agonist_seed_42_POOL_CHEMBL4871865_agonist_seed_42_sample_1_model,/home/lyceum/h3/out/pool120/POOL_CHEMBL4871865_agonist/seed_42/POOL_CHEMBL4871865_agonist_seed_42_sample_1_model.cif,0.5783595442771912,4.588116645812988,4.009757101535797,agonist,201
H3__pool120_POOL_CHEMBL4871865_agonist_seed_42_POOL_CHEMBL4871865_agonist_seed_42_sample_2_model,/home/lyceum/h3/out/pool120/POOL_CHEMBL4871865_agonist/seed_42/POOL_CHEMBL4871865_agonist_seed_42_sample_2_model.cif,0.2917657196521759,5.126175403594971,4.834409683942795,agonist,201
H3__pool120_POOL_CHEMBL4874284_agonist_seed_42_POOL_CHEMBL4874284_agonist_seed_42_sample_1_model,/home/lyceum/h3/out/pool120/POOL_CHEMBL4874284_agonist/seed_42/POOL_CHEMBL4874284_agonist_seed_42_sample_1_model.cif,0.6023744940757751,4.5933837890625,3.991009294986725,agonist,201
H3__pool120_POOL_CHEMBL4874284_agonist_seed_42_POOL_CHEMBL4874284_agonist_seed_42_sample_2_model,/home/lyceum/h3/out/pool120/POOL_CHEMBL4874284_agonist/seed_42/POOL_CHEMBL4874284_agonist_seed_42_sample_2_model.cif,0.30390146374702454,4.406627655029297,4.102726191282272,agonist,201
H3__pool120_POOL_CHEMBL4875075_agonist_seed_42_POOL_CHEMBL4875075_agonist_seed_42_sample_1_model,/home/lyceum/h3/out/pool120/POOL_CHEMBL4875075_agonist/seed_42/POOL_CHEMBL4875075_agonist_seed_42_sample_1_model.cif,0.6234981417655945,4.4180378913879395,3.794539749622345,agonist,201
H3__pool120_POOL_CHEMBL4875075_agonist_seed_42_POOL_CHEMBL4875075_agonist_seed_42_sample_2_model,/home/lyceum/h3/out/pool120/POOL_CHEMBL4875075_agonist/seed_42/POOL_CHEMBL4875075_agonist_seed_42_sample_2_model.cif,0.30308830738067627,0.3534180521965027,0.050329744815826416,agonist,201
H3__pool120_POOL_CHEMBL4875850_agonist_seed_42_POOL_CHEMBL4875850_agonist_seed_42_sample_1_model,/home/lyceum/h3/out/pool120/POOL_CHEMBL4875850_agonist/seed_42/POOL_CHEMBL4875850_agonist_seed_42_sample_1_model.cif,0.622947633266449,4.409726619720459,3.78677898645401,agonist,201
H3__pool120_POOL_CHEMBL4875850_agonist_seed_42_POOL_CHEMBL4875850_agonist_seed_42_sample_2_model,/home/lyceum/h3/out/pool120/POOL_CHEMBL4875850_agonist/seed_42/POOL_CHEMBL4875850_agonist_seed_42_sample_2_model.cif,0.29624491930007935,0.34206950664520264,0.04582458734512329,agonist,201
H3__pool120_POOL_CHEMBL4879322_agonist_seed_42_POOL_CHEMBL4879322_agonist_seed_42_sample_1_model,/home/lyceum/h3/out/pool120/POOL_CHEMBL4879322_agonist/seed_42/POOL_CHEMBL4879322_agonist_seed_42_sample_1_model.cif,0.6127691268920898,4.415008068084717,3.802238941192627,agonist,201
H3__pool120_POOL_CHEMBL4879322_agonist_seed_42_POOL_CHEMBL4879322_agonist_seed_42_sample_2_model,/home/lyceum/h3/out/pool120/POOL_CHEMBL4879322_agonist/seed_42/POOL_CHEMBL4879322_agonist_seed_42_sample_2_model.cif,0.29789549112319946,0.3355383276939392,0.037642836570739746,agonist,201
H3__pool120_POOL_CHEMBL5075133_agonist_seed_42_POOL_CHEMBL5075133_agonist_seed_42_sample_1_model,/home/lyceum/h3/out/pool120/POOL_CHEMBL5075133_agonist/seed_42/POOL_CHEMBL5075133_agonist_seed_42_sample_1_model.cif,0.6320420503616333,4.424683570861816,3.792641520500183,agonist,201
H3__pool120_POOL_CHEMBL5075133_agonist_seed_42_POOL_CHEMBL5075133_agonist_seed_42_sample_2_model,/home/lyceum/h3/out/pool120/POOL_CHEMBL5075133_agonist/seed_42/POOL_CHEMBL5075133_agonist_seed_42_sample_2_model.cif,0.36046692728996277,0.41052529215812683,0.05005836486816406,agonist,201
H3__pool120_POOL_CHEMBL5083229_agonist_seed_42_POOL_CHEMBL5083229_agonist_seed_42_sample_1_model,/home/lyceum/h3/out/pool120/POOL_CHEMBL5083229_agonist/seed_42/POOL_CHEMBL5083229_agonist_seed_42_sample_1_model.cif,0.606859564781189,4.345144271850586,3.738284707069397,agonist,201
H3__pool120_POOL_CHEMBL5083229_agonist_seed_42_POOL_CHEMBL5083229_agonist_seed_42_sample_2_model,/home/lyceum/h3/out/pool120/POOL_CHEMBL5083229_agonist/seed_42/POOL_CHEMBL5083229_agonist_seed_42_sample_2_model.cif,0.2504686713218689,0.41080060601234436,0.16033193469047546,agonist,201
H3__pool120_POOL_CHEMBL5083464_agonist_seed_42_POOL_CHEMBL5083464_agonist_seed_42_sample_1_model,/home/lyceum/h3/out/pool120/POOL_CHEMBL5083464_agonist/seed_42/POOL_CHEMBL5083464_agonist_seed_42_sample_1_model.cif,0.5790402889251709,0.34226152300834656,0.23677876591682434,antagonist,201
H3__pool120_POOL_CHEMBL5083464_agonist_seed_42_POOL_CHEMBL5083464_agonist_seed_42_sample_2_model,/home/lyceum/h3/out/pool120/POOL_CHEMBL5083464_agonist/seed_42/POOL_CHEMBL5083464_agonist_seed_42_sample_2_model.cif,0.26687249541282654,0.36389636993408203,0.0970238745212555,agonist,201
H3__pool120_POOL_CHEMBL5083860_agonist_seed_42_POOL_CHEMBL5083860_agonist_seed_42_sample_1_model,/home/lyceum/h3/out/pool120/POOL_CHEMBL5083860_agonist/seed_42/POOL_CHEMBL5083860_agonist_seed_42_sample_1_model.cif,0.511419951915741,1.3150241374969482,0.8036041855812073,agonist,201
H3__pool120_POOL_CHEMBL5083860_agonist_seed_42_POOL_CHEMBL5083860_agonist_seed_42_sample_2_model,/home/lyceum/h3/out/pool120/POOL_CHEMBL5083860_agonist/seed_42/POOL_CHEMBL5083860_agonist_seed_42_sample_2_model.cif,0.37501761317253113,0.41195181012153625,0.03693419694900513,agonist,201
H3__pool120_POOL_CHEMBL5087837_agonist_seed_42_POOL_CHEMBL5087837_agonist_seed_42_sample_1_model,/home/lyceum/h3/out/pool120/POOL_CHEMBL5087837_agonist/seed_42/POOL_CHEMBL5087837_agonist_seed_42_sample_1_model.cif,0.5931050181388855,4.628828525543213,4.035723507404327,agonist,201
H3__pool120_POOL_CHEMBL5087837_agonist_seed_42_POOL_CHEMBL5087837_agonist_seed_42_sample_2_model,/home/lyceum/h3/out/pool120/POOL_CHEMBL5087837_agonist/seed_42/POOL_CHEMBL5087837_agonist_seed_42_sample_2_model.cif,0.2661221921443939,0.36414816975593567,0.09802597761154175,agonist,201
H3__pool120_POOL_CHEMBL5090127_agonist_seed_42_POOL_CHEMBL5090127_agonist_seed_42_sample_1_model,/home/lyceum/h3/out/pool120/POOL_CHEMBL5090127_agonist/seed_42/POOL_CHEMBL5090127_agonist_seed_42_sample_1_model.cif,2.236232280731201,1.3781558275222778,0.8580764532089233,antagonist,201
H3__pool120_POOL_CHEMBL5090127_agonist_seed_42_POOL_CHEMBL5090127_agonist_seed_42_sample_2_model,/home/lyceum/h3/out/pool120/POOL_CHEMBL5090127_agonist/seed_42/POOL_CHEMBL5090127_agonist_seed_42_sample_2_model.cif,0.2585102617740631,0.4291474521160126,0.17063719034194946,agonist,201
H3__pool120_POOL_CHEMBL5091222_agonist_seed_42_POOL_CHEMBL5091222_agonist_seed_42_sample_1_model,/home/lyceum/h3/out/pool120/POOL_CHEMBL5091222_agonist/seed_42/POOL_CHEMBL5091222_agonist_seed_42_sample_1_model.cif,0.5927791595458984,4.583211421966553,3.9904322624206543,agonist,201
H3__pool120_POOL_CHEMBL5091222_agonist_seed_42_POOL_CHEMBL5091222_agonist_seed_42_sample_2_model,/home/lyceum/h3/out/pool120/POOL_CHEMBL5091222_agonist/seed_42/POOL_CHEMBL5091222_agonist_seed_42_sample_2_model.cif,0.253961980342865,0.42633920907974243,0.17237722873687744,agonist,201
H3__pool120_POOL_CHEMBL5092600_agonist_seed_42_POOL_CHEMBL5092600_agonist_seed_42_sample_1_model,/home/lyceum/h3/out/pool120/POOL_CHEMBL5092600_agonist/seed_42/POOL_CHEMBL5092600_agonist_seed_42_sample_1_model.cif,0.5348924994468689,1.2762079238891602,0.7413154244422913,agonist,201
H3__pool120_POOL_CHEMBL5092600_agonist_seed_42_POOL_CHEMBL5092600_agonist_seed_42_sample_2_model,/home/lyceum/h3/out/pool120/POOL_CHEMBL5092600_agonist/seed_42/POOL_CHEMBL5092600_agonist_seed_42_sample_2_model.cif,0.36303195357322693,0.41954562067985535,0.05651366710662842,agonist,201
H3__pool120_POOL_CHEMBL5092956_agonist_seed_42_POOL_CHEMBL5092956_agonist_seed_42_sample_1_model,/home/lyceum/h3/out/pool120/POOL_CHEMBL5092956_agonist/seed_42/POOL_CHEMBL5092956_agonist_seed_42_sample_1_model.cif,0.6397455930709839,4.383100509643555,3.743354916572571,agonist,201
H3__pool120_POOL_CHEMBL5092956_agonist_seed_42_POOL_CHEMBL5092956_agonist_seed_42_sample_2_model,/home/lyceum/h3/out/pool120/POOL_CHEMBL5092956_agonist/seed_42/POOL_CHEMBL5092956_agonist_seed_42_sample_2_model.cif,0.23806339502334595,0.35281261801719666,0.11474922299385071,agonist,201
H3__pool120_POOL_CHEMBL5401254_agonist_seed_42_POOL_CHEMBL5401254_agonist_seed_42_sample_1_model,/home/lyceum/h3/out/pool120/POOL_CHEMBL5401254_agonist/seed_42/POOL_CHEMBL5401254_agonist_seed_42_sample_1_model.cif,0.617792546749115,4.463869094848633,3.846076548099518,agonist,201
H3__pool120_POOL_CHEMBL5401254_agonist_seed_42_POOL_CHEMBL5401254_agonist_seed_42_sample_2_model,/home/lyceum/h3/out/pool120/POOL_CHEMBL5401254_agonist/seed_42/POOL_CHEMBL5401254_agonist_seed_42_sample_2_model.cif,0.39540380239486694,0.38510268926620483,0.01030111312866211,antagonist,201
H3__pool120_POOL_CHEMBL5401542_agonist_seed_42_POOL_CHEMBL5401542_agonist_seed_42_sample_1_model,/home/lyceum/h3/out/pool120/POOL_CHEMBL5401542_agonist/seed_42/POOL_CHEMBL5401542_agonist_seed_42_sample_1_model.cif,0.639858067035675,4.500809669494629,3.860951602458954,agonist,201
H3__pool120_POOL_CHEMBL5401542_agonist_seed_42_POOL_CHEMBL5401542_agonist_seed_42_sample_2_model,/home/lyceum/h3/out/pool120/POOL_CHEMBL5401542_agonist/seed_42/POOL_CHEMBL5401542_agonist_seed_42_sample_2_model.cif,0.29135727882385254,0.3319952189922333,0.04063794016838074,agonist,201
H3__pool120_POOL_CHEMBL5408607_agonist_seed_42_POOL_CHEMBL5408607_agonist_seed_42_sample_1_model,/home/lyceum/h3/out/pool120/POOL_CHEMBL5408607_agonist/seed_42/POOL_CHEMBL5408607_agonist_seed_42_sample_1_model.cif,0.5949606895446777,4.631638526916504,4.036677837371826,agonist,201
H3__pool120_POOL_CHEMBL5408607_agonist_seed_42_POOL_CHEMBL5408607_agonist_seed_42_sample_2_model,/home/lyceum/h3/out/pool120/POOL_CHEMBL5408607_agonist/seed_42/POOL_CHEMBL5408607_agonist_seed_42_sample_2_model.cif,0.33079949021339417,0.324410080909729,0.006389409303665161,antagonist,201
H3__pool120_POOL_CHEMBL5409745_antagonist_seed_42_POOL_CHEMBL5409745_antagonist_seed_42_sample_1_model,/home/lyceum/h3/out/pool120/POOL_CHEMBL5409745_antagonist/seed_42/POOL_CHEMBL5409745_antagonist_seed_42_sample_1_model.cif,3.278219223022461,2.1450958251953125,1.1331233978271484,antagonist,201
H3__pool120_POOL_CHEMBL5409745_antagonist_seed_42_POOL_CHEMBL5409745_antagonist_seed_42_sample_2_model,/home/lyceum/h3/out/pool120/POOL_CHEMBL5409745_antagonist/seed_42/POOL_CHEMBL5409745_antagonist_seed_42_sample_2_model.cif,5.9884724617004395,1.7542539834976196,4.23421847820282,antagonist,201
H3__pool120_POOL_CHEMBL5410038_agonist_seed_42_POOL_CHEMBL5410038_agonist_seed_42_sample_1_model,/home/lyceum/h3/out/pool120/POOL_CHEMBL5410038_agonist/seed_42/POOL_CHEMBL5410038_agonist_seed_42_sample_1_model.cif,0.6509132385253906,4.386259078979492,3.7353458404541016,agonist,201
H3__pool120_POOL_CHEMBL5410038_agonist_seed_42_POOL_CHEMBL5410038_agonist_seed_42_sample_2_model,/home/lyceum/h3/out/pool120/POOL_CHEMBL5410038_agonist/seed_42/POOL_CHEMBL5410038_agonist_seed_42_sample_2_model.cif,0.28324979543685913,0.3280072510242462,0.044757455587387085,agonist,201
H3__pool120_POOL_CHEMBL5413139_agonist_seed_42_POOL_CHEMBL5413139_agonist_seed_42_sample_1_model,/home/lyceum/h3/out/pool120/POOL_CHEMBL5413139_agonist/seed_42/POOL_CHEMBL5413139_agonist_seed_42_sample_1_model.cif,0.5939419865608215,4.621723175048828,4.027781188488007,agonist,201
H3__pool120_POOL_CHEMBL5413139_agonist_seed_42_POOL_CHEMBL5413139_agonist_seed_42_sample_2_model,/home/lyceum/h3/out/pool120/POOL_CHEMBL5413139_agonist/seed_42/POOL_CHEMBL5413139_agonist_seed_42_sample_2_model.cif,0.3156278133392334,0.3198626935482025,0.004234880208969116,agonist,201
H3__pool120_POOL_CHEMBL5418139_antagonist_seed_42_POOL_CHEMBL5418139_antagonist_seed_42_sample_1_model,/home/lyceum/h3/out/pool120/POOL_CHEMBL5418139_antagonist/seed_42/POOL_CHEMBL5418139_antagonist_seed_42_sample_1_model.cif,0.47441884875297546,1.051648497581482,0.5772296488285065,agonist,201
H3__pool120_POOL_CHEMBL5418139_antagonist_seed_42_POOL_CHEMBL5418139_antagonist_seed_42_sample_2_model,/home/lyceum/h3/out/pool120/POOL_CHEMBL5418139_antagonist/seed_42/POOL_CHEMBL5418139_antagonist_seed_42_sample_2_model.cif,0.32352742552757263,1.2181392908096313,0.8946118652820587,agonist,201
H3__pool120_POOL_CHEMBL5420330_agonist_seed_42_POOL_CHEMBL5420330_agonist_seed_42_sample_1_model,/home/lyceum/h3/out/pool120/POOL_CHEMBL5420330_agonist/seed_42/POOL_CHEMBL5420330_agonist_seed_42_sample_1_model.cif,0.6460071802139282,4.472877502441406,3.826870322227478,agonist,201
H3__pool120_POOL_CHEMBL5420330_agonist_seed_42_POOL_CHEMBL5420330_agonist_seed_42_sample_2_model,/home/lyceum/h3/out/pool120/POOL_CHEMBL5420330_agonist/seed_42/POOL_CHEMBL5420330_agonist_seed_42_sample_2_model.cif,0.291408509016037,0.3328869044780731,0.04147839546203613,agonist,201
H3__pool120_POOL_CHEMBL5424936_antagonist_seed_42_POOL_CHEMBL5424936_antagonist_seed_42_sample_1_model,/home/lyceum/h3/out/pool120/POOL_CHEMBL5424936_antagonist/seed_42/POOL_CHEMBL5424936_antagonist_seed_42_sample_1_model.cif,0.5203606486320496,1.0396748781204224,0.5193142294883728,agonist,201
H3__pool120_POOL_CHEMBL5424936_antagonist_seed_42_POOL_CHEMBL5424936_antagonist_seed_42_sample_2_model,/home/lyceum/h3/out/pool120/POOL_CHEMBL5424936_antagonist/seed_42/POOL_CHEMBL5424936_antagonist_seed_42_sample_2_model.cif,0.48715996742248535,1.3128283023834229,0.8256683349609375,agonist,201
H3__pool120_POOL_CHEMBL5425541_agonist_seed_42_POOL_CHEMBL5425541_agonist_seed_42_sample_1_model,/home/lyceum/h3/out/pool120/POOL_CHEMBL5425541_agonist/seed_42/POOL_CHEMBL5425541_agonist_seed_42_sample_1_model.cif,0.6029709577560425,4.531975269317627,3.9290043115615845,agonist,201
H3__pool120_POOL_CHEMBL5425541_agonist_seed_42_POOL_CHEMBL5425541_agonist_seed_42_sample_2_model,/home/lyceum/h3/out/pool120/POOL_CHEMBL5425541_agonist/seed_42/POOL_CHEMBL5425541_agonist_seed_42_sample_2_model.cif,0.3170970380306244,0.4049297571182251,0.08783271908760071,agonist,201
H3__pool120_POOL_CHEMBL5431510_agonist_seed_42_POOL_CHEMBL5431510_agonist_seed_42_sample_1_model,/home/lyceum/h3/out/pool120/POOL_CHEMBL5431510_agonist/seed_42/POOL_CHEMBL5431510_agonist_seed_42_sample_1_model.cif,0.6496189832687378,0.31848275661468506,0.33113622665405273,antagonist,201
H3__pool120_POOL_CHEMBL5431510_agonist_seed_42_POOL_CHEMBL5431510_agonist_seed_42_sample_2_model,/home/lyceum/h3/out/pool120/POOL_CHEMBL5431510_agonist/seed_42/POOL_CHEMBL5431510_agonist_seed_42_sample_2_model.cif,0.3728325664997101,0.3353424668312073,0.03749009966850281,antagonist,201
H3__pool120_POOL_CHEMBL5433435_antagonist_seed_42_POOL_CHEMBL5433435_antagonist_seed_42_sample_1_model,/home/lyceum/h3/out/pool120/POOL_CHEMBL5433435_antagonist/seed_42/POOL_CHEMBL5433435_antagonist_seed_42_sample_1_model.cif,0.3931761085987091,1.1129467487335205,0.7197706401348114,agonist,201
H3__pool120_POOL_CHEMBL5433435_antagonist_seed_42_POOL_CHEMBL5433435_antagonist_seed_42_sample_2_model,/home/lyceum/h3/out/pool120/POOL_CHEMBL5433435_antagonist/seed_42/POOL_CHEMBL5433435_antagonist_seed_42_sample_2_model.cif,0.36442831158638,1.2029014825820923,0.8384731709957123,agonist,201
H3__pool120_POOL_CHEMBL5434833_agonist_seed_42_POOL_CHEMBL5434833_agonist_seed_42_sample_1_model,/home/lyceum/h3/out/pool120/POOL_CHEMBL5434833_agonist/seed_42/POOL_CHEMBL5434833_agonist_seed_42_sample_1_model.cif,0.6281858086585999,4.446139335632324,3.8179535269737244,agonist,201
H3__pool120_POOL_CHEMBL5434833_agonist_seed_42_POOL_CHEMBL5434833_agonist_seed_42_sample_2_model,/home/lyceum/h3/out/pool120/POOL_CHEMBL5434833_agonist/seed_42/POOL_CHEMBL5434833_agonist_seed_42_sample_2_model.cif,0.33603084087371826,0.3306029736995697,0.00542786717414856,antagonist,201
H3__pool120_POOL_CHEMBL5436004_agonist_seed_42_POOL_CHEMBL5436004_agonist_seed_42_sample_1_model,/home/lyceum/h3/out/pool120/POOL_CHEMBL5436004_agonist/seed_42/POOL_CHEMBL5436004_agonist_seed_42_sample_1_model.cif,0.6304967403411865,4.448594570159912,3.8180978298187256,agonist,201
H3__pool120_POOL_CHEMBL5436004_agonist_seed_42_POOL_CHEMBL5436004_agonist_seed_42_sample_2_model,/home/lyceum/h3/out/pool120/POOL_CHEMBL5436004_agonist/seed_42/POOL_CHEMBL5436004_agonist_seed_42_sample_2_model.cif,0.3349790871143341,0.3352794051170349,0.00030031800270080566,agonist,201
H3__pool120_POOL_CHEMBL5438268_antagonist_seed_42_POOL_CHEMBL5438268_antagonist_seed_42_sample_1_model,/home/lyceum/h3/out/pool120/POOL_CHEMBL5438268_antagonist/seed_42/POOL_CHEMBL5438268_antagonist_seed_42_sample_1_model.cif,0.4904710650444031,1.0145132541656494,0.5240421891212463,agonist,201
H3__pool120_POOL_CHEMBL5438268_antagonist_seed_42_POOL_CHEMBL5438268_antagonist_seed_42_sample_2_model,/home/lyceum/h3/out/pool120/POOL_CHEMBL5438268_antagonist/seed_42/POOL_CHEMBL5438268_antagonist_seed_42_sample_2_model.cif,0.38289496302604675,1.5516579151153564,1.1687629520893097,agonist,201
H3__pool120_POOL_CHEMBL5740366_antagonist_seed_42_POOL_CHEMBL5740366_antagonist_seed_42_sample_1_model,/home/lyceum/h3/out/pool120/POOL_CHEMBL5740366_antagonist/seed_42/POOL_CHEMBL5740366_antagonist_seed_42_sample_1_model.cif,4.021843910217285,2.188178062438965,1.8336658477783203,antagonist,201
H3__pool120_POOL_CHEMBL5740366_antagonist_seed_42_POOL_CHEMBL5740366_antagonist_seed_42_sample_2_model,/home/lyceum/h3/out/pool120/POOL_CHEMBL5740366_antagonist/seed_42/POOL_CHEMBL5740366_antagonist_seed_42_sample_2_model.cif,3.793156147003174,2.3354623317718506,1.4576938152313232,antagonist,201
H3__pool120_POOL_CHEMBL5740855_antagonist_seed_42_POOL_CHEMBL5740855_antagonist_seed_42_sample_1_model,/home/lyceum/h3/out/pool120/POOL_CHEMBL5740855_antagonist/seed_42/POOL_CHEMBL5740855_antagonist_seed_42_sample_1_model.cif,4.177358627319336,2.1189706325531006,2.0583879947662354,antagonist,201
H3__pool120_POOL_CHEMBL5740855_antagonist_seed_42_POOL_CHEMBL5740855_antagonist_seed_42_sample_2_model,/home/lyceum/h3/out/pool120/POOL_CHEMBL5740855_antagonist/seed_42/POOL_CHEMBL5740855_antagonist_seed_42_sample_2_model.cif,4.386648654937744,2.199092149734497,2.187556505203247,antagonist,201
H3__pool120_POOL_CHEMBL5741244_agonist_seed_42_POOL_CHEMBL5741244_agonist_seed_42_sample_1_model,/home/lyceum/h3/out/pool120/POOL_CHEMBL5741244_agonist/seed_42/POOL_CHEMBL5741244_agonist_seed_42_sample_1_model.cif,6.088287353515625,1.3999959230422974,4.688291430473328,antagonist,201
H3__pool120_POOL_CHEMBL5741244_agonist_seed_42_POOL_CHEMBL5741244_agonist_seed_42_sample_2_model,/home/lyceum/h3/out/pool120/POOL_CHEMBL5741244_agonist/seed_42/POOL_CHEMBL5741244_agonist_seed_42_sample_2_model.cif,7.184441566467285,1.463125228881836,5.721316337585449,antagonist,201
H3__pool120_POOL_CHEMBL5742173_antagonist_seed_42_POOL_CHEMBL5742173_antagonist_seed_42_sample_1_model,/home/lyceum/h3/out/pool120/POOL_CHEMBL5742173_antagonist/seed_42/POOL_CHEMBL5742173_antagonist_seed_42_sample_1_model.cif,3.5841495990753174,2.363276243209839,1.2208733558654785,antagonist,201
H3__pool120_POOL_CHEMBL5742173_antagonist_seed_42_POOL_CHEMBL5742173_antagonist_seed_42_sample_2_model,/home/lyceum/h3/out/pool120/POOL_CHEMBL5742173_antagonist/seed_42/POOL_CHEMBL5742173_antagonist_seed_42_sample_2_model.cif,3.9429025650024414,2.582019329071045,1.3608832359313965,antagonist,201
H3__pool120_POOL_CHEMBL5755790_antagonist_seed_42_POOL_CHEMBL5755790_antagonist_seed_42_sample_1_model,/home/lyceum/h3/out/pool120/POOL_CHEMBL5755790_antagonist/seed_42/POOL_CHEMBL5755790_antagonist_seed_42_sample_1_model.cif,3.8185083866119385,2.2222766876220703,1.5962316989898682,antagonist,201
H3__pool120_POOL_CHEMBL5755790_antagonist_seed_42_POOL_CHEMBL5755790_antagonist_seed_42_sample_2_model,/home/lyceum/h3/out/pool120/POOL_CHEMBL5755790_antagonist/seed_42/POOL_CHEMBL5755790_antagonist_seed_42_sample_2_model.cif,3.963675022125244,2.2370452880859375,1.7266297340393066,antagonist,201
H3__pool120_POOL_CHEMBL5757163_antagonist_seed_42_POOL_CHEMBL5757163_antagonist_seed_42_sample_1_model,/home/lyceum/h3/out/pool120/POOL_CHEMBL5757163_antagonist/seed_42/POOL_CHEMBL5757163_antagonist_seed_42_sample_1_model.cif,4.055966377258301,2.3801233768463135,1.6758430004119873,antagonist,201
H3__pool120_POOL_CHEMBL5757163_antagonist_seed_42_POOL_CHEMBL5757163_antagonist_seed_42_sample_2_model,/home/lyceum/h3/out/pool120/POOL_CHEMBL5757163_antagonist/seed_42/POOL_CHEMBL5757163_antagonist_seed_42_sample_2_model.cif,4.0079545974731445,2.6644656658172607,1.3434889316558838,antagonist,201
H3__pool120_POOL_CHEMBL5786443_antagonist_seed_42_POOL_CHEMBL5786443_antagonist_seed_42_sample_1_model,/home/lyceum/h3/out/pool120/POOL_CHEMBL5786443_antagonist/seed_42/POOL_CHEMBL5786443_antagonist_seed_42_sample_1_model.cif,3.919422149658203,2.244115114212036,1.675307035446167,antagonist,201
H3__pool120_POOL_CHEMBL5786443_antagonist_seed_42_POOL_CHEMBL5786443_antagonist_seed_42_sample_2_model,/home/lyceum/h3/out/pool120/POOL_CHEMBL5786443_antagonist/seed_42/POOL_CHEMBL5786443_antagonist_seed_42_sample_2_model.cif,3.9208314418792725,2.306507110595703,1.6143243312835693,antagonist,201
H3__pool120_POOL_CHEMBL5795554_antagonist_seed_42_POOL_CHEMBL5795554_antagonist_seed_42_sample_1_model,/home/lyceum/h3/out/pool120/POOL_CHEMBL5795554_antagonist/seed_42/POOL_CHEMBL5795554_antagonist_seed_42_sample_1_model.cif,4.113163948059082,2.307756185531616,1.8054077625274658,antagonist,201
H3__pool120_POOL_CHEMBL5795554_antagonist_seed_42_POOL_CHEMBL5795554_antagonist_seed_42_sample_2_model,/home/lyceum/h3/out/pool120/POOL_CHEMBL5795554_antagonist/seed_42/POOL_CHEMBL5795554_antagonist_seed_42_sample_2_model.cif,4.175847053527832,1.9115346670150757,2.2643123865127563,antagonist,201
H3__pool120_POOL_CHEMBL5801363_agonist_seed_42_POOL_CHEMBL5801363_agonist_seed_42_sample_1_model,/home/lyceum/h3/out/pool120/POOL_CHEMBL5801363_agonist/seed_42/POOL_CHEMBL5801363_agonist_seed_42_sample_1_model.cif,0.4997466504573822,1.3093000650405884,0.8095534145832062,agonist,201
H3__pool120_POOL_CHEMBL5801363_agonist_seed_42_POOL_CHEMBL5801363_agonist_seed_42_sample_2_model,/home/lyceum/h3/out/pool120/POOL_CHEMBL5801363_agonist/seed_42/POOL_CHEMBL5801363_agonist_seed_42_sample_2_model.cif,0.38254207372665405,0.4277847409248352,0.04524266719818115,agonist,201
H3__pool120_POOL_CHEMBL5817629_antagonist_seed_42_POOL_CHEMBL5817629_antagonist_seed_42_sample_1_model,/home/lyceum/h3/out/pool120/POOL_CHEMBL5817629_antagonist/seed_42/POOL_CHEMBL5817629_antagonist_seed_42_sample_1_model.cif,3.785130739212036,1.8004374504089355,1.9846932888031006,antagonist,201
H3__pool120_POOL_CHEMBL5817629_antagonist_seed_42_POOL_CHEMBL5817629_antagonist_seed_42_sample_2_model,/home/lyceum/h3/out/pool120/POOL_CHEMBL5817629_antagonist/seed_42/POOL_CHEMBL5817629_antagonist_seed_42_sample_2_model.cif,3.8108975887298584,2.9398343563079834,0.871063232421875,antagonist,201
H3__pool120_POOL_CHEMBL5824934_antagonist_seed_42_POOL_CHEMBL5824934_antagonist_seed_42_sample_1_model,/home/lyceum/h3/out/pool120/POOL_CHEMBL5824934_antagonist/seed_42/POOL_CHEMBL5824934_antagonist_seed_42_sample_1_model.cif,4.155521869659424,2.212479829788208,1.9430420398712158,antagonist,201
H3__pool120_POOL_CHEMBL5824934_antagonist_seed_42_POOL_CHEMBL5824934_antagonist_seed_42_sample_2_model,/home/lyceum/h3/out/pool120/POOL_CHEMBL5824934_antagonist/seed_42/POOL_CHEMBL5824934_antagonist_seed_42_sample_2_model.cif,4.29092264175415,1.500268578529358,2.7906540632247925,antagonist,201
H3__pool120_POOL_CHEMBL5827660_agonist_seed_42_POOL_CHEMBL5827660_agonist_seed_42_sample_1_model,/home/lyceum/h3/out/pool120/POOL_CHEMBL5827660_agonist/seed_42/POOL_CHEMBL5827660_agonist_seed_42_sample_1_model.cif,6.716351509094238,1.6373211145401,5.079030394554138,antagonist,201
H3__pool120_POOL_CHEMBL5827660_agonist_seed_42_POOL_CHEMBL5827660_agonist_seed_42_sample_2_model,/home/lyceum/h3/out/pool120/POOL_CHEMBL5827660_agonist/seed_42/POOL_CHEMBL5827660_agonist_seed_42_sample_2_model.cif,4.126109600067139,1.6814994812011719,2.444610118865967,antagonist,201
H3__pool120_POOL_CHEMBL5830559_antagonist_seed_42_POOL_CHEMBL5830559_antagonist_seed_42_sample_1_model,/home/lyceum/h3/out/pool120/POOL_CHEMBL5830559_antagonist/seed_42/POOL_CHEMBL5830559_antagonist_seed_42_sample_1_model.cif,4.011857032775879,2.22684383392334,1.785013198852539,antagonist,201
H3__pool120_POOL_CHEMBL5830559_antagonist_seed_42_POOL_CHEMBL5830559_antagonist_seed_42_sample_2_model,/home/lyceum/h3/out/pool120/POOL_CHEMBL5830559_antagonist/seed_42/POOL_CHEMBL5830559_antagonist_seed_42_sample_2_model.cif,4.437715530395508,2.176211357116699,2.2615041732788086,antagonist,201
H3__pool120_POOL_CHEMBL5834744_antagonist_seed_42_POOL_CHEMBL5834744_antagonist_seed_42_sample_1_model,/home/lyceum/h3/out/pool120/POOL_CHEMBL5834744_antagonist/seed_42/POOL_CHEMBL5834744_antagonist_seed_42_sample_1_model.cif,3.459620952606201,2.389831304550171,1.0697896480560303,antagonist,201
H3__pool120_POOL_CHEMBL5834744_antagonist_seed_42_POOL_CHEMBL5834744_antagonist_seed_42_sample_2_model,/home/lyceum/h3/out/pool120/POOL_CHEMBL5834744_antagonist/seed_42/POOL_CHEMBL5834744_antagonist_seed_42_sample_2_model.cif,4.05269193649292,2.5306057929992676,1.5220861434936523,antagonist,201
H3__pool120_POOL_CHEMBL5847061_antagonist_seed_42_POOL_CHEMBL5847061_antagonist_seed_42_sample_1_model,/home/lyceum/h3/out/pool120/POOL_CHEMBL5847061_antagonist/seed_42/POOL_CHEMBL5847061_antagonist_seed_42_sample_1_model.cif,3.7471892833709717,2.3732664585113525,1.3739228248596191,antagonist,201
H3__pool120_POOL_CHEMBL5847061_antagonist_seed_42_POOL_CHEMBL5847061_antagonist_seed_42_sample_2_model,/home/lyceum/h3/out/pool120/POOL_CHEMBL5847061_antagonist/seed_42/POOL_CHEMBL5847061_antagonist_seed_42_sample_2_model.cif,4.345799446105957,2.0713624954223633,2.2744369506835938,antagonist,201
H3__pool120_POOL_CHEMBL5852043_antagonist_seed_42_POOL_CHEMBL5852043_antagonist_seed_42_sample_1_model,/home/lyceum/h3/out/pool120/POOL_CHEMBL5852043_antagonist/seed_42/POOL_CHEMBL5852043_antagonist_seed_42_sample_1_model.cif,3.6537232398986816,2.303215742111206,1.3505074977874756,antagonist,201
H3__pool120_POOL_CHEMBL5852043_antagonist_seed_42_POOL_CHEMBL5852043_antagonist_seed_42_sample_2_model,/home/lyceum/h3/out/pool120/POOL_CHEMBL5852043_antagonist/seed_42/POOL_CHEMBL5852043_antagonist_seed_42_sample_2_model.cif,4.303030490875244,2.135035276412964,2.1679952144622803,antagonist,201
H3__pool120_POOL_CHEMBL5859342_antagonist_seed_42_POOL_CHEMBL5859342_antagonist_seed_42_sample_1_model,/home/lyceum/h3/out/pool120/POOL_CHEMBL5859342_antagonist/seed_42/POOL_CHEMBL5859342_antagonist_seed_42_sample_1_model.cif,4.361349582672119,1.788183569908142,2.573166012763977,antagonist,201
H3__pool120_POOL_CHEMBL5859342_antagonist_seed_42_POOL_CHEMBL5859342_antagonist_seed_42_sample_2_model,/home/lyceum/h3/out/pool120/POOL_CHEMBL5859342_antagonist/seed_42/POOL_CHEMBL5859342_antagonist_seed_42_sample_2_model.cif,5.010664463043213,1.603715181350708,3.406949281692505,antagonist,201
H3__pool120_POOL_CHEMBL5860429_antagonist_seed_42_POOL_CHEMBL5860429_antagonist_seed_42_sample_1_model,/home/lyceum/h3/out/pool120/POOL_CHEMBL5860429_antagonist/seed_42/POOL_CHEMBL5860429_antagonist_seed_42_sample_1_model.cif,4.092735767364502,2.3592588901519775,1.7334768772125244,antagonist,201
H3__pool120_POOL_CHEMBL5860429_antagonist_seed_42_POOL_CHEMBL5860429_antagonist_seed_42_sample_2_model,/home/lyceum/h3/out/pool120/POOL_CHEMBL5860429_antagonist/seed_42/POOL_CHEMBL5860429_antagonist_seed_42_sample_2_model.cif,3.755042552947998,2.200551748275757,1.5544908046722412,antagonist,201
H3__pool120_POOL_CHEMBL5863097_antagonist_seed_42_POOL_CHEMBL5863097_antagonist_seed_42_sample_1_model,/home/lyceum/h3/out/pool120/POOL_CHEMBL5863097_antagonist/seed_42/POOL_CHEMBL5863097_antagonist_seed_42_sample_1_model.cif,3.7882070541381836,2.1206674575805664,1.6675395965576172,antagonist,201
H3__pool120_POOL_CHEMBL5863097_antagonist_seed_42_POOL_CHEMBL5863097_antagonist_seed_42_sample_2_model,/home/lyceum/h3/out/pool120/POOL_CHEMBL5863097_antagonist/seed_42/POOL_CHEMBL5863097_antagonist_seed_42_sample_2_model.cif,3.9940295219421387,2.2916150093078613,1.7024145126342773,antagonist,201
H3__pool120_POOL_CHEMBL5864404_agonist_seed_42_POOL_CHEMBL5864404_agonist_seed_42_sample_1_model,/home/lyceum/h3/out/pool120/POOL_CHEMBL5864404_agonist/seed_42/POOL_CHEMBL5864404_agonist_seed_42_sample_1_model.cif,0.5079954266548157,1.5171287059783936,1.0091332793235779,agonist,201
H3__pool120_POOL_CHEMBL5864404_agonist_seed_42_POOL_CHEMBL5864404_agonist_seed_42_sample_2_model,/home/lyceum/h3/out/pool120/POOL_CHEMBL5864404_agonist/seed_42/POOL_CHEMBL5864404_agonist_seed_42_sample_2_model.cif,0.2555418908596039,0.4096999168395996,0.15415802597999573,agonist,201
H3__pool120_POOL_CHEMBL5864984_agonist_seed_42_POOL_CHEMBL5864984_agonist_seed_42_sample_1_model,/home/lyceum/h3/out/pool120/POOL_CHEMBL5864984_agonist/seed_42/POOL_CHEMBL5864984_agonist_seed_42_sample_1_model.cif,0.5282832384109497,1.0833152532577515,0.5550320148468018,agonist,201
H3__pool120_POOL_CHEMBL5864984_agonist_seed_42_POOL_CHEMBL5864984_agonist_seed_42_sample_2_model,/home/lyceum/h3/out/pool120/POOL_CHEMBL5864984_agonist/seed_42/POOL_CHEMBL5864984_agonist_seed_42_sample_2_model.cif,0.3093219995498657,1.227429747581482,0.9181077480316162,agonist,201
H3__pool120_POOL_CHEMBL5867155_agonist_seed_42_POOL_CHEMBL5867155_agonist_seed_42_sample_1_model,/home/lyceum/h3/out/pool120/POOL_CHEMBL5867155_agonist/seed_42/POOL_CHEMBL5867155_agonist_seed_42_sample_1_model.cif,0.5376403331756592,1.1104645729064941,0.572824239730835,agonist,201
H3__pool120_POOL_CHEMBL5867155_agonist_seed_42_POOL_CHEMBL5867155_agonist_seed_42_sample_2_model,/home/lyceum/h3/out/pool120/POOL_CHEMBL5867155_agonist/seed_42/POOL_CHEMBL5867155_agonist_seed_42_sample_2_model.cif,2.2829129695892334,1.5962284803390503,0.6866844892501831,antagonist,201
H3__pool120_POOL_CHEMBL5868879_antagonist_seed_42_POOL_CHEMBL5868879_antagonist_seed_42_sample_1_model,/home/lyceum/h3/out/pool120/POOL_CHEMBL5868879_antagonist/seed_42/POOL_CHEMBL5868879_antagonist_seed_42_sample_1_model.cif,4.027334690093994,2.2195820808410645,1.8077526092529297,antagonist,201
H3__pool120_POOL_CHEMBL5868879_antagonist_seed_42_POOL_CHEMBL5868879_antagonist_seed_42_sample_2_model,/home/lyceum/h3/out/pool120/POOL_CHEMBL5868879_antagonist/seed_42/POOL_CHEMBL5868879_antagonist_seed_42_sample_2_model.cif,3.9528799057006836,2.7624423503875732,1.1904375553131104,antagonist,201
H3__pool120_POOL_CHEMBL5880629_antagonist_seed_42_POOL_CHEMBL5880629_antagonist_seed_42_sample_1_model,/home/lyceum/h3/out/pool120/POOL_CHEMBL5880629_antagonist/seed_42/POOL_CHEMBL5880629_antagonist_seed_42_sample_1_model.cif,3.978163957595825,1.9858287572860718,1.9923352003097534,antagonist,201
H3__pool120_POOL_CHEMBL5880629_antagonist_seed_42_POOL_CHEMBL5880629_antagonist_seed_42_sample_2_model,/home/lyceum/h3/out/pool120/POOL_CHEMBL5880629_antagonist/seed_42/POOL_CHEMBL5880629_antagonist_seed_42_sample_2_model.cif,4.5907416343688965,1.4923028945922852,3.0984387397766113,antagonist,201
H3__pool120_POOL_CHEMBL5900812_antagonist_seed_42_POOL_CHEMBL5900812_antagonist_seed_42_sample_1_model,/home/lyceum/h3/out/pool120/POOL_CHEMBL5900812_antagonist/seed_42/POOL_CHEMBL5900812_antagonist_seed_42_sample_1_model.cif,3.450430154800415,2.4379875659942627,1.0124425888061523,antagonist,201
H3__pool120_POOL_CHEMBL5900812_antagonist_seed_42_POOL_CHEMBL5900812_antagonist_seed_42_sample_2_model,/home/lyceum/h3/out/pool120/POOL_CHEMBL5900812_antagonist/seed_42/POOL_CHEMBL5900812_antagonist_seed_42_sample_2_model.cif,4.00502347946167,2.5981080532073975,1.4069154262542725,antagonist,201
H3__pool120_POOL_CHEMBL5908482_antagonist_seed_42_POOL_CHEMBL5908482_antagonist_seed_42_sample_1_model,/home/lyceum/h3/out/pool120/POOL_CHEMBL5908482_antagonist/seed_42/POOL_CHEMBL5908482_antagonist_seed_42_sample_1_model.cif,4.118934154510498,2.201409101486206,1.917525053024292,antagonist,201
H3__pool120_POOL_CHEMBL5908482_antagonist_seed_42_POOL_CHEMBL5908482_antagonist_seed_42_sample_2_model,/home/lyceum/h3/out/pool120/POOL_CHEMBL5908482_antagonist/seed_42/POOL_CHEMBL5908482_antagonist_seed_42_sample_2_model.cif,3.967170476913452,2.580028533935547,1.3871419429779053,antagonist,201
H3__pool120_POOL_CHEMBL5934872_antagonist_seed_42_POOL_CHEMBL5934872_antagonist_seed_42_sample_1_model,/home/lyceum/h3/out/pool120/POOL_CHEMBL5934872_antagonist/seed_42/POOL_CHEMBL5934872_antagonist_seed_42_sample_1_model.cif,3.9193480014801025,2.120248317718506,1.7990996837615967,antagonist,201
H3__pool120_POOL_CHEMBL5934872_antagonist_seed_42_POOL_CHEMBL5934872_antagonist_seed_42_sample_2_model,/home/lyceum/h3/out/pool120/POOL_CHEMBL5934872_antagonist/seed_42/POOL_CHEMBL5934872_antagonist_seed_42_sample_2_model.cif,4.569713115692139,1.8100483417510986,2.75966477394104,antagonist,201
H3__pool120_POOL_CHEMBL5937804_antagonist_seed_42_POOL_CHEMBL5937804_antagonist_seed_42_sample_1_model,/home/lyceum/h3/out/pool120/POOL_CHEMBL5937804_antagonist/seed_42/POOL_CHEMBL5937804_antagonist_seed_42_sample_1_model.cif,3.462233781814575,2.1822776794433594,1.2799561023712158,antagonist,201
H3__pool120_POOL_CHEMBL5937804_antagonist_seed_42_POOL_CHEMBL5937804_antagonist_seed_42_sample_2_model,/home/lyceum/h3/out/pool120/POOL_CHEMBL5937804_antagonist/seed_42/POOL_CHEMBL5937804_antagonist_seed_42_sample_2_model.cif,3.309873104095459,2.487358570098877,0.822514533996582,antagonist,201
H3__pool120_POOL_CHEMBL5939878_antagonist_seed_42_POOL_CHEMBL5939878_antagonist_seed_42_sample_1_model,/home/lyceum/h3/out/pool120/POOL_CHEMBL5939878_antagonist/seed_42/POOL_CHEMBL5939878_antagonist_seed_42_sample_1_model.cif,4.504975318908691,2.2246792316436768,2.2802960872650146,antagonist,201
H3__pool120_POOL_CHEMBL5939878_antagonist_seed_42_POOL_CHEMBL5939878_antagonist_seed_42_sample_2_model,/home/lyceum/h3/out/pool120/POOL_CHEMBL5939878_antagonist/seed_42/POOL_CHEMBL5939878_antagonist_seed_42_sample_2_model.cif,4.196246147155762,2.2918925285339355,1.9043536186218262,antagonist,201
H3__pool120_POOL_CHEMBL5943552_antagonist_seed_42_POOL_CHEMBL5943552_antagonist_seed_42_sample_1_model,/home/lyceum/h3/out/pool120/POOL_CHEMBL5943552_antagonist/seed_42/POOL_CHEMBL5943552_antagonist_seed_42_sample_1_model.cif,4.092254161834717,2.2701656818389893,1.8220884799957275,antagonist,201
H3__pool120_POOL_CHEMBL5943552_antagonist_seed_42_POOL_CHEMBL5943552_antagonist_seed_42_sample_2_model,/home/lyceum/h3/out/pool120/POOL_CHEMBL5943552_antagonist/seed_42/POOL_CHEMBL5943552_antagonist_seed_42_sample_2_model.cif,4.01060152053833,2.841289520263672,1.1693120002746582,antagonist,201
H3__pool120_POOL_CHEMBL5949130_antagonist_seed_42_POOL_CHEMBL5949130_antagonist_seed_42_sample_1_model,/home/lyceum/h3/out/pool120/POOL_CHEMBL5949130_antagonist/seed_42/POOL_CHEMBL5949130_antagonist_seed_42_sample_1_model.cif,3.5914812088012695,1.7930753231048584,1.7984058856964111,antagonist,201
H3__pool120_POOL_CHEMBL5949130_antagonist_seed_42_POOL_CHEMBL5949130_antagonist_seed_42_sample_2_model,/home/lyceum/h3/out/pool120/POOL_CHEMBL5949130_antagonist/seed_42/POOL_CHEMBL5949130_antagonist_seed_42_sample_2_model.cif,4.906477451324463,1.6488845348358154,3.2575929164886475,antagonist,201
H3__pool120_POOL_CHEMBL5964745_antagonist_seed_42_POOL_CHEMBL5964745_antagonist_seed_42_sample_1_model,/home/lyceum/h3/out/pool120/POOL_CHEMBL5964745_antagonist/seed_42/POOL_CHEMBL5964745_antagonist_seed_42_sample_1_model.cif,3.6359376907348633,2.2630765438079834,1.3728611469268799,antagonist,201
H3__pool120_POOL_CHEMBL5964745_antagonist_seed_42_POOL_CHEMBL5964745_antagonist_seed_42_sample_2_model,/home/lyceum/h3/out/pool120/POOL_CHEMBL5964745_antagonist/seed_42/POOL_CHEMBL5964745_antagonist_seed_42_sample_2_model.cif,3.9452965259552,2.680406332015991,1.264890193939209,antagonist,201
H3__pool120_POOL_CHEMBL5973554_antagonist_seed_42_POOL_CHEMBL5973554_antagonist_seed_42_sample_1_model,/home/lyceum/h3/out/pool120/POOL_CHEMBL5973554_antagonist/seed_42/POOL_CHEMBL5973554_antagonist_seed_42_sample_1_model.cif,3.649853467941284,2.3825042247772217,1.2673492431640625,antagonist,201
H3__pool120_POOL_CHEMBL5973554_antagonist_seed_42_POOL_CHEMBL5973554_antagonist_seed_42_sample_2_model,/home/lyceum/h3/out/pool120/POOL_CHEMBL5973554_antagonist/seed_42/POOL_CHEMBL5973554_antagonist_seed_42_sample_2_model.cif,4.245234489440918,2.377697467803955,1.867537021636963,antagonist,201
H3__pool120_POOL_CHEMBL5977227_antagonist_seed_42_POOL_CHEMBL5977227_antagonist_seed_42_sample_1_model,/home/lyceum/h3/out/pool120/POOL_CHEMBL5977227_antagonist/seed_42/POOL_CHEMBL5977227_antagonist_seed_42_sample_1_model.cif,4.044791221618652,2.088176965713501,1.9566142559051514,antagonist,201
H3__pool120_POOL_CHEMBL5977227_antagonist_seed_42_POOL_CHEMBL5977227_antagonist_seed_42_sample_2_model,/home/lyceum/h3/out/pool120/POOL_CHEMBL5977227_antagonist/seed_42/POOL_CHEMBL5977227_antagonist_seed_42_sample_2_model.cif,3.76700758934021,2.6784863471984863,1.0885212421417236,antagonist,201
H3__pool120_POOL_CHEMBL5978464_antagonist_seed_42_POOL_CHEMBL5978464_antagonist_seed_42_sample_1_model,/home/lyceum/h3/out/pool120/POOL_CHEMBL5978464_antagonist/seed_42/POOL_CHEMBL5978464_antagonist_seed_42_sample_1_model.cif,0.6182060837745667,0.33389154076576233,0.2843145430088043,antagonist,201
H3__pool120_POOL_CHEMBL5978464_antagonist_seed_42_POOL_CHEMBL5978464_antagonist_seed_42_sample_2_model,/home/lyceum/h3/out/pool120/POOL_CHEMBL5978464_antagonist/seed_42/POOL_CHEMBL5978464_antagonist_seed_42_sample_2_model.cif,0.472567081451416,1.2556288242340088,0.7830617427825928,agonist,201
H3__pool120_POOL_CHEMBL5984243_antagonist_seed_42_POOL_CHEMBL5984243_antagonist_seed_42_sample_1_model,/home/lyceum/h3/out/pool120/POOL_CHEMBL5984243_antagonist/seed_42/POOL_CHEMBL5984243_antagonist_seed_42_sample_1_model.cif,3.719959259033203,2.4060287475585938,1.3139305114746094,antagonist,201
H3__pool120_POOL_CHEMBL5984243_antagonist_seed_42_POOL_CHEMBL5984243_antagonist_seed_42_sample_2_model,/home/lyceum/h3/out/pool120/POOL_CHEMBL5984243_antagonist/seed_42/POOL_CHEMBL5984243_antagonist_seed_42_sample_2_model.cif,3.9159984588623047,2.5964889526367188,1.319509506225586,antagonist,201
H3__pool120_POOL_CHEMBL5996220_antagonist_seed_42_POOL_CHEMBL5996220_antagonist_seed_42_sample_1_model,/home/lyceum/h3/out/pool120/POOL_CHEMBL5996220_antagonist/seed_42/POOL_CHEMBL5996220_antagonist_seed_42_sample_1_model.cif,3.7573859691619873,2.1914215087890625,1.5659644603729248,antagonist,201
H3__pool120_POOL_CHEMBL5996220_antagonist_seed_42_POOL_CHEMBL5996220_antagonist_seed_42_sample_2_model,/home/lyceum/h3/out/pool120/POOL_CHEMBL5996220_antagonist/seed_42/POOL_CHEMBL5996220_antagonist_seed_42_sample_2_model.cif,3.9215149879455566,2.4277634620666504,1.4937515258789062,antagonist,201
H3__pool120_POOL_CHEMBL5997076_antagonist_seed_42_POOL_CHEMBL5997076_antagonist_seed_42_sample_1_model,/home/lyceum/h3/out/pool120/POOL_CHEMBL5997076_antagonist/seed_42/POOL_CHEMBL5997076_antagonist_seed_42_sample_1_model.cif,4.538127422332764,1.5260438919067383,3.0120835304260254,antagonist,201
H3__pool120_POOL_CHEMBL5997076_antagonist_seed_42_POOL_CHEMBL5997076_antagonist_seed_42_sample_2_model,/home/lyceum/h3/out/pool120/POOL_CHEMBL5997076_antagonist/seed_42/POOL_CHEMBL5997076_antagonist_seed_42_sample_2_model.cif,5.819617748260498,1.3302223682403564,4.489395380020142,antagonist,201
H3__pool120_POOL_CHEMBL6004596_antagonist_seed_42_POOL_CHEMBL6004596_antagonist_seed_42_sample_1_model,/home/lyceum/h3/out/pool120/POOL_CHEMBL6004596_antagonist/seed_42/POOL_CHEMBL6004596_antagonist_seed_42_sample_1_model.cif,3.2969815731048584,1.798818826675415,1.4981627464294434,antagonist,201
H3__pool120_POOL_CHEMBL6004596_antagonist_seed_42_POOL_CHEMBL6004596_antagonist_seed_42_sample_2_model,/home/lyceum/h3/out/pool120/POOL_CHEMBL6004596_antagonist/seed_42/POOL_CHEMBL6004596_antagonist_seed_42_sample_2_model.cif,4.263858795166016,1.3490921258926392,2.9147666692733765,antagonist,201
H3__pool120_POOL_CHEMBL6021812_antagonist_seed_42_POOL_CHEMBL6021812_antagonist_seed_42_sample_1_model,/home/lyceum/h3/out/pool120/POOL_CHEMBL6021812_antagonist/seed_42/POOL_CHEMBL6021812_antagonist_seed_42_sample_1_model.cif,3.962857723236084,2.3537890911102295,1.6090686321258545,antagonist,201
H3__pool120_POOL_CHEMBL6021812_antagonist_seed_42_POOL_CHEMBL6021812_antagonist_seed_42_sample_2_model,/home/lyceum/h3/out/pool120/POOL_CHEMBL6021812_antagonist/seed_42/POOL_CHEMBL6021812_antagonist_seed_42_sample_2_model.cif,3.80635404586792,2.6987087726593018,1.1076452732086182,antagonist,201
H3__pool120_POOL_CHEMBL6032768_antagonist_seed_42_POOL_CHEMBL6032768_antagonist_seed_42_sample_1_model,/home/lyceum/h3/out/pool120/POOL_CHEMBL6032768_antagonist/seed_42/POOL_CHEMBL6032768_antagonist_seed_42_sample_1_model.cif,4.014823913574219,2.261354923248291,1.7534689903259277,antagonist,201
H3__pool120_POOL_CHEMBL6032768_antagonist_seed_42_POOL_CHEMBL6032768_antagonist_seed_42_sample_2_model,/home/lyceum/h3/out/pool120/POOL_CHEMBL6032768_antagonist/seed_42/POOL_CHEMBL6032768_antagonist_seed_42_sample_2_model.cif,4.579748630523682,2.6287922859191895,1.9509563446044922,antagonist,201
H3__pool120_POOL_CHEMBL6034196_antagonist_seed_42_POOL_CHEMBL6034196_antagonist_seed_42_sample_1_model,/home/lyceum/h3/out/pool120/POOL_CHEMBL6034196_antagonist/seed_42/POOL_CHEMBL6034196_antagonist_seed_42_sample_1_model.cif,4.0139970779418945,2.1752758026123047,1.8387212753295898,antagonist,201
H3__pool120_POOL_CHEMBL6034196_antagonist_seed_42_POOL_CHEMBL6034196_antagonist_seed_42_sample_2_model,/home/lyceum/h3/out/pool120/POOL_CHEMBL6034196_antagonist/seed_42/POOL_CHEMBL6034196_antagonist_seed_42_sample_2_model.cif,3.9995062351226807,2.2517712116241455,1.7477350234985352,antagonist,201
H3__pool120_POOL_CHEMBL6046710_antagonist_seed_42_POOL_CHEMBL6046710_antagonist_seed_42_sample_1_model,/home/lyceum/h3/out/pool120/POOL_CHEMBL6046710_antagonist/seed_42/POOL_CHEMBL6046710_antagonist_seed_42_sample_1_model.cif,4.182743072509766,2.2281014919281006,1.954641580581665,antagonist,201
H3__pool120_POOL_CHEMBL6046710_antagonist_seed_42_POOL_CHEMBL6046710_antagonist_seed_42_sample_2_model,/home/lyceum/h3/out/pool120/POOL_CHEMBL6046710_antagonist/seed_42/POOL_CHEMBL6046710_antagonist_seed_42_sample_2_model.cif,4.212864398956299,1.732419490814209,2.48044490814209,antagonist,201
H3__pool120_POOL_CHEMBL6057772_antagonist_seed_42_POOL_CHEMBL6057772_antagonist_seed_42_sample_1_model,/home/lyceum/h3/out/pool120/POOL_CHEMBL6057772_antagonist/seed_42/POOL_CHEMBL6057772_antagonist_seed_42_sample_1_model.cif,3.7796876430511475,2.1809966564178467,1.5986909866333008,antagonist,201
H3__pool120_POOL_CHEMBL6057772_antagonist_seed_42_POOL_CHEMBL6057772_antagonist_seed_42_sample_2_model,/home/lyceum/h3/out/pool120/POOL_CHEMBL6057772_antagonist/seed_42/POOL_CHEMBL6057772_antagonist_seed_42_sample_2_model.cif,3.951324224472046,2.367445945739746,1.5838782787322998,antagonist,201
H3__pool120_POOL_CHEMBL6062185_antagonist_seed_42_POOL_CHEMBL6062185_antagonist_seed_42_sample_1_model,/home/lyceum/h3/out/pool120/POOL_CHEMBL6062185_antagonist/seed_42/POOL_CHEMBL6062185_antagonist_seed_42_sample_1_model.cif,3.973555564880371,2.186683177947998,1.786872386932373,antagonist,201
H3__pool120_POOL_CHEMBL6062185_antagonist_seed_42_POOL_CHEMBL6062185_antagonist_seed_42_sample_2_model,/home/lyceum/h3/out/pool120/POOL_CHEMBL6062185_antagonist/seed_42/POOL_CHEMBL6062185_antagonist_seed_42_sample_2_model.cif,4.022557258605957,2.3610966205596924,1.6614606380462646,antagonist,201
H3__pool120_POOL_CHEMBL6065414_antagonist_seed_42_POOL_CHEMBL6065414_antagonist_seed_42_sample_1_model,/home/lyceum/h3/out/pool120/POOL_CHEMBL6065414_antagonist/seed_42/POOL_CHEMBL6065414_antagonist_seed_42_sample_1_model.cif,4.223763465881348,2.193354368209839,2.030409097671509,antagonist,201
H3__pool120_POOL_CHEMBL6065414_antagonist_seed_42_POOL_CHEMBL6065414_antagonist_seed_42_sample_2_model,/home/lyceum/h3/out/pool120/POOL_CHEMBL6065414_antagonist/seed_42/POOL_CHEMBL6065414_antagonist_seed_42_sample_2_model.cif,4.212105751037598,1.6467704772949219,2.565335273742676,antagonist,201
H3__rand150_RAND_CHEMBL3218918_agonist_seed_42_RAND_CHEMBL3218918_agonist_seed_42_sample_1_model,/home/lyceum/h3/out/rand150/RAND_CHEMBL3218918_agonist/seed_42/RAND_CHEMBL3218918_agonist_seed_42_sample_1_model.cif,0.5731872320175171,1.0159751176834106,0.44278788566589355,agonist,201
H3__rand150_RAND_CHEMBL3218918_agonist_seed_42_RAND_CHEMBL3218918_agonist_seed_42_sample_2_model,/home/lyceum/h3/out/rand150/RAND_CHEMBL3218918_agonist/seed_42/RAND_CHEMBL3218918_agonist_seed_42_sample_2_model.cif,0.3695913255214691,4.244044303894043,3.874452978372574,agonist,201
H3__rand150_RAND_CHEMBL3218918_agonist_seed_42_RAND_CHEMBL3218918_agonist_seed_42_sample_3_model,/home/lyceum/h3/out/rand150/RAND_CHEMBL3218918_agonist/seed_42/RAND_CHEMBL3218918_agonist_seed_42_sample_3_model.cif,2.8506031036376953,1.7307270765304565,1.1198760271072388,antagonist,201
H3__rand150_RAND_CHEMBL3218918_agonist_seed_42_RAND_CHEMBL3218918_agonist_seed_42_sample_4_model,/home/lyceum/h3/out/rand150/RAND_CHEMBL3218918_agonist/seed_42/RAND_CHEMBL3218918_agonist_seed_42_sample_4_model.cif,0.2921960949897766,1.513106107711792,1.2209100127220154,agonist,201
H3__rand150_RAND_CHEMBL3218918_agonist_seed_42_RAND_CHEMBL3218918_agonist_seed_42_sample_5_model,/home/lyceum/h3/out/rand150/RAND_CHEMBL3218918_agonist/seed_42/RAND_CHEMBL3218918_agonist_seed_42_sample_5_model.cif,2.2818691730499268,1.2146998643875122,1.0671693086624146,antagonist,201
H3__rand150_RAND_CHEMBL3218919_agonist_seed_42_RAND_CHEMBL3218919_agonist_seed_42_sample_1_model,/home/lyceum/h3/out/rand150/RAND_CHEMBL3218919_agonist/seed_42/RAND_CHEMBL3218919_agonist_seed_42_sample_1_model.cif,0.4226919412612915,1.0115752220153809,0.5888832807540894,agonist,201
H3__rand150_RAND_CHEMBL3218919_agonist_seed_42_RAND_CHEMBL3218919_agonist_seed_42_sample_2_model,/home/lyceum/h3/out/rand150/RAND_CHEMBL3218919_agonist/seed_42/RAND_CHEMBL3218919_agonist_seed_42_sample_2_model.cif,2.2712414264678955,1.4596898555755615,0.811551570892334,antagonist,201
H3__rand150_RAND_CHEMBL3218919_agonist_seed_42_RAND_CHEMBL3218919_agonist_seed_42_sample_3_model,/home/lyceum/h3/out/rand150/RAND_CHEMBL3218919_agonist/seed_42/RAND_CHEMBL3218919_agonist_seed_42_sample_3_model.cif,0.3713521659374237,1.2699508666992188,0.898598700761795,agonist,201
H3__rand150_RAND_CHEMBL3218919_agonist_seed_42_RAND_CHEMBL3218919_agonist_seed_42_sample_4_model,/home/lyceum/h3/out/rand150/RAND_CHEMBL3218919_agonist/seed_42/RAND_CHEMBL3218919_agonist_seed_42_sample_4_model.cif,0.23240287601947784,2.1258344650268555,1.8934315890073776,agonist,201
H3__rand150_RAND_CHEMBL3218919_agonist_seed_42_RAND_CHEMBL3218919_agonist_seed_42_sample_5_model,/home/lyceum/h3/out/rand150/RAND_CHEMBL3218919_agonist/seed_42/RAND_CHEMBL3218919_agonist_seed_42_sample_5_model.cif,0.2802308201789856,1.3905528783798218,1.1103220582008362,agonist,201
H3__rand150_RAND_CHEMBL3234252_antagonist_seed_42_RAND_CHEMBL3234252_antagonist_seed_42_sample_1_model,/home/lyceum/h3/out/rand150/RAND_CHEMBL3234252_antagonist/seed_42/RAND_CHEMBL3234252_antagonist_seed_42_sample_1_model.cif,0.4978817403316498,1.0475971698760986,0.5497154295444489,agonist,201
H3__rand150_RAND_CHEMBL3234252_antagonist_seed_42_RAND_CHEMBL3234252_antagonist_seed_42_sample_2_model,/home/lyceum/h3/out/rand150/RAND_CHEMBL3234252_antagonist/seed_42/RAND_CHEMBL3234252_antagonist_seed_42_sample_2_model.cif,0.2789413630962372,1.159849762916565,0.8809083998203278,agonist,201
H3__rand150_RAND_CHEMBL3234252_antagonist_seed_42_RAND_CHEMBL3234252_antagonist_seed_42_sample_3_model,/home/lyceum/h3/out/rand150/RAND_CHEMBL3234252_antagonist/seed_42/RAND_CHEMBL3234252_antagonist_seed_42_sample_3_model.cif,0.23600731790065765,1.194801926612854,0.9587946087121964,agonist,201
H3__rand150_RAND_CHEMBL3234252_antagonist_seed_42_RAND_CHEMBL3234252_antagonist_seed_42_sample_4_model,/home/lyceum/h3/out/rand150/RAND_CHEMBL3234252_antagonist/seed_42/RAND_CHEMBL3234252_antagonist_seed_42_sample_4_model.cif,0.3903762698173523,1.540123701095581,1.1497474312782288,agonist,201
H3__rand150_RAND_CHEMBL3234252_antagonist_seed_42_RAND_CHEMBL3234252_antagonist_seed_42_sample_5_model,/home/lyceum/h3/out/rand150/RAND_CHEMBL3234252_antagonist/seed_42/RAND_CHEMBL3234252_antagonist_seed_42_sample_5_model.cif,2.04538893699646,0.9079474210739136,1.1374415159225464,antagonist,201
H3__rand150_RAND_CHEMBL3313998_agonist_seed_42_RAND_CHEMBL3313998_agonist_seed_42_sample_1_model,/home/lyceum/h3/out/rand150/RAND_CHEMBL3313998_agonist/seed_42/RAND_CHEMBL3313998_agonist_seed_42_sample_1_model.cif,0.5558865666389465,1.2108697891235352,0.6549832224845886,agonist,201
H3__rand150_RAND_CHEMBL3313998_agonist_seed_42_RAND_CHEMBL3313998_agonist_seed_42_sample_2_model,/home/lyceum/h3/out/rand150/RAND_CHEMBL3313998_agonist/seed_42/RAND_CHEMBL3313998_agonist_seed_42_sample_2_model.cif,0.33058416843414307,0.3462943136692047,0.015710145235061646,agonist,201
H3__rand150_RAND_CHEMBL3313998_agonist_seed_42_RAND_CHEMBL3313998_agonist_seed_42_sample_3_model,/home/lyceum/h3/out/rand150/RAND_CHEMBL3313998_agonist/seed_42/RAND_CHEMBL3313998_agonist_seed_42_sample_3_model.cif,0.3805266320705414,0.3496440649032593,0.030882567167282104,antagonist,201
H3__rand150_RAND_CHEMBL3313998_agonist_seed_42_RAND_CHEMBL3313998_agonist_seed_42_sample_4_model,/home/lyceum/h3/out/rand150/RAND_CHEMBL3313998_agonist/seed_42/RAND_CHEMBL3313998_agonist_seed_42_sample_4_model.cif,0.42304307222366333,0.43228745460510254,0.009244382381439209,agonist,201
H3__rand150_RAND_CHEMBL3313998_agonist_seed_42_RAND_CHEMBL3313998_agonist_seed_42_sample_5_model,/home/lyceum/h3/out/rand150/RAND_CHEMBL3313998_agonist/seed_42/RAND_CHEMBL3313998_agonist_seed_42_sample_5_model.cif,0.4346242845058441,0.40873202681541443,0.025892257690429688,antagonist,201
H3__rand150_RAND_CHEMBL3317824_antagonist_seed_42_RAND_CHEMBL3317824_antagonist_seed_42_sample_1_model,/home/lyceum/h3/out/rand150/RAND_CHEMBL3317824_antagonist/seed_42/RAND_CHEMBL3317824_antagonist_seed_42_sample_1_model.cif,0.6092171669006348,4.443210124969482,3.8339929580688477,agonist,201
H3__rand150_RAND_CHEMBL3317824_antagonist_seed_42_RAND_CHEMBL3317824_antagonist_seed_42_sample_2_model,/home/lyceum/h3/out/rand150/RAND_CHEMBL3317824_antagonist/seed_42/RAND_CHEMBL3317824_antagonist_seed_42_sample_2_model.cif,0.3049686551094055,0.3407222032546997,0.03575354814529419,agonist,201
H3__rand150_RAND_CHEMBL3317824_antagonist_seed_42_RAND_CHEMBL3317824_antagonist_seed_42_sample_3_model,/home/lyceum/h3/out/rand150/RAND_CHEMBL3317824_antagonist/seed_42/RAND_CHEMBL3317824_antagonist_seed_42_sample_3_model.cif,0.39887869358062744,0.33013302087783813,0.0687456727027893,antagonist,201
H3__rand150_RAND_CHEMBL3317824_antagonist_seed_42_RAND_CHEMBL3317824_antagonist_seed_42_sample_4_model,/home/lyceum/h3/out/rand150/RAND_CHEMBL3317824_antagonist/seed_42/RAND_CHEMBL3317824_antagonist_seed_42_sample_4_model.cif,0.35994547605514526,0.3330141305923462,0.026931345462799072,antagonist,201
H3__rand150_RAND_CHEMBL3317824_antagonist_seed_42_RAND_CHEMBL3317824_antagonist_seed_42_sample_5_model,/home/lyceum/h3/out/rand150/RAND_CHEMBL3317824_antagonist/seed_42/RAND_CHEMBL3317824_antagonist_seed_42_sample_5_model.cif,0.4134608209133148,0.3412196636199951,0.0722411572933197,antagonist,201
H3__rand150_RAND_CHEMBL3317837_antagonist_seed_42_RAND_CHEMBL3317837_antagonist_seed_42_sample_1_model,/home/lyceum/h3/out/rand150/RAND_CHEMBL3317837_antagonist/seed_42/RAND_CHEMBL3317837_antagonist_seed_42_sample_1_model.cif,0.5051259994506836,1.333118200302124,0.8279922008514404,agonist,201
H3__rand150_RAND_CHEMBL3317837_antagonist_seed_42_RAND_CHEMBL3317837_antagonist_seed_42_sample_2_model,/home/lyceum/h3/out/rand150/RAND_CHEMBL3317837_antagonist/seed_42/RAND_CHEMBL3317837_antagonist_seed_42_sample_2_model.cif,0.3415070176124573,0.3525327146053314,0.011025696992874146,agonist,201
H3__rand150_RAND_CHEMBL3317837_antagonist_seed_42_RAND_CHEMBL3317837_antagonist_seed_42_sample_3_model,/home/lyceum/h3/out/rand150/RAND_CHEMBL3317837_antagonist/seed_42/RAND_CHEMBL3317837_antagonist_seed_42_sample_3_model.cif,0.4786720275878906,0.3387286961078644,0.13994333148002625,antagonist,201
H3__rand150_RAND_CHEMBL3317837_antagonist_seed_42_RAND_CHEMBL3317837_antagonist_seed_42_sample_4_model,/home/lyceum/h3/out/rand150/RAND_CHEMBL3317837_antagonist/seed_42/RAND_CHEMBL3317837_antagonist_seed_42_sample_4_model.cif,0.4083918035030365,0.33287081122398376,0.07552099227905273,antagonist,201
H3__rand150_RAND_CHEMBL3317837_antagonist_seed_42_RAND_CHEMBL3317837_antagonist_seed_42_sample_5_model,/home/lyceum/h3/out/rand150/RAND_CHEMBL3317837_antagonist/seed_42/RAND_CHEMBL3317837_antagonist_seed_42_sample_5_model.cif,0.41488903760910034,0.34716928005218506,0.06771975755691528,antagonist,201
H3__rand150_RAND_CHEMBL3361027_antagonist_seed_42_RAND_CHEMBL3361027_antagonist_seed_42_sample_1_model,/home/lyceum/h3/out/rand150/RAND_CHEMBL3361027_antagonist/seed_42/RAND_CHEMBL3361027_antagonist_seed_42_sample_1_model.cif,0.6618601083755493,0.3348827660083771,0.32697734236717224,antagonist,201
H3__rand150_RAND_CHEMBL3361027_antagonist_seed_42_RAND_CHEMBL3361027_antagonist_seed_42_sample_2_model,/home/lyceum/h3/out/rand150/RAND_CHEMBL3361027_antagonist/seed_42/RAND_CHEMBL3361027_antagonist_seed_42_sample_2_model.cif,0.26667946577072144,0.33681923151016235,0.07013976573944092,agonist,201
H3__rand150_RAND_CHEMBL3361027_antagonist_seed_42_RAND_CHEMBL3361027_antagonist_seed_42_sample_3_model,/home/lyceum/h3/out/rand150/RAND_CHEMBL3361027_antagonist/seed_42/RAND_CHEMBL3361027_antagonist_seed_42_sample_3_model.cif,0.3837357759475708,0.3613594174385071,0.02237635850906372,antagonist,201
H3__rand150_RAND_CHEMBL3361027_antagonist_seed_42_RAND_CHEMBL3361027_antagonist_seed_42_sample_4_model,/home/lyceum/h3/out/rand150/RAND_CHEMBL3361027_antagonist/seed_42/RAND_CHEMBL3361027_antagonist_seed_42_sample_4_model.cif,0.41450729966163635,0.3526448607444763,0.061862438917160034,antagonist,201
H3__rand150_RAND_CHEMBL3361027_antagonist_seed_42_RAND_CHEMBL3361027_antagonist_seed_42_sample_5_model,/home/lyceum/h3/out/rand150/RAND_CHEMBL3361027_antagonist/seed_42/RAND_CHEMBL3361027_antagonist_seed_42_sample_5_model.cif,0.4284249246120453,0.34762924909591675,0.08079567551612854,antagonist,201
H3__rand150_RAND_CHEMBL3581540_agonist_seed_42_RAND_CHEMBL3581540_agonist_seed_42_sample_1_model,/home/lyceum/h3/out/rand150/RAND_CHEMBL3581540_agonist/seed_42/RAND_CHEMBL3581540_agonist_seed_42_sample_1_model.cif,0.6070408225059509,4.536647319793701,3.9296064972877502,agonist,201
H3__rand150_RAND_CHEMBL3581540_agonist_seed_42_RAND_CHEMBL3581540_agonist_seed_42_sample_2_model,/home/lyceum/h3/out/rand150/RAND_CHEMBL3581540_agonist/seed_42/RAND_CHEMBL3581540_agonist_seed_42_sample_2_model.cif,0.3457987904548645,0.4143241345882416,0.06852534413337708,agonist,201
H3__rand150_RAND_CHEMBL3581540_agonist_seed_42_RAND_CHEMBL3581540_agonist_seed_42_sample_3_model,/home/lyceum/h3/out/rand150/RAND_CHEMBL3581540_agonist/seed_42/RAND_CHEMBL3581540_agonist_seed_42_sample_3_model.cif,0.41134074330329895,0.369039922952652,0.04230082035064697,antagonist,201
H3__rand150_RAND_CHEMBL3581540_agonist_seed_42_RAND_CHEMBL3581540_agonist_seed_42_sample_4_model,/home/lyceum/h3/out/rand150/RAND_CHEMBL3581540_agonist/seed_42/RAND_CHEMBL3581540_agonist_seed_42_sample_4_model.cif,0.3783567249774933,0.362801730632782,0.015554994344711304,antagonist,201
H3__rand150_RAND_CHEMBL3581540_agonist_seed_42_RAND_CHEMBL3581540_agonist_seed_42_sample_5_model,/home/lyceum/h3/out/rand150/RAND_CHEMBL3581540_agonist/seed_42/RAND_CHEMBL3581540_agonist_seed_42_sample_5_model.cif,0.43590253591537476,0.3513675332069397,0.08453500270843506,antagonist,201
H3__rand150_RAND_CHEMBL3581546_agonist_seed_42_RAND_CHEMBL3581546_agonist_seed_42_sample_1_model,/home/lyceum/h3/out/rand150/RAND_CHEMBL3581546_agonist/seed_42/RAND_CHEMBL3581546_agonist_seed_42_sample_1_model.cif,0.6448331475257874,0.31839239597320557,0.3264407515525818,antagonist,201
H3__rand150_RAND_CHEMBL3581546_agonist_seed_42_RAND_CHEMBL3581546_agonist_seed_42_sample_2_model,/home/lyceum/h3/out/rand150/RAND_CHEMBL3581546_agonist/seed_42/RAND_CHEMBL3581546_agonist_seed_42_sample_2_model.cif,0.31490957736968994,0.34403571486473083,0.029126137495040894,agonist,201
H3__rand150_RAND_CHEMBL3581546_agonist_seed_42_RAND_CHEMBL3581546_agonist_seed_42_sample_3_model,/home/lyceum/h3/out/rand150/RAND_CHEMBL3581546_agonist/seed_42/RAND_CHEMBL3581546_agonist_seed_42_sample_3_model.cif,0.44630172848701477,0.3435293734073639,0.10277235507965088,antagonist,201
H3__rand150_RAND_CHEMBL3581546_agonist_seed_42_RAND_CHEMBL3581546_agonist_seed_42_sample_4_model,/home/lyceum/h3/out/rand150/RAND_CHEMBL3581546_agonist/seed_42/RAND_CHEMBL3581546_agonist_seed_42_sample_4_model.cif,0.39848896861076355,0.33838599920272827,0.06010296940803528,antagonist,201
H3__rand150_RAND_CHEMBL3581546_agonist_seed_42_RAND_CHEMBL3581546_agonist_seed_42_sample_5_model,/home/lyceum/h3/out/rand150/RAND_CHEMBL3581546_agonist/seed_42/RAND_CHEMBL3581546_agonist_seed_42_sample_5_model.cif,0.429841011762619,0.34540703892707825,0.08443397283554077,antagonist,201
H3__rand150_RAND_CHEMBL3596270_antagonist_seed_42_RAND_CHEMBL3596270_antagonist_seed_42_sample_1_model,/home/lyceum/h3/out/rand150/RAND_CHEMBL3596270_antagonist/seed_42/RAND_CHEMBL3596270_antagonist_seed_42_sample_1_model.cif,6.8904500007629395,1.48430597782135,5.406144022941589,antagonist,201
H3__rand150_RAND_CHEMBL3596270_antagonist_seed_42_RAND_CHEMBL3596270_antagonist_seed_42_sample_2_model,/home/lyceum/h3/out/rand150/RAND_CHEMBL3596270_antagonist/seed_42/RAND_CHEMBL3596270_antagonist_seed_42_sample_2_model.cif,5.177563667297363,1.4579848051071167,3.7195788621902466,antagonist,201
H3__rand150_RAND_CHEMBL3596270_antagonist_seed_42_RAND_CHEMBL3596270_antagonist_seed_42_sample_3_model,/home/lyceum/h3/out/rand150/RAND_CHEMBL3596270_antagonist/seed_42/RAND_CHEMBL3596270_antagonist_seed_42_sample_3_model.cif,5.478041172027588,1.0613330602645874,4.4167081117630005,antagonist,201
H3__rand150_RAND_CHEMBL3596270_antagonist_seed_42_RAND_CHEMBL3596270_antagonist_seed_42_sample_4_model,/home/lyceum/h3/out/rand150/RAND_CHEMBL3596270_antagonist/seed_42/RAND_CHEMBL3596270_antagonist_seed_42_sample_4_model.cif,3.3172478675842285,1.2606450319290161,2.0566028356552124,antagonist,201
H3__rand150_RAND_CHEMBL3596270_antagonist_seed_42_RAND_CHEMBL3596270_antagonist_seed_42_sample_5_model,/home/lyceum/h3/out/rand150/RAND_CHEMBL3596270_antagonist/seed_42/RAND_CHEMBL3596270_antagonist_seed_42_sample_5_model.cif,3.668149709701538,1.4305875301361084,2.2375621795654297,antagonist,201
H3__rand150_RAND_CHEMBL3598076_antagonist_seed_42_RAND_CHEMBL3598076_antagonist_seed_42_sample_1_model,/home/lyceum/h3/out/rand150/RAND_CHEMBL3598076_antagonist/seed_42/RAND_CHEMBL3598076_antagonist_seed_42_sample_1_model.cif,0.507512629032135,1.0382245779037476,0.5307119488716125,agonist,201
H3__rand150_RAND_CHEMBL3598076_antagonist_seed_42_RAND_CHEMBL3598076_antagonist_seed_42_sample_2_model,/home/lyceum/h3/out/rand150/RAND_CHEMBL3598076_antagonist/seed_42/RAND_CHEMBL3598076_antagonist_seed_42_sample_2_model.cif,0.3189728260040283,1.5774785280227661,1.2585057020187378,agonist,201
H3__rand150_RAND_CHEMBL3598076_antagonist_seed_42_RAND_CHEMBL3598076_antagonist_seed_42_sample_3_model,/home/lyceum/h3/out/rand150/RAND_CHEMBL3598076_antagonist/seed_42/RAND_CHEMBL3598076_antagonist_seed_42_sample_3_model.cif,0.35112956166267395,2.036680221557617,1.6855506598949432,agonist,201
H3__rand150_RAND_CHEMBL3598076_antagonist_seed_42_RAND_CHEMBL3598076_antagonist_seed_42_sample_4_model,/home/lyceum/h3/out/rand150/RAND_CHEMBL3598076_antagonist/seed_42/RAND_CHEMBL3598076_antagonist_seed_42_sample_4_model.cif,0.29940325021743774,1.3877090215682983,1.0883057713508606,agonist,201
H3__rand150_RAND_CHEMBL3598076_antagonist_seed_42_RAND_CHEMBL3598076_antagonist_seed_42_sample_5_model,/home/lyceum/h3/out/rand150/RAND_CHEMBL3598076_antagonist/seed_42/RAND_CHEMBL3598076_antagonist_seed_42_sample_5_model.cif,0.3540046513080597,1.895071268081665,1.5410666167736053,agonist,201
H3__rand150_RAND_CHEMBL3609385_agonist_seed_42_RAND_CHEMBL3609385_agonist_seed_42_sample_1_model,/home/lyceum/h3/out/rand150/RAND_CHEMBL3609385_agonist/seed_42/RAND_CHEMBL3609385_agonist_seed_42_sample_1_model.cif,0.5083017945289612,1.4161564111709595,0.9078546166419983,agonist,201
H3__rand150_RAND_CHEMBL3609385_agonist_seed_42_RAND_CHEMBL3609385_agonist_seed_42_sample_2_model,/home/lyceum/h3/out/rand150/RAND_CHEMBL3609385_agonist/seed_42/RAND_CHEMBL3609385_agonist_seed_42_sample_2_model.cif,0.2988170385360718,0.48061054944992065,0.18179351091384888,agonist,201
H3__rand150_RAND_CHEMBL3609385_agonist_seed_42_RAND_CHEMBL3609385_agonist_seed_42_sample_3_model,/home/lyceum/h3/out/rand150/RAND_CHEMBL3609385_agonist/seed_42/RAND_CHEMBL3609385_agonist_seed_42_sample_3_model.cif,0.2880858778953552,0.35369762778282166,0.06561174988746643,agonist,201
H3__rand150_RAND_CHEMBL3609385_agonist_seed_42_RAND_CHEMBL3609385_agonist_seed_42_sample_4_model,/home/lyceum/h3/out/rand150/RAND_CHEMBL3609385_agonist/seed_42/RAND_CHEMBL3609385_agonist_seed_42_sample_4_model.cif,0.37474626302719116,0.3595046401023865,0.015241622924804688,antagonist,201
H3__rand150_RAND_CHEMBL3609385_agonist_seed_42_RAND_CHEMBL3609385_agonist_seed_42_sample_5_model,/home/lyceum/h3/out/rand150/RAND_CHEMBL3609385_agonist/seed_42/RAND_CHEMBL3609385_agonist_seed_42_sample_5_model.cif,2.105243444442749,1.0803903341293335,1.0248531103134155,antagonist,201
H3__rand150_RAND_CHEMBL3609388_agonist_seed_42_RAND_CHEMBL3609388_agonist_seed_42_sample_1_model,/home/lyceum/h3/out/rand150/RAND_CHEMBL3609388_agonist/seed_42/RAND_CHEMBL3609388_agonist_seed_42_sample_1_model.cif,0.4922775626182556,1.4682921171188354,0.9760145545005798,agonist,201
H3__rand150_RAND_CHEMBL3609388_agonist_seed_42_RAND_CHEMBL3609388_agonist_seed_42_sample_2_model,/home/lyceum/h3/out/rand150/RAND_CHEMBL3609388_agonist/seed_42/RAND_CHEMBL3609388_agonist_seed_42_sample_2_model.cif,0.2968449890613556,0.4422192871570587,0.14537429809570312,agonist,201
H3__rand150_RAND_CHEMBL3609388_agonist_seed_42_RAND_CHEMBL3609388_agonist_seed_42_sample_3_model,/home/lyceum/h3/out/rand150/RAND_CHEMBL3609388_agonist/seed_42/RAND_CHEMBL3609388_agonist_seed_42_sample_3_model.cif,0.30960288643836975,1.5225112438201904,1.2129083573818207,agonist,201
H3__rand150_RAND_CHEMBL3609388_agonist_seed_42_RAND_CHEMBL3609388_agonist_seed_42_sample_4_model,/home/lyceum/h3/out/rand150/RAND_CHEMBL3609388_agonist/seed_42/RAND_CHEMBL3609388_agonist_seed_42_sample_4_model.cif,0.2848954498767853,0.38247403502464294,0.09757858514785767,agonist,201
H3__rand150_RAND_CHEMBL3609388_agonist_seed_42_RAND_CHEMBL3609388_agonist_seed_42_sample_5_model,/home/lyceum/h3/out/rand150/RAND_CHEMBL3609388_agonist/seed_42/RAND_CHEMBL3609388_agonist_seed_42_sample_5_model.cif,0.32247793674468994,0.3675462007522583,0.04506826400756836,agonist,201
H3__rand150_RAND_CHEMBL3609400_agonist_seed_42_RAND_CHEMBL3609400_agonist_seed_42_sample_1_model,/home/lyceum/h3/out/rand150/RAND_CHEMBL3609400_agonist/seed_42/RAND_CHEMBL3609400_agonist_seed_42_sample_1_model.cif,0.5365241169929504,1.2771294116973877,0.7406052947044373,agonist,201
H3__rand150_RAND_CHEMBL3609400_agonist_seed_42_RAND_CHEMBL3609400_agonist_seed_42_sample_2_model,/home/lyceum/h3/out/rand150/RAND_CHEMBL3609400_agonist/seed_42/RAND_CHEMBL3609400_agonist_seed_42_sample_2_model.cif,0.2947578728199005,0.4189319312572479,0.12417405843734741,agonist,201
H3__rand150_RAND_CHEMBL3609400_agonist_seed_42_RAND_CHEMBL3609400_agonist_seed_42_sample_3_model,/home/lyceum/h3/out/rand150/RAND_CHEMBL3609400_agonist/seed_42/RAND_CHEMBL3609400_agonist_seed_42_sample_3_model.cif,0.3198896050453186,0.4258570373058319,0.1059674322605133,agonist,201
H3__rand150_RAND_CHEMBL3609400_agonist_seed_42_RAND_CHEMBL3609400_agonist_seed_42_sample_4_model,/home/lyceum/h3/out/rand150/RAND_CHEMBL3609400_agonist/seed_42/RAND_CHEMBL3609400_agonist_seed_42_sample_4_model.cif,0.28479066491127014,0.35073333978652954,0.0659426748752594,agonist,201
H3__rand150_RAND_CHEMBL3609400_agonist_seed_42_RAND_CHEMBL3609400_agonist_seed_42_sample_5_model,/home/lyceum/h3/out/rand150/RAND_CHEMBL3609400_agonist/seed_42/RAND_CHEMBL3609400_agonist_seed_42_sample_5_model.cif,0.3591644763946533,1.4953027963638306,1.1361383199691772,agonist,201
H3__rand150_RAND_CHEMBL3609412_agonist_seed_42_RAND_CHEMBL3609412_agonist_seed_42_sample_1_model,/home/lyceum/h3/out/rand150/RAND_CHEMBL3609412_agonist/seed_42/RAND_CHEMBL3609412_agonist_seed_42_sample_1_model.cif,0.5213016271591187,1.390609860420227,0.8693082332611084,agonist,201
H3__rand150_RAND_CHEMBL3609412_agonist_seed_42_RAND_CHEMBL3609412_agonist_seed_42_sample_2_model,/home/lyceum/h3/out/rand150/RAND_CHEMBL3609412_agonist/seed_42/RAND_CHEMBL3609412_agonist_seed_42_sample_2_model.cif,0.2624581754207611,0.4206920862197876,0.1582339107990265,agonist,201
H3__rand150_RAND_CHEMBL3609412_agonist_seed_42_RAND_CHEMBL3609412_agonist_seed_42_sample_3_model,/home/lyceum/h3/out/rand150/RAND_CHEMBL3609412_agonist/seed_42/RAND_CHEMBL3609412_agonist_seed_42_sample_3_model.cif,0.3248399496078491,0.41769126057624817,0.09285131096839905,agonist,201
H3__rand150_RAND_CHEMBL3609412_agonist_seed_42_RAND_CHEMBL3609412_agonist_seed_42_sample_4_model,/home/lyceum/h3/out/rand150/RAND_CHEMBL3609412_agonist/seed_42/RAND_CHEMBL3609412_agonist_seed_42_sample_4_model.cif,0.2898294925689697,0.3520735800266266,0.06224408745765686,agonist,201
H3__rand150_RAND_CHEMBL3609412_agonist_seed_42_RAND_CHEMBL3609412_agonist_seed_42_sample_5_model,/home/lyceum/h3/out/rand150/RAND_CHEMBL3609412_agonist/seed_42/RAND_CHEMBL3609412_agonist_seed_42_sample_5_model.cif,0.34631112217903137,1.2164312601089478,0.8701201379299164,agonist,201
H3__rand150_RAND_CHEMBL3609414_agonist_seed_42_RAND_CHEMBL3609414_agonist_seed_42_sample_1_model,/home/lyceum/h3/out/rand150/RAND_CHEMBL3609414_agonist/seed_42/RAND_CHEMBL3609414_agonist_seed_42_sample_1_model.cif,0.5280551314353943,1.2686649560928345,0.7406098246574402,agonist,201
H3__rand150_RAND_CHEMBL3609414_agonist_seed_42_RAND_CHEMBL3609414_agonist_seed_42_sample_2_model,/home/lyceum/h3/out/rand150/RAND_CHEMBL3609414_agonist/seed_42/RAND_CHEMBL3609414_agonist_seed_42_sample_2_model.cif,0.2712193429470062,0.41473692655563354,0.14351758360862732,agonist,201
H3__rand150_RAND_CHEMBL3609414_agonist_seed_42_RAND_CHEMBL3609414_agonist_seed_42_sample_3_model,/home/lyceum/h3/out/rand150/RAND_CHEMBL3609414_agonist/seed_42/RAND_CHEMBL3609414_agonist_seed_42_sample_3_model.cif,0.3446238338947296,0.3640722632408142,0.019448429346084595,agonist,201
H3__rand150_RAND_CHEMBL3609414_agonist_seed_42_RAND_CHEMBL3609414_agonist_seed_42_sample_4_model,/home/lyceum/h3/out/rand150/RAND_CHEMBL3609414_agonist/seed_42/RAND_CHEMBL3609414_agonist_seed_42_sample_4_model.cif,0.29588156938552856,0.34870609641075134,0.05282452702522278,agonist,201
H3__rand150_RAND_CHEMBL3609414_agonist_seed_42_RAND_CHEMBL3609414_agonist_seed_42_sample_5_model,/home/lyceum/h3/out/rand150/RAND_CHEMBL3609414_agonist/seed_42/RAND_CHEMBL3609414_agonist_seed_42_sample_5_model.cif,0.3002723157405853,1.270071029663086,0.9697987139225006,agonist,201
H3__rand150_RAND_CHEMBL3933290_antagonist_seed_42_RAND_CHEMBL3933290_antagonist_seed_42_sample_1_model,/home/lyceum/h3/out/rand150/RAND_CHEMBL3933290_antagonist/seed_42/RAND_CHEMBL3933290_antagonist_seed_42_sample_1_model.cif,0.5314092040061951,1.2643024921417236,0.7328932881355286,agonist,201
H3__rand150_RAND_CHEMBL3933290_antagonist_seed_42_RAND_CHEMBL3933290_antagonist_seed_42_sample_2_model,/home/lyceum/h3/out/rand150/RAND_CHEMBL3933290_antagonist/seed_42/RAND_CHEMBL3933290_antagonist_seed_42_sample_2_model.cif,0.28911012411117554,0.33688169717788696,0.047771573066711426,agonist,201
H3__rand150_RAND_CHEMBL3933290_antagonist_seed_42_RAND_CHEMBL3933290_antagonist_seed_42_sample_3_model,/home/lyceum/h3/out/rand150/RAND_CHEMBL3933290_antagonist/seed_42/RAND_CHEMBL3933290_antagonist_seed_42_sample_3_model.cif,0.31152042746543884,0.3590112328529358,0.04749080538749695,agonist,201
H3__rand150_RAND_CHEMBL3933290_antagonist_seed_42_RAND_CHEMBL3933290_antagonist_seed_42_sample_4_model,/home/lyceum/h3/out/rand150/RAND_CHEMBL3933290_antagonist/seed_42/RAND_CHEMBL3933290_antagonist_seed_42_sample_4_model.cif,0.429959237575531,0.39089277386665344,0.039066463708877563,antagonist,201
H3__rand150_RAND_CHEMBL3933290_antagonist_seed_42_RAND_CHEMBL3933290_antagonist_seed_42_sample_5_model,/home/lyceum/h3/out/rand150/RAND_CHEMBL3933290_antagonist/seed_42/RAND_CHEMBL3933290_antagonist_seed_42_sample_5_model.cif,0.4636737108230591,0.342689573764801,0.12098413705825806,antagonist,201
H3__rand150_RAND_CHEMBL3962504_antagonist_seed_42_RAND_CHEMBL3962504_antagonist_seed_42_sample_1_model,/home/lyceum/h3/out/rand150/RAND_CHEMBL3962504_antagonist/seed_42/RAND_CHEMBL3962504_antagonist_seed_42_sample_1_model.cif,0.5270256996154785,1.3181098699569702,0.7910841703414917,agonist,201
H3__rand150_RAND_CHEMBL3962504_antagonist_seed_42_RAND_CHEMBL3962504_antagonist_seed_42_sample_2_model,/home/lyceum/h3/out/rand150/RAND_CHEMBL3962504_antagonist/seed_42/RAND_CHEMBL3962504_antagonist_seed_42_sample_2_model.cif,0.3149268627166748,0.326323539018631,0.011396676301956177,agonist,201
H3__rand150_RAND_CHEMBL3962504_antagonist_seed_42_RAND_CHEMBL3962504_antagonist_seed_42_sample_3_model,/home/lyceum/h3/out/rand150/RAND_CHEMBL3962504_antagonist/seed_42/RAND_CHEMBL3962504_antagonist_seed_42_sample_3_model.cif,0.36830398440361023,0.30314552783966064,0.06515845656394958,antagonist,201
H3__rand150_RAND_CHEMBL3962504_antagonist_seed_42_RAND_CHEMBL3962504_antagonist_seed_42_sample_4_model,/home/lyceum/h3/out/rand150/RAND_CHEMBL3962504_antagonist/seed_42/RAND_CHEMBL3962504_antagonist_seed_42_sample_4_model.cif,0.40653711557388306,0.3343595564365387,0.07217755913734436,antagonist,201
H3__rand150_RAND_CHEMBL3962504_antagonist_seed_42_RAND_CHEMBL3962504_antagonist_seed_42_sample_5_model,/home/lyceum/h3/out/rand150/RAND_CHEMBL3962504_antagonist/seed_42/RAND_CHEMBL3962504_antagonist_seed_42_sample_5_model.cif,0.3273901343345642,0.31716975569725037,0.010220378637313843,antagonist,201
H3__rand150_RAND_CHEMBL4126216_antagonist_seed_42_RAND_CHEMBL4126216_antagonist_seed_42_sample_1_model,/home/lyceum/h3/out/rand150/RAND_CHEMBL4126216_antagonist/seed_42/RAND_CHEMBL4126216_antagonist_seed_42_sample_1_model.cif,0.689333975315094,0.3096240162849426,0.37970995903015137,antagonist,201
H3__rand150_RAND_CHEMBL4126216_antagonist_seed_42_RAND_CHEMBL4126216_antagonist_seed_42_sample_2_model,/home/lyceum/h3/out/rand150/RAND_CHEMBL4126216_antagonist/seed_42/RAND_CHEMBL4126216_antagonist_seed_42_sample_2_model.cif,0.33102697134017944,0.32445913553237915,0.006567835807800293,antagonist,201
H3__rand150_RAND_CHEMBL4126216_antagonist_seed_42_RAND_CHEMBL4126216_antagonist_seed_42_sample_3_model,/home/lyceum/h3/out/rand150/RAND_CHEMBL4126216_antagonist/seed_42/RAND_CHEMBL4126216_antagonist_seed_42_sample_3_model.cif,0.42267173528671265,0.3414060175418854,0.08126571774482727,antagonist,201
H3__rand150_RAND_CHEMBL4126216_antagonist_seed_42_RAND_CHEMBL4126216_antagonist_seed_42_sample_4_model,/home/lyceum/h3/out/rand150/RAND_CHEMBL4126216_antagonist/seed_42/RAND_CHEMBL4126216_antagonist_seed_42_sample_4_model.cif,0.4413895606994629,0.25081729888916016,0.19057226181030273,antagonist,201
H3__rand150_RAND_CHEMBL4126216_antagonist_seed_42_RAND_CHEMBL4126216_antagonist_seed_42_sample_5_model,/home/lyceum/h3/out/rand150/RAND_CHEMBL4126216_antagonist/seed_42/RAND_CHEMBL4126216_antagonist_seed_42_sample_5_model.cif,0.4219401180744171,0.3396216928958893,0.08231842517852783,antagonist,201
H3__rand150_RAND_CHEMBL4205062_antagonist_seed_42_RAND_CHEMBL4205062_antagonist_seed_42_sample_1_model,/home/lyceum/h3/out/rand150/RAND_CHEMBL4205062_antagonist/seed_42/RAND_CHEMBL4205062_antagonist_seed_42_sample_1_model.cif,0.5830228328704834,4.354718208312988,3.771695375442505,agonist,201
H3__rand150_RAND_CHEMBL4205062_antagonist_seed_42_RAND_CHEMBL4205062_antagonist_seed_42_sample_2_model,/home/lyceum/h3/out/rand150/RAND_CHEMBL4205062_antagonist/seed_42/RAND_CHEMBL4205062_antagonist_seed_42_sample_2_model.cif,0.30072247982025146,4.424242973327637,4.123520493507385,agonist,201
H3__rand150_RAND_CHEMBL4205062_antagonist_seed_42_RAND_CHEMBL4205062_antagonist_seed_42_sample_3_model,/home/lyceum/h3/out/rand150/RAND_CHEMBL4205062_antagonist/seed_42/RAND_CHEMBL4205062_antagonist_seed_42_sample_3_model.cif,0.3271089792251587,4.431550979614258,4.104442000389099,agonist,201
H3__rand150_RAND_CHEMBL4205062_antagonist_seed_42_RAND_CHEMBL4205062_antagonist_seed_42_sample_4_model,/home/lyceum/h3/out/rand150/RAND_CHEMBL4205062_antagonist/seed_42/RAND_CHEMBL4205062_antagonist_seed_42_sample_4_model.cif,0.2787923514842987,0.3511354923248291,0.0723431408405304,agonist,201
H3__rand150_RAND_CHEMBL4205062_antagonist_seed_42_RAND_CHEMBL4205062_antagonist_seed_42_sample_5_model,/home/lyceum/h3/out/rand150/RAND_CHEMBL4205062_antagonist/seed_42/RAND_CHEMBL4205062_antagonist_seed_42_sample_5_model.cif,0.3131026029586792,0.33693602681159973,0.023833423852920532,agonist,201
H3__rand150_RAND_CHEMBL4206368_antagonist_seed_42_RAND_CHEMBL4206368_antagonist_seed_42_sample_1_model,/home/lyceum/h3/out/rand150/RAND_CHEMBL4206368_antagonist/seed_42/RAND_CHEMBL4206368_antagonist_seed_42_sample_1_model.cif,0.5109772682189941,1.0034008026123047,0.49242353439331055,agonist,201
H3__rand150_RAND_CHEMBL4206368_antagonist_seed_42_RAND_CHEMBL4206368_antagonist_seed_42_sample_2_model,/home/lyceum/h3/out/rand150/RAND_CHEMBL4206368_antagonist/seed_42/RAND_CHEMBL4206368_antagonist_seed_42_sample_2_model.cif,0.3852171301841736,1.3858306407928467,1.000613510608673,agonist,201
H3__rand150_RAND_CHEMBL4206368_antagonist_seed_42_RAND_CHEMBL4206368_antagonist_seed_42_sample_3_model,/home/lyceum/h3/out/rand150/RAND_CHEMBL4206368_antagonist/seed_42/RAND_CHEMBL4206368_antagonist_seed_42_sample_3_model.cif,0.40604346990585327,0.3472685217857361,0.05877494812011719,antagonist,201
H3__rand150_RAND_CHEMBL4206368_antagonist_seed_42_RAND_CHEMBL4206368_antagonist_seed_42_sample_4_model,/home/lyceum/h3/out/rand150/RAND_CHEMBL4206368_antagonist/seed_42/RAND_CHEMBL4206368_antagonist_seed_42_sample_4_model.cif,0.40532881021499634,0.33300381898880005,0.07232499122619629,antagonist,201
H3__rand150_RAND_CHEMBL4206368_antagonist_seed_42_RAND_CHEMBL4206368_antagonist_seed_42_sample_5_model,/home/lyceum/h3/out/rand150/RAND_CHEMBL4206368_antagonist/seed_42/RAND_CHEMBL4206368_antagonist_seed_42_sample_5_model.cif,0.4592389166355133,1.3911007642745972,0.9318618476390839,agonist,201
H3__rand150_RAND_CHEMBL4209944_antagonist_seed_42_RAND_CHEMBL4209944_antagonist_seed_42_sample_1_model,/home/lyceum/h3/out/rand150/RAND_CHEMBL4209944_antagonist/seed_42/RAND_CHEMBL4209944_antagonist_seed_42_sample_1_model.cif,0.5863156914710999,1.2574330568313599,0.67111736536026,agonist,201
H3__rand150_RAND_CHEMBL4209944_antagonist_seed_42_RAND_CHEMBL4209944_antagonist_seed_42_sample_2_model,/home/lyceum/h3/out/rand150/RAND_CHEMBL4209944_antagonist/seed_42/RAND_CHEMBL4209944_antagonist_seed_42_sample_2_model.cif,0.28618505597114563,0.4238593578338623,0.13767430186271667,agonist,201
H3__rand150_RAND_CHEMBL4209944_antagonist_seed_42_RAND_CHEMBL4209944_antagonist_seed_42_sample_3_model,/home/lyceum/h3/out/rand150/RAND_CHEMBL4209944_antagonist/seed_42/RAND_CHEMBL4209944_antagonist_seed_42_sample_3_model.cif,0.34573498368263245,0.4224788546562195,0.07674387097358704,agonist,201
H3__rand150_RAND_CHEMBL4209944_antagonist_seed_42_RAND_CHEMBL4209944_antagonist_seed_42_sample_4_model,/home/lyceum/h3/out/rand150/RAND_CHEMBL4209944_antagonist/seed_42/RAND_CHEMBL4209944_antagonist_seed_42_sample_4_model.cif,0.3094812035560608,0.35680943727493286,0.04732823371887207,agonist,201
H3__rand150_RAND_CHEMBL4209944_antagonist_seed_42_RAND_CHEMBL4209944_antagonist_seed_42_sample_5_model,/home/lyceum/h3/out/rand150/RAND_CHEMBL4209944_antagonist/seed_42/RAND_CHEMBL4209944_antagonist_seed_42_sample_5_model.cif,0.29950183629989624,1.2270461320877075,0.9275442957878113,agonist,201
H3__rand150_RAND_CHEMBL4227729_antagonist_seed_42_RAND_CHEMBL4227729_antagonist_seed_42_sample_1_model,/home/lyceum/h3/out/rand150/RAND_CHEMBL4227729_antagonist/seed_42/RAND_CHEMBL4227729_antagonist_seed_42_sample_1_model.cif,0.7615440487861633,0.33206453919410706,0.4294795095920563,antagonist,201
H3__rand150_RAND_CHEMBL4227729_antagonist_seed_42_RAND_CHEMBL4227729_antagonist_seed_42_sample_2_model,/home/lyceum/h3/out/rand150/RAND_CHEMBL4227729_antagonist/seed_42/RAND_CHEMBL4227729_antagonist_seed_42_sample_2_model.cif,0.27375924587249756,0.3378274440765381,0.06406819820404053,agonist,201
H3__rand150_RAND_CHEMBL4227729_antagonist_seed_42_RAND_CHEMBL4227729_antagonist_seed_42_sample_3_model,/home/lyceum/h3/out/rand150/RAND_CHEMBL4227729_antagonist/seed_42/RAND_CHEMBL4227729_antagonist_seed_42_sample_3_model.cif,0.3524496555328369,0.35198864340782166,0.0004610121250152588,antagonist,201
H3__rand150_RAND_CHEMBL4227729_antagonist_seed_42_RAND_CHEMBL4227729_antagonist_seed_42_sample_4_model,/home/lyceum/h3/out/rand150/RAND_CHEMBL4227729_antagonist/seed_42/RAND_CHEMBL4227729_antagonist_seed_42_sample_4_model.cif,0.3396472930908203,0.4247047007083893,0.08505740761756897,agonist,201
H3__rand150_RAND_CHEMBL4227729_antagonist_seed_42_RAND_CHEMBL4227729_antagonist_seed_42_sample_5_model,/home/lyceum/h3/out/rand150/RAND_CHEMBL4227729_antagonist/seed_42/RAND_CHEMBL4227729_antagonist_seed_42_sample_5_model.cif,0.289680540561676,0.35362255573272705,0.06394201517105103,agonist,201
H3__rand150_RAND_CHEMBL4279941_antagonist_seed_42_RAND_CHEMBL4279941_antagonist_seed_42_sample_1_model,/home/lyceum/h3/out/rand150/RAND_CHEMBL4279941_antagonist/seed_42/RAND_CHEMBL4279941_antagonist_seed_42_sample_1_model.cif,0.5579667687416077,1.1838319301605225,0.6258651614189148,agonist,201
H3__rand150_RAND_CHEMBL4279941_antagonist_seed_42_RAND_CHEMBL4279941_antagonist_seed_42_sample_2_model,/home/lyceum/h3/out/rand150/RAND_CHEMBL4279941_antagonist/seed_42/RAND_CHEMBL4279941_antagonist_seed_42_sample_2_model.cif,0.39286497235298157,0.39334574341773987,0.0004807710647583008,agonist,201
H3__rand150_RAND_CHEMBL4279941_antagonist_seed_42_RAND_CHEMBL4279941_antagonist_seed_42_sample_3_model,/home/lyceum/h3/out/rand150/RAND_CHEMBL4279941_antagonist/seed_42/RAND_CHEMBL4279941_antagonist_seed_42_sample_3_model.cif,0.4823627173900604,0.34414103627204895,0.13822168111801147,antagonist,201
H3__rand150_RAND_CHEMBL4279941_antagonist_seed_42_RAND_CHEMBL4279941_antagonist_seed_42_sample_4_model,/home/lyceum/h3/out/rand150/RAND_CHEMBL4279941_antagonist/seed_42/RAND_CHEMBL4279941_antagonist_seed_42_sample_4_model.cif,0.34694811701774597,0.32894158363342285,0.01800653338432312,antagonist,201
H3__rand150_RAND_CHEMBL4279941_antagonist_seed_42_RAND_CHEMBL4279941_antagonist_seed_42_sample_5_model,/home/lyceum/h3/out/rand150/RAND_CHEMBL4279941_antagonist/seed_42/RAND_CHEMBL4279941_antagonist_seed_42_sample_5_model.cif,0.40555015206336975,1.4592190980911255,1.0536689460277557,agonist,201
H3__rand150_RAND_CHEMBL4283051_antagonist_seed_42_RAND_CHEMBL4283051_antagonist_seed_42_sample_1_model,/home/lyceum/h3/out/rand150/RAND_CHEMBL4283051_antagonist/seed_42/RAND_CHEMBL4283051_antagonist_seed_42_sample_1_model.cif,0.5337586402893066,1.169821858406067,0.6360632181167603,agonist,201
H3__rand150_RAND_CHEMBL4283051_antagonist_seed_42_RAND_CHEMBL4283051_antagonist_seed_42_sample_2_model,/home/lyceum/h3/out/rand150/RAND_CHEMBL4283051_antagonist/seed_42/RAND_CHEMBL4283051_antagonist_seed_42_sample_2_model.cif,0.3229537904262543,0.41692298650741577,0.0939691960811615,agonist,201
H3__rand150_RAND_CHEMBL4283051_antagonist_seed_42_RAND_CHEMBL4283051_antagonist_seed_42_sample_3_model,/home/lyceum/h3/out/rand150/RAND_CHEMBL4283051_antagonist/seed_42/RAND_CHEMBL4283051_antagonist_seed_42_sample_3_model.cif,0.337653785943985,0.4232132136821747,0.0855594277381897,agonist,201
H3__rand150_RAND_CHEMBL4283051_antagonist_seed_42_RAND_CHEMBL4283051_antagonist_seed_42_sample_4_model,/home/lyceum/h3/out/rand150/RAND_CHEMBL4283051_antagonist/seed_42/RAND_CHEMBL4283051_antagonist_seed_42_sample_4_model.cif,0.3416133224964142,0.36542174220085144,0.023808419704437256,agonist,201
H3__rand150_RAND_CHEMBL4283051_antagonist_seed_42_RAND_CHEMBL4283051_antagonist_seed_42_sample_5_model,/home/lyceum/h3/out/rand150/RAND_CHEMBL4283051_antagonist/seed_42/RAND_CHEMBL4283051_antagonist_seed_42_sample_5_model.cif,0.5490966439247131,1.0067262649536133,0.45762962102890015,agonist,201
H3__rand150_RAND_CHEMBL4287715_antagonist_seed_42_RAND_CHEMBL4287715_antagonist_seed_42_sample_1_model,/home/lyceum/h3/out/rand150/RAND_CHEMBL4287715_antagonist/seed_42/RAND_CHEMBL4287715_antagonist_seed_42_sample_1_model.cif,0.48215481638908386,1.0921478271484375,0.6099930107593536,agonist,201
H3__rand150_RAND_CHEMBL4287715_antagonist_seed_42_RAND_CHEMBL4287715_antagonist_seed_42_sample_2_model,/home/lyceum/h3/out/rand150/RAND_CHEMBL4287715_antagonist/seed_42/RAND_CHEMBL4287715_antagonist_seed_42_sample_2_model.cif,0.3324812650680542,0.42030221223831177,0.08782094717025757,agonist,201
H3__rand150_RAND_CHEMBL4287715_antagonist_seed_42_RAND_CHEMBL4287715_antagonist_seed_42_sample_3_model,/home/lyceum/h3/out/rand150/RAND_CHEMBL4287715_antagonist/seed_42/RAND_CHEMBL4287715_antagonist_seed_42_sample_3_model.cif,1.1278510093688965,2.082646369934082,0.9547953605651855,agonist,201
H3__rand150_RAND_CHEMBL4287715_antagonist_seed_42_RAND_CHEMBL4287715_antagonist_seed_42_sample_4_model,/home/lyceum/h3/out/rand150/RAND_CHEMBL4287715_antagonist/seed_42/RAND_CHEMBL4287715_antagonist_seed_42_sample_4_model.cif,0.33295947313308716,0.35908180475234985,0.026122331619262695,agonist,201
H3__rand150_RAND_CHEMBL4287715_antagonist_seed_42_RAND_CHEMBL4287715_antagonist_seed_42_sample_5_model,/home/lyceum/h3/out/rand150/RAND_CHEMBL4287715_antagonist/seed_42/RAND_CHEMBL4287715_antagonist_seed_42_sample_5_model.cif,0.4677940905094147,2.89726185798645,2.4294677674770355,agonist,201
H3__rand150_RAND_CHEMBL4292862_antagonist_seed_42_RAND_CHEMBL4292862_antagonist_seed_42_sample_1_model,/home/lyceum/h3/out/rand150/RAND_CHEMBL4292862_antagonist/seed_42/RAND_CHEMBL4292862_antagonist_seed_42_sample_1_model.cif,0.547687828540802,1.2396721839904785,0.6919843554496765,agonist,201
H3__rand150_RAND_CHEMBL4292862_antagonist_seed_42_RAND_CHEMBL4292862_antagonist_seed_42_sample_2_model,/home/lyceum/h3/out/rand150/RAND_CHEMBL4292862_antagonist/seed_42/RAND_CHEMBL4292862_antagonist_seed_42_sample_2_model.cif,5.621082782745361,1.8855230808258057,3.7355597019195557,antagonist,201
H3__rand150_RAND_CHEMBL4292862_antagonist_seed_42_RAND_CHEMBL4292862_antagonist_seed_42_sample_3_model,/home/lyceum/h3/out/rand150/RAND_CHEMBL4292862_antagonist/seed_42/RAND_CHEMBL4292862_antagonist_seed_42_sample_3_model.cif,0.4013165235519409,2.1128885746002197,1.7115720510482788,agonist,201
H3__rand150_RAND_CHEMBL4292862_antagonist_seed_42_RAND_CHEMBL4292862_antagonist_seed_42_sample_4_model,/home/lyceum/h3/out/rand150/RAND_CHEMBL4292862_antagonist/seed_42/RAND_CHEMBL4292862_antagonist_seed_42_sample_4_model.cif,0.4220842719078064,1.9006829261779785,1.4785986542701721,agonist,201
H3__rand150_RAND_CHEMBL4292862_antagonist_seed_42_RAND_CHEMBL4292862_antagonist_seed_42_sample_5_model,/home/lyceum/h3/out/rand150/RAND_CHEMBL4292862_antagonist/seed_42/RAND_CHEMBL4292862_antagonist_seed_42_sample_5_model.cif,0.3067697286605835,1.244416356086731,0.9376466274261475,agonist,201
H3__rand150_RAND_CHEMBL4435215_antagonist_seed_42_RAND_CHEMBL4435215_antagonist_seed_42_sample_1_model,/home/lyceum/h3/out/rand150/RAND_CHEMBL4435215_antagonist/seed_42/RAND_CHEMBL4435215_antagonist_seed_42_sample_1_model.cif,0.5734178423881531,1.3136515617370605,0.7402337193489075,agonist,201
H3__rand150_RAND_CHEMBL4435215_antagonist_seed_42_RAND_CHEMBL4435215_antagonist_seed_42_sample_2_model,/home/lyceum/h3/out/rand150/RAND_CHEMBL4435215_antagonist/seed_42/RAND_CHEMBL4435215_antagonist_seed_42_sample_2_model.cif,0.3038685619831085,1.2896891832351685,0.9858206212520599,agonist,201
H3__rand150_RAND_CHEMBL4435215_antagonist_seed_42_RAND_CHEMBL4435215_antagonist_seed_42_sample_3_model,/home/lyceum/h3/out/rand150/RAND_CHEMBL4435215_antagonist/seed_42/RAND_CHEMBL4435215_antagonist_seed_42_sample_3_model.cif,0.3863943815231323,4.5193190574646,4.132924675941467,agonist,201
H3__rand150_RAND_CHEMBL4435215_antagonist_seed_42_RAND_CHEMBL4435215_antagonist_seed_42_sample_4_model,/home/lyceum/h3/out/rand150/RAND_CHEMBL4435215_antagonist/seed_42/RAND_CHEMBL4435215_antagonist_seed_42_sample_4_model.cif,0.47799500823020935,4.369036674499512,3.8910416662693024,agonist,201
H3__rand150_RAND_CHEMBL4435215_antagonist_seed_42_RAND_CHEMBL4435215_antagonist_seed_42_sample_5_model,/home/lyceum/h3/out/rand150/RAND_CHEMBL4435215_antagonist/seed_42/RAND_CHEMBL4435215_antagonist_seed_42_sample_5_model.cif,0.25397956371307373,1.3291122913360596,1.0751327276229858,agonist,201
H3__rand150_RAND_CHEMBL4438967_antagonist_seed_42_RAND_CHEMBL4438967_antagonist_seed_42_sample_1_model,/home/lyceum/h3/out/rand150/RAND_CHEMBL4438967_antagonist/seed_42/RAND_CHEMBL4438967_antagonist_seed_42_sample_1_model.cif,0.5950642824172974,4.369043350219727,3.773979067802429,agonist,201
H3__rand150_RAND_CHEMBL4438967_antagonist_seed_42_RAND_CHEMBL4438967_antagonist_seed_42_sample_2_model,/home/lyceum/h3/out/rand150/RAND_CHEMBL4438967_antagonist/seed_42/RAND_CHEMBL4438967_antagonist_seed_42_sample_2_model.cif,0.2973649501800537,0.3510998785495758,0.053734928369522095,agonist,201
H3__rand150_RAND_CHEMBL4438967_antagonist_seed_42_RAND_CHEMBL4438967_antagonist_seed_42_sample_3_model,/home/lyceum/h3/out/rand150/RAND_CHEMBL4438967_antagonist/seed_42/RAND_CHEMBL4438967_antagonist_seed_42_sample_3_model.cif,0.3319273591041565,0.4227842390537262,0.0908568799495697,agonist,201
H3__rand150_RAND_CHEMBL4438967_antagonist_seed_42_RAND_CHEMBL4438967_antagonist_seed_42_sample_4_model,/home/lyceum/h3/out/rand150/RAND_CHEMBL4438967_antagonist/seed_42/RAND_CHEMBL4438967_antagonist_seed_42_sample_4_model.cif,0.31279706954956055,0.35425296425819397,0.04145589470863342,agonist,201
H3__rand150_RAND_CHEMBL4438967_antagonist_seed_42_RAND_CHEMBL4438967_antagonist_seed_42_sample_5_model,/home/lyceum/h3/out/rand150/RAND_CHEMBL4438967_antagonist/seed_42/RAND_CHEMBL4438967_antagonist_seed_42_sample_5_model.cif,0.3476927876472473,0.3481203615665436,0.00042757391929626465,agonist,201
H3__rand150_RAND_CHEMBL4452914_agonist_seed_42_RAND_CHEMBL4452914_agonist_seed_42_sample_1_model,/home/lyceum/h3/out/rand150/RAND_CHEMBL4452914_agonist/seed_42/RAND_CHEMBL4452914_agonist_seed_42_sample_1_model.cif,4.010480880737305,1.973300814628601,2.0371800661087036,antagonist,201
H3__rand150_RAND_CHEMBL4452914_agonist_seed_42_RAND_CHEMBL4452914_agonist_seed_42_sample_2_model,/home/lyceum/h3/out/rand150/RAND_CHEMBL4452914_agonist/seed_42/RAND_CHEMBL4452914_agonist_seed_42_sample_2_model.cif,5.533084869384766,1.5899235010147095,3.943161368370056,antagonist,201
H3__rand150_RAND_CHEMBL4452914_agonist_seed_42_RAND_CHEMBL4452914_agonist_seed_42_sample_3_model,/home/lyceum/h3/out/rand150/RAND_CHEMBL4452914_agonist/seed_42/RAND_CHEMBL4452914_agonist_seed_42_sample_3_model.cif,0.3505178391933441,0.3568303883075714,0.006312549114227295,agonist,201
H3__rand150_RAND_CHEMBL4452914_agonist_seed_42_RAND_CHEMBL4452914_agonist_seed_42_sample_4_model,/home/lyceum/h3/out/rand150/RAND_CHEMBL4452914_agonist/seed_42/RAND_CHEMBL4452914_agonist_seed_42_sample_4_model.cif,5.4274749755859375,1.637905478477478,3.7895694971084595,antagonist,201
H3__rand150_RAND_CHEMBL4452914_agonist_seed_42_RAND_CHEMBL4452914_agonist_seed_42_sample_5_model,/home/lyceum/h3/out/rand150/RAND_CHEMBL4452914_agonist/seed_42/RAND_CHEMBL4452914_agonist_seed_42_sample_5_model.cif,5.116185665130615,1.7103148698806763,3.405870795249939,antagonist,201
H3__rand150_RAND_CHEMBL4457391_antagonist_seed_42_RAND_CHEMBL4457391_antagonist_seed_42_sample_1_model,/home/lyceum/h3/out/rand150/RAND_CHEMBL4457391_antagonist/seed_42/RAND_CHEMBL4457391_antagonist_seed_42_sample_1_model.cif,0.5959775447845459,4.58447265625,3.988495111465454,agonist,201
H3__rand150_RAND_CHEMBL4457391_antagonist_seed_42_RAND_CHEMBL4457391_antagonist_seed_42_sample_2_model,/home/lyceum/h3/out/rand150/RAND_CHEMBL4457391_antagonist/seed_42/RAND_CHEMBL4457391_antagonist_seed_42_sample_2_model.cif,0.29276224970817566,0.4211871027946472,0.12842485308647156,agonist,201
H3__rand150_RAND_CHEMBL4457391_antagonist_seed_42_RAND_CHEMBL4457391_antagonist_seed_42_sample_3_model,/home/lyceum/h3/out/rand150/RAND_CHEMBL4457391_antagonist/seed_42/RAND_CHEMBL4457391_antagonist_seed_42_sample_3_model.cif,0.3274784982204437,0.4401034712791443,0.11262497305870056,agonist,201
H3__rand150_RAND_CHEMBL4457391_antagonist_seed_42_RAND_CHEMBL4457391_antagonist_seed_42_sample_4_model,/home/lyceum/h3/out/rand150/RAND_CHEMBL4457391_antagonist/seed_42/RAND_CHEMBL4457391_antagonist_seed_42_sample_4_model.cif,0.3027185797691345,0.37464505434036255,0.07192647457122803,agonist,201
H3__rand150_RAND_CHEMBL4457391_antagonist_seed_42_RAND_CHEMBL4457391_antagonist_seed_42_sample_5_model,/home/lyceum/h3/out/rand150/RAND_CHEMBL4457391_antagonist/seed_42/RAND_CHEMBL4457391_antagonist_seed_42_sample_5_model.cif,0.4457246959209442,0.9761605262756348,0.5304358303546906,agonist,201
H3__rand150_RAND_CHEMBL4470666_antagonist_seed_42_RAND_CHEMBL4470666_antagonist_seed_42_sample_1_model,/home/lyceum/h3/out/rand150/RAND_CHEMBL4470666_antagonist/seed_42/RAND_CHEMBL4470666_antagonist_seed_42_sample_1_model.cif,0.5658375024795532,1.3735755681991577,0.8077380657196045,agonist,201
H3__rand150_RAND_CHEMBL4470666_antagonist_seed_42_RAND_CHEMBL4470666_antagonist_seed_42_sample_2_model,/home/lyceum/h3/out/rand150/RAND_CHEMBL4470666_antagonist/seed_42/RAND_CHEMBL4470666_antagonist_seed_42_sample_2_model.cif,0.38099542260169983,1.2779698371887207,0.8969744145870209,agonist,201
H3__rand150_RAND_CHEMBL4470666_antagonist_seed_42_RAND_CHEMBL4470666_antagonist_seed_42_sample_3_model,/home/lyceum/h3/out/rand150/RAND_CHEMBL4470666_antagonist/seed_42/RAND_CHEMBL4470666_antagonist_seed_42_sample_3_model.cif,0.38214007019996643,0.35964450240135193,0.022495567798614502,antagonist,201
H3__rand150_RAND_CHEMBL4470666_antagonist_seed_42_RAND_CHEMBL4470666_antagonist_seed_42_sample_4_model,/home/lyceum/h3/out/rand150/RAND_CHEMBL4470666_antagonist/seed_42/RAND_CHEMBL4470666_antagonist_seed_42_sample_4_model.cif,0.48911699652671814,4.373106479644775,3.8839894831180573,agonist,201
H3__rand150_RAND_CHEMBL4470666_antagonist_seed_42_RAND_CHEMBL4470666_antagonist_seed_42_sample_5_model,/home/lyceum/h3/out/rand150/RAND_CHEMBL4470666_antagonist/seed_42/RAND_CHEMBL4470666_antagonist_seed_42_sample_5_model.cif,0.24953512847423553,1.2879703044891357,1.0384351760149002,agonist,201
H3__rand150_RAND_CHEMBL4547336_agonist_seed_42_RAND_CHEMBL4547336_agonist_seed_42_sample_1_model,/home/lyceum/h3/out/rand150/RAND_CHEMBL4547336_agonist/seed_42/RAND_CHEMBL4547336_agonist_seed_42_sample_1_model.cif,0.5147424936294556,1.4530503749847412,0.9383078813552856,agonist,201
H3__rand150_RAND_CHEMBL4547336_agonist_seed_42_RAND_CHEMBL4547336_agonist_seed_42_sample_2_model,/home/lyceum/h3/out/rand150/RAND_CHEMBL4547336_agonist/seed_42/RAND_CHEMBL4547336_agonist_seed_42_sample_2_model.cif,0.2838059961795807,0.41469788551330566,0.13089188933372498,agonist,201
H3__rand150_RAND_CHEMBL4547336_agonist_seed_42_RAND_CHEMBL4547336_agonist_seed_42_sample_3_model,/home/lyceum/h3/out/rand150/RAND_CHEMBL4547336_agonist/seed_42/RAND_CHEMBL4547336_agonist_seed_42_sample_3_model.cif,0.36083388328552246,0.41219544410705566,0.0513615608215332,agonist,201
H3__rand150_RAND_CHEMBL4547336_agonist_seed_42_RAND_CHEMBL4547336_agonist_seed_42_sample_4_model,/home/lyceum/h3/out/rand150/RAND_CHEMBL4547336_agonist/seed_42/RAND_CHEMBL4547336_agonist_seed_42_sample_4_model.cif,0.29637813568115234,0.3512036204338074,0.05482548475265503,agonist,201
H3__rand150_RAND_CHEMBL4547336_agonist_seed_42_RAND_CHEMBL4547336_agonist_seed_42_sample_5_model,/home/lyceum/h3/out/rand150/RAND_CHEMBL4547336_agonist/seed_42/RAND_CHEMBL4547336_agonist_seed_42_sample_5_model.cif,0.3487319350242615,1.2651166915893555,0.916384756565094,agonist,201
H3__rand150_RAND_CHEMBL4552142_antagonist_seed_42_RAND_CHEMBL4552142_antagonist_seed_42_sample_1_model,/home/lyceum/h3/out/rand150/RAND_CHEMBL4552142_antagonist/seed_42/RAND_CHEMBL4552142_antagonist_seed_42_sample_1_model.cif,0.5097260475158691,1.3634015321731567,0.8536754846572876,agonist,201
H3__rand150_RAND_CHEMBL4552142_antagonist_seed_42_RAND_CHEMBL4552142_antagonist_seed_42_sample_2_model,/home/lyceum/h3/out/rand150/RAND_CHEMBL4552142_antagonist/seed_42/RAND_CHEMBL4552142_antagonist_seed_42_sample_2_model.cif,0.2783225178718567,0.3379085958003998,0.05958607792854309,agonist,201
H3__rand150_RAND_CHEMBL4552142_antagonist_seed_42_RAND_CHEMBL4552142_antagonist_seed_42_sample_3_model,/home/lyceum/h3/out/rand150/RAND_CHEMBL4552142_antagonist/seed_42/RAND_CHEMBL4552142_antagonist_seed_42_sample_3_model.cif,0.40452486276626587,0.35513588786125183,0.04938897490501404,antagonist,201
H3__rand150_RAND_CHEMBL4552142_antagonist_seed_42_RAND_CHEMBL4552142_antagonist_seed_42_sample_4_model,/home/lyceum/h3/out/rand150/RAND_CHEMBL4552142_antagonist/seed_42/RAND_CHEMBL4552142_antagonist_seed_42_sample_4_model.cif,0.33781906962394714,0.34219473600387573,0.004375666379928589,agonist,201
H3__rand150_RAND_CHEMBL4552142_antagonist_seed_42_RAND_CHEMBL4552142_antagonist_seed_42_sample_5_model,/home/lyceum/h3/out/rand150/RAND_CHEMBL4552142_antagonist/seed_42/RAND_CHEMBL4552142_antagonist_seed_42_sample_5_model.cif,0.21752066910266876,0.3549923896789551,0.13747172057628632,agonist,201
H3__rand150_RAND_CHEMBL4576948_agonist_seed_42_RAND_CHEMBL4576948_agonist_seed_42_sample_1_model,/home/lyceum/h3/out/rand150/RAND_CHEMBL4576948_agonist/seed_42/RAND_CHEMBL4576948_agonist_seed_42_sample_1_model.cif,0.5735970139503479,0.3243470788002014,0.24924993515014648,antagonist,201
H3__rand150_RAND_CHEMBL4576948_agonist_seed_42_RAND_CHEMBL4576948_agonist_seed_42_sample_2_model,/home/lyceum/h3/out/rand150/RAND_CHEMBL4576948_agonist/seed_42/RAND_CHEMBL4576948_agonist_seed_42_sample_2_model.cif,0.27840957045555115,0.3371470272541046,0.05873745679855347,agonist,201
H3__rand150_RAND_CHEMBL4576948_agonist_seed_42_RAND_CHEMBL4576948_agonist_seed_42_sample_3_model,/home/lyceum/h3/out/rand150/RAND_CHEMBL4576948_agonist/seed_42/RAND_CHEMBL4576948_agonist_seed_42_sample_3_model.cif,0.3038288652896881,0.3548048734664917,0.05097600817680359,agonist,201
H3__rand150_RAND_CHEMBL4576948_agonist_seed_42_RAND_CHEMBL4576948_agonist_seed_42_sample_4_model,/home/lyceum/h3/out/rand150/RAND_CHEMBL4576948_agonist/seed_42/RAND_CHEMBL4576948_agonist_seed_42_sample_4_model.cif,0.3003234565258026,0.358378529548645,0.05805507302284241,agonist,201
H3__rand150_RAND_CHEMBL4576948_agonist_seed_42_RAND_CHEMBL4576948_agonist_seed_42_sample_5_model,/home/lyceum/h3/out/rand150/RAND_CHEMBL4576948_agonist/seed_42/RAND_CHEMBL4576948_agonist_seed_42_sample_5_model.cif,0.5582424998283386,1.0634949207305908,0.5052524209022522,agonist,201
H3__rand150_RAND_CHEMBL4648441_antagonist_seed_42_RAND_CHEMBL4648441_antagonist_seed_42_sample_1_model,/home/lyceum/h3/out/rand150/RAND_CHEMBL4648441_antagonist/seed_42/RAND_CHEMBL4648441_antagonist_seed_42_sample_1_model.cif,0.6416939496994019,0.306762158870697,0.33493179082870483,antagonist,201
H3__rand150_RAND_CHEMBL4648441_antagonist_seed_42_RAND_CHEMBL4648441_antagonist_seed_42_sample_2_model,/home/lyceum/h3/out/rand150/RAND_CHEMBL4648441_antagonist/seed_42/RAND_CHEMBL4648441_antagonist_seed_42_sample_2_model.cif,0.42421838641166687,1.3261135816574097,0.9018951952457428,agonist,201
H3__rand150_RAND_CHEMBL4648441_antagonist_seed_42_RAND_CHEMBL4648441_antagonist_seed_42_sample_3_model,/home/lyceum/h3/out/rand150/RAND_CHEMBL4648441_antagonist/seed_42/RAND_CHEMBL4648441_antagonist_seed_42_sample_3_model.cif,0.41470345854759216,0.3278884291648865,0.08681502938270569,antagonist,201
H3__rand150_RAND_CHEMBL4648441_antagonist_seed_42_RAND_CHEMBL4648441_antagonist_seed_42_sample_4_model,/home/lyceum/h3/out/rand150/RAND_CHEMBL4648441_antagonist/seed_42/RAND_CHEMBL4648441_antagonist_seed_42_sample_4_model.cif,0.349782794713974,0.32691729068756104,0.022865504026412964,antagonist,201
H3__rand150_RAND_CHEMBL4648441_antagonist_seed_42_RAND_CHEMBL4648441_antagonist_seed_42_sample_5_model,/home/lyceum/h3/out/rand150/RAND_CHEMBL4648441_antagonist/seed_42/RAND_CHEMBL4648441_antagonist_seed_42_sample_5_model.cif,0.38854989409446716,0.3178425431251526,0.07070735096931458,antagonist,201
H3__rand150_RAND_CHEMBL4649541_agonist_seed_42_RAND_CHEMBL4649541_agonist_seed_42_sample_1_model,/home/lyceum/h3/out/rand150/RAND_CHEMBL4649541_agonist/seed_42/RAND_CHEMBL4649541_agonist_seed_42_sample_1_model.cif,0.6281213760375977,0.31988853216171265,0.308232843875885,antagonist,201
H3__rand150_RAND_CHEMBL4649541_agonist_seed_42_RAND_CHEMBL4649541_agonist_seed_42_sample_2_model,/home/lyceum/h3/out/rand150/RAND_CHEMBL4649541_agonist/seed_42/RAND_CHEMBL4649541_agonist_seed_42_sample_2_model.cif,0.3423610329627991,0.3306986391544342,0.011662393808364868,antagonist,201
H3__rand150_RAND_CHEMBL4649541_agonist_seed_42_RAND_CHEMBL4649541_agonist_seed_42_sample_3_model,/home/lyceum/h3/out/rand150/RAND_CHEMBL4649541_agonist/seed_42/RAND_CHEMBL4649541_agonist_seed_42_sample_3_model.cif,0.40028369426727295,0.36284729838371277,0.03743639588356018,antagonist,201
H3__rand150_RAND_CHEMBL4649541_agonist_seed_42_RAND_CHEMBL4649541_agonist_seed_42_sample_4_model,/home/lyceum/h3/out/rand150/RAND_CHEMBL4649541_agonist/seed_42/RAND_CHEMBL4649541_agonist_seed_42_sample_4_model.cif,0.37618720531463623,0.34518885612487793,0.0309983491897583,antagonist,201
H3__rand150_RAND_CHEMBL4649541_agonist_seed_42_RAND_CHEMBL4649541_agonist_seed_42_sample_5_model,/home/lyceum/h3/out/rand150/RAND_CHEMBL4649541_agonist/seed_42/RAND_CHEMBL4649541_agonist_seed_42_sample_5_model.cif,0.3336296081542969,0.329992413520813,0.0036371946334838867,antagonist,201
H3__rand150_RAND_CHEMBL4745606_agonist_seed_42_RAND_CHEMBL4745606_agonist_seed_42_sample_1_model,/home/lyceum/h3/out/rand150/RAND_CHEMBL4745606_agonist/seed_42/RAND_CHEMBL4745606_agonist_seed_42_sample_1_model.cif,0.6053279638290405,4.573083877563477,3.967755913734436,agonist,201
H3__rand150_RAND_CHEMBL4745606_agonist_seed_42_RAND_CHEMBL4745606_agonist_seed_42_sample_2_model,/home/lyceum/h3/out/rand150/RAND_CHEMBL4745606_agonist/seed_42/RAND_CHEMBL4745606_agonist_seed_42_sample_2_model.cif,0.3229348957538605,0.36087024211883545,0.037935346364974976,agonist,201
H3__rand150_RAND_CHEMBL4745606_agonist_seed_42_RAND_CHEMBL4745606_agonist_seed_42_sample_3_model,/home/lyceum/h3/out/rand150/RAND_CHEMBL4745606_agonist/seed_42/RAND_CHEMBL4745606_agonist_seed_42_sample_3_model.cif,0.34945350885391235,0.34533482789993286,0.004118680953979492,antagonist,201
H3__rand150_RAND_CHEMBL4745606_agonist_seed_42_RAND_CHEMBL4745606_agonist_seed_42_sample_4_model,/home/lyceum/h3/out/rand150/RAND_CHEMBL4745606_agonist/seed_42/RAND_CHEMBL4745606_agonist_seed_42_sample_4_model.cif,0.3757241666316986,0.33948710560798645,0.03623706102371216,antagonist,201
H3__rand150_RAND_CHEMBL4745606_agonist_seed_42_RAND_CHEMBL4745606_agonist_seed_42_sample_5_model,/home/lyceum/h3/out/rand150/RAND_CHEMBL4745606_agonist/seed_42/RAND_CHEMBL4745606_agonist_seed_42_sample_5_model.cif,0.38922932744026184,0.3491513431072235,0.04007798433303833,antagonist,201
H3__rand150_RAND_CHEMBL4749158_agonist_seed_42_RAND_CHEMBL4749158_agonist_seed_42_sample_1_model,/home/lyceum/h3/out/rand150/RAND_CHEMBL4749158_agonist/seed_42/RAND_CHEMBL4749158_agonist_seed_42_sample_1_model.cif,0.530359148979187,4.5599517822265625,4.0295926332473755,agonist,201
H3__rand150_RAND_CHEMBL4749158_agonist_seed_42_RAND_CHEMBL4749158_agonist_seed_42_sample_2_model,/home/lyceum/h3/out/rand150/RAND_CHEMBL4749158_agonist/seed_42/RAND_CHEMBL4749158_agonist_seed_42_sample_2_model.cif,0.3211592733860016,0.36211782693862915,0.040958553552627563,agonist,201
H3__rand150_RAND_CHEMBL4749158_agonist_seed_42_RAND_CHEMBL4749158_agonist_seed_42_sample_3_model,/home/lyceum/h3/out/rand150/RAND_CHEMBL4749158_agonist/seed_42/RAND_CHEMBL4749158_agonist_seed_42_sample_3_model.cif,0.291505366563797,0.3428782820701599,0.051372915506362915,agonist,201
H3__rand150_RAND_CHEMBL4749158_agonist_seed_42_RAND_CHEMBL4749158_agonist_seed_42_sample_4_model,/home/lyceum/h3/out/rand150/RAND_CHEMBL4749158_agonist/seed_42/RAND_CHEMBL4749158_agonist_seed_42_sample_4_model.cif,0.30728188157081604,0.3626921474933624,0.05541026592254639,agonist,201
H3__rand150_RAND_CHEMBL4749158_agonist_seed_42_RAND_CHEMBL4749158_agonist_seed_42_sample_5_model,/home/lyceum/h3/out/rand150/RAND_CHEMBL4749158_agonist/seed_42/RAND_CHEMBL4749158_agonist_seed_42_sample_5_model.cif,0.34140199422836304,0.3499464988708496,0.008544504642486572,agonist,201
H3__rand150_RAND_CHEMBL4754713_agonist_seed_42_RAND_CHEMBL4754713_agonist_seed_42_sample_1_model,/home/lyceum/h3/out/rand150/RAND_CHEMBL4754713_agonist/seed_42/RAND_CHEMBL4754713_agonist_seed_42_sample_1_model.cif,0.6316690444946289,4.320087432861328,3.688418388366699,agonist,201
H3__rand150_RAND_CHEMBL4754713_agonist_seed_42_RAND_CHEMBL4754713_agonist_seed_42_sample_2_model,/home/lyceum/h3/out/rand150/RAND_CHEMBL4754713_agonist/seed_42/RAND_CHEMBL4754713_agonist_seed_42_sample_2_model.cif,0.24932800233364105,0.4125584363937378,0.16323043406009674,agonist,201
H3__rand150_RAND_CHEMBL4754713_agonist_seed_42_RAND_CHEMBL4754713_agonist_seed_42_sample_3_model,/home/lyceum/h3/out/rand150/RAND_CHEMBL4754713_agonist/seed_42/RAND_CHEMBL4754713_agonist_seed_42_sample_3_model.cif,0.35469552874565125,0.3538722097873688,0.0008233189582824707,antagonist,201
H3__rand150_RAND_CHEMBL4754713_agonist_seed_42_RAND_CHEMBL4754713_agonist_seed_42_sample_4_model,/home/lyceum/h3/out/rand150/RAND_CHEMBL4754713_agonist/seed_42/RAND_CHEMBL4754713_agonist_seed_42_sample_4_model.cif,0.3246334493160248,0.35142388939857483,0.02679044008255005,agonist,201
H3__rand150_RAND_CHEMBL4754713_agonist_seed_42_RAND_CHEMBL4754713_agonist_seed_42_sample_5_model,/home/lyceum/h3/out/rand150/RAND_CHEMBL4754713_agonist/seed_42/RAND_CHEMBL4754713_agonist_seed_42_sample_5_model.cif,0.38069266080856323,0.3588007688522339,0.021891891956329346,antagonist,201
H3__rand150_RAND_CHEMBL4776548_antagonist_seed_42_RAND_CHEMBL4776548_antagonist_seed_42_sample_1_model,/home/lyceum/h3/out/rand150/RAND_CHEMBL4776548_antagonist/seed_42/RAND_CHEMBL4776548_antagonist_seed_42_sample_1_model.cif,0.5077351927757263,1.009616732597351,0.5018815398216248,agonist,201
H3__rand150_RAND_CHEMBL4776548_antagonist_seed_42_RAND_CHEMBL4776548_antagonist_seed_42_sample_2_model,/home/lyceum/h3/out/rand150/RAND_CHEMBL4776548_antagonist/seed_42/RAND_CHEMBL4776548_antagonist_seed_42_sample_2_model.cif,0.3263661563396454,0.34156954288482666,0.015203386545181274,agonist,201
H3__rand150_RAND_CHEMBL4776548_antagonist_seed_42_RAND_CHEMBL4776548_antagonist_seed_42_sample_3_model,/home/lyceum/h3/out/rand150/RAND_CHEMBL4776548_antagonist/seed_42/RAND_CHEMBL4776548_antagonist_seed_42_sample_3_model.cif,0.46813976764678955,0.3482990562915802,0.11984071135520935,antagonist,201
H3__rand150_RAND_CHEMBL4776548_antagonist_seed_42_RAND_CHEMBL4776548_antagonist_seed_42_sample_4_model,/home/lyceum/h3/out/rand150/RAND_CHEMBL4776548_antagonist/seed_42/RAND_CHEMBL4776548_antagonist_seed_42_sample_4_model.cif,0.4076736271381378,0.34523168206214905,0.06244194507598877,antagonist,201
H3__rand150_RAND_CHEMBL4776548_antagonist_seed_42_RAND_CHEMBL4776548_antagonist_seed_42_sample_5_model,/home/lyceum/h3/out/rand150/RAND_CHEMBL4776548_antagonist/seed_42/RAND_CHEMBL4776548_antagonist_seed_42_sample_5_model.cif,0.4107426702976227,0.9809549450874329,0.5702122747898102,agonist,201
H3__rand150_RAND_CHEMBL4777002_agonist_seed_42_RAND_CHEMBL4777002_agonist_seed_42_sample_1_model,/home/lyceum/h3/out/rand150/RAND_CHEMBL4777002_agonist/seed_42/RAND_CHEMBL4777002_agonist_seed_42_sample_1_model.cif,0.5891657471656799,4.567837238311768,3.9786714911460876,agonist,201
H3__rand150_RAND_CHEMBL4777002_agonist_seed_42_RAND_CHEMBL4777002_agonist_seed_42_sample_2_model,/home/lyceum/h3/out/rand150/RAND_CHEMBL4777002_agonist/seed_42/RAND_CHEMBL4777002_agonist_seed_42_sample_2_model.cif,0.3171163499355316,0.3592042028903961,0.0420878529548645,agonist,201
H3__rand150_RAND_CHEMBL4777002_agonist_seed_42_RAND_CHEMBL4777002_agonist_seed_42_sample_3_model,/home/lyceum/h3/out/rand150/RAND_CHEMBL4777002_agonist/seed_42/RAND_CHEMBL4777002_agonist_seed_42_sample_3_model.cif,0.35904714465141296,0.34181028604507446,0.0172368586063385,antagonist,201
H3__rand150_RAND_CHEMBL4777002_agonist_seed_42_RAND_CHEMBL4777002_agonist_seed_42_sample_4_model,/home/lyceum/h3/out/rand150/RAND_CHEMBL4777002_agonist/seed_42/RAND_CHEMBL4777002_agonist_seed_42_sample_4_model.cif,0.4046703279018402,0.3418707549571991,0.06279957294464111,antagonist,201
H3__rand150_RAND_CHEMBL4777002_agonist_seed_42_RAND_CHEMBL4777002_agonist_seed_42_sample_5_model,/home/lyceum/h3/out/rand150/RAND_CHEMBL4777002_agonist/seed_42/RAND_CHEMBL4777002_agonist_seed_42_sample_5_model.cif,0.37872928380966187,0.3528522253036499,0.025877058506011963,antagonist,201
H3__rand150_RAND_CHEMBL4848879_agonist_seed_42_RAND_CHEMBL4848879_agonist_seed_42_sample_1_model,/home/lyceum/h3/out/rand150/RAND_CHEMBL4848879_agonist/seed_42/RAND_CHEMBL4848879_agonist_seed_42_sample_1_model.cif,0.6107504367828369,4.387368679046631,3.776618242263794,agonist,201
H3__rand150_RAND_CHEMBL4848879_agonist_seed_42_RAND_CHEMBL4848879_agonist_seed_42_sample_2_model,/home/lyceum/h3/out/rand150/RAND_CHEMBL4848879_agonist/seed_42/RAND_CHEMBL4848879_agonist_seed_42_sample_2_model.cif,0.29396113753318787,5.1549272537231445,4.860966116189957,agonist,201
H3__rand150_RAND_CHEMBL4848879_agonist_seed_42_RAND_CHEMBL4848879_agonist_seed_42_sample_3_model,/home/lyceum/h3/out/rand150/RAND_CHEMBL4848879_agonist/seed_42/RAND_CHEMBL4848879_agonist_seed_42_sample_3_model.cif,0.34308943152427673,0.3571835458278656,0.014094114303588867,agonist,201
H3__rand150_RAND_CHEMBL4848879_agonist_seed_42_RAND_CHEMBL4848879_agonist_seed_42_sample_4_model,/home/lyceum/h3/out/rand150/RAND_CHEMBL4848879_agonist/seed_42/RAND_CHEMBL4848879_agonist_seed_42_sample_4_model.cif,0.2828514575958252,0.3450382947921753,0.0621868371963501,agonist,201
H3__rand150_RAND_CHEMBL4848879_agonist_seed_42_RAND_CHEMBL4848879_agonist_seed_42_sample_5_model,/home/lyceum/h3/out/rand150/RAND_CHEMBL4848879_agonist/seed_42/RAND_CHEMBL4848879_agonist_seed_42_sample_5_model.cif,0.2984848916530609,0.3518527150154114,0.053367823362350464,agonist,201
H3__rand150_RAND_CHEMBL4849995_agonist_seed_42_RAND_CHEMBL4849995_agonist_seed_42_sample_1_model,/home/lyceum/h3/out/rand150/RAND_CHEMBL4849995_agonist/seed_42/RAND_CHEMBL4849995_agonist_seed_42_sample_1_model.cif,0.6064540147781372,4.487941741943359,3.881487727165222,agonist,201
H3__rand150_RAND_CHEMBL4849995_agonist_seed_42_RAND_CHEMBL4849995_agonist_seed_42_sample_2_model,/home/lyceum/h3/out/rand150/RAND_CHEMBL4849995_agonist/seed_42/RAND_CHEMBL4849995_agonist_seed_42_sample_2_model.cif,0.2979015111923218,0.3499498665332794,0.05204835534095764,agonist,201
H3__rand150_RAND_CHEMBL4849995_agonist_seed_42_RAND_CHEMBL4849995_agonist_seed_42_sample_3_model,/home/lyceum/h3/out/rand150/RAND_CHEMBL4849995_agonist/seed_42/RAND_CHEMBL4849995_agonist_seed_42_sample_3_model.cif,0.37921878695487976,0.3548458218574524,0.024372965097427368,antagonist,201
H3__rand150_RAND_CHEMBL4849995_agonist_seed_42_RAND_CHEMBL4849995_agonist_seed_42_sample_4_model,/home/lyceum/h3/out/rand150/RAND_CHEMBL4849995_agonist/seed_42/RAND_CHEMBL4849995_agonist_seed_42_sample_4_model.cif,0.604830801486969,0.5527386665344238,0.052092134952545166,antagonist,201
H3__rand150_RAND_CHEMBL4849995_agonist_seed_42_RAND_CHEMBL4849995_agonist_seed_42_sample_5_model,/home/lyceum/h3/out/rand150/RAND_CHEMBL4849995_agonist/seed_42/RAND_CHEMBL4849995_agonist_seed_42_sample_5_model.cif,0.793472170829773,1.4593323469161987,0.6658601760864258,agonist,201
H3__rand150_RAND_CHEMBL4851088_agonist_seed_42_RAND_CHEMBL4851088_agonist_seed_42_sample_1_model,/home/lyceum/h3/out/rand150/RAND_CHEMBL4851088_agonist/seed_42/RAND_CHEMBL4851088_agonist_seed_42_sample_1_model.cif,0.5793544054031372,4.591612339019775,4.012257933616638,agonist,201
H3__rand150_RAND_CHEMBL4851088_agonist_seed_42_RAND_CHEMBL4851088_agonist_seed_42_sample_2_model,/home/lyceum/h3/out/rand150/RAND_CHEMBL4851088_agonist/seed_42/RAND_CHEMBL4851088_agonist_seed_42_sample_2_model.cif,0.28824371099472046,4.928957939147949,4.640714228153229,agonist,201
H3__rand150_RAND_CHEMBL4851088_agonist_seed_42_RAND_CHEMBL4851088_agonist_seed_42_sample_3_model,/home/lyceum/h3/out/rand150/RAND_CHEMBL4851088_agonist/seed_42/RAND_CHEMBL4851088_agonist_seed_42_sample_3_model.cif,0.33724433183670044,0.36633649468421936,0.02909216284751892,agonist,201
H3__rand150_RAND_CHEMBL4851088_agonist_seed_42_RAND_CHEMBL4851088_agonist_seed_42_sample_4_model,/home/lyceum/h3/out/rand150/RAND_CHEMBL4851088_agonist/seed_42/RAND_CHEMBL4851088_agonist_seed_42_sample_4_model.cif,0.2775503695011139,0.34468337893486023,0.06713300943374634,agonist,201
H3__rand150_RAND_CHEMBL4851088_agonist_seed_42_RAND_CHEMBL4851088_agonist_seed_42_sample_5_model,/home/lyceum/h3/out/rand150/RAND_CHEMBL4851088_agonist/seed_42/RAND_CHEMBL4851088_agonist_seed_42_sample_5_model.cif,0.2946745753288269,0.3602393567562103,0.06556478142738342,agonist,201
H3__rand150_RAND_CHEMBL4855243_agonist_seed_42_RAND_CHEMBL4855243_agonist_seed_42_sample_1_model,/home/lyceum/h3/out/rand150/RAND_CHEMBL4855243_agonist/seed_42/RAND_CHEMBL4855243_agonist_seed_42_sample_1_model.cif,0.68791663646698,4.324673652648926,3.636757016181946,agonist,201
H3__rand150_RAND_CHEMBL4855243_agonist_seed_42_RAND_CHEMBL4855243_agonist_seed_42_sample_2_model,/home/lyceum/h3/out/rand150/RAND_CHEMBL4855243_agonist/seed_42/RAND_CHEMBL4855243_agonist_seed_42_sample_2_model.cif,0.32848984003067017,0.34409385919570923,0.015604019165039062,agonist,201
H3__rand150_RAND_CHEMBL4855243_agonist_seed_42_RAND_CHEMBL4855243_agonist_seed_42_sample_3_model,/home/lyceum/h3/out/rand150/RAND_CHEMBL4855243_agonist/seed_42/RAND_CHEMBL4855243_agonist_seed_42_sample_3_model.cif,0.33543962240219116,0.35531365871429443,0.01987403631210327,agonist,201
H3__rand150_RAND_CHEMBL4855243_agonist_seed_42_RAND_CHEMBL4855243_agonist_seed_42_sample_4_model,/home/lyceum/h3/out/rand150/RAND_CHEMBL4855243_agonist/seed_42/RAND_CHEMBL4855243_agonist_seed_42_sample_4_model.cif,0.2939877212047577,0.35429731011390686,0.06030958890914917,agonist,201
H3__rand150_RAND_CHEMBL4855243_agonist_seed_42_RAND_CHEMBL4855243_agonist_seed_42_sample_5_model,/home/lyceum/h3/out/rand150/RAND_CHEMBL4855243_agonist/seed_42/RAND_CHEMBL4855243_agonist_seed_42_sample_5_model.cif,0.3284318149089813,0.35677391290664673,0.028342097997665405,agonist,201
H3__rand150_RAND_CHEMBL4857191_agonist_seed_42_RAND_CHEMBL4857191_agonist_seed_42_sample_1_model,/home/lyceum/h3/out/rand150/RAND_CHEMBL4857191_agonist/seed_42/RAND_CHEMBL4857191_agonist_seed_42_sample_1_model.cif,0.49889257550239563,1.2264279127120972,0.7275353372097015,agonist,201
H3__rand150_RAND_CHEMBL4857191_agonist_seed_42_RAND_CHEMBL4857191_agonist_seed_42_sample_2_model,/home/lyceum/h3/out/rand150/RAND_CHEMBL4857191_agonist/seed_42/RAND_CHEMBL4857191_agonist_seed_42_sample_2_model.cif,0.3348076045513153,0.3997736871242523,0.06496608257293701,agonist,201
H3__rand150_RAND_CHEMBL4857191_agonist_seed_42_RAND_CHEMBL4857191_agonist_seed_42_sample_3_model,/home/lyceum/h3/out/rand150/RAND_CHEMBL4857191_agonist/seed_42/RAND_CHEMBL4857191_agonist_seed_42_sample_3_model.cif,0.32738813757896423,0.40159302949905396,0.07420489192008972,agonist,201
H3__rand150_RAND_CHEMBL4857191_agonist_seed_42_RAND_CHEMBL4857191_agonist_seed_42_sample_4_model,/home/lyceum/h3/out/rand150/RAND_CHEMBL4857191_agonist/seed_42/RAND_CHEMBL4857191_agonist_seed_42_sample_4_model.cif,0.3355584144592285,0.3582679331302643,0.022709518671035767,agonist,201
H3__rand150_RAND_CHEMBL4857191_agonist_seed_42_RAND_CHEMBL4857191_agonist_seed_42_sample_5_model,/home/lyceum/h3/out/rand150/RAND_CHEMBL4857191_agonist/seed_42/RAND_CHEMBL4857191_agonist_seed_42_sample_5_model.cif,0.295489102602005,1.4850057363510132,1.1895166337490082,agonist,201
H3__rand150_RAND_CHEMBL4857658_agonist_seed_42_RAND_CHEMBL4857658_agonist_seed_42_sample_1_model,/home/lyceum/h3/out/rand150/RAND_CHEMBL4857658_agonist/seed_42/RAND_CHEMBL4857658_agonist_seed_42_sample_1_model.cif,0.47562161087989807,1.0329680442810059,0.5573464334011078,agonist,201
H3__rand150_RAND_CHEMBL4857658_agonist_seed_42_RAND_CHEMBL4857658_agonist_seed_42_sample_2_model,/home/lyceum/h3/out/rand150/RAND_CHEMBL4857658_agonist/seed_42/RAND_CHEMBL4857658_agonist_seed_42_sample_2_model.cif,0.31365737318992615,1.8447997570037842,1.531142383813858,agonist,201
H3__rand150_RAND_CHEMBL4857658_agonist_seed_42_RAND_CHEMBL4857658_agonist_seed_42_sample_3_model,/home/lyceum/h3/out/rand150/RAND_CHEMBL4857658_agonist/seed_42/RAND_CHEMBL4857658_agonist_seed_42_sample_3_model.cif,0.47465911507606506,1.591750979423523,1.1170918643474579,agonist,201
H3__rand150_RAND_CHEMBL4857658_agonist_seed_42_RAND_CHEMBL4857658_agonist_seed_42_sample_4_model,/home/lyceum/h3/out/rand150/RAND_CHEMBL4857658_agonist/seed_42/RAND_CHEMBL4857658_agonist_seed_42_sample_4_model.cif,0.23743849992752075,2.194861888885498,1.9574233889579773,agonist,201
H3__rand150_RAND_CHEMBL4857658_agonist_seed_42_RAND_CHEMBL4857658_agonist_seed_42_sample_5_model,/home/lyceum/h3/out/rand150/RAND_CHEMBL4857658_agonist/seed_42/RAND_CHEMBL4857658_agonist_seed_42_sample_5_model.cif,0.2778092622756958,1.743806004524231,1.4659967422485352,agonist,201
H3__rand150_RAND_CHEMBL4861529_antagonist_seed_42_RAND_CHEMBL4861529_antagonist_seed_42_sample_1_model,/home/lyceum/h3/out/rand150/RAND_CHEMBL4861529_antagonist/seed_42/RAND_CHEMBL4861529_antagonist_seed_42_sample_1_model.cif,0.5926826000213623,0.32828909158706665,0.26439350843429565,antagonist,201
H3__rand150_RAND_CHEMBL4861529_antagonist_seed_42_RAND_CHEMBL4861529_antagonist_seed_42_sample_2_model,/home/lyceum/h3/out/rand150/RAND_CHEMBL4861529_antagonist/seed_42/RAND_CHEMBL4861529_antagonist_seed_42_sample_2_model.cif,0.358267217874527,0.33265089988708496,0.025616317987442017,antagonist,201
H3__rand150_RAND_CHEMBL4861529_antagonist_seed_42_RAND_CHEMBL4861529_antagonist_seed_42_sample_3_model,/home/lyceum/h3/out/rand150/RAND_CHEMBL4861529_antagonist/seed_42/RAND_CHEMBL4861529_antagonist_seed_42_sample_3_model.cif,0.29486149549484253,0.3466467559337616,0.05178526043891907,agonist,201
H3__rand150_RAND_CHEMBL4861529_antagonist_seed_42_RAND_CHEMBL4861529_antagonist_seed_42_sample_4_model,/home/lyceum/h3/out/rand150/RAND_CHEMBL4861529_antagonist/seed_42/RAND_CHEMBL4861529_antagonist_seed_42_sample_4_model.cif,0.28862324357032776,0.3777279853820801,0.08910474181175232,agonist,201
H3__rand150_RAND_CHEMBL4861529_antagonist_seed_42_RAND_CHEMBL4861529_antagonist_seed_42_sample_5_model,/home/lyceum/h3/out/rand150/RAND_CHEMBL4861529_antagonist/seed_42/RAND_CHEMBL4861529_antagonist_seed_42_sample_5_model.cif,0.3465137779712677,0.34750300645828247,0.0009892284870147705,agonist,201
H3__rand150_RAND_CHEMBL4863122_agonist_seed_42_RAND_CHEMBL4863122_agonist_seed_42_sample_1_model,/home/lyceum/h3/out/rand150/RAND_CHEMBL4863122_agonist/seed_42/RAND_CHEMBL4863122_agonist_seed_42_sample_1_model.cif,0.6043188571929932,4.637535095214844,4.033216238021851,agonist,201
H3__rand150_RAND_CHEMBL4863122_agonist_seed_42_RAND_CHEMBL4863122_agonist_seed_42_sample_2_model,/home/lyceum/h3/out/rand150/RAND_CHEMBL4863122_agonist/seed_42/RAND_CHEMBL4863122_agonist_seed_42_sample_2_model.cif,0.29925569891929626,0.33970940113067627,0.040453702211380005,agonist,201
H3__rand150_RAND_CHEMBL4863122_agonist_seed_42_RAND_CHEMBL4863122_agonist_seed_42_sample_3_model,/home/lyceum/h3/out/rand150/RAND_CHEMBL4863122_agonist/seed_42/RAND_CHEMBL4863122_agonist_seed_42_sample_3_model.cif,0.3981643319129944,0.35538002848625183,0.042784303426742554,antagonist,201
H3__rand150_RAND_CHEMBL4863122_agonist_seed_42_RAND_CHEMBL4863122_agonist_seed_42_sample_4_model,/home/lyceum/h3/out/rand150/RAND_CHEMBL4863122_agonist/seed_42/RAND_CHEMBL4863122_agonist_seed_42_sample_4_model.cif,0.28507015109062195,0.3503369092941284,0.06526675820350647,agonist,201
H3__rand150_RAND_CHEMBL4863122_agonist_seed_42_RAND_CHEMBL4863122_agonist_seed_42_sample_5_model,/home/lyceum/h3/out/rand150/RAND_CHEMBL4863122_agonist/seed_42/RAND_CHEMBL4863122_agonist_seed_42_sample_5_model.cif,0.2964981496334076,0.35389167070388794,0.05739352107048035,agonist,201
H3__rand150_RAND_CHEMBL4866161_agonist_seed_42_RAND_CHEMBL4866161_agonist_seed_42_sample_1_model,/home/lyceum/h3/out/rand150/RAND_CHEMBL4866161_agonist/seed_42/RAND_CHEMBL4866161_agonist_seed_42_sample_1_model.cif,0.5603258609771729,1.2550288438796997,0.6947029829025269,agonist,201
H3__rand150_RAND_CHEMBL4866161_agonist_seed_42_RAND_CHEMBL4866161_agonist_seed_42_sample_2_model,/home/lyceum/h3/out/rand150/RAND_CHEMBL4866161_agonist/seed_42/RAND_CHEMBL4866161_agonist_seed_42_sample_2_model.cif,0.32052868604660034,0.34361734986305237,0.023088663816452026,agonist,201
H3__rand150_RAND_CHEMBL4866161_agonist_seed_42_RAND_CHEMBL4866161_agonist_seed_42_sample_3_model,/home/lyceum/h3/out/rand150/RAND_CHEMBL4866161_agonist/seed_42/RAND_CHEMBL4866161_agonist_seed_42_sample_3_model.cif,0.3840516209602356,4.08052921295166,3.6964775919914246,agonist,201
H3__rand150_RAND_CHEMBL4866161_agonist_seed_42_RAND_CHEMBL4866161_agonist_seed_42_sample_4_model,/home/lyceum/h3/out/rand150/RAND_CHEMBL4866161_agonist/seed_42/RAND_CHEMBL4866161_agonist_seed_42_sample_4_model.cif,0.39585569500923157,0.34940463304519653,0.046451061964035034,antagonist,201
H3__rand150_RAND_CHEMBL4866161_agonist_seed_42_RAND_CHEMBL4866161_agonist_seed_42_sample_5_model,/home/lyceum/h3/out/rand150/RAND_CHEMBL4866161_agonist/seed_42/RAND_CHEMBL4866161_agonist_seed_42_sample_5_model.cif,0.35291188955307007,0.3288770020008087,0.024034887552261353,antagonist,201
H3__rand150_RAND_CHEMBL4868485_agonist_seed_42_RAND_CHEMBL4868485_agonist_seed_42_sample_1_model,/home/lyceum/h3/out/rand150/RAND_CHEMBL4868485_agonist/seed_42/RAND_CHEMBL4868485_agonist_seed_42_sample_1_model.cif,0.6197357773780823,4.419950485229492,3.80021470785141,agonist,201
H3__rand150_RAND_CHEMBL4868485_agonist_seed_42_RAND_CHEMBL4868485_agonist_seed_42_sample_2_model,/home/lyceum/h3/out/rand150/RAND_CHEMBL4868485_agonist/seed_42/RAND_CHEMBL4868485_agonist_seed_42_sample_2_model.cif,0.3132665753364563,0.35426637530326843,0.040999799966812134,agonist,201
H3__rand150_RAND_CHEMBL4868485_agonist_seed_42_RAND_CHEMBL4868485_agonist_seed_42_sample_3_model,/home/lyceum/h3/out/rand150/RAND_CHEMBL4868485_agonist/seed_42/RAND_CHEMBL4868485_agonist_seed_42_sample_3_model.cif,0.35016506910324097,0.3602795898914337,0.010114520788192749,agonist,201
H3__rand150_RAND_CHEMBL4868485_agonist_seed_42_RAND_CHEMBL4868485_agonist_seed_42_sample_4_model,/home/lyceum/h3/out/rand150/RAND_CHEMBL4868485_agonist/seed_42/RAND_CHEMBL4868485_agonist_seed_42_sample_4_model.cif,0.3237154185771942,0.35015377402305603,0.026438355445861816,agonist,201
H3__rand150_RAND_CHEMBL4868485_agonist_seed_42_RAND_CHEMBL4868485_agonist_seed_42_sample_5_model,/home/lyceum/h3/out/rand150/RAND_CHEMBL4868485_agonist/seed_42/RAND_CHEMBL4868485_agonist_seed_42_sample_5_model.cif,0.36818864941596985,0.34752923250198364,0.020659416913986206,antagonist,201
H3__rand150_RAND_CHEMBL4869567_agonist_seed_42_RAND_CHEMBL4869567_agonist_seed_42_sample_1_model,/home/lyceum/h3/out/rand150/RAND_CHEMBL4869567_agonist/seed_42/RAND_CHEMBL4869567_agonist_seed_42_sample_1_model.cif,0.6419181227684021,4.470129489898682,3.8282113671302795,agonist,201
H3__rand150_RAND_CHEMBL4869567_agonist_seed_42_RAND_CHEMBL4869567_agonist_seed_42_sample_2_model,/home/lyceum/h3/out/rand150/RAND_CHEMBL4869567_agonist/seed_42/RAND_CHEMBL4869567_agonist_seed_42_sample_2_model.cif,0.2977216839790344,0.34833481907844543,0.05061313509941101,agonist,201
H3__rand150_RAND_CHEMBL4869567_agonist_seed_42_RAND_CHEMBL4869567_agonist_seed_42_sample_3_model,/home/lyceum/h3/out/rand150/RAND_CHEMBL4869567_agonist/seed_42/RAND_CHEMBL4869567_agonist_seed_42_sample_3_model.cif,0.3579829931259155,0.3456956744194031,0.012287318706512451,antagonist,201
H3__rand150_RAND_CHEMBL4869567_agonist_seed_42_RAND_CHEMBL4869567_agonist_seed_42_sample_4_model,/home/lyceum/h3/out/rand150/RAND_CHEMBL4869567_agonist/seed_42/RAND_CHEMBL4869567_agonist_seed_42_sample_4_model.cif,0.3601717948913574,0.3541175425052643,0.00605425238609314,antagonist,201
H3__rand150_RAND_CHEMBL4869567_agonist_seed_42_RAND_CHEMBL4869567_agonist_seed_42_sample_5_model,/home/lyceum/h3/out/rand150/RAND_CHEMBL4869567_agonist/seed_42/RAND_CHEMBL4869567_agonist_seed_42_sample_5_model.cif,0.34468019008636475,0.33114323019981384,0.013536959886550903,antagonist,201
H3__rand150_RAND_CHEMBL4871691_agonist_seed_42_RAND_CHEMBL4871691_agonist_seed_42_sample_1_model,/home/lyceum/h3/out/rand150/RAND_CHEMBL4871691_agonist/seed_42/RAND_CHEMBL4871691_agonist_seed_42_sample_1_model.cif,0.6208623051643372,4.439511775970459,3.818649470806122,agonist,201
H3__rand150_RAND_CHEMBL4871691_agonist_seed_42_RAND_CHEMBL4871691_agonist_seed_42_sample_2_model,/home/lyceum/h3/out/rand150/RAND_CHEMBL4871691_agonist/seed_42/RAND_CHEMBL4871691_agonist_seed_42_sample_2_model.cif,0.3065408766269684,0.35536304116249084,0.04882216453552246,agonist,201
H3__rand150_RAND_CHEMBL4871691_agonist_seed_42_RAND_CHEMBL4871691_agonist_seed_42_sample_3_model,/home/lyceum/h3/out/rand150/RAND_CHEMBL4871691_agonist/seed_42/RAND_CHEMBL4871691_agonist_seed_42_sample_3_model.cif,0.35484403371810913,0.3604704439640045,0.005626410245895386,agonist,201
H3__rand150_RAND_CHEMBL4871691_agonist_seed_42_RAND_CHEMBL4871691_agonist_seed_42_sample_4_model,/home/lyceum/h3/out/rand150/RAND_CHEMBL4871691_agonist/seed_42/RAND_CHEMBL4871691_agonist_seed_42_sample_4_model.cif,0.33514896035194397,0.34535521268844604,0.010206252336502075,agonist,201
H3__rand150_RAND_CHEMBL4871691_agonist_seed_42_RAND_CHEMBL4871691_agonist_seed_42_sample_5_model,/home/lyceum/h3/out/rand150/RAND_CHEMBL4871691_agonist/seed_42/RAND_CHEMBL4871691_agonist_seed_42_sample_5_model.cif,0.37955087423324585,0.33966100215911865,0.0398898720741272,antagonist,201
H3__rand150_RAND_CHEMBL4874647_agonist_seed_42_RAND_CHEMBL4874647_agonist_seed_42_sample_1_model,/home/lyceum/h3/out/rand150/RAND_CHEMBL4874647_agonist/seed_42/RAND_CHEMBL4874647_agonist_seed_42_sample_1_model.cif,0.6243332028388977,4.5024895668029785,3.878156363964081,agonist,201
H3__rand150_RAND_CHEMBL4874647_agonist_seed_42_RAND_CHEMBL4874647_agonist_seed_42_sample_2_model,/home/lyceum/h3/out/rand150/RAND_CHEMBL4874647_agonist/seed_42/RAND_CHEMBL4874647_agonist_seed_42_sample_2_model.cif,0.3286716341972351,0.33886513113975525,0.010193496942520142,agonist,201
H3__rand150_RAND_CHEMBL4874647_agonist_seed_42_RAND_CHEMBL4874647_agonist_seed_42_sample_3_model,/home/lyceum/h3/out/rand150/RAND_CHEMBL4874647_agonist/seed_42/RAND_CHEMBL4874647_agonist_seed_42_sample_3_model.cif,0.3440650403499603,0.36004212498664856,0.015977084636688232,agonist,201
H3__rand150_RAND_CHEMBL4874647_agonist_seed_42_RAND_CHEMBL4874647_agonist_seed_42_sample_4_model,/home/lyceum/h3/out/rand150/RAND_CHEMBL4874647_agonist/seed_42/RAND_CHEMBL4874647_agonist_seed_42_sample_4_model.cif,0.3231770396232605,0.34177443385124207,0.018597394227981567,agonist,201
H3__rand150_RAND_CHEMBL4874647_agonist_seed_42_RAND_CHEMBL4874647_agonist_seed_42_sample_5_model,/home/lyceum/h3/out/rand150/RAND_CHEMBL4874647_agonist/seed_42/RAND_CHEMBL4874647_agonist_seed_42_sample_5_model.cif,0.3441506028175354,0.34917151927948,0.00502091646194458,agonist,201
H3__rand150_RAND_CHEMBL4876485_agonist_seed_42_RAND_CHEMBL4876485_agonist_seed_42_sample_1_model,/home/lyceum/h3/out/rand150/RAND_CHEMBL4876485_agonist/seed_42/RAND_CHEMBL4876485_agonist_seed_42_sample_1_model.cif,0.5040634274482727,1.2002809047698975,0.6962174773216248,agonist,201
H3__rand150_RAND_CHEMBL4876485_agonist_seed_42_RAND_CHEMBL4876485_agonist_seed_42_sample_2_model,/home/lyceum/h3/out/rand150/RAND_CHEMBL4876485_agonist/seed_42/RAND_CHEMBL4876485_agonist_seed_42_sample_2_model.cif,0.2961748242378235,0.37314367294311523,0.07696884870529175,agonist,201
H3__rand150_RAND_CHEMBL4876485_agonist_seed_42_RAND_CHEMBL4876485_agonist_seed_42_sample_3_model,/home/lyceum/h3/out/rand150/RAND_CHEMBL4876485_agonist/seed_42/RAND_CHEMBL4876485_agonist_seed_42_sample_3_model.cif,0.40407514572143555,0.3616415858268738,0.04243355989456177,antagonist,201
H3__rand150_RAND_CHEMBL4876485_agonist_seed_42_RAND_CHEMBL4876485_agonist_seed_42_sample_4_model,/home/lyceum/h3/out/rand150/RAND_CHEMBL4876485_agonist/seed_42/RAND_CHEMBL4876485_agonist_seed_42_sample_4_model.cif,0.35679104924201965,0.35181257128715515,0.004978477954864502,antagonist,201
H3__rand150_RAND_CHEMBL4876485_agonist_seed_42_RAND_CHEMBL4876485_agonist_seed_42_sample_5_model,/home/lyceum/h3/out/rand150/RAND_CHEMBL4876485_agonist/seed_42/RAND_CHEMBL4876485_agonist_seed_42_sample_5_model.cif,0.389563649892807,0.3460729420185089,0.043490707874298096,antagonist,201
H3__rand150_RAND_CHEMBL4877008_agonist_seed_42_RAND_CHEMBL4877008_agonist_seed_42_sample_1_model,/home/lyceum/h3/out/rand150/RAND_CHEMBL4877008_agonist/seed_42/RAND_CHEMBL4877008_agonist_seed_42_sample_1_model.cif,0.6223574876785278,4.408874988555908,3.7865175008773804,agonist,201
H3__rand150_RAND_CHEMBL4877008_agonist_seed_42_RAND_CHEMBL4877008_agonist_seed_42_sample_2_model,/home/lyceum/h3/out/rand150/RAND_CHEMBL4877008_agonist/seed_42/RAND_CHEMBL4877008_agonist_seed_42_sample_2_model.cif,0.29331621527671814,0.33823150396347046,0.04491528868675232,agonist,201
H3__rand150_RAND_CHEMBL4877008_agonist_seed_42_RAND_CHEMBL4877008_agonist_seed_42_sample_3_model,/home/lyceum/h3/out/rand150/RAND_CHEMBL4877008_agonist/seed_42/RAND_CHEMBL4877008_agonist_seed_42_sample_3_model.cif,0.3460128605365753,0.3612263798713684,0.01521351933479309,agonist,201
H3__rand150_RAND_CHEMBL4877008_agonist_seed_42_RAND_CHEMBL4877008_agonist_seed_42_sample_4_model,/home/lyceum/h3/out/rand150/RAND_CHEMBL4877008_agonist/seed_42/RAND_CHEMBL4877008_agonist_seed_42_sample_4_model.cif,0.28413254022598267,0.34614548087120056,0.062012940645217896,agonist,201
H3__rand150_RAND_CHEMBL4877008_agonist_seed_42_RAND_CHEMBL4877008_agonist_seed_42_sample_5_model,/home/lyceum/h3/out/rand150/RAND_CHEMBL4877008_agonist/seed_42/RAND_CHEMBL4877008_agonist_seed_42_sample_5_model.cif,0.31853994727134705,0.36262768507003784,0.044087737798690796,agonist,201
H3__rand150_RAND_CHEMBL4878238_agonist_seed_42_RAND_CHEMBL4878238_agonist_seed_42_sample_1_model,/home/lyceum/h3/out/rand150/RAND_CHEMBL4878238_agonist/seed_42/RAND_CHEMBL4878238_agonist_seed_42_sample_1_model.cif,0.6127632260322571,4.3986735343933105,3.7859103083610535,agonist,201
H3__rand150_RAND_CHEMBL4878238_agonist_seed_42_RAND_CHEMBL4878238_agonist_seed_42_sample_2_model,/home/lyceum/h3/out/rand150/RAND_CHEMBL4878238_agonist/seed_42/RAND_CHEMBL4878238_agonist_seed_42_sample_2_model.cif,0.2932209074497223,0.34526529908180237,0.05204439163208008,agonist,201
H3__rand150_RAND_CHEMBL4878238_agonist_seed_42_RAND_CHEMBL4878238_agonist_seed_42_sample_3_model,/home/lyceum/h3/out/rand150/RAND_CHEMBL4878238_agonist/seed_42/RAND_CHEMBL4878238_agonist_seed_42_sample_3_model.cif,0.38081052899360657,0.36300742626190186,0.017803102731704712,antagonist,201
H3__rand150_RAND_CHEMBL4878238_agonist_seed_42_RAND_CHEMBL4878238_agonist_seed_42_sample_4_model,/home/lyceum/h3/out/rand150/RAND_CHEMBL4878238_agonist/seed_42/RAND_CHEMBL4878238_agonist_seed_42_sample_4_model.cif,0.28306931257247925,0.34852415323257446,0.06545484066009521,agonist,201
H3__rand150_RAND_CHEMBL4878238_agonist_seed_42_RAND_CHEMBL4878238_agonist_seed_42_sample_5_model,/home/lyceum/h3/out/rand150/RAND_CHEMBL4878238_agonist/seed_42/RAND_CHEMBL4878238_agonist_seed_42_sample_5_model.cif,0.2948104441165924,0.3519704341888428,0.057159990072250366,agonist,201
H3__rand150_RAND_CHEMBL4878616_agonist_seed_42_RAND_CHEMBL4878616_agonist_seed_42_sample_1_model,/home/lyceum/h3/out/rand150/RAND_CHEMBL4878616_agonist/seed_42/RAND_CHEMBL4878616_agonist_seed_42_sample_1_model.cif,0.5593253970146179,1.289754033088684,0.7304286360740662,agonist,201
H3__rand150_RAND_CHEMBL4878616_agonist_seed_42_RAND_CHEMBL4878616_agonist_seed_42_sample_2_model,/home/lyceum/h3/out/rand150/RAND_CHEMBL4878616_agonist/seed_42/RAND_CHEMBL4878616_agonist_seed_42_sample_2_model.cif,0.31516385078430176,0.32884645462036133,0.01368260383605957,agonist,201
H3__rand150_RAND_CHEMBL4878616_agonist_seed_42_RAND_CHEMBL4878616_agonist_seed_42_sample_3_model,/home/lyceum/h3/out/rand150/RAND_CHEMBL4878616_agonist/seed_42/RAND_CHEMBL4878616_agonist_seed_42_sample_3_model.cif,0.3772430419921875,0.34702515602111816,0.030217885971069336,antagonist,201
H3__rand150_RAND_CHEMBL4878616_agonist_seed_42_RAND_CHEMBL4878616_agonist_seed_42_sample_4_model,/home/lyceum/h3/out/rand150/RAND_CHEMBL4878616_agonist/seed_42/RAND_CHEMBL4878616_agonist_seed_42_sample_4_model.cif,0.30044883489608765,0.33860155940055847,0.038152724504470825,agonist,201
H3__rand150_RAND_CHEMBL4878616_agonist_seed_42_RAND_CHEMBL4878616_agonist_seed_42_sample_5_model,/home/lyceum/h3/out/rand150/RAND_CHEMBL4878616_agonist/seed_42/RAND_CHEMBL4878616_agonist_seed_42_sample_5_model.cif,0.3522282838821411,0.34668442606925964,0.00554385781288147,antagonist,201
H3__rand150_RAND_CHEMBL5075147_agonist_seed_42_RAND_CHEMBL5075147_agonist_seed_42_sample_1_model,/home/lyceum/h3/out/rand150/RAND_CHEMBL5075147_agonist/seed_42/RAND_CHEMBL5075147_agonist_seed_42_sample_1_model.cif,0.5900373458862305,4.578341007232666,3.9883036613464355,agonist,201
H3__rand150_RAND_CHEMBL5075147_agonist_seed_42_RAND_CHEMBL5075147_agonist_seed_42_sample_2_model,/home/lyceum/h3/out/rand150/RAND_CHEMBL5075147_agonist/seed_42/RAND_CHEMBL5075147_agonist_seed_42_sample_2_model.cif,0.25464966893196106,0.39298656582832336,0.1383368968963623,agonist,201
H3__rand150_RAND_CHEMBL5075147_agonist_seed_42_RAND_CHEMBL5075147_agonist_seed_42_sample_3_model,/home/lyceum/h3/out/rand150/RAND_CHEMBL5075147_agonist/seed_42/RAND_CHEMBL5075147_agonist_seed_42_sample_3_model.cif,0.3469884693622589,4.501989841461182,4.155001372098923,agonist,201
H3__rand150_RAND_CHEMBL5075147_agonist_seed_42_RAND_CHEMBL5075147_agonist_seed_42_sample_4_model,/home/lyceum/h3/out/rand150/RAND_CHEMBL5075147_agonist/seed_42/RAND_CHEMBL5075147_agonist_seed_42_sample_4_model.cif,0.32372117042541504,0.3619641363620758,0.03824296593666077,agonist,201
H3__rand150_RAND_CHEMBL5075147_agonist_seed_42_RAND_CHEMBL5075147_agonist_seed_42_sample_5_model,/home/lyceum/h3/out/rand150/RAND_CHEMBL5075147_agonist/seed_42/RAND_CHEMBL5075147_agonist_seed_42_sample_5_model.cif,0.36512190103530884,0.3661808371543884,0.0010589361190795898,agonist,201
H3__rand150_RAND_CHEMBL5082726_agonist_seed_42_RAND_CHEMBL5082726_agonist_seed_42_sample_1_model,/home/lyceum/h3/out/rand150/RAND_CHEMBL5082726_agonist/seed_42/RAND_CHEMBL5082726_agonist_seed_42_sample_1_model.cif,0.5548734664916992,0.3370917737483978,0.2177816927433014,antagonist,201
H3__rand150_RAND_CHEMBL5082726_agonist_seed_42_RAND_CHEMBL5082726_agonist_seed_42_sample_2_model,/home/lyceum/h3/out/rand150/RAND_CHEMBL5082726_agonist/seed_42/RAND_CHEMBL5082726_agonist_seed_42_sample_2_model.cif,0.27895933389663696,0.350637823343277,0.07167848944664001,agonist,201
H3__rand150_RAND_CHEMBL5082726_agonist_seed_42_RAND_CHEMBL5082726_agonist_seed_42_sample_3_model,/home/lyceum/h3/out/rand150/RAND_CHEMBL5082726_agonist/seed_42/RAND_CHEMBL5082726_agonist_seed_42_sample_3_model.cif,0.3681012690067291,0.3618307113647461,0.006270557641983032,antagonist,201
H3__rand150_RAND_CHEMBL5082726_agonist_seed_42_RAND_CHEMBL5082726_agonist_seed_42_sample_4_model,/home/lyceum/h3/out/rand150/RAND_CHEMBL5082726_agonist/seed_42/RAND_CHEMBL5082726_agonist_seed_42_sample_4_model.cif,0.45026785135269165,0.35873037576675415,0.0915374755859375,antagonist,201
H3__rand150_RAND_CHEMBL5082726_agonist_seed_42_RAND_CHEMBL5082726_agonist_seed_42_sample_5_model,/home/lyceum/h3/out/rand150/RAND_CHEMBL5082726_agonist/seed_42/RAND_CHEMBL5082726_agonist_seed_42_sample_5_model.cif,0.3111673593521118,0.3611922264099121,0.05002486705780029,agonist,201
H3__rand150_RAND_CHEMBL5085004_agonist_seed_42_RAND_CHEMBL5085004_agonist_seed_42_sample_1_model,/home/lyceum/h3/out/rand150/RAND_CHEMBL5085004_agonist/seed_42/RAND_CHEMBL5085004_agonist_seed_42_sample_1_model.cif,0.5637880563735962,4.65946102142334,4.095672965049744,agonist,201
H3__rand150_RAND_CHEMBL5085004_agonist_seed_42_RAND_CHEMBL5085004_agonist_seed_42_sample_2_model,/home/lyceum/h3/out/rand150/RAND_CHEMBL5085004_agonist/seed_42/RAND_CHEMBL5085004_agonist_seed_42_sample_2_model.cif,0.3079679310321808,0.40705248713493347,0.09908455610275269,agonist,201
H3__rand150_RAND_CHEMBL5085004_agonist_seed_42_RAND_CHEMBL5085004_agonist_seed_42_sample_3_model,/home/lyceum/h3/out/rand150/RAND_CHEMBL5085004_agonist/seed_42/RAND_CHEMBL5085004_agonist_seed_42_sample_3_model.cif,0.32539331912994385,0.41408976912498474,0.0886964499950409,agonist,201
H3__rand150_RAND_CHEMBL5085004_agonist_seed_42_RAND_CHEMBL5085004_agonist_seed_42_sample_4_model,/home/lyceum/h3/out/rand150/RAND_CHEMBL5085004_agonist/seed_42/RAND_CHEMBL5085004_agonist_seed_42_sample_4_model.cif,0.31259098649024963,0.3665996193885803,0.05400863289833069,agonist,201
H3__rand150_RAND_CHEMBL5085004_agonist_seed_42_RAND_CHEMBL5085004_agonist_seed_42_sample_5_model,/home/lyceum/h3/out/rand150/RAND_CHEMBL5085004_agonist/seed_42/RAND_CHEMBL5085004_agonist_seed_42_sample_5_model.cif,0.25070247054100037,0.3630882799625397,0.1123858094215393,agonist,201
H3__rand150_RAND_CHEMBL5086937_agonist_seed_42_RAND_CHEMBL5086937_agonist_seed_42_sample_1_model,/home/lyceum/h3/out/rand150/RAND_CHEMBL5086937_agonist/seed_42/RAND_CHEMBL5086937_agonist_seed_42_sample_1_model.cif,0.5060791969299316,1.3388333320617676,0.8327541351318359,agonist,201
H3__rand150_RAND_CHEMBL5086937_agonist_seed_42_RAND_CHEMBL5086937_agonist_seed_42_sample_2_model,/home/lyceum/h3/out/rand150/RAND_CHEMBL5086937_agonist/seed_42/RAND_CHEMBL5086937_agonist_seed_42_sample_2_model.cif,0.3314796984195709,0.3648822605609894,0.03340256214141846,agonist,201
H3__rand150_RAND_CHEMBL5086937_agonist_seed_42_RAND_CHEMBL5086937_agonist_seed_42_sample_3_model,/home/lyceum/h3/out/rand150/RAND_CHEMBL5086937_agonist/seed_42/RAND_CHEMBL5086937_agonist_seed_42_sample_3_model.cif,0.3422149419784546,0.33841750025749207,0.0037974417209625244,antagonist,201
H3__rand150_RAND_CHEMBL5086937_agonist_seed_42_RAND_CHEMBL5086937_agonist_seed_42_sample_4_model,/home/lyceum/h3/out/rand150/RAND_CHEMBL5086937_agonist/seed_42/RAND_CHEMBL5086937_agonist_seed_42_sample_4_model.cif,0.36886149644851685,0.3427202105522156,0.02614128589630127,antagonist,201
H3__rand150_RAND_CHEMBL5086937_agonist_seed_42_RAND_CHEMBL5086937_agonist_seed_42_sample_5_model,/home/lyceum/h3/out/rand150/RAND_CHEMBL5086937_agonist/seed_42/RAND_CHEMBL5086937_agonist_seed_42_sample_5_model.cif,0.3671894967556,0.35160112380981445,0.015588372945785522,antagonist,201
H3__rand150_RAND_CHEMBL5090647_agonist_seed_42_RAND_CHEMBL5090647_agonist_seed_42_sample_1_model,/home/lyceum/h3/out/rand150/RAND_CHEMBL5090647_agonist/seed_42/RAND_CHEMBL5090647_agonist_seed_42_sample_1_model.cif,0.5496947765350342,4.605081081390381,4.055386304855347,agonist,201
H3__rand150_RAND_CHEMBL5090647_agonist_seed_42_RAND_CHEMBL5090647_agonist_seed_42_sample_2_model,/home/lyceum/h3/out/rand150/RAND_CHEMBL5090647_agonist/seed_42/RAND_CHEMBL5090647_agonist_seed_42_sample_2_model.cif,0.3069484531879425,0.3690578043460846,0.06210935115814209,agonist,201
H3__rand150_RAND_CHEMBL5090647_agonist_seed_42_RAND_CHEMBL5090647_agonist_seed_42_sample_3_model,/home/lyceum/h3/out/rand150/RAND_CHEMBL5090647_agonist/seed_42/RAND_CHEMBL5090647_agonist_seed_42_sample_3_model.cif,0.30134299397468567,0.3501339852809906,0.04879099130630493,agonist,201
H3__rand150_RAND_CHEMBL5090647_agonist_seed_42_RAND_CHEMBL5090647_agonist_seed_42_sample_4_model,/home/lyceum/h3/out/rand150/RAND_CHEMBL5090647_agonist/seed_42/RAND_CHEMBL5090647_agonist_seed_42_sample_4_model.cif,0.36898890137672424,0.34833580255508423,0.020653098821640015,antagonist,201
H3__rand150_RAND_CHEMBL5090647_agonist_seed_42_RAND_CHEMBL5090647_agonist_seed_42_sample_5_model,/home/lyceum/h3/out/rand150/RAND_CHEMBL5090647_agonist/seed_42/RAND_CHEMBL5090647_agonist_seed_42_sample_5_model.cif,0.3446151912212372,0.35879650712013245,0.014181315898895264,agonist,201
H3__rand150_RAND_CHEMBL5091940_agonist_seed_42_RAND_CHEMBL5091940_agonist_seed_42_sample_1_model,/home/lyceum/h3/out/rand150/RAND_CHEMBL5091940_agonist/seed_42/RAND_CHEMBL5091940_agonist_seed_42_sample_1_model.cif,0.5885759592056274,4.398059368133545,3.8094834089279175,agonist,201
H3__rand150_RAND_CHEMBL5091940_agonist_seed_42_RAND_CHEMBL5091940_agonist_seed_42_sample_2_model,/home/lyceum/h3/out/rand150/RAND_CHEMBL5091940_agonist/seed_42/RAND_CHEMBL5091940_agonist_seed_42_sample_2_model.cif,0.2490248680114746,0.3968767523765564,0.1478518843650818,agonist,201
H3__rand150_RAND_CHEMBL5091940_agonist_seed_42_RAND_CHEMBL5091940_agonist_seed_42_sample_3_model,/home/lyceum/h3/out/rand150/RAND_CHEMBL5091940_agonist/seed_42/RAND_CHEMBL5091940_agonist_seed_42_sample_3_model.cif,0.3134404420852661,4.462623119354248,4.149182677268982,agonist,201
H3__rand150_RAND_CHEMBL5091940_agonist_seed_42_RAND_CHEMBL5091940_agonist_seed_42_sample_4_model,/home/lyceum/h3/out/rand150/RAND_CHEMBL5091940_agonist/seed_42/RAND_CHEMBL5091940_agonist_seed_42_sample_4_model.cif,0.33880025148391724,0.3649260997772217,0.026125848293304443,agonist,201
H3__rand150_RAND_CHEMBL5091940_agonist_seed_42_RAND_CHEMBL5091940_agonist_seed_42_sample_5_model,/home/lyceum/h3/out/rand150/RAND_CHEMBL5091940_agonist/seed_42/RAND_CHEMBL5091940_agonist_seed_42_sample_5_model.cif,0.3673449158668518,0.35951942205429077,0.007825493812561035,antagonist,201
H3__rand150_RAND_CHEMBL5177120_antagonist_seed_42_RAND_CHEMBL5177120_antagonist_seed_42_sample_1_model,/home/lyceum/h3/out/rand150/RAND_CHEMBL5177120_antagonist/seed_42/RAND_CHEMBL5177120_antagonist_seed_42_sample_1_model.cif,4.4387640953063965,1.4408619403839111,2.9979021549224854,antagonist,201
H3__rand150_RAND_CHEMBL5177120_antagonist_seed_42_RAND_CHEMBL5177120_antagonist_seed_42_sample_2_model,/home/lyceum/h3/out/rand150/RAND_CHEMBL5177120_antagonist/seed_42/RAND_CHEMBL5177120_antagonist_seed_42_sample_2_model.cif,5.232851982116699,1.3550382852554321,3.877813696861267,antagonist,201
H3__rand150_RAND_CHEMBL5177120_antagonist_seed_42_RAND_CHEMBL5177120_antagonist_seed_42_sample_3_model,/home/lyceum/h3/out/rand150/RAND_CHEMBL5177120_antagonist/seed_42/RAND_CHEMBL5177120_antagonist_seed_42_sample_3_model.cif,7.143476486206055,1.020832896232605,6.12264358997345,antagonist,201
H3__rand150_RAND_CHEMBL5177120_antagonist_seed_42_RAND_CHEMBL5177120_antagonist_seed_42_sample_4_model,/home/lyceum/h3/out/rand150/RAND_CHEMBL5177120_antagonist/seed_42/RAND_CHEMBL5177120_antagonist_seed_42_sample_4_model.cif,3.1971240043640137,1.187180757522583,2.0099432468414307,antagonist,201
H3__rand150_RAND_CHEMBL5177120_antagonist_seed_42_RAND_CHEMBL5177120_antagonist_seed_42_sample_5_model,/home/lyceum/h3/out/rand150/RAND_CHEMBL5177120_antagonist/seed_42/RAND_CHEMBL5177120_antagonist_seed_42_sample_5_model.cif,4.664521217346191,1.1606110334396362,3.503910183906555,antagonist,201
H3__rand150_RAND_CHEMBL5273235_antagonist_seed_42_RAND_CHEMBL5273235_antagonist_seed_42_sample_1_model,/home/lyceum/h3/out/rand150/RAND_CHEMBL5273235_antagonist/seed_42/RAND_CHEMBL5273235_antagonist_seed_42_sample_1_model.cif,0.3240201771259308,1.0959467887878418,0.771926611661911,agonist,201
H3__rand150_RAND_CHEMBL5273235_antagonist_seed_42_RAND_CHEMBL5273235_antagonist_seed_42_sample_2_model,/home/lyceum/h3/out/rand150/RAND_CHEMBL5273235_antagonist/seed_42/RAND_CHEMBL5273235_antagonist_seed_42_sample_2_model.cif,0.26472410559654236,4.9250359535217285,4.660311847925186,agonist,201
H3__rand150_RAND_CHEMBL5273235_antagonist_seed_42_RAND_CHEMBL5273235_antagonist_seed_42_sample_3_model,/home/lyceum/h3/out/rand150/RAND_CHEMBL5273235_antagonist/seed_42/RAND_CHEMBL5273235_antagonist_seed_42_sample_3_model.cif,0.3621445596218109,0.4410035312175751,0.07885897159576416,agonist,201
H3__rand150_RAND_CHEMBL5273235_antagonist_seed_42_RAND_CHEMBL5273235_antagonist_seed_42_sample_4_model,/home/lyceum/h3/out/rand150/RAND_CHEMBL5273235_antagonist/seed_42/RAND_CHEMBL5273235_antagonist_seed_42_sample_4_model.cif,0.39162448048591614,0.35407763719558716,0.03754684329032898,antagonist,201
H3__rand150_RAND_CHEMBL5273235_antagonist_seed_42_RAND_CHEMBL5273235_antagonist_seed_42_sample_5_model,/home/lyceum/h3/out/rand150/RAND_CHEMBL5273235_antagonist/seed_42/RAND_CHEMBL5273235_antagonist_seed_42_sample_5_model.cif,0.24770312011241913,1.1755834817886353,0.9278803616762161,agonist,201
H3__rand150_RAND_CHEMBL5289748_antagonist_seed_42_RAND_CHEMBL5289748_antagonist_seed_42_sample_1_model,/home/lyceum/h3/out/rand150/RAND_CHEMBL5289748_antagonist/seed_42/RAND_CHEMBL5289748_antagonist_seed_42_sample_1_model.cif,0.3102112412452698,1.0729113817214966,0.7627001404762268,agonist,201
H3__rand150_RAND_CHEMBL5289748_antagonist_seed_42_RAND_CHEMBL5289748_antagonist_seed_42_sample_2_model,/home/lyceum/h3/out/rand150/RAND_CHEMBL5289748_antagonist/seed_42/RAND_CHEMBL5289748_antagonist_seed_42_sample_2_model.cif,0.2648485004901886,1.5016319751739502,1.2367834746837616,agonist,201
H3__rand150_RAND_CHEMBL5289748_antagonist_seed_42_RAND_CHEMBL5289748_antagonist_seed_42_sample_3_model,/home/lyceum/h3/out/rand150/RAND_CHEMBL5289748_antagonist/seed_42/RAND_CHEMBL5289748_antagonist_seed_42_sample_3_model.cif,0.3035922348499298,1.5703155994415283,1.2667233645915985,agonist,201
H3__rand150_RAND_CHEMBL5289748_antagonist_seed_42_RAND_CHEMBL5289748_antagonist_seed_42_sample_4_model,/home/lyceum/h3/out/rand150/RAND_CHEMBL5289748_antagonist/seed_42/RAND_CHEMBL5289748_antagonist_seed_42_sample_4_model.cif,0.34775444865226746,0.36762744188308716,0.019872993230819702,agonist,201
H3__rand150_RAND_CHEMBL5289748_antagonist_seed_42_RAND_CHEMBL5289748_antagonist_seed_42_sample_5_model,/home/lyceum/h3/out/rand150/RAND_CHEMBL5289748_antagonist/seed_42/RAND_CHEMBL5289748_antagonist_seed_42_sample_5_model.cif,0.29677778482437134,1.4618407487869263,1.165062963962555,agonist,201
H3__rand150_RAND_CHEMBL5410061_agonist_seed_42_RAND_CHEMBL5410061_agonist_seed_42_sample_1_model,/home/lyceum/h3/out/rand150/RAND_CHEMBL5410061_agonist/seed_42/RAND_CHEMBL5410061_agonist_seed_42_sample_1_model.cif,0.48746153712272644,1.2380449771881104,0.7505834400653839,agonist,201
H3__rand150_RAND_CHEMBL5410061_agonist_seed_42_RAND_CHEMBL5410061_agonist_seed_42_sample_2_model,/home/lyceum/h3/out/rand150/RAND_CHEMBL5410061_agonist/seed_42/RAND_CHEMBL5410061_agonist_seed_42_sample_2_model.cif,0.3366999924182892,1.7495564222335815,1.4128564298152924,agonist,201
H3__rand150_RAND_CHEMBL5410061_agonist_seed_42_RAND_CHEMBL5410061_agonist_seed_42_sample_3_model,/home/lyceum/h3/out/rand150/RAND_CHEMBL5410061_agonist/seed_42/RAND_CHEMBL5410061_agonist_seed_42_sample_3_model.cif,0.29207339882850647,2.0029711723327637,1.7108977735042572,agonist,201
H3__rand150_RAND_CHEMBL5410061_agonist_seed_42_RAND_CHEMBL5410061_agonist_seed_42_sample_4_model,/home/lyceum/h3/out/rand150/RAND_CHEMBL5410061_agonist/seed_42/RAND_CHEMBL5410061_agonist_seed_42_sample_4_model.cif,0.36072346568107605,1.1920642852783203,0.8313408195972443,agonist,201
H3__rand150_RAND_CHEMBL5410061_agonist_seed_42_RAND_CHEMBL5410061_agonist_seed_42_sample_5_model,/home/lyceum/h3/out/rand150/RAND_CHEMBL5410061_agonist/seed_42/RAND_CHEMBL5410061_agonist_seed_42_sample_5_model.cif,0.45558592677116394,3.4098145961761475,2.9542286694049835,agonist,201
H3__rand150_RAND_CHEMBL5410860_antagonist_seed_42_RAND_CHEMBL5410860_antagonist_seed_42_sample_1_model,/home/lyceum/h3/out/rand150/RAND_CHEMBL5410860_antagonist/seed_42/RAND_CHEMBL5410860_antagonist_seed_42_sample_1_model.cif,3.8840248584747314,1.8364635705947876,2.047561287879944,antagonist,201
H3__rand150_RAND_CHEMBL5410860_antagonist_seed_42_RAND_CHEMBL5410860_antagonist_seed_42_sample_2_model,/home/lyceum/h3/out/rand150/RAND_CHEMBL5410860_antagonist/seed_42/RAND_CHEMBL5410860_antagonist_seed_42_sample_2_model.cif,4.351560115814209,1.8505418300628662,2.5010182857513428,antagonist,201
H3__rand150_RAND_CHEMBL5410860_antagonist_seed_42_RAND_CHEMBL5410860_antagonist_seed_42_sample_3_model,/home/lyceum/h3/out/rand150/RAND_CHEMBL5410860_antagonist/seed_42/RAND_CHEMBL5410860_antagonist_seed_42_sample_3_model.cif,3.758908271789551,1.5056425333023071,2.2532657384872437,antagonist,201
H3__rand150_RAND_CHEMBL5410860_antagonist_seed_42_RAND_CHEMBL5410860_antagonist_seed_42_sample_4_model,/home/lyceum/h3/out/rand150/RAND_CHEMBL5410860_antagonist/seed_42/RAND_CHEMBL5410860_antagonist_seed_42_sample_4_model.cif,3.8598506450653076,2.0345699787139893,1.8252806663513184,antagonist,201
H3__rand150_RAND_CHEMBL5410860_antagonist_seed_42_RAND_CHEMBL5410860_antagonist_seed_42_sample_5_model,/home/lyceum/h3/out/rand150/RAND_CHEMBL5410860_antagonist/seed_42/RAND_CHEMBL5410860_antagonist_seed_42_sample_5_model.cif,3.9913535118103027,2.4687693119049072,1.5225841999053955,antagonist,201
H3__rand150_RAND_CHEMBL5429680_agonist_seed_42_RAND_CHEMBL5429680_agonist_seed_42_sample_1_model,/home/lyceum/h3/out/rand150/RAND_CHEMBL5429680_agonist/seed_42/RAND_CHEMBL5429680_agonist_seed_42_sample_1_model.cif,0.6115236878395081,4.458422660827637,3.8468989729881287,agonist,201
H3__rand150_RAND_CHEMBL5429680_agonist_seed_42_RAND_CHEMBL5429680_agonist_seed_42_sample_2_model,/home/lyceum/h3/out/rand150/RAND_CHEMBL5429680_agonist/seed_42/RAND_CHEMBL5429680_agonist_seed_42_sample_2_model.cif,0.39288967847824097,0.3368341624736786,0.05605551600456238,antagonist,201
H3__rand150_RAND_CHEMBL5429680_agonist_seed_42_RAND_CHEMBL5429680_agonist_seed_42_sample_3_model,/home/lyceum/h3/out/rand150/RAND_CHEMBL5429680_agonist/seed_42/RAND_CHEMBL5429680_agonist_seed_42_sample_3_model.cif,0.4280276298522949,0.3447575867176056,0.08327004313468933,antagonist,201
H3__rand150_RAND_CHEMBL5429680_agonist_seed_42_RAND_CHEMBL5429680_agonist_seed_42_sample_4_model,/home/lyceum/h3/out/rand150/RAND_CHEMBL5429680_agonist/seed_42/RAND_CHEMBL5429680_agonist_seed_42_sample_4_model.cif,0.3338465392589569,0.34941667318344116,0.015570133924484253,agonist,201
H3__rand150_RAND_CHEMBL5429680_agonist_seed_42_RAND_CHEMBL5429680_agonist_seed_42_sample_5_model,/home/lyceum/h3/out/rand150/RAND_CHEMBL5429680_agonist/seed_42/RAND_CHEMBL5429680_agonist_seed_42_sample_5_model.cif,0.4524402618408203,0.32778555154800415,0.12465471029281616,antagonist,201
H3__rand150_RAND_CHEMBL5432279_agonist_seed_42_RAND_CHEMBL5432279_agonist_seed_42_sample_1_model,/home/lyceum/h3/out/rand150/RAND_CHEMBL5432279_agonist/seed_42/RAND_CHEMBL5432279_agonist_seed_42_sample_1_model.cif,0.5903996825218201,4.639756202697754,4.049356520175934,agonist,201
H3__rand150_RAND_CHEMBL5432279_agonist_seed_42_RAND_CHEMBL5432279_agonist_seed_42_sample_2_model,/home/lyceum/h3/out/rand150/RAND_CHEMBL5432279_agonist/seed_42/RAND_CHEMBL5432279_agonist_seed_42_sample_2_model.cif,0.33655911684036255,0.34026187658309937,0.0037027597427368164,agonist,201
H3__rand150_RAND_CHEMBL5432279_agonist_seed_42_RAND_CHEMBL5432279_agonist_seed_42_sample_3_model,/home/lyceum/h3/out/rand150/RAND_CHEMBL5432279_agonist/seed_42/RAND_CHEMBL5432279_agonist_seed_42_sample_3_model.cif,0.3443406820297241,0.35990312695503235,0.015562444925308228,agonist,201
H3__rand150_RAND_CHEMBL5432279_agonist_seed_42_RAND_CHEMBL5432279_agonist_seed_42_sample_4_model,/home/lyceum/h3/out/rand150/RAND_CHEMBL5432279_agonist/seed_42/RAND_CHEMBL5432279_agonist_seed_42_sample_4_model.cif,0.3193260729312897,0.34827932715415955,0.028953254222869873,agonist,201
H3__rand150_RAND_CHEMBL5432279_agonist_seed_42_RAND_CHEMBL5432279_agonist_seed_42_sample_5_model,/home/lyceum/h3/out/rand150/RAND_CHEMBL5432279_agonist/seed_42/RAND_CHEMBL5432279_agonist_seed_42_sample_5_model.cif,0.35143744945526123,0.3465547561645508,0.004882693290710449,antagonist,201
H3__rand150_RAND_CHEMBL5438539_agonist_seed_42_RAND_CHEMBL5438539_agonist_seed_42_sample_1_model,/home/lyceum/h3/out/rand150/RAND_CHEMBL5438539_agonist/seed_42/RAND_CHEMBL5438539_agonist_seed_42_sample_1_model.cif,0.6507126688957214,4.4125657081604,3.761853039264679,agonist,201
H3__rand150_RAND_CHEMBL5438539_agonist_seed_42_RAND_CHEMBL5438539_agonist_seed_42_sample_2_model,/home/lyceum/h3/out/rand150/RAND_CHEMBL5438539_agonist/seed_42/RAND_CHEMBL5438539_agonist_seed_42_sample_2_model.cif,0.24050116539001465,0.33331871032714844,0.09281754493713379,agonist,201
H3__rand150_RAND_CHEMBL5438539_agonist_seed_42_RAND_CHEMBL5438539_agonist_seed_42_sample_3_model,/home/lyceum/h3/out/rand150/RAND_CHEMBL5438539_agonist/seed_42/RAND_CHEMBL5438539_agonist_seed_42_sample_3_model.cif,0.3688766360282898,0.34592875838279724,0.022947877645492554,antagonist,201
H3__rand150_RAND_CHEMBL5438539_agonist_seed_42_RAND_CHEMBL5438539_agonist_seed_42_sample_4_model,/home/lyceum/h3/out/rand150/RAND_CHEMBL5438539_agonist/seed_42/RAND_CHEMBL5438539_agonist_seed_42_sample_4_model.cif,0.3376391530036926,0.33909741044044495,0.0014582574367523193,agonist,201
H3__rand150_RAND_CHEMBL5438539_agonist_seed_42_RAND_CHEMBL5438539_agonist_seed_42_sample_5_model,/home/lyceum/h3/out/rand150/RAND_CHEMBL5438539_agonist/seed_42/RAND_CHEMBL5438539_agonist_seed_42_sample_5_model.cif,0.3959827423095703,0.35472923517227173,0.041253507137298584,antagonist,201
H3__rand150_RAND_CHEMBL5779116_antagonist_seed_42_RAND_CHEMBL5779116_antagonist_seed_42_sample_1_model,/home/lyceum/h3/out/rand150/RAND_CHEMBL5779116_antagonist/seed_42/RAND_CHEMBL5779116_antagonist_seed_42_sample_1_model.cif,0.6522319912910461,0.31504637002944946,0.3371856212615967,antagonist,201
H3__rand150_RAND_CHEMBL5779116_antagonist_seed_42_RAND_CHEMBL5779116_antagonist_seed_42_sample_2_model,/home/lyceum/h3/out/rand150/RAND_CHEMBL5779116_antagonist/seed_42/RAND_CHEMBL5779116_antagonist_seed_42_sample_2_model.cif,0.32355624437332153,0.33061647415161133,0.007060229778289795,agonist,201
H3__rand150_RAND_CHEMBL5779116_antagonist_seed_42_RAND_CHEMBL5779116_antagonist_seed_42_sample_3_model,/home/lyceum/h3/out/rand150/RAND_CHEMBL5779116_antagonist/seed_42/RAND_CHEMBL5779116_antagonist_seed_42_sample_3_model.cif,0.39428025484085083,0.3435499370098114,0.05073031783103943,antagonist,201
H3__rand150_RAND_CHEMBL5779116_antagonist_seed_42_RAND_CHEMBL5779116_antagonist_seed_42_sample_4_model,/home/lyceum/h3/out/rand150/RAND_CHEMBL5779116_antagonist/seed_42/RAND_CHEMBL5779116_antagonist_seed_42_sample_4_model.cif,0.38944146037101746,0.31924620270729065,0.0701952576637268,antagonist,201
H3__rand150_RAND_CHEMBL5779116_antagonist_seed_42_RAND_CHEMBL5779116_antagonist_seed_42_sample_5_model,/home/lyceum/h3/out/rand150/RAND_CHEMBL5779116_antagonist/seed_42/RAND_CHEMBL5779116_antagonist_seed_42_sample_5_model.cif,0.3534064292907715,0.35180288553237915,0.001603543758392334,antagonist,201
H3__rand150_RAND_CHEMBL5780772_antagonist_seed_42_RAND_CHEMBL5780772_antagonist_seed_42_sample_1_model,/home/lyceum/h3/out/rand150/RAND_CHEMBL5780772_antagonist/seed_42/RAND_CHEMBL5780772_antagonist_seed_42_sample_1_model.cif,3.446627140045166,1.6363812685012817,1.8102458715438843,antagonist,201
H3__rand150_RAND_CHEMBL5780772_antagonist_seed_42_RAND_CHEMBL5780772_antagonist_seed_42_sample_2_model,/home/lyceum/h3/out/rand150/RAND_CHEMBL5780772_antagonist/seed_42/RAND_CHEMBL5780772_antagonist_seed_42_sample_2_model.cif,4.698409557342529,1.6170505285263062,3.081359028816223,antagonist,201
H3__rand150_RAND_CHEMBL5780772_antagonist_seed_42_RAND_CHEMBL5780772_antagonist_seed_42_sample_3_model,/home/lyceum/h3/out/rand150/RAND_CHEMBL5780772_antagonist/seed_42/RAND_CHEMBL5780772_antagonist_seed_42_sample_3_model.cif,4.455588340759277,1.2908097505569458,3.1647785902023315,antagonist,201
H3__rand150_RAND_CHEMBL5780772_antagonist_seed_42_RAND_CHEMBL5780772_antagonist_seed_42_sample_4_model,/home/lyceum/h3/out/rand150/RAND_CHEMBL5780772_antagonist/seed_42/RAND_CHEMBL5780772_antagonist_seed_42_sample_4_model.cif,5.146651744842529,1.3747445344924927,3.7719072103500366,antagonist,201
H3__rand150_RAND_CHEMBL5780772_antagonist_seed_42_RAND_CHEMBL5780772_antagonist_seed_42_sample_5_model,/home/lyceum/h3/out/rand150/RAND_CHEMBL5780772_antagonist/seed_42/RAND_CHEMBL5780772_antagonist_seed_42_sample_5_model.cif,4.853142261505127,1.4902631044387817,3.362879157066345,antagonist,201
H3__rand150_RAND_CHEMBL5785729_agonist_seed_42_RAND_CHEMBL5785729_agonist_seed_42_sample_1_model,/home/lyceum/h3/out/rand150/RAND_CHEMBL5785729_agonist/seed_42/RAND_CHEMBL5785729_agonist_seed_42_sample_1_model.cif,0.5448173880577087,1.3418715000152588,0.79705411195755,agonist,201
H3__rand150_RAND_CHEMBL5785729_agonist_seed_42_RAND_CHEMBL5785729_agonist_seed_42_sample_2_model,/home/lyceum/h3/out/rand150/RAND_CHEMBL5785729_agonist/seed_42/RAND_CHEMBL5785729_agonist_seed_42_sample_2_model.cif,0.3002280592918396,1.7600276470184326,1.459799587726593,agonist,201
H3__rand150_RAND_CHEMBL5785729_agonist_seed_42_RAND_CHEMBL5785729_agonist_seed_42_sample_3_model,/home/lyceum/h3/out/rand150/RAND_CHEMBL5785729_agonist/seed_42/RAND_CHEMBL5785729_agonist_seed_42_sample_3_model.cif,0.4830770492553711,1.9754493236541748,1.4923722743988037,agonist,201
H3__rand150_RAND_CHEMBL5785729_agonist_seed_42_RAND_CHEMBL5785729_agonist_seed_42_sample_4_model,/home/lyceum/h3/out/rand150/RAND_CHEMBL5785729_agonist/seed_42/RAND_CHEMBL5785729_agonist_seed_42_sample_4_model.cif,0.16026678681373596,1.0754597187042236,0.9151929318904877,agonist,201
H3__rand150_RAND_CHEMBL5785729_agonist_seed_42_RAND_CHEMBL5785729_agonist_seed_42_sample_5_model,/home/lyceum/h3/out/rand150/RAND_CHEMBL5785729_agonist/seed_42/RAND_CHEMBL5785729_agonist_seed_42_sample_5_model.cif,0.4176167845726013,3.1261990070343018,2.7085822224617004,agonist,201
H3__rand150_RAND_CHEMBL5794612_antagonist_seed_42_RAND_CHEMBL5794612_antagonist_seed_42_sample_1_model,/home/lyceum/h3/out/rand150/RAND_CHEMBL5794612_antagonist/seed_42/RAND_CHEMBL5794612_antagonist_seed_42_sample_1_model.cif,0.6487196683883667,4.533957481384277,3.8852378129959106,agonist,201
H3__rand150_RAND_CHEMBL5794612_antagonist_seed_42_RAND_CHEMBL5794612_antagonist_seed_42_sample_2_model,/home/lyceum/h3/out/rand150/RAND_CHEMBL5794612_antagonist/seed_42/RAND_CHEMBL5794612_antagonist_seed_42_sample_2_model.cif,0.29162365198135376,3.9891092777252197,3.697485625743866,agonist,201
H3__rand150_RAND_CHEMBL5794612_antagonist_seed_42_RAND_CHEMBL5794612_antagonist_seed_42_sample_3_model,/home/lyceum/h3/out/rand150/RAND_CHEMBL5794612_antagonist/seed_42/RAND_CHEMBL5794612_antagonist_seed_42_sample_3_model.cif,0.3828522562980652,0.3320499360561371,0.0508023202419281,antagonist,201
H3__rand150_RAND_CHEMBL5794612_antagonist_seed_42_RAND_CHEMBL5794612_antagonist_seed_42_sample_4_model,/home/lyceum/h3/out/rand150/RAND_CHEMBL5794612_antagonist/seed_42/RAND_CHEMBL5794612_antagonist_seed_42_sample_4_model.cif,0.4283868670463562,0.3289811313152313,0.09940573573112488,antagonist,201
H3__rand150_RAND_CHEMBL5794612_antagonist_seed_42_RAND_CHEMBL5794612_antagonist_seed_42_sample_5_model,/home/lyceum/h3/out/rand150/RAND_CHEMBL5794612_antagonist/seed_42/RAND_CHEMBL5794612_antagonist_seed_42_sample_5_model.cif,0.38849684596061707,1.1556318998336792,0.7671350538730621,agonist,201
H3__rand150_RAND_CHEMBL5803336_agonist_seed_42_RAND_CHEMBL5803336_agonist_seed_42_sample_1_model,/home/lyceum/h3/out/rand150/RAND_CHEMBL5803336_agonist/seed_42/RAND_CHEMBL5803336_agonist_seed_42_sample_1_model.cif,0.6684107780456543,0.32581058144569397,0.3426001965999603,antagonist,201
H3__rand150_RAND_CHEMBL5803336_agonist_seed_42_RAND_CHEMBL5803336_agonist_seed_42_sample_2_model,/home/lyceum/h3/out/rand150/RAND_CHEMBL5803336_agonist/seed_42/RAND_CHEMBL5803336_agonist_seed_42_sample_2_model.cif,0.3594770133495331,0.4189434349536896,0.059466421604156494,agonist,201
H3__rand150_RAND_CHEMBL5803336_agonist_seed_42_RAND_CHEMBL5803336_agonist_seed_42_sample_3_model,/home/lyceum/h3/out/rand150/RAND_CHEMBL5803336_agonist/seed_42/RAND_CHEMBL5803336_agonist_seed_42_sample_3_model.cif,0.26964813470840454,1.1652603149414062,0.8956121802330017,agonist,201
H3__rand150_RAND_CHEMBL5803336_agonist_seed_42_RAND_CHEMBL5803336_agonist_seed_42_sample_4_model,/home/lyceum/h3/out/rand150/RAND_CHEMBL5803336_agonist/seed_42/RAND_CHEMBL5803336_agonist_seed_42_sample_4_model.cif,0.25019681453704834,0.36278408765792847,0.11258727312088013,agonist,201
H3__rand150_RAND_CHEMBL5803336_agonist_seed_42_RAND_CHEMBL5803336_agonist_seed_42_sample_5_model,/home/lyceum/h3/out/rand150/RAND_CHEMBL5803336_agonist/seed_42/RAND_CHEMBL5803336_agonist_seed_42_sample_5_model.cif,0.5127940773963928,1.4703737497329712,0.9575796723365784,agonist,201
H3__rand150_RAND_CHEMBL5805510_antagonist_seed_42_RAND_CHEMBL5805510_antagonist_seed_42_sample_1_model,/home/lyceum/h3/out/rand150/RAND_CHEMBL5805510_antagonist/seed_42/RAND_CHEMBL5805510_antagonist_seed_42_sample_1_model.cif,0.5453184843063354,1.2466782331466675,0.701359748840332,agonist,201
H3__rand150_RAND_CHEMBL5805510_antagonist_seed_42_RAND_CHEMBL5805510_antagonist_seed_42_sample_2_model,/home/lyceum/h3/out/rand150/RAND_CHEMBL5805510_antagonist/seed_42/RAND_CHEMBL5805510_antagonist_seed_42_sample_2_model.cif,0.3023480176925659,0.3410290479660034,0.0386810302734375,agonist,201
H3__rand150_RAND_CHEMBL5805510_antagonist_seed_42_RAND_CHEMBL5805510_antagonist_seed_42_sample_3_model,/home/lyceum/h3/out/rand150/RAND_CHEMBL5805510_antagonist/seed_42/RAND_CHEMBL5805510_antagonist_seed_42_sample_3_model.cif,0.40133991837501526,4.115884304046631,3.7145443856716156,agonist,201
H3__rand150_RAND_CHEMBL5805510_antagonist_seed_42_RAND_CHEMBL5805510_antagonist_seed_42_sample_4_model,/home/lyceum/h3/out/rand150/RAND_CHEMBL5805510_antagonist/seed_42/RAND_CHEMBL5805510_antagonist_seed_42_sample_4_model.cif,0.3812301754951477,0.34374257922172546,0.03748759627342224,antagonist,201
H3__rand150_RAND_CHEMBL5805510_antagonist_seed_42_RAND_CHEMBL5805510_antagonist_seed_42_sample_5_model,/home/lyceum/h3/out/rand150/RAND_CHEMBL5805510_antagonist/seed_42/RAND_CHEMBL5805510_antagonist_seed_42_sample_5_model.cif,0.39148440957069397,1.3897087574005127,0.9982243478298187,agonist,201
H3__rand150_RAND_CHEMBL5808033_antagonist_seed_42_RAND_CHEMBL5808033_antagonist_seed_42_sample_1_model,/home/lyceum/h3/out/rand150/RAND_CHEMBL5808033_antagonist/seed_42/RAND_CHEMBL5808033_antagonist_seed_42_sample_1_model.cif,0.5703058838844299,0.340734601020813,0.22957128286361694,antagonist,201
H3__rand150_RAND_CHEMBL5808033_antagonist_seed_42_RAND_CHEMBL5808033_antagonist_seed_42_sample_2_model,/home/lyceum/h3/out/rand150/RAND_CHEMBL5808033_antagonist/seed_42/RAND_CHEMBL5808033_antagonist_seed_42_sample_2_model.cif,0.3025986850261688,0.34940794110298157,0.046809256076812744,agonist,201
H3__rand150_RAND_CHEMBL5808033_antagonist_seed_42_RAND_CHEMBL5808033_antagonist_seed_42_sample_3_model,/home/lyceum/h3/out/rand150/RAND_CHEMBL5808033_antagonist/seed_42/RAND_CHEMBL5808033_antagonist_seed_42_sample_3_model.cif,0.3746453821659088,0.349775493144989,0.0248698890209198,antagonist,201
H3__rand150_RAND_CHEMBL5808033_antagonist_seed_42_RAND_CHEMBL5808033_antagonist_seed_42_sample_4_model,/home/lyceum/h3/out/rand150/RAND_CHEMBL5808033_antagonist/seed_42/RAND_CHEMBL5808033_antagonist_seed_42_sample_4_model.cif,0.42857104539871216,0.35200777649879456,0.0765632688999176,antagonist,201
H3__rand150_RAND_CHEMBL5808033_antagonist_seed_42_RAND_CHEMBL5808033_antagonist_seed_42_sample_5_model,/home/lyceum/h3/out/rand150/RAND_CHEMBL5808033_antagonist/seed_42/RAND_CHEMBL5808033_antagonist_seed_42_sample_5_model.cif,0.31848302483558655,0.40713998675346375,0.0886569619178772,agonist,201
H3__rand150_RAND_CHEMBL5813818_antagonist_seed_42_RAND_CHEMBL5813818_antagonist_seed_42_sample_1_model,/home/lyceum/h3/out/rand150/RAND_CHEMBL5813818_antagonist/seed_42/RAND_CHEMBL5813818_antagonist_seed_42_sample_1_model.cif,0.6559028029441833,0.3211785554885864,0.3347242474555969,antagonist,201
H3__rand150_RAND_CHEMBL5813818_antagonist_seed_42_RAND_CHEMBL5813818_antagonist_seed_42_sample_2_model,/home/lyceum/h3/out/rand150/RAND_CHEMBL5813818_antagonist/seed_42/RAND_CHEMBL5813818_antagonist_seed_42_sample_2_model.cif,0.2816812992095947,0.35444924235343933,0.0727679431438446,agonist,201
H3__rand150_RAND_CHEMBL5813818_antagonist_seed_42_RAND_CHEMBL5813818_antagonist_seed_42_sample_3_model,/home/lyceum/h3/out/rand150/RAND_CHEMBL5813818_antagonist/seed_42/RAND_CHEMBL5813818_antagonist_seed_42_sample_3_model.cif,0.369670033454895,0.35858455300331116,0.011085480451583862,antagonist,201
H3__rand150_RAND_CHEMBL5813818_antagonist_seed_42_RAND_CHEMBL5813818_antagonist_seed_42_sample_4_model,/home/lyceum/h3/out/rand150/RAND_CHEMBL5813818_antagonist/seed_42/RAND_CHEMBL5813818_antagonist_seed_42_sample_4_model.cif,0.42101120948791504,0.32701820135116577,0.09399300813674927,antagonist,201
H3__rand150_RAND_CHEMBL5813818_antagonist_seed_42_RAND_CHEMBL5813818_antagonist_seed_42_sample_5_model,/home/lyceum/h3/out/rand150/RAND_CHEMBL5813818_antagonist/seed_42/RAND_CHEMBL5813818_antagonist_seed_42_sample_5_model.cif,0.45258867740631104,1.1771355867385864,0.7245469093322754,agonist,201
H3__rand150_RAND_CHEMBL5825349_agonist_seed_42_RAND_CHEMBL5825349_agonist_seed_42_sample_1_model,/home/lyceum/h3/out/rand150/RAND_CHEMBL5825349_agonist/seed_42/RAND_CHEMBL5825349_agonist_seed_42_sample_1_model.cif,0.5155043601989746,1.0544378757476807,0.538933515548706,agonist,201
H3__rand150_RAND_CHEMBL5825349_agonist_seed_42_RAND_CHEMBL5825349_agonist_seed_42_sample_2_model,/home/lyceum/h3/out/rand150/RAND_CHEMBL5825349_agonist/seed_42/RAND_CHEMBL5825349_agonist_seed_42_sample_2_model.cif,0.47152793407440186,1.261366605758667,0.7898386716842651,agonist,201
H3__rand150_RAND_CHEMBL5825349_agonist_seed_42_RAND_CHEMBL5825349_agonist_seed_42_sample_3_model,/home/lyceum/h3/out/rand150/RAND_CHEMBL5825349_agonist/seed_42/RAND_CHEMBL5825349_agonist_seed_42_sample_3_model.cif,0.5379164218902588,1.48249089717865,0.9445744752883911,agonist,201
H3__rand150_RAND_CHEMBL5825349_agonist_seed_42_RAND_CHEMBL5825349_agonist_seed_42_sample_4_model,/home/lyceum/h3/out/rand150/RAND_CHEMBL5825349_agonist/seed_42/RAND_CHEMBL5825349_agonist_seed_42_sample_4_model.cif,0.4527392089366913,3.295971155166626,2.8432319462299347,agonist,201
H3__rand150_RAND_CHEMBL5825349_agonist_seed_42_RAND_CHEMBL5825349_agonist_seed_42_sample_5_model,/home/lyceum/h3/out/rand150/RAND_CHEMBL5825349_agonist/seed_42/RAND_CHEMBL5825349_agonist_seed_42_sample_5_model.cif,0.4101201891899109,1.808457851409912,1.3983376622200012,agonist,201
H3__rand150_RAND_CHEMBL5832803_antagonist_seed_42_RAND_CHEMBL5832803_antagonist_seed_42_sample_1_model,/home/lyceum/h3/out/rand150/RAND_CHEMBL5832803_antagonist/seed_42/RAND_CHEMBL5832803_antagonist_seed_42_sample_1_model.cif,3.645441770553589,1.7991936206817627,1.8462481498718262,antagonist,201
H3__rand150_RAND_CHEMBL5832803_antagonist_seed_42_RAND_CHEMBL5832803_antagonist_seed_42_sample_2_model,/home/lyceum/h3/out/rand150/RAND_CHEMBL5832803_antagonist/seed_42/RAND_CHEMBL5832803_antagonist_seed_42_sample_2_model.cif,5.0440778732299805,1.5113905668258667,3.5326873064041138,antagonist,201
H3__rand150_RAND_CHEMBL5832803_antagonist_seed_42_RAND_CHEMBL5832803_antagonist_seed_42_sample_3_model,/home/lyceum/h3/out/rand150/RAND_CHEMBL5832803_antagonist/seed_42/RAND_CHEMBL5832803_antagonist_seed_42_sample_3_model.cif,3.9391252994537354,1.2785106897354126,2.6606146097183228,antagonist,201
H3__rand150_RAND_CHEMBL5832803_antagonist_seed_42_RAND_CHEMBL5832803_antagonist_seed_42_sample_4_model,/home/lyceum/h3/out/rand150/RAND_CHEMBL5832803_antagonist/seed_42/RAND_CHEMBL5832803_antagonist_seed_42_sample_4_model.cif,4.039957046508789,1.358978509902954,2.680978536605835,antagonist,201
H3__rand150_RAND_CHEMBL5832803_antagonist_seed_42_RAND_CHEMBL5832803_antagonist_seed_42_sample_5_model,/home/lyceum/h3/out/rand150/RAND_CHEMBL5832803_antagonist/seed_42/RAND_CHEMBL5832803_antagonist_seed_42_sample_5_model.cif,4.388859748840332,1.096817135810852,3.29204261302948,antagonist,201
H3__rand150_RAND_CHEMBL5834289_antagonist_seed_42_RAND_CHEMBL5834289_antagonist_seed_42_sample_1_model,/home/lyceum/h3/out/rand150/RAND_CHEMBL5834289_antagonist/seed_42/RAND_CHEMBL5834289_antagonist_seed_42_sample_1_model.cif,3.4344229698181152,1.656854271888733,1.7775686979293823,antagonist,201
H3__rand150_RAND_CHEMBL5834289_antagonist_seed_42_RAND_CHEMBL5834289_antagonist_seed_42_sample_2_model,/home/lyceum/h3/out/rand150/RAND_CHEMBL5834289_antagonist/seed_42/RAND_CHEMBL5834289_antagonist_seed_42_sample_2_model.cif,4.4298176765441895,1.470177412033081,2.9596402645111084,antagonist,201
H3__rand150_RAND_CHEMBL5834289_antagonist_seed_42_RAND_CHEMBL5834289_antagonist_seed_42_sample_3_model,/home/lyceum/h3/out/rand150/RAND_CHEMBL5834289_antagonist/seed_42/RAND_CHEMBL5834289_antagonist_seed_42_sample_3_model.cif,4.434545040130615,1.4259370565414429,3.0086079835891724,antagonist,201
H3__rand150_RAND_CHEMBL5834289_antagonist_seed_42_RAND_CHEMBL5834289_antagonist_seed_42_sample_4_model,/home/lyceum/h3/out/rand150/RAND_CHEMBL5834289_antagonist/seed_42/RAND_CHEMBL5834289_antagonist_seed_42_sample_4_model.cif,4.405481815338135,1.2817015647888184,3.1237802505493164,antagonist,201
H3__rand150_RAND_CHEMBL5834289_antagonist_seed_42_RAND_CHEMBL5834289_antagonist_seed_42_sample_5_model,/home/lyceum/h3/out/rand150/RAND_CHEMBL5834289_antagonist/seed_42/RAND_CHEMBL5834289_antagonist_seed_42_sample_5_model.cif,4.500647068023682,1.4558813571929932,3.0447657108306885,antagonist,201
H3__rand150_RAND_CHEMBL5836020_antagonist_seed_42_RAND_CHEMBL5836020_antagonist_seed_42_sample_1_model,/home/lyceum/h3/out/rand150/RAND_CHEMBL5836020_antagonist/seed_42/RAND_CHEMBL5836020_antagonist_seed_42_sample_1_model.cif,4.045259952545166,2.257601499557495,1.787658452987671,antagonist,201
H3__rand150_RAND_CHEMBL5836020_antagonist_seed_42_RAND_CHEMBL5836020_antagonist_seed_42_sample_2_model,/home/lyceum/h3/out/rand150/RAND_CHEMBL5836020_antagonist/seed_42/RAND_CHEMBL5836020_antagonist_seed_42_sample_2_model.cif,3.8886773586273193,2.52337646484375,1.3653008937835693,antagonist,201
H3__rand150_RAND_CHEMBL5836020_antagonist_seed_42_RAND_CHEMBL5836020_antagonist_seed_42_sample_3_model,/home/lyceum/h3/out/rand150/RAND_CHEMBL5836020_antagonist/seed_42/RAND_CHEMBL5836020_antagonist_seed_42_sample_3_model.cif,2.227471113204956,2.0257818698883057,0.2016892433166504,antagonist,201
H3__rand150_RAND_CHEMBL5836020_antagonist_seed_42_RAND_CHEMBL5836020_antagonist_seed_42_sample_4_model,/home/lyceum/h3/out/rand150/RAND_CHEMBL5836020_antagonist/seed_42/RAND_CHEMBL5836020_antagonist_seed_42_sample_4_model.cif,3.4785611629486084,2.038850784301758,1.4397103786468506,antagonist,201
H3__rand150_RAND_CHEMBL5836020_antagonist_seed_42_RAND_CHEMBL5836020_antagonist_seed_42_sample_5_model,/home/lyceum/h3/out/rand150/RAND_CHEMBL5836020_antagonist/seed_42/RAND_CHEMBL5836020_antagonist_seed_42_sample_5_model.cif,4.6754279136657715,1.7160087823867798,2.9594191312789917,antagonist,201
H3__rand150_RAND_CHEMBL5839073_antagonist_seed_42_RAND_CHEMBL5839073_antagonist_seed_42_sample_1_model,/home/lyceum/h3/out/rand150/RAND_CHEMBL5839073_antagonist/seed_42/RAND_CHEMBL5839073_antagonist_seed_42_sample_1_model.cif,0.6642152070999146,1.2222483158111572,0.5580331087112427,agonist,201
H3__rand150_RAND_CHEMBL5839073_antagonist_seed_42_RAND_CHEMBL5839073_antagonist_seed_42_sample_2_model,/home/lyceum/h3/out/rand150/RAND_CHEMBL5839073_antagonist/seed_42/RAND_CHEMBL5839073_antagonist_seed_42_sample_2_model.cif,0.4786694645881653,1.187401294708252,0.7087318301200867,agonist,201
H3__rand150_RAND_CHEMBL5839073_antagonist_seed_42_RAND_CHEMBL5839073_antagonist_seed_42_sample_3_model,/home/lyceum/h3/out/rand150/RAND_CHEMBL5839073_antagonist/seed_42/RAND_CHEMBL5839073_antagonist_seed_42_sample_3_model.cif,0.3536094129085541,0.3596728444099426,0.00606343150138855,agonist,201
H3__rand150_RAND_CHEMBL5839073_antagonist_seed_42_RAND_CHEMBL5839073_antagonist_seed_42_sample_4_model,/home/lyceum/h3/out/rand150/RAND_CHEMBL5839073_antagonist/seed_42/RAND_CHEMBL5839073_antagonist_seed_42_sample_4_model.cif,0.40980803966522217,0.3491325080394745,0.06067553162574768,antagonist,201
H3__rand150_RAND_CHEMBL5839073_antagonist_seed_42_RAND_CHEMBL5839073_antagonist_seed_42_sample_5_model,/home/lyceum/h3/out/rand150/RAND_CHEMBL5839073_antagonist/seed_42/RAND_CHEMBL5839073_antagonist_seed_42_sample_5_model.cif,0.459759384393692,1.0594983100891113,0.5997389256954193,agonist,201
H3__rand150_RAND_CHEMBL5850461_agonist_seed_42_RAND_CHEMBL5850461_agonist_seed_42_sample_1_model,/home/lyceum/h3/out/rand150/RAND_CHEMBL5850461_agonist/seed_42/RAND_CHEMBL5850461_agonist_seed_42_sample_1_model.cif,0.5296566486358643,1.061373233795166,0.5317165851593018,agonist,201
H3__rand150_RAND_CHEMBL5850461_agonist_seed_42_RAND_CHEMBL5850461_agonist_seed_42_sample_2_model,/home/lyceum/h3/out/rand150/RAND_CHEMBL5850461_agonist/seed_42/RAND_CHEMBL5850461_agonist_seed_42_sample_2_model.cif,0.4607258141040802,1.0495351552963257,0.5888093411922455,agonist,201
H3__rand150_RAND_CHEMBL5850461_agonist_seed_42_RAND_CHEMBL5850461_agonist_seed_42_sample_3_model,/home/lyceum/h3/out/rand150/RAND_CHEMBL5850461_agonist/seed_42/RAND_CHEMBL5850461_agonist_seed_42_sample_3_model.cif,0.43994656205177307,1.550858736038208,1.110912173986435,agonist,201
H3__rand150_RAND_CHEMBL5850461_agonist_seed_42_RAND_CHEMBL5850461_agonist_seed_42_sample_4_model,/home/lyceum/h3/out/rand150/RAND_CHEMBL5850461_agonist/seed_42/RAND_CHEMBL5850461_agonist_seed_42_sample_4_model.cif,0.5189091563224792,1.452829360961914,0.9339202046394348,agonist,201
H3__rand150_RAND_CHEMBL5850461_agonist_seed_42_RAND_CHEMBL5850461_agonist_seed_42_sample_5_model,/home/lyceum/h3/out/rand150/RAND_CHEMBL5850461_agonist/seed_42/RAND_CHEMBL5850461_agonist_seed_42_sample_5_model.cif,0.5434114933013916,1.2798922061920166,0.736480712890625,agonist,201
H3__rand150_RAND_CHEMBL5859429_antagonist_seed_42_RAND_CHEMBL5859429_antagonist_seed_42_sample_1_model,/home/lyceum/h3/out/rand150/RAND_CHEMBL5859429_antagonist/seed_42/RAND_CHEMBL5859429_antagonist_seed_42_sample_1_model.cif,0.5853270888328552,0.33289238810539246,0.25243470072746277,antagonist,201
H3__rand150_RAND_CHEMBL5859429_antagonist_seed_42_RAND_CHEMBL5859429_antagonist_seed_42_sample_2_model,/home/lyceum/h3/out/rand150/RAND_CHEMBL5859429_antagonist/seed_42/RAND_CHEMBL5859429_antagonist_seed_42_sample_2_model.cif,0.334565669298172,0.33259153366088867,0.001974135637283325,antagonist,201
H3__rand150_RAND_CHEMBL5859429_antagonist_seed_42_RAND_CHEMBL5859429_antagonist_seed_42_sample_3_model,/home/lyceum/h3/out/rand150/RAND_CHEMBL5859429_antagonist/seed_42/RAND_CHEMBL5859429_antagonist_seed_42_sample_3_model.cif,0.3618839681148529,0.31411391496658325,0.04777005314826965,antagonist,201
H3__rand150_RAND_CHEMBL5859429_antagonist_seed_42_RAND_CHEMBL5859429_antagonist_seed_42_sample_4_model,/home/lyceum/h3/out/rand150/RAND_CHEMBL5859429_antagonist/seed_42/RAND_CHEMBL5859429_antagonist_seed_42_sample_4_model.cif,0.37294816970825195,0.35335731506347656,0.01959085464477539,antagonist,201
H3__rand150_RAND_CHEMBL5859429_antagonist_seed_42_RAND_CHEMBL5859429_antagonist_seed_42_sample_5_model,/home/lyceum/h3/out/rand150/RAND_CHEMBL5859429_antagonist/seed_42/RAND_CHEMBL5859429_antagonist_seed_42_sample_5_model.cif,0.3111879527568817,0.34203290939331055,0.030844956636428833,agonist,201
H3__rand150_RAND_CHEMBL5867090_antagonist_seed_42_RAND_CHEMBL5867090_antagonist_seed_42_sample_1_model,/home/lyceum/h3/out/rand150/RAND_CHEMBL5867090_antagonist/seed_42/RAND_CHEMBL5867090_antagonist_seed_42_sample_1_model.cif,4.516569137573242,1.4672179222106934,3.049351215362549,antagonist,201
H3__rand150_RAND_CHEMBL5867090_antagonist_seed_42_RAND_CHEMBL5867090_antagonist_seed_42_sample_2_model,/home/lyceum/h3/out/rand150/RAND_CHEMBL5867090_antagonist/seed_42/RAND_CHEMBL5867090_antagonist_seed_42_sample_2_model.cif,5.384232997894287,1.5255382061004639,3.8586947917938232,antagonist,201
H3__rand150_RAND_CHEMBL5867090_antagonist_seed_42_RAND_CHEMBL5867090_antagonist_seed_42_sample_3_model,/home/lyceum/h3/out/rand150/RAND_CHEMBL5867090_antagonist/seed_42/RAND_CHEMBL5867090_antagonist_seed_42_sample_3_model.cif,5.207949161529541,1.1952171325683594,4.012732028961182,antagonist,201
H3__rand150_RAND_CHEMBL5867090_antagonist_seed_42_RAND_CHEMBL5867090_antagonist_seed_42_sample_4_model,/home/lyceum/h3/out/rand150/RAND_CHEMBL5867090_antagonist/seed_42/RAND_CHEMBL5867090_antagonist_seed_42_sample_4_model.cif,5.363855838775635,1.0612977743148804,4.302558064460754,antagonist,201
H3__rand150_RAND_CHEMBL5867090_antagonist_seed_42_RAND_CHEMBL5867090_antagonist_seed_42_sample_5_model,/home/lyceum/h3/out/rand150/RAND_CHEMBL5867090_antagonist/seed_42/RAND_CHEMBL5867090_antagonist_seed_42_sample_5_model.cif,4.168139934539795,1.267486333847046,2.900653600692749,antagonist,201
H3__rand150_RAND_CHEMBL5867540_antagonist_seed_42_RAND_CHEMBL5867540_antagonist_seed_42_sample_1_model,/home/lyceum/h3/out/rand150/RAND_CHEMBL5867540_antagonist/seed_42/RAND_CHEMBL5867540_antagonist_seed_42_sample_1_model.cif,4.039666175842285,2.2095067501068115,1.8301594257354736,antagonist,201
H3__rand150_RAND_CHEMBL5867540_antagonist_seed_42_RAND_CHEMBL5867540_antagonist_seed_42_sample_2_model,/home/lyceum/h3/out/rand150/RAND_CHEMBL5867540_antagonist/seed_42/RAND_CHEMBL5867540_antagonist_seed_42_sample_2_model.cif,3.934086322784424,2.6102468967437744,1.3238394260406494,antagonist,201
H3__rand150_RAND_CHEMBL5867540_antagonist_seed_42_RAND_CHEMBL5867540_antagonist_seed_42_sample_3_model,/home/lyceum/h3/out/rand150/RAND_CHEMBL5867540_antagonist/seed_42/RAND_CHEMBL5867540_antagonist_seed_42_sample_3_model.cif,3.905905246734619,1.8427224159240723,2.063182830810547,antagonist,201
H3__rand150_RAND_CHEMBL5867540_antagonist_seed_42_RAND_CHEMBL5867540_antagonist_seed_42_sample_4_model,/home/lyceum/h3/out/rand150/RAND_CHEMBL5867540_antagonist/seed_42/RAND_CHEMBL5867540_antagonist_seed_42_sample_4_model.cif,4.296627521514893,1.8649944067001343,2.4316331148147583,antagonist,201
H3__rand150_RAND_CHEMBL5867540_antagonist_seed_42_RAND_CHEMBL5867540_antagonist_seed_42_sample_5_model,/home/lyceum/h3/out/rand150/RAND_CHEMBL5867540_antagonist/seed_42/RAND_CHEMBL5867540_antagonist_seed_42_sample_5_model.cif,4.358205318450928,1.7844308614730835,2.5737744569778442,antagonist,201
H3__rand150_RAND_CHEMBL5867825_agonist_seed_42_RAND_CHEMBL5867825_agonist_seed_42_sample_1_model,/home/lyceum/h3/out/rand150/RAND_CHEMBL5867825_agonist/seed_42/RAND_CHEMBL5867825_agonist_seed_42_sample_1_model.cif,0.5314305424690247,1.4440760612487793,0.9126455187797546,agonist,201
H3__rand150_RAND_CHEMBL5867825_agonist_seed_42_RAND_CHEMBL5867825_agonist_seed_42_sample_2_model,/home/lyceum/h3/out/rand150/RAND_CHEMBL5867825_agonist/seed_42/RAND_CHEMBL5867825_agonist_seed_42_sample_2_model.cif,0.24682685732841492,1.5915868282318115,1.3447599709033966,agonist,201
H3__rand150_RAND_CHEMBL5867825_agonist_seed_42_RAND_CHEMBL5867825_agonist_seed_42_sample_3_model,/home/lyceum/h3/out/rand150/RAND_CHEMBL5867825_agonist/seed_42/RAND_CHEMBL5867825_agonist_seed_42_sample_3_model.cif,0.48780834674835205,1.6575406789779663,1.1697323322296143,agonist,201
H3__rand150_RAND_CHEMBL5867825_agonist_seed_42_RAND_CHEMBL5867825_agonist_seed_42_sample_4_model,/home/lyceum/h3/out/rand150/RAND_CHEMBL5867825_agonist/seed_42/RAND_CHEMBL5867825_agonist_seed_42_sample_4_model.cif,0.4599437117576599,1.5728946924209595,1.1129509806632996,agonist,201
H3__rand150_RAND_CHEMBL5867825_agonist_seed_42_RAND_CHEMBL5867825_agonist_seed_42_sample_5_model,/home/lyceum/h3/out/rand150/RAND_CHEMBL5867825_agonist/seed_42/RAND_CHEMBL5867825_agonist_seed_42_sample_5_model.cif,0.476576030254364,1.2329161167144775,0.7563400864601135,agonist,201
H3__rand150_RAND_CHEMBL5875081_antagonist_seed_42_RAND_CHEMBL5875081_antagonist_seed_42_sample_1_model,/home/lyceum/h3/out/rand150/RAND_CHEMBL5875081_antagonist/seed_42/RAND_CHEMBL5875081_antagonist_seed_42_sample_1_model.cif,0.6211043000221252,0.33186790347099304,0.2892363965511322,antagonist,201
H3__rand150_RAND_CHEMBL5875081_antagonist_seed_42_RAND_CHEMBL5875081_antagonist_seed_42_sample_2_model,/home/lyceum/h3/out/rand150/RAND_CHEMBL5875081_antagonist/seed_42/RAND_CHEMBL5875081_antagonist_seed_42_sample_2_model.cif,0.31607019901275635,0.3437942564487457,0.02772405743598938,agonist,201
H3__rand150_RAND_CHEMBL5875081_antagonist_seed_42_RAND_CHEMBL5875081_antagonist_seed_42_sample_3_model,/home/lyceum/h3/out/rand150/RAND_CHEMBL5875081_antagonist/seed_42/RAND_CHEMBL5875081_antagonist_seed_42_sample_3_model.cif,0.37586793303489685,0.3545311391353607,0.021336793899536133,antagonist,201
H3__rand150_RAND_CHEMBL5875081_antagonist_seed_42_RAND_CHEMBL5875081_antagonist_seed_42_sample_4_model,/home/lyceum/h3/out/rand150/RAND_CHEMBL5875081_antagonist/seed_42/RAND_CHEMBL5875081_antagonist_seed_42_sample_4_model.cif,0.41887569427490234,0.34578776359558105,0.07308793067932129,antagonist,201
H3__rand150_RAND_CHEMBL5875081_antagonist_seed_42_RAND_CHEMBL5875081_antagonist_seed_42_sample_5_model,/home/lyceum/h3/out/rand150/RAND_CHEMBL5875081_antagonist/seed_42/RAND_CHEMBL5875081_antagonist_seed_42_sample_5_model.cif,0.308414101600647,0.41663336753845215,0.10821926593780518,agonist,201
H3__rand150_RAND_CHEMBL5875331_antagonist_seed_42_RAND_CHEMBL5875331_antagonist_seed_42_sample_1_model,/home/lyceum/h3/out/rand150/RAND_CHEMBL5875331_antagonist/seed_42/RAND_CHEMBL5875331_antagonist_seed_42_sample_1_model.cif,0.5663332939147949,1.0222128629684448,0.4558795690536499,agonist,201
H3__rand150_RAND_CHEMBL5875331_antagonist_seed_42_RAND_CHEMBL5875331_antagonist_seed_42_sample_2_model,/home/lyceum/h3/out/rand150/RAND_CHEMBL5875331_antagonist/seed_42/RAND_CHEMBL5875331_antagonist_seed_42_sample_2_model.cif,0.4037609398365021,1.0637332201004028,0.6599722802639008,agonist,201
H3__rand150_RAND_CHEMBL5875331_antagonist_seed_42_RAND_CHEMBL5875331_antagonist_seed_42_sample_3_model,/home/lyceum/h3/out/rand150/RAND_CHEMBL5875331_antagonist/seed_42/RAND_CHEMBL5875331_antagonist_seed_42_sample_3_model.cif,0.41019147634506226,0.3542119264602661,0.05597954988479614,antagonist,201
H3__rand150_RAND_CHEMBL5875331_antagonist_seed_42_RAND_CHEMBL5875331_antagonist_seed_42_sample_4_model,/home/lyceum/h3/out/rand150/RAND_CHEMBL5875331_antagonist/seed_42/RAND_CHEMBL5875331_antagonist_seed_42_sample_4_model.cif,0.41021329164505005,1.3459622859954834,0.9357489943504333,agonist,201
H3__rand150_RAND_CHEMBL5875331_antagonist_seed_42_RAND_CHEMBL5875331_antagonist_seed_42_sample_5_model,/home/lyceum/h3/out/rand150/RAND_CHEMBL5875331_antagonist/seed_42/RAND_CHEMBL5875331_antagonist_seed_42_sample_5_model.cif,0.30823561549186707,1.4131993055343628,1.1049636900424957,agonist,201
H3__rand150_RAND_CHEMBL5877834_antagonist_seed_42_RAND_CHEMBL5877834_antagonist_seed_42_sample_1_model,/home/lyceum/h3/out/rand150/RAND_CHEMBL5877834_antagonist/seed_42/RAND_CHEMBL5877834_antagonist_seed_42_sample_1_model.cif,0.6611254215240479,0.32260793447494507,0.3385174870491028,antagonist,201
H3__rand150_RAND_CHEMBL5877834_antagonist_seed_42_RAND_CHEMBL5877834_antagonist_seed_42_sample_2_model,/home/lyceum/h3/out/rand150/RAND_CHEMBL5877834_antagonist/seed_42/RAND_CHEMBL5877834_antagonist_seed_42_sample_2_model.cif,0.34196728467941284,0.3244319260120392,0.017535358667373657,antagonist,201
H3__rand150_RAND_CHEMBL5877834_antagonist_seed_42_RAND_CHEMBL5877834_antagonist_seed_42_sample_3_model,/home/lyceum/h3/out/rand150/RAND_CHEMBL5877834_antagonist/seed_42/RAND_CHEMBL5877834_antagonist_seed_42_sample_3_model.cif,0.4241628348827362,0.34522849321365356,0.07893434166908264,antagonist,201
H3__rand150_RAND_CHEMBL5877834_antagonist_seed_42_RAND_CHEMBL5877834_antagonist_seed_42_sample_4_model,/home/lyceum/h3/out/rand150/RAND_CHEMBL5877834_antagonist/seed_42/RAND_CHEMBL5877834_antagonist_seed_42_sample_4_model.cif,0.4769018590450287,0.3408740162849426,0.13602784276008606,antagonist,201
H3__rand150_RAND_CHEMBL5877834_antagonist_seed_42_RAND_CHEMBL5877834_antagonist_seed_42_sample_5_model,/home/lyceum/h3/out/rand150/RAND_CHEMBL5877834_antagonist/seed_42/RAND_CHEMBL5877834_antagonist_seed_42_sample_5_model.cif,2.181281805038452,1.4753658771514893,0.7059159278869629,antagonist,201
H3__rand150_RAND_CHEMBL5880263_antagonist_seed_42_RAND_CHEMBL5880263_antagonist_seed_42_sample_1_model,/home/lyceum/h3/out/rand150/RAND_CHEMBL5880263_antagonist/seed_42/RAND_CHEMBL5880263_antagonist_seed_42_sample_1_model.cif,3.391871452331543,1.6322734355926514,1.7595980167388916,antagonist,201
H3__rand150_RAND_CHEMBL5880263_antagonist_seed_42_RAND_CHEMBL5880263_antagonist_seed_42_sample_2_model,/home/lyceum/h3/out/rand150/RAND_CHEMBL5880263_antagonist/seed_42/RAND_CHEMBL5880263_antagonist_seed_42_sample_2_model.cif,7.480716705322266,1.5223156213760376,5.958401083946228,antagonist,201
H3__rand150_RAND_CHEMBL5880263_antagonist_seed_42_RAND_CHEMBL5880263_antagonist_seed_42_sample_3_model,/home/lyceum/h3/out/rand150/RAND_CHEMBL5880263_antagonist/seed_42/RAND_CHEMBL5880263_antagonist_seed_42_sample_3_model.cif,4.429202079772949,1.2358342409133911,3.193367838859558,antagonist,201
H3__rand150_RAND_CHEMBL5880263_antagonist_seed_42_RAND_CHEMBL5880263_antagonist_seed_42_sample_4_model,/home/lyceum/h3/out/rand150/RAND_CHEMBL5880263_antagonist/seed_42/RAND_CHEMBL5880263_antagonist_seed_42_sample_4_model.cif,4.878735542297363,1.3736668825149536,3.5050686597824097,antagonist,201
H3__rand150_RAND_CHEMBL5880263_antagonist_seed_42_RAND_CHEMBL5880263_antagonist_seed_42_sample_5_model,/home/lyceum/h3/out/rand150/RAND_CHEMBL5880263_antagonist/seed_42/RAND_CHEMBL5880263_antagonist_seed_42_sample_5_model.cif,4.77203893661499,1.4088566303253174,3.363182306289673,antagonist,201
H3__rand150_RAND_CHEMBL5880489_antagonist_seed_42_RAND_CHEMBL5880489_antagonist_seed_42_sample_1_model,/home/lyceum/h3/out/rand150/RAND_CHEMBL5880489_antagonist/seed_42/RAND_CHEMBL5880489_antagonist_seed_42_sample_1_model.cif,0.5642157793045044,1.1956729888916016,0.6314572095870972,agonist,201
H3__rand150_RAND_CHEMBL5880489_antagonist_seed_42_RAND_CHEMBL5880489_antagonist_seed_42_sample_2_model,/home/lyceum/h3/out/rand150/RAND_CHEMBL5880489_antagonist/seed_42/RAND_CHEMBL5880489_antagonist_seed_42_sample_2_model.cif,0.31977808475494385,0.32891952991485596,0.00914144515991211,agonist,201
H3__rand150_RAND_CHEMBL5880489_antagonist_seed_42_RAND_CHEMBL5880489_antagonist_seed_42_sample_3_model,/home/lyceum/h3/out/rand150/RAND_CHEMBL5880489_antagonist/seed_42/RAND_CHEMBL5880489_antagonist_seed_42_sample_3_model.cif,0.38663461804389954,0.33922550082206726,0.047409117221832275,antagonist,201
H3__rand150_RAND_CHEMBL5880489_antagonist_seed_42_RAND_CHEMBL5880489_antagonist_seed_42_sample_4_model,/home/lyceum/h3/out/rand150/RAND_CHEMBL5880489_antagonist/seed_42/RAND_CHEMBL5880489_antagonist_seed_42_sample_4_model.cif,0.4815472364425659,0.33162328600883484,0.14992395043373108,antagonist,201
H3__rand150_RAND_CHEMBL5880489_antagonist_seed_42_RAND_CHEMBL5880489_antagonist_seed_42_sample_5_model,/home/lyceum/h3/out/rand150/RAND_CHEMBL5880489_antagonist/seed_42/RAND_CHEMBL5880489_antagonist_seed_42_sample_5_model.cif,0.5646094083786011,1.3080114126205444,0.7434020042419434,agonist,201
H3__rand150_RAND_CHEMBL5890977_antagonist_seed_42_RAND_CHEMBL5890977_antagonist_seed_42_sample_1_model,/home/lyceum/h3/out/rand150/RAND_CHEMBL5890977_antagonist/seed_42/RAND_CHEMBL5890977_antagonist_seed_42_sample_1_model.cif,0.5542352199554443,1.2574336528778076,0.7031984329223633,agonist,201
H3__rand150_RAND_CHEMBL5890977_antagonist_seed_42_RAND_CHEMBL5890977_antagonist_seed_42_sample_2_model,/home/lyceum/h3/out/rand150/RAND_CHEMBL5890977_antagonist/seed_42/RAND_CHEMBL5890977_antagonist_seed_42_sample_2_model.cif,0.27709195017814636,0.34917864203453064,0.07208669185638428,agonist,201
H3__rand150_RAND_CHEMBL5890977_antagonist_seed_42_RAND_CHEMBL5890977_antagonist_seed_42_sample_3_model,/home/lyceum/h3/out/rand150/RAND_CHEMBL5890977_antagonist/seed_42/RAND_CHEMBL5890977_antagonist_seed_42_sample_3_model.cif,0.37176820635795593,0.3502972722053528,0.02147093415260315,antagonist,201
H3__rand150_RAND_CHEMBL5890977_antagonist_seed_42_RAND_CHEMBL5890977_antagonist_seed_42_sample_4_model,/home/lyceum/h3/out/rand150/RAND_CHEMBL5890977_antagonist/seed_42/RAND_CHEMBL5890977_antagonist_seed_42_sample_4_model.cif,0.41727402806282043,0.33580395579338074,0.0814700722694397,antagonist,201
H3__rand150_RAND_CHEMBL5890977_antagonist_seed_42_RAND_CHEMBL5890977_antagonist_seed_42_sample_5_model,/home/lyceum/h3/out/rand150/RAND_CHEMBL5890977_antagonist/seed_42/RAND_CHEMBL5890977_antagonist_seed_42_sample_5_model.cif,0.3756597340106964,1.2398563623428345,0.8641966283321381,agonist,201
H3__rand150_RAND_CHEMBL5892069_agonist_seed_42_RAND_CHEMBL5892069_agonist_seed_42_sample_1_model,/home/lyceum/h3/out/rand150/RAND_CHEMBL5892069_agonist/seed_42/RAND_CHEMBL5892069_agonist_seed_42_sample_1_model.cif,0.537466824054718,1.0142024755477905,0.4767356514930725,agonist,201
H3__rand150_RAND_CHEMBL5892069_agonist_seed_42_RAND_CHEMBL5892069_agonist_seed_42_sample_2_model,/home/lyceum/h3/out/rand150/RAND_CHEMBL5892069_agonist/seed_42/RAND_CHEMBL5892069_agonist_seed_42_sample_2_model.cif,0.39745989441871643,1.086071491241455,0.6886115968227386,agonist,201
H3__rand150_RAND_CHEMBL5892069_agonist_seed_42_RAND_CHEMBL5892069_agonist_seed_42_sample_3_model,/home/lyceum/h3/out/rand150/RAND_CHEMBL5892069_agonist/seed_42/RAND_CHEMBL5892069_agonist_seed_42_sample_3_model.cif,0.43906867504119873,1.2990105152130127,0.859941840171814,agonist,201
H3__rand150_RAND_CHEMBL5892069_agonist_seed_42_RAND_CHEMBL5892069_agonist_seed_42_sample_4_model,/home/lyceum/h3/out/rand150/RAND_CHEMBL5892069_agonist/seed_42/RAND_CHEMBL5892069_agonist_seed_42_sample_4_model.cif,0.5086211562156677,1.7039562463760376,1.1953350901603699,agonist,201
H3__rand150_RAND_CHEMBL5892069_agonist_seed_42_RAND_CHEMBL5892069_agonist_seed_42_sample_5_model,/home/lyceum/h3/out/rand150/RAND_CHEMBL5892069_agonist/seed_42/RAND_CHEMBL5892069_agonist_seed_42_sample_5_model.cif,0.5415156483650208,1.431822419166565,0.8903067708015442,agonist,201
H3__rand150_RAND_CHEMBL5897451_antagonist_seed_42_RAND_CHEMBL5897451_antagonist_seed_42_sample_1_model,/home/lyceum/h3/out/rand150/RAND_CHEMBL5897451_antagonist/seed_42/RAND_CHEMBL5897451_antagonist_seed_42_sample_1_model.cif,4.010715484619141,2.2797605991363525,1.730954885482788,antagonist,201
H3__rand150_RAND_CHEMBL5897451_antagonist_seed_42_RAND_CHEMBL5897451_antagonist_seed_42_sample_2_model,/home/lyceum/h3/out/rand150/RAND_CHEMBL5897451_antagonist/seed_42/RAND_CHEMBL5897451_antagonist_seed_42_sample_2_model.cif,3.9728806018829346,2.568641185760498,1.4042394161224365,antagonist,201
H3__rand150_RAND_CHEMBL5897451_antagonist_seed_42_RAND_CHEMBL5897451_antagonist_seed_42_sample_3_model,/home/lyceum/h3/out/rand150/RAND_CHEMBL5897451_antagonist/seed_42/RAND_CHEMBL5897451_antagonist_seed_42_sample_3_model.cif,3.926417350769043,1.8634699583053589,2.062947392463684,antagonist,201
H3__rand150_RAND_CHEMBL5897451_antagonist_seed_42_RAND_CHEMBL5897451_antagonist_seed_42_sample_4_model,/home/lyceum/h3/out/rand150/RAND_CHEMBL5897451_antagonist/seed_42/RAND_CHEMBL5897451_antagonist_seed_42_sample_4_model.cif,4.767041206359863,1.8942604064941406,2.8727807998657227,antagonist,201
H3__rand150_RAND_CHEMBL5897451_antagonist_seed_42_RAND_CHEMBL5897451_antagonist_seed_42_sample_5_model,/home/lyceum/h3/out/rand150/RAND_CHEMBL5897451_antagonist/seed_42/RAND_CHEMBL5897451_antagonist_seed_42_sample_5_model.cif,4.5714216232299805,1.7904365062713623,2.780985116958618,antagonist,201
H3__rand150_RAND_CHEMBL5898496_antagonist_seed_42_RAND_CHEMBL5898496_antagonist_seed_42_sample_1_model,/home/lyceum/h3/out/rand150/RAND_CHEMBL5898496_antagonist/seed_42/RAND_CHEMBL5898496_antagonist_seed_42_sample_1_model.cif,0.5185982584953308,1.2952020168304443,0.7766037583351135,agonist,201
H3__rand150_RAND_CHEMBL5898496_antagonist_seed_42_RAND_CHEMBL5898496_antagonist_seed_42_sample_2_model,/home/lyceum/h3/out/rand150/RAND_CHEMBL5898496_antagonist/seed_42/RAND_CHEMBL5898496_antagonist_seed_42_sample_2_model.cif,0.38944894075393677,1.4881616830825806,1.0987127423286438,agonist,201
H3__rand150_RAND_CHEMBL5898496_antagonist_seed_42_RAND_CHEMBL5898496_antagonist_seed_42_sample_3_model,/home/lyceum/h3/out/rand150/RAND_CHEMBL5898496_antagonist/seed_42/RAND_CHEMBL5898496_antagonist_seed_42_sample_3_model.cif,0.47075924277305603,1.327240228652954,0.8564809858798981,agonist,201
H3__rand150_RAND_CHEMBL5898496_antagonist_seed_42_RAND_CHEMBL5898496_antagonist_seed_42_sample_4_model,/home/lyceum/h3/out/rand150/RAND_CHEMBL5898496_antagonist/seed_42/RAND_CHEMBL5898496_antagonist_seed_42_sample_4_model.cif,0.39908865094184875,0.31832924485206604,0.08075940608978271,antagonist,201
H3__rand150_RAND_CHEMBL5898496_antagonist_seed_42_RAND_CHEMBL5898496_antagonist_seed_42_sample_5_model,/home/lyceum/h3/out/rand150/RAND_CHEMBL5898496_antagonist/seed_42/RAND_CHEMBL5898496_antagonist_seed_42_sample_5_model.cif,0.4439821243286133,1.2177231311798096,0.7737410068511963,agonist,201
H3__rand150_RAND_CHEMBL5902173_agonist_seed_42_RAND_CHEMBL5902173_agonist_seed_42_sample_1_model,/home/lyceum/h3/out/rand150/RAND_CHEMBL5902173_agonist/seed_42/RAND_CHEMBL5902173_agonist_seed_42_sample_1_model.cif,0.5064546465873718,1.3690998554229736,0.8626452088356018,agonist,201
H3__rand150_RAND_CHEMBL5902173_agonist_seed_42_RAND_CHEMBL5902173_agonist_seed_42_sample_2_model,/home/lyceum/h3/out/rand150/RAND_CHEMBL5902173_agonist/seed_42/RAND_CHEMBL5902173_agonist_seed_42_sample_2_model.cif,0.30294233560562134,1.6136680841445923,1.310725748538971,agonist,201
H3__rand150_RAND_CHEMBL5902173_agonist_seed_42_RAND_CHEMBL5902173_agonist_seed_42_sample_3_model,/home/lyceum/h3/out/rand150/RAND_CHEMBL5902173_agonist/seed_42/RAND_CHEMBL5902173_agonist_seed_42_sample_3_model.cif,0.5767804980278015,1.5310903787612915,0.95430988073349,agonist,201
H3__rand150_RAND_CHEMBL5902173_agonist_seed_42_RAND_CHEMBL5902173_agonist_seed_42_sample_4_model,/home/lyceum/h3/out/rand150/RAND_CHEMBL5902173_agonist/seed_42/RAND_CHEMBL5902173_agonist_seed_42_sample_4_model.cif,0.4336899518966675,1.144730806350708,0.7110408544540405,agonist,201
H3__rand150_RAND_CHEMBL5902173_agonist_seed_42_RAND_CHEMBL5902173_agonist_seed_42_sample_5_model,/home/lyceum/h3/out/rand150/RAND_CHEMBL5902173_agonist/seed_42/RAND_CHEMBL5902173_agonist_seed_42_sample_5_model.cif,0.3894589841365814,1.4845787286758423,1.0951197445392609,agonist,201
H3__rand150_RAND_CHEMBL5910914_antagonist_seed_42_RAND_CHEMBL5910914_antagonist_seed_42_sample_1_model,/home/lyceum/h3/out/rand150/RAND_CHEMBL5910914_antagonist/seed_42/RAND_CHEMBL5910914_antagonist_seed_42_sample_1_model.cif,0.657200813293457,0.31707021594047546,0.34013059735298157,antagonist,201
H3__rand150_RAND_CHEMBL5910914_antagonist_seed_42_RAND_CHEMBL5910914_antagonist_seed_42_sample_2_model,/home/lyceum/h3/out/rand150/RAND_CHEMBL5910914_antagonist/seed_42/RAND_CHEMBL5910914_antagonist_seed_42_sample_2_model.cif,0.33201056718826294,0.32302436232566833,0.008986204862594604,antagonist,201
H3__rand150_RAND_CHEMBL5910914_antagonist_seed_42_RAND_CHEMBL5910914_antagonist_seed_42_sample_3_model,/home/lyceum/h3/out/rand150/RAND_CHEMBL5910914_antagonist/seed_42/RAND_CHEMBL5910914_antagonist_seed_42_sample_3_model.cif,0.40661248564720154,0.3302534520626068,0.07635903358459473,antagonist,201
H3__rand150_RAND_CHEMBL5910914_antagonist_seed_42_RAND_CHEMBL5910914_antagonist_seed_42_sample_4_model,/home/lyceum/h3/out/rand150/RAND_CHEMBL5910914_antagonist/seed_42/RAND_CHEMBL5910914_antagonist_seed_42_sample_4_model.cif,0.5185770392417908,0.32703274488449097,0.1915442943572998,antagonist,201
H3__rand150_RAND_CHEMBL5910914_antagonist_seed_42_RAND_CHEMBL5910914_antagonist_seed_42_sample_5_model,/home/lyceum/h3/out/rand150/RAND_CHEMBL5910914_antagonist/seed_42/RAND_CHEMBL5910914_antagonist_seed_42_sample_5_model.cif,0.49656176567077637,1.3471676111221313,0.850605845451355,agonist,201
H3__rand150_RAND_CHEMBL5918239_agonist_seed_42_RAND_CHEMBL5918239_agonist_seed_42_sample_1_model,/home/lyceum/h3/out/rand150/RAND_CHEMBL5918239_agonist/seed_42/RAND_CHEMBL5918239_agonist_seed_42_sample_1_model.cif,0.5113846063613892,1.0362460613250732,0.5248614549636841,agonist,201
H3__rand150_RAND_CHEMBL5918239_agonist_seed_42_RAND_CHEMBL5918239_agonist_seed_42_sample_2_model,/home/lyceum/h3/out/rand150/RAND_CHEMBL5918239_agonist/seed_42/RAND_CHEMBL5918239_agonist_seed_42_sample_2_model.cif,,,,unscored,201
H3__rand150_RAND_CHEMBL5918239_agonist_seed_42_RAND_CHEMBL5918239_agonist_seed_42_sample_3_model,/home/lyceum/h3/out/rand150/RAND_CHEMBL5918239_agonist/seed_42/RAND_CHEMBL5918239_agonist_seed_42_sample_3_model.cif,0.4769919216632843,1.3300796747207642,0.8530877530574799,agonist,201
H3__rand150_RAND_CHEMBL5918239_agonist_seed_42_RAND_CHEMBL5918239_agonist_seed_42_sample_4_model,/home/lyceum/h3/out/rand150/RAND_CHEMBL5918239_agonist/seed_42/RAND_CHEMBL5918239_agonist_seed_42_sample_4_model.cif,0.45586273074150085,1.328377604484558,0.8725148737430573,agonist,201
H3__rand150_RAND_CHEMBL5918239_agonist_seed_42_RAND_CHEMBL5918239_agonist_seed_42_sample_5_model,/home/lyceum/h3/out/rand150/RAND_CHEMBL5918239_agonist/seed_42/RAND_CHEMBL5918239_agonist_seed_42_sample_5_model.cif,0.48380011320114136,1.4452309608459473,0.9614308476448059,agonist,201
H3__rand150_RAND_CHEMBL5920888_agonist_seed_42_RAND_CHEMBL5920888_agonist_seed_42_sample_1_model,/home/lyceum/h3/out/rand150/RAND_CHEMBL5920888_agonist/seed_42/RAND_CHEMBL5920888_agonist_seed_42_sample_1_model.cif,0.5157904624938965,1.0703998804092407,0.5546094179153442,agonist,201
H3__rand150_RAND_CHEMBL5920888_agonist_seed_42_RAND_CHEMBL5920888_agonist_seed_42_sample_2_model,/home/lyceum/h3/out/rand150/RAND_CHEMBL5920888_agonist/seed_42/RAND_CHEMBL5920888_agonist_seed_42_sample_2_model.cif,3.1518001556396484,1.3220429420471191,1.8297572135925293,antagonist,201
H3__rand150_RAND_CHEMBL5920888_agonist_seed_42_RAND_CHEMBL5920888_agonist_seed_42_sample_3_model,/home/lyceum/h3/out/rand150/RAND_CHEMBL5920888_agonist/seed_42/RAND_CHEMBL5920888_agonist_seed_42_sample_3_model.cif,0.3930171728134155,1.6265060901641846,1.233488917350769,agonist,201
H3__rand150_RAND_CHEMBL5920888_agonist_seed_42_RAND_CHEMBL5920888_agonist_seed_42_sample_4_model,/home/lyceum/h3/out/rand150/RAND_CHEMBL5920888_agonist/seed_42/RAND_CHEMBL5920888_agonist_seed_42_sample_4_model.cif,0.49426692724227905,1.0257195234298706,0.5314525961875916,agonist,201
H3__rand150_RAND_CHEMBL5920888_agonist_seed_42_RAND_CHEMBL5920888_agonist_seed_42_sample_5_model,/home/lyceum/h3/out/rand150/RAND_CHEMBL5920888_agonist/seed_42/RAND_CHEMBL5920888_agonist_seed_42_sample_5_model.cif,0.4755953252315521,1.1078487634658813,0.6322534382343292,agonist,201
H3__rand150_RAND_CHEMBL5940583_agonist_seed_42_RAND_CHEMBL5940583_agonist_seed_42_sample_1_model,/home/lyceum/h3/out/rand150/RAND_CHEMBL5940583_agonist/seed_42/RAND_CHEMBL5940583_agonist_seed_42_sample_1_model.cif,0.5564265251159668,1.3052072525024414,0.7487807273864746,agonist,201
H3__rand150_RAND_CHEMBL5940583_agonist_seed_42_RAND_CHEMBL5940583_agonist_seed_42_sample_2_model,/home/lyceum/h3/out/rand150/RAND_CHEMBL5940583_agonist/seed_42/RAND_CHEMBL5940583_agonist_seed_42_sample_2_model.cif,0.48695501685142517,1.462918758392334,0.9759637415409088,agonist,201
H3__rand150_RAND_CHEMBL5940583_agonist_seed_42_RAND_CHEMBL5940583_agonist_seed_42_sample_3_model,/home/lyceum/h3/out/rand150/RAND_CHEMBL5940583_agonist/seed_42/RAND_CHEMBL5940583_agonist_seed_42_sample_3_model.cif,0.4303310215473175,1.6136382818222046,1.183307260274887,agonist,201
H3__rand150_RAND_CHEMBL5940583_agonist_seed_42_RAND_CHEMBL5940583_agonist_seed_42_sample_4_model,/home/lyceum/h3/out/rand150/RAND_CHEMBL5940583_agonist/seed_42/RAND_CHEMBL5940583_agonist_seed_42_sample_4_model.cif,0.521481454372406,1.239201307296753,0.7177198529243469,agonist,201
H3__rand150_RAND_CHEMBL5940583_agonist_seed_42_RAND_CHEMBL5940583_agonist_seed_42_sample_5_model,/home/lyceum/h3/out/rand150/RAND_CHEMBL5940583_agonist/seed_42/RAND_CHEMBL5940583_agonist_seed_42_sample_5_model.cif,0.4723252058029175,1.2987947463989258,0.8264695405960083,agonist,201
H3__rand150_RAND_CHEMBL5943144_antagonist_seed_42_RAND_CHEMBL5943144_antagonist_seed_42_sample_1_model,/home/lyceum/h3/out/rand150/RAND_CHEMBL5943144_antagonist/seed_42/RAND_CHEMBL5943144_antagonist_seed_42_sample_1_model.cif,0.5806122422218323,1.1184723377227783,0.537860095500946,agonist,201
H3__rand150_RAND_CHEMBL5943144_antagonist_seed_42_RAND_CHEMBL5943144_antagonist_seed_42_sample_2_model,/home/lyceum/h3/out/rand150/RAND_CHEMBL5943144_antagonist/seed_42/RAND_CHEMBL5943144_antagonist_seed_42_sample_2_model.cif,0.25197702646255493,1.5355907678604126,1.2836137413978577,agonist,201
H3__rand150_RAND_CHEMBL5943144_antagonist_seed_42_RAND_CHEMBL5943144_antagonist_seed_42_sample_3_model,/home/lyceum/h3/out/rand150/RAND_CHEMBL5943144_antagonist/seed_42/RAND_CHEMBL5943144_antagonist_seed_42_sample_3_model.cif,0.30979642271995544,1.7422245740890503,1.4324281513690948,agonist,201
H3__rand150_RAND_CHEMBL5943144_antagonist_seed_42_RAND_CHEMBL5943144_antagonist_seed_42_sample_4_model,/home/lyceum/h3/out/rand150/RAND_CHEMBL5943144_antagonist/seed_42/RAND_CHEMBL5943144_antagonist_seed_42_sample_4_model.cif,0.46182793378829956,1.5459790229797363,1.0841510891914368,agonist,201
H3__rand150_RAND_CHEMBL5943144_antagonist_seed_42_RAND_CHEMBL5943144_antagonist_seed_42_sample_5_model,/home/lyceum/h3/out/rand150/RAND_CHEMBL5943144_antagonist/seed_42/RAND_CHEMBL5943144_antagonist_seed_42_sample_5_model.cif,0.4186379313468933,1.2267240285873413,0.808086097240448,agonist,201
H3__rand150_RAND_CHEMBL5943390_agonist_seed_42_RAND_CHEMBL5943390_agonist_seed_42_sample_1_model,/home/lyceum/h3/out/rand150/RAND_CHEMBL5943390_agonist/seed_42/RAND_CHEMBL5943390_agonist_seed_42_sample_1_model.cif,0.4920995235443115,1.0310922861099243,0.5389927625656128,agonist,201
H3__rand150_RAND_CHEMBL5943390_agonist_seed_42_RAND_CHEMBL5943390_agonist_seed_42_sample_2_model,/home/lyceum/h3/out/rand150/RAND_CHEMBL5943390_agonist/seed_42/RAND_CHEMBL5943390_agonist_seed_42_sample_2_model.cif,0.4539952278137207,1.319777250289917,0.8657820224761963,agonist,201
H3__rand150_RAND_CHEMBL5943390_agonist_seed_42_RAND_CHEMBL5943390_agonist_seed_42_sample_3_model,/home/lyceum/h3/out/rand150/RAND_CHEMBL5943390_agonist/seed_42/RAND_CHEMBL5943390_agonist_seed_42_sample_3_model.cif,0.4747578501701355,1.3467973470687866,0.8720394968986511,agonist,201
H3__rand150_RAND_CHEMBL5943390_agonist_seed_42_RAND_CHEMBL5943390_agonist_seed_42_sample_4_model,/home/lyceum/h3/out/rand150/RAND_CHEMBL5943390_agonist/seed_42/RAND_CHEMBL5943390_agonist_seed_42_sample_4_model.cif,0.40489646792411804,1.2178571224212646,0.8129606544971466,agonist,201
H3__rand150_RAND_CHEMBL5943390_agonist_seed_42_RAND_CHEMBL5943390_agonist_seed_42_sample_5_model,/home/lyceum/h3/out/rand150/RAND_CHEMBL5943390_agonist/seed_42/RAND_CHEMBL5943390_agonist_seed_42_sample_5_model.cif,0.4147719740867615,3.150519847869873,2.7357478737831116,agonist,201
H3__rand150_RAND_CHEMBL5944112_antagonist_seed_42_RAND_CHEMBL5944112_antagonist_seed_42_sample_1_model,/home/lyceum/h3/out/rand150/RAND_CHEMBL5944112_antagonist/seed_42/RAND_CHEMBL5944112_antagonist_seed_42_sample_1_model.cif,0.6317509412765503,0.32165247201919556,0.31009846925735474,antagonist,201
H3__rand150_RAND_CHEMBL5944112_antagonist_seed_42_RAND_CHEMBL5944112_antagonist_seed_42_sample_2_model,/home/lyceum/h3/out/rand150/RAND_CHEMBL5944112_antagonist/seed_42/RAND_CHEMBL5944112_antagonist_seed_42_sample_2_model.cif,0.39898020029067993,0.32350823283195496,0.07547196745872498,antagonist,201
H3__rand150_RAND_CHEMBL5944112_antagonist_seed_42_RAND_CHEMBL5944112_antagonist_seed_42_sample_3_model,/home/lyceum/h3/out/rand150/RAND_CHEMBL5944112_antagonist/seed_42/RAND_CHEMBL5944112_antagonist_seed_42_sample_3_model.cif,0.4193978011608124,0.348615825176239,0.07078197598457336,antagonist,201
H3__rand150_RAND_CHEMBL5944112_antagonist_seed_42_RAND_CHEMBL5944112_antagonist_seed_42_sample_4_model,/home/lyceum/h3/out/rand150/RAND_CHEMBL5944112_antagonist/seed_42/RAND_CHEMBL5944112_antagonist_seed_42_sample_4_model.cif,0.3809480667114258,0.33534732460975647,0.04560074210166931,antagonist,201
H3__rand150_RAND_CHEMBL5944112_antagonist_seed_42_RAND_CHEMBL5944112_antagonist_seed_42_sample_5_model,/home/lyceum/h3/out/rand150/RAND_CHEMBL5944112_antagonist/seed_42/RAND_CHEMBL5944112_antagonist_seed_42_sample_5_model.cif,3.098449468612671,1.1609885692596436,1.9374608993530273,antagonist,201
H3__rand150_RAND_CHEMBL5951176_agonist_seed_42_RAND_CHEMBL5951176_agonist_seed_42_sample_1_model,/home/lyceum/h3/out/rand150/RAND_CHEMBL5951176_agonist/seed_42/RAND_CHEMBL5951176_agonist_seed_42_sample_1_model.cif,0.5227397680282593,1.0356824398040771,0.5129426717758179,agonist,201
H3__rand150_RAND_CHEMBL5951176_agonist_seed_42_RAND_CHEMBL5951176_agonist_seed_42_sample_2_model,/home/lyceum/h3/out/rand150/RAND_CHEMBL5951176_agonist/seed_42/RAND_CHEMBL5951176_agonist_seed_42_sample_2_model.cif,2.2359070777893066,1.434538722038269,0.8013683557510376,antagonist,201
H3__rand150_RAND_CHEMBL5951176_agonist_seed_42_RAND_CHEMBL5951176_agonist_seed_42_sample_3_model,/home/lyceum/h3/out/rand150/RAND_CHEMBL5951176_agonist/seed_42/RAND_CHEMBL5951176_agonist_seed_42_sample_3_model.cif,0.3907066881656647,1.620051622390747,1.2293449342250824,agonist,201
H3__rand150_RAND_CHEMBL5951176_agonist_seed_42_RAND_CHEMBL5951176_agonist_seed_42_sample_4_model,/home/lyceum/h3/out/rand150/RAND_CHEMBL5951176_agonist/seed_42/RAND_CHEMBL5951176_agonist_seed_42_sample_4_model.cif,0.48636186122894287,1.8572994470596313,1.3709375858306885,agonist,201
H3__rand150_RAND_CHEMBL5951176_agonist_seed_42_RAND_CHEMBL5951176_agonist_seed_42_sample_5_model,/home/lyceum/h3/out/rand150/RAND_CHEMBL5951176_agonist/seed_42/RAND_CHEMBL5951176_agonist_seed_42_sample_5_model.cif,0.4677070379257202,1.0728232860565186,0.6051162481307983,agonist,201
H3__rand150_RAND_CHEMBL5953210_agonist_seed_42_RAND_CHEMBL5953210_agonist_seed_42_sample_1_model,/home/lyceum/h3/out/rand150/RAND_CHEMBL5953210_agonist/seed_42/RAND_CHEMBL5953210_agonist_seed_42_sample_1_model.cif,0.5400644540786743,1.2916581630706787,0.7515937089920044,agonist,201
H3__rand150_RAND_CHEMBL5953210_agonist_seed_42_RAND_CHEMBL5953210_agonist_seed_42_sample_2_model,/home/lyceum/h3/out/rand150/RAND_CHEMBL5953210_agonist/seed_42/RAND_CHEMBL5953210_agonist_seed_42_sample_2_model.cif,0.5449341535568237,1.4390124082565308,0.894078254699707,agonist,201
H3__rand150_RAND_CHEMBL5953210_agonist_seed_42_RAND_CHEMBL5953210_agonist_seed_42_sample_3_model,/home/lyceum/h3/out/rand150/RAND_CHEMBL5953210_agonist/seed_42/RAND_CHEMBL5953210_agonist_seed_42_sample_3_model.cif,0.3201780915260315,2.060602903366089,1.7404248118400574,agonist,201
H3__rand150_RAND_CHEMBL5953210_agonist_seed_42_RAND_CHEMBL5953210_agonist_seed_42_sample_4_model,/home/lyceum/h3/out/rand150/RAND_CHEMBL5953210_agonist/seed_42/RAND_CHEMBL5953210_agonist_seed_42_sample_4_model.cif,2.2118353843688965,1.4463287591934204,0.7655066251754761,antagonist,201
H3__rand150_RAND_CHEMBL5953210_agonist_seed_42_RAND_CHEMBL5953210_agonist_seed_42_sample_5_model,/home/lyceum/h3/out/rand150/RAND_CHEMBL5953210_agonist/seed_42/RAND_CHEMBL5953210_agonist_seed_42_sample_5_model.cif,0.45655369758605957,1.2503970861434937,0.7938433885574341,agonist,201
H3__rand150_RAND_CHEMBL5962887_antagonist_seed_42_RAND_CHEMBL5962887_antagonist_seed_42_sample_1_model,/home/lyceum/h3/out/rand150/RAND_CHEMBL5962887_antagonist/seed_42/RAND_CHEMBL5962887_antagonist_seed_42_sample_1_model.cif,0.4824995696544647,1.050917148590088,0.5684175789356232,agonist,201
H3__rand150_RAND_CHEMBL5962887_antagonist_seed_42_RAND_CHEMBL5962887_antagonist_seed_42_sample_2_model,/home/lyceum/h3/out/rand150/RAND_CHEMBL5962887_antagonist/seed_42/RAND_CHEMBL5962887_antagonist_seed_42_sample_2_model.cif,0.3462985157966614,1.4280390739440918,1.0817405581474304,agonist,201
H3__rand150_RAND_CHEMBL5962887_antagonist_seed_42_RAND_CHEMBL5962887_antagonist_seed_42_sample_3_model,/home/lyceum/h3/out/rand150/RAND_CHEMBL5962887_antagonist/seed_42/RAND_CHEMBL5962887_antagonist_seed_42_sample_3_model.cif,0.3096476197242737,1.2515050172805786,0.9418573975563049,agonist,201
H3__rand150_RAND_CHEMBL5962887_antagonist_seed_42_RAND_CHEMBL5962887_antagonist_seed_42_sample_4_model,/home/lyceum/h3/out/rand150/RAND_CHEMBL5962887_antagonist/seed_42/RAND_CHEMBL5962887_antagonist_seed_42_sample_4_model.cif,0.386184424161911,0.31905031204223633,0.06713411211967468,antagonist,201
H3__rand150_RAND_CHEMBL5962887_antagonist_seed_42_RAND_CHEMBL5962887_antagonist_seed_42_sample_5_model,/home/lyceum/h3/out/rand150/RAND_CHEMBL5962887_antagonist/seed_42/RAND_CHEMBL5962887_antagonist_seed_42_sample_5_model.cif,0.445230096578598,1.2970941066741943,0.8518640100955963,agonist,201
H3__rand150_RAND_CHEMBL5965241_antagonist_seed_42_RAND_CHEMBL5965241_antagonist_seed_42_sample_1_model,/home/lyceum/h3/out/rand150/RAND_CHEMBL5965241_antagonist/seed_42/RAND_CHEMBL5965241_antagonist_seed_42_sample_1_model.cif,0.6082399487495422,0.3320545256137848,0.27618542313575745,antagonist,201
H3__rand150_RAND_CHEMBL5965241_antagonist_seed_42_RAND_CHEMBL5965241_antagonist_seed_42_sample_2_model,/home/lyceum/h3/out/rand150/RAND_CHEMBL5965241_antagonist/seed_42/RAND_CHEMBL5965241_antagonist_seed_42_sample_2_model.cif,0.4641738533973694,1.3319032192230225,0.8677293658256531,agonist,201
H3__rand150_RAND_CHEMBL5965241_antagonist_seed_42_RAND_CHEMBL5965241_antagonist_seed_42_sample_3_model,/home/lyceum/h3/out/rand150/RAND_CHEMBL5965241_antagonist/seed_42/RAND_CHEMBL5965241_antagonist_seed_42_sample_3_model.cif,0.39750540256500244,0.3544448912143707,0.043060511350631714,antagonist,201
H3__rand150_RAND_CHEMBL5965241_antagonist_seed_42_RAND_CHEMBL5965241_antagonist_seed_42_sample_4_model,/home/lyceum/h3/out/rand150/RAND_CHEMBL5965241_antagonist/seed_42/RAND_CHEMBL5965241_antagonist_seed_42_sample_4_model.cif,0.34734439849853516,0.36435267329216003,0.017008274793624878,agonist,201
H3__rand150_RAND_CHEMBL5965241_antagonist_seed_42_RAND_CHEMBL5965241_antagonist_seed_42_sample_5_model,/home/lyceum/h3/out/rand150/RAND_CHEMBL5965241_antagonist/seed_42/RAND_CHEMBL5965241_antagonist_seed_42_sample_5_model.cif,0.35196635127067566,0.4035264253616333,0.05156007409095764,agonist,201
H3__rand150_RAND_CHEMBL5972735_antagonist_seed_42_RAND_CHEMBL5972735_antagonist_seed_42_sample_1_model,/home/lyceum/h3/out/rand150/RAND_CHEMBL5972735_antagonist/seed_42/RAND_CHEMBL5972735_antagonist_seed_42_sample_1_model.cif,0.5662670731544495,1.18172287940979,0.6154558062553406,agonist,201
H3__rand150_RAND_CHEMBL5972735_antagonist_seed_42_RAND_CHEMBL5972735_antagonist_seed_42_sample_2_model,/home/lyceum/h3/out/rand150/RAND_CHEMBL5972735_antagonist/seed_42/RAND_CHEMBL5972735_antagonist_seed_42_sample_2_model.cif,0.40504252910614014,0.33171018958091736,0.07333233952522278,antagonist,201
H3__rand150_RAND_CHEMBL5972735_antagonist_seed_42_RAND_CHEMBL5972735_antagonist_seed_42_sample_3_model,/home/lyceum/h3/out/rand150/RAND_CHEMBL5972735_antagonist/seed_42/RAND_CHEMBL5972735_antagonist_seed_42_sample_3_model.cif,0.4471994638442993,0.3487865924835205,0.09841287136077881,antagonist,201
H3__rand150_RAND_CHEMBL5972735_antagonist_seed_42_RAND_CHEMBL5972735_antagonist_seed_42_sample_4_model,/home/lyceum/h3/out/rand150/RAND_CHEMBL5972735_antagonist/seed_42/RAND_CHEMBL5972735_antagonist_seed_42_sample_4_model.cif,0.4147748649120331,0.32309862971305847,0.09167623519897461,antagonist,201
H3__rand150_RAND_CHEMBL5972735_antagonist_seed_42_RAND_CHEMBL5972735_antagonist_seed_42_sample_5_model,/home/lyceum/h3/out/rand150/RAND_CHEMBL5972735_antagonist/seed_42/RAND_CHEMBL5972735_antagonist_seed_42_sample_5_model.cif,0.4237936735153198,1.187746524810791,0.7639528512954712,agonist,201
H3__rand150_RAND_CHEMBL5974193_agonist_seed_42_RAND_CHEMBL5974193_agonist_seed_42_sample_1_model,/home/lyceum/h3/out/rand150/RAND_CHEMBL5974193_agonist/seed_42/RAND_CHEMBL5974193_agonist_seed_42_sample_1_model.cif,0.5296041369438171,1.0206323862075806,0.4910282492637634,agonist,201
H3__rand150_RAND_CHEMBL5974193_agonist_seed_42_RAND_CHEMBL5974193_agonist_seed_42_sample_2_model,/home/lyceum/h3/out/rand150/RAND_CHEMBL5974193_agonist/seed_42/RAND_CHEMBL5974193_agonist_seed_42_sample_2_model.cif,2.2397186756134033,1.3515619039535522,0.8881567716598511,antagonist,201
H3__rand150_RAND_CHEMBL5974193_agonist_seed_42_RAND_CHEMBL5974193_agonist_seed_42_sample_3_model,/home/lyceum/h3/out/rand150/RAND_CHEMBL5974193_agonist/seed_42/RAND_CHEMBL5974193_agonist_seed_42_sample_3_model.cif,0.4038848876953125,1.4828027486801147,1.0789178609848022,agonist,201
H3__rand150_RAND_CHEMBL5974193_agonist_seed_42_RAND_CHEMBL5974193_agonist_seed_42_sample_4_model,/home/lyceum/h3/out/rand150/RAND_CHEMBL5974193_agonist/seed_42/RAND_CHEMBL5974193_agonist_seed_42_sample_4_model.cif,0.5033838748931885,1.0176244974136353,0.5142406225204468,agonist,201
H3__rand150_RAND_CHEMBL5974193_agonist_seed_42_RAND_CHEMBL5974193_agonist_seed_42_sample_5_model,/home/lyceum/h3/out/rand150/RAND_CHEMBL5974193_agonist/seed_42/RAND_CHEMBL5974193_agonist_seed_42_sample_5_model.cif,0.482983261346817,1.0774123668670654,0.5944291055202484,agonist,201
H3__rand150_RAND_CHEMBL5984085_antagonist_seed_42_RAND_CHEMBL5984085_antagonist_seed_42_sample_1_model,/home/lyceum/h3/out/rand150/RAND_CHEMBL5984085_antagonist/seed_42/RAND_CHEMBL5984085_antagonist_seed_42_sample_1_model.cif,0.5338923931121826,1.2996364831924438,0.7657440900802612,agonist,201
H3__rand150_RAND_CHEMBL5984085_antagonist_seed_42_RAND_CHEMBL5984085_antagonist_seed_42_sample_2_model,/home/lyceum/h3/out/rand150/RAND_CHEMBL5984085_antagonist/seed_42/RAND_CHEMBL5984085_antagonist_seed_42_sample_2_model.cif,0.31635400652885437,0.3432995676994324,0.026945561170578003,agonist,201
H3__rand150_RAND_CHEMBL5984085_antagonist_seed_42_RAND_CHEMBL5984085_antagonist_seed_42_sample_3_model,/home/lyceum/h3/out/rand150/RAND_CHEMBL5984085_antagonist/seed_42/RAND_CHEMBL5984085_antagonist_seed_42_sample_3_model.cif,0.3864079713821411,0.3551292419433594,0.03127872943878174,antagonist,201
H3__rand150_RAND_CHEMBL5984085_antagonist_seed_42_RAND_CHEMBL5984085_antagonist_seed_42_sample_4_model,/home/lyceum/h3/out/rand150/RAND_CHEMBL5984085_antagonist/seed_42/RAND_CHEMBL5984085_antagonist_seed_42_sample_4_model.cif,0.3250800669193268,0.35033291578292847,0.025252848863601685,agonist,201
H3__rand150_RAND_CHEMBL5984085_antagonist_seed_42_RAND_CHEMBL5984085_antagonist_seed_42_sample_5_model,/home/lyceum/h3/out/rand150/RAND_CHEMBL5984085_antagonist/seed_42/RAND_CHEMBL5984085_antagonist_seed_42_sample_5_model.cif,2.299992561340332,0.8857775330543518,1.4142150282859802,antagonist,201
H3__rand150_RAND_CHEMBL5986130_agonist_seed_42_RAND_CHEMBL5986130_agonist_seed_42_sample_1_model,/home/lyceum/h3/out/rand150/RAND_CHEMBL5986130_agonist/seed_42/RAND_CHEMBL5986130_agonist_seed_42_sample_1_model.cif,0.5124655365943909,1.0406358242034912,0.5281702876091003,agonist,201
H3__rand150_RAND_CHEMBL5986130_agonist_seed_42_RAND_CHEMBL5986130_agonist_seed_42_sample_2_model,/home/lyceum/h3/out/rand150/RAND_CHEMBL5986130_agonist/seed_42/RAND_CHEMBL5986130_agonist_seed_42_sample_2_model.cif,5.317112445831299,1.3173415660858154,3.9997708797454834,antagonist,201
H3__rand150_RAND_CHEMBL5986130_agonist_seed_42_RAND_CHEMBL5986130_agonist_seed_42_sample_3_model,/home/lyceum/h3/out/rand150/RAND_CHEMBL5986130_agonist/seed_42/RAND_CHEMBL5986130_agonist_seed_42_sample_3_model.cif,0.5824565887451172,1.3349860906600952,0.752529501914978,agonist,201
H3__rand150_RAND_CHEMBL5986130_agonist_seed_42_RAND_CHEMBL5986130_agonist_seed_42_sample_4_model,/home/lyceum/h3/out/rand150/RAND_CHEMBL5986130_agonist/seed_42/RAND_CHEMBL5986130_agonist_seed_42_sample_4_model.cif,0.41859543323516846,1.1904867887496948,0.7718913555145264,agonist,201
H3__rand150_RAND_CHEMBL5986130_agonist_seed_42_RAND_CHEMBL5986130_agonist_seed_42_sample_5_model,/home/lyceum/h3/out/rand150/RAND_CHEMBL5986130_agonist/seed_42/RAND_CHEMBL5986130_agonist_seed_42_sample_5_model.cif,0.4187504053115845,3.1804006099700928,2.7616502046585083,agonist,201
H3__rand150_RAND_CHEMBL5990020_antagonist_seed_42_RAND_CHEMBL5990020_antagonist_seed_42_sample_1_model,/home/lyceum/h3/out/rand150/RAND_CHEMBL5990020_antagonist/seed_42/RAND_CHEMBL5990020_antagonist_seed_42_sample_1_model.cif,0.6104406714439392,0.3305394947528839,0.2799011766910553,antagonist,201
H3__rand150_RAND_CHEMBL5990020_antagonist_seed_42_RAND_CHEMBL5990020_antagonist_seed_42_sample_2_model,/home/lyceum/h3/out/rand150/RAND_CHEMBL5990020_antagonist/seed_42/RAND_CHEMBL5990020_antagonist_seed_42_sample_2_model.cif,0.3603745698928833,0.3405027389526367,0.019871830940246582,antagonist,201
H3__rand150_RAND_CHEMBL5990020_antagonist_seed_42_RAND_CHEMBL5990020_antagonist_seed_42_sample_3_model,/home/lyceum/h3/out/rand150/RAND_CHEMBL5990020_antagonist/seed_42/RAND_CHEMBL5990020_antagonist_seed_42_sample_3_model.cif,0.3165137469768524,0.35520607233047485,0.038692325353622437,agonist,201
H3__rand150_RAND_CHEMBL5990020_antagonist_seed_42_RAND_CHEMBL5990020_antagonist_seed_42_sample_4_model,/home/lyceum/h3/out/rand150/RAND_CHEMBL5990020_antagonist/seed_42/RAND_CHEMBL5990020_antagonist_seed_42_sample_4_model.cif,0.29034170508384705,0.3723050653934479,0.08196336030960083,agonist,201
H3__rand150_RAND_CHEMBL5990020_antagonist_seed_42_RAND_CHEMBL5990020_antagonist_seed_42_sample_5_model,/home/lyceum/h3/out/rand150/RAND_CHEMBL5990020_antagonist/seed_42/RAND_CHEMBL5990020_antagonist_seed_42_sample_5_model.cif,0.3515078127384186,0.3443901538848877,0.007117658853530884,antagonist,201
H3__rand150_RAND_CHEMBL5993128_agonist_seed_42_RAND_CHEMBL5993128_agonist_seed_42_sample_1_model,/home/lyceum/h3/out/rand150/RAND_CHEMBL5993128_agonist/seed_42/RAND_CHEMBL5993128_agonist_seed_42_sample_1_model.cif,0.5014528036117554,0.9907306432723999,0.48927783966064453,agonist,201
H3__rand150_RAND_CHEMBL5993128_agonist_seed_42_RAND_CHEMBL5993128_agonist_seed_42_sample_2_model,/home/lyceum/h3/out/rand150/RAND_CHEMBL5993128_agonist/seed_42/RAND_CHEMBL5993128_agonist_seed_42_sample_2_model.cif,0.49782148003578186,1.6537315845489502,1.1559101045131683,agonist,201
H3__rand150_RAND_CHEMBL5993128_agonist_seed_42_RAND_CHEMBL5993128_agonist_seed_42_sample_3_model,/home/lyceum/h3/out/rand150/RAND_CHEMBL5993128_agonist/seed_42/RAND_CHEMBL5993128_agonist_seed_42_sample_3_model.cif,0.46813589334487915,1.9871799945831299,1.5190441012382507,agonist,201
H3__rand150_RAND_CHEMBL5993128_agonist_seed_42_RAND_CHEMBL5993128_agonist_seed_42_sample_4_model,/home/lyceum/h3/out/rand150/RAND_CHEMBL5993128_agonist/seed_42/RAND_CHEMBL5993128_agonist_seed_42_sample_4_model.cif,0.5029552578926086,1.3092821836471558,0.8063269257545471,agonist,201
H3__rand150_RAND_CHEMBL5993128_agonist_seed_42_RAND_CHEMBL5993128_agonist_seed_42_sample_5_model,/home/lyceum/h3/out/rand150/RAND_CHEMBL5993128_agonist/seed_42/RAND_CHEMBL5993128_agonist_seed_42_sample_5_model.cif,0.4922610819339752,1.22126305103302,0.7290019690990448,agonist,201
H3__rand150_RAND_CHEMBL5998039_antagonist_seed_42_RAND_CHEMBL5998039_antagonist_seed_42_sample_1_model,/home/lyceum/h3/out/rand150/RAND_CHEMBL5998039_antagonist/seed_42/RAND_CHEMBL5998039_antagonist_seed_42_sample_1_model.cif,0.6734396815299988,1.2000213861465454,0.5265817046165466,agonist,201
H3__rand150_RAND_CHEMBL5998039_antagonist_seed_42_RAND_CHEMBL5998039_antagonist_seed_42_sample_2_model,/home/lyceum/h3/out/rand150/RAND_CHEMBL5998039_antagonist/seed_42/RAND_CHEMBL5998039_antagonist_seed_42_sample_2_model.cif,0.33129945397377014,0.34742113947868347,0.01612168550491333,agonist,201
H3__rand150_RAND_CHEMBL5998039_antagonist_seed_42_RAND_CHEMBL5998039_antagonist_seed_42_sample_3_model,/home/lyceum/h3/out/rand150/RAND_CHEMBL5998039_antagonist/seed_42/RAND_CHEMBL5998039_antagonist_seed_42_sample_3_model.cif,0.36292919516563416,0.35089975595474243,0.012029439210891724,antagonist,201
H3__rand150_RAND_CHEMBL5998039_antagonist_seed_42_RAND_CHEMBL5998039_antagonist_seed_42_sample_4_model,/home/lyceum/h3/out/rand150/RAND_CHEMBL5998039_antagonist/seed_42/RAND_CHEMBL5998039_antagonist_seed_42_sample_4_model.cif,0.40720242261886597,0.3430018723011017,0.06420055031776428,antagonist,201
H3__rand150_RAND_CHEMBL5998039_antagonist_seed_42_RAND_CHEMBL5998039_antagonist_seed_42_sample_5_model,/home/lyceum/h3/out/rand150/RAND_CHEMBL5998039_antagonist/seed_42/RAND_CHEMBL5998039_antagonist_seed_42_sample_5_model.cif,0.45821571350097656,1.0541950464248657,0.5959793329238892,agonist,201
H3__rand150_RAND_CHEMBL5998057_antagonist_seed_42_RAND_CHEMBL5998057_antagonist_seed_42_sample_1_model,/home/lyceum/h3/out/rand150/RAND_CHEMBL5998057_antagonist/seed_42/RAND_CHEMBL5998057_antagonist_seed_42_sample_1_model.cif,0.6195816397666931,1.1711546182632446,0.5515729784965515,agonist,201
H3__rand150_RAND_CHEMBL5998057_antagonist_seed_42_RAND_CHEMBL5998057_antagonist_seed_42_sample_2_model,/home/lyceum/h3/out/rand150/RAND_CHEMBL5998057_antagonist/seed_42/RAND_CHEMBL5998057_antagonist_seed_42_sample_2_model.cif,0.3321704864501953,0.32216134667396545,0.010009139776229858,antagonist,201
H3__rand150_RAND_CHEMBL5998057_antagonist_seed_42_RAND_CHEMBL5998057_antagonist_seed_42_sample_3_model,/home/lyceum/h3/out/rand150/RAND_CHEMBL5998057_antagonist/seed_42/RAND_CHEMBL5998057_antagonist_seed_42_sample_3_model.cif,0.38729432225227356,0.3398500084877014,0.047444313764572144,antagonist,201
H3__rand150_RAND_CHEMBL5998057_antagonist_seed_42_RAND_CHEMBL5998057_antagonist_seed_42_sample_4_model,/home/lyceum/h3/out/rand150/RAND_CHEMBL5998057_antagonist/seed_42/RAND_CHEMBL5998057_antagonist_seed_42_sample_4_model.cif,0.5025044083595276,0.32407617568969727,0.17842823266983032,antagonist,201
H3__rand150_RAND_CHEMBL5998057_antagonist_seed_42_RAND_CHEMBL5998057_antagonist_seed_42_sample_5_model,/home/lyceum/h3/out/rand150/RAND_CHEMBL5998057_antagonist/seed_42/RAND_CHEMBL5998057_antagonist_seed_42_sample_5_model.cif,0.5028879642486572,1.2823456525802612,0.779457688331604,agonist,201
H3__rand150_RAND_CHEMBL6001168_agonist_seed_42_RAND_CHEMBL6001168_agonist_seed_42_sample_1_model,/home/lyceum/h3/out/rand150/RAND_CHEMBL6001168_agonist/seed_42/RAND_CHEMBL6001168_agonist_seed_42_sample_1_model.cif,0.5053656101226807,1.0335848331451416,0.5282192230224609,agonist,201
H3__rand150_RAND_CHEMBL6001168_agonist_seed_42_RAND_CHEMBL6001168_agonist_seed_42_sample_2_model,/home/lyceum/h3/out/rand150/RAND_CHEMBL6001168_agonist/seed_42/RAND_CHEMBL6001168_agonist_seed_42_sample_2_model.cif,0.24958227574825287,1.5490549802780151,1.2994727045297623,agonist,201
H3__rand150_RAND_CHEMBL6001168_agonist_seed_42_RAND_CHEMBL6001168_agonist_seed_42_sample_3_model,/home/lyceum/h3/out/rand150/RAND_CHEMBL6001168_agonist/seed_42/RAND_CHEMBL6001168_agonist_seed_42_sample_3_model.cif,0.44397595524787903,1.6404448747634888,1.1964689195156097,agonist,201
H3__rand150_RAND_CHEMBL6001168_agonist_seed_42_RAND_CHEMBL6001168_agonist_seed_42_sample_4_model,/home/lyceum/h3/out/rand150/RAND_CHEMBL6001168_agonist/seed_42/RAND_CHEMBL6001168_agonist_seed_42_sample_4_model.cif,0.4450046718120575,1.4119614362716675,0.96695676445961,agonist,201
H3__rand150_RAND_CHEMBL6001168_agonist_seed_42_RAND_CHEMBL6001168_agonist_seed_42_sample_5_model,/home/lyceum/h3/out/rand150/RAND_CHEMBL6001168_agonist/seed_42/RAND_CHEMBL6001168_agonist_seed_42_sample_5_model.cif,0.5285782217979431,1.0463783740997314,0.5178001523017883,agonist,201
H3__rand150_RAND_CHEMBL6003966_antagonist_seed_42_RAND_CHEMBL6003966_antagonist_seed_42_sample_1_model,/home/lyceum/h3/out/rand150/RAND_CHEMBL6003966_antagonist/seed_42/RAND_CHEMBL6003966_antagonist_seed_42_sample_1_model.cif,0.6642292737960815,4.388939380645752,3.7247101068496704,agonist,201
H3__rand150_RAND_CHEMBL6003966_antagonist_seed_42_RAND_CHEMBL6003966_antagonist_seed_42_sample_2_model,/home/lyceum/h3/out/rand150/RAND_CHEMBL6003966_antagonist/seed_42/RAND_CHEMBL6003966_antagonist_seed_42_sample_2_model.cif,0.2828802168369293,0.33930835127830505,0.05642813444137573,agonist,201
H3__rand150_RAND_CHEMBL6003966_antagonist_seed_42_RAND_CHEMBL6003966_antagonist_seed_42_sample_3_model,/home/lyceum/h3/out/rand150/RAND_CHEMBL6003966_antagonist/seed_42/RAND_CHEMBL6003966_antagonist_seed_42_sample_3_model.cif,0.36481592059135437,0.353089839220047,0.011726081371307373,antagonist,201
H3__rand150_RAND_CHEMBL6003966_antagonist_seed_42_RAND_CHEMBL6003966_antagonist_seed_42_sample_4_model,/home/lyceum/h3/out/rand150/RAND_CHEMBL6003966_antagonist/seed_42/RAND_CHEMBL6003966_antagonist_seed_42_sample_4_model.cif,0.3985085189342499,0.3467385172843933,0.05177000164985657,antagonist,201
H3__rand150_RAND_CHEMBL6003966_antagonist_seed_42_RAND_CHEMBL6003966_antagonist_seed_42_sample_5_model,/home/lyceum/h3/out/rand150/RAND_CHEMBL6003966_antagonist/seed_42/RAND_CHEMBL6003966_antagonist_seed_42_sample_5_model.cif,0.4838429391384125,1.3797821998596191,0.8959392607212067,agonist,201
H3__rand150_RAND_CHEMBL6007121_antagonist_seed_42_RAND_CHEMBL6007121_antagonist_seed_42_sample_1_model,/home/lyceum/h3/out/rand150/RAND_CHEMBL6007121_antagonist/seed_42/RAND_CHEMBL6007121_antagonist_seed_42_sample_1_model.cif,3.4750864505767822,2.1401171684265137,1.3349692821502686,antagonist,201
H3__rand150_RAND_CHEMBL6007121_antagonist_seed_42_RAND_CHEMBL6007121_antagonist_seed_42_sample_2_model,/home/lyceum/h3/out/rand150/RAND_CHEMBL6007121_antagonist/seed_42/RAND_CHEMBL6007121_antagonist_seed_42_sample_2_model.cif,5.064887046813965,2.1206674575805664,2.9442195892333984,antagonist,201
H3__rand150_RAND_CHEMBL6007121_antagonist_seed_42_RAND_CHEMBL6007121_antagonist_seed_42_sample_3_model,/home/lyceum/h3/out/rand150/RAND_CHEMBL6007121_antagonist/seed_42/RAND_CHEMBL6007121_antagonist_seed_42_sample_3_model.cif,3.952019691467285,1.6224746704101562,2.329545021057129,antagonist,201
H3__rand150_RAND_CHEMBL6007121_antagonist_seed_42_RAND_CHEMBL6007121_antagonist_seed_42_sample_4_model,/home/lyceum/h3/out/rand150/RAND_CHEMBL6007121_antagonist/seed_42/RAND_CHEMBL6007121_antagonist_seed_42_sample_4_model.cif,4.260730743408203,1.8357031345367432,2.42502760887146,antagonist,201
H3__rand150_RAND_CHEMBL6007121_antagonist_seed_42_RAND_CHEMBL6007121_antagonist_seed_42_sample_5_model,/home/lyceum/h3/out/rand150/RAND_CHEMBL6007121_antagonist/seed_42/RAND_CHEMBL6007121_antagonist_seed_42_sample_5_model.cif,4.059148788452148,1.7621757984161377,2.2969729900360107,antagonist,201
H3__rand150_RAND_CHEMBL6011105_agonist_seed_42_RAND_CHEMBL6011105_agonist_seed_42_sample_1_model,/home/lyceum/h3/out/rand150/RAND_CHEMBL6011105_agonist/seed_42/RAND_CHEMBL6011105_agonist_seed_42_sample_1_model.cif,0.5159547328948975,1.0010886192321777,0.4851338863372803,agonist,201
H3__rand150_RAND_CHEMBL6011105_agonist_seed_42_RAND_CHEMBL6011105_agonist_seed_42_sample_2_model,/home/lyceum/h3/out/rand150/RAND_CHEMBL6011105_agonist/seed_42/RAND_CHEMBL6011105_agonist_seed_42_sample_2_model.cif,0.35290396213531494,1.1947025060653687,0.8417985439300537,agonist,201
H3__rand150_RAND_CHEMBL6011105_agonist_seed_42_RAND_CHEMBL6011105_agonist_seed_42_sample_3_model,/home/lyceum/h3/out/rand150/RAND_CHEMBL6011105_agonist/seed_42/RAND_CHEMBL6011105_agonist_seed_42_sample_3_model.cif,0.46973830461502075,1.4548494815826416,0.9851111769676208,agonist,201
H3__rand150_RAND_CHEMBL6011105_agonist_seed_42_RAND_CHEMBL6011105_agonist_seed_42_sample_4_model,/home/lyceum/h3/out/rand150/RAND_CHEMBL6011105_agonist/seed_42/RAND_CHEMBL6011105_agonist_seed_42_sample_4_model.cif,0.47868818044662476,1.118731141090393,0.6400429606437683,agonist,201
H3__rand150_RAND_CHEMBL6011105_agonist_seed_42_RAND_CHEMBL6011105_agonist_seed_42_sample_5_model,/home/lyceum/h3/out/rand150/RAND_CHEMBL6011105_agonist/seed_42/RAND_CHEMBL6011105_agonist_seed_42_sample_5_model.cif,0.4257304072380066,1.0528335571289062,0.6271031498908997,agonist,201
H3__rand150_RAND_CHEMBL6016295_agonist_seed_42_RAND_CHEMBL6016295_agonist_seed_42_sample_1_model,/home/lyceum/h3/out/rand150/RAND_CHEMBL6016295_agonist/seed_42/RAND_CHEMBL6016295_agonist_seed_42_sample_1_model.cif,0.5103509426116943,1.4108896255493164,0.9005386829376221,agonist,201
H3__rand150_RAND_CHEMBL6016295_agonist_seed_42_RAND_CHEMBL6016295_agonist_seed_42_sample_2_model,/home/lyceum/h3/out/rand150/RAND_CHEMBL6016295_agonist/seed_42/RAND_CHEMBL6016295_agonist_seed_42_sample_2_model.cif,0.40335869789123535,1.0599312782287598,0.6565725803375244,agonist,201
H3__rand150_RAND_CHEMBL6016295_agonist_seed_42_RAND_CHEMBL6016295_agonist_seed_42_sample_3_model,/home/lyceum/h3/out/rand150/RAND_CHEMBL6016295_agonist/seed_42/RAND_CHEMBL6016295_agonist_seed_42_sample_3_model.cif,0.42069733142852783,1.7357832193374634,1.3150858879089355,agonist,201
H3__rand150_RAND_CHEMBL6016295_agonist_seed_42_RAND_CHEMBL6016295_agonist_seed_42_sample_4_model,/home/lyceum/h3/out/rand150/RAND_CHEMBL6016295_agonist/seed_42/RAND_CHEMBL6016295_agonist_seed_42_sample_4_model.cif,0.4504881203174591,1.4703013896942139,1.0198132693767548,agonist,201
H3__rand150_RAND_CHEMBL6016295_agonist_seed_42_RAND_CHEMBL6016295_agonist_seed_42_sample_5_model,/home/lyceum/h3/out/rand150/RAND_CHEMBL6016295_agonist/seed_42/RAND_CHEMBL6016295_agonist_seed_42_sample_5_model.cif,0.28210633993148804,1.3340131044387817,1.0519067645072937,agonist,201
H3__rand150_RAND_CHEMBL6016819_agonist_seed_42_RAND_CHEMBL6016819_agonist_seed_42_sample_1_model,/home/lyceum/h3/out/rand150/RAND_CHEMBL6016819_agonist/seed_42/RAND_CHEMBL6016819_agonist_seed_42_sample_1_model.cif,0.5046917796134949,0.966431736946106,0.4617399573326111,agonist,201
H3__rand150_RAND_CHEMBL6016819_agonist_seed_42_RAND_CHEMBL6016819_agonist_seed_42_sample_2_model,/home/lyceum/h3/out/rand150/RAND_CHEMBL6016819_agonist/seed_42/RAND_CHEMBL6016819_agonist_seed_42_sample_2_model.cif,0.2941249907016754,1.4193881750106812,1.1252631843090057,agonist,201
H3__rand150_RAND_CHEMBL6016819_agonist_seed_42_RAND_CHEMBL6016819_agonist_seed_42_sample_3_model,/home/lyceum/h3/out/rand150/RAND_CHEMBL6016819_agonist/seed_42/RAND_CHEMBL6016819_agonist_seed_42_sample_3_model.cif,0.324906587600708,1.7565617561340332,1.4316551685333252,agonist,201
H3__rand150_RAND_CHEMBL6016819_agonist_seed_42_RAND_CHEMBL6016819_agonist_seed_42_sample_4_model,/home/lyceum/h3/out/rand150/RAND_CHEMBL6016819_agonist/seed_42/RAND_CHEMBL6016819_agonist_seed_42_sample_4_model.cif,0.48447269201278687,1.439221739768982,0.9547490477561951,agonist,201
H3__rand150_RAND_CHEMBL6016819_agonist_seed_42_RAND_CHEMBL6016819_agonist_seed_42_sample_5_model,/home/lyceum/h3/out/rand150/RAND_CHEMBL6016819_agonist/seed_42/RAND_CHEMBL6016819_agonist_seed_42_sample_5_model.cif,0.30630233883857727,1.0814200639724731,0.7751177251338959,agonist,201
H3__rand150_RAND_CHEMBL6023400_agonist_seed_42_RAND_CHEMBL6023400_agonist_seed_42_sample_1_model,/home/lyceum/h3/out/rand150/RAND_CHEMBL6023400_agonist/seed_42/RAND_CHEMBL6023400_agonist_seed_42_sample_1_model.cif,0.49087926745414734,0.9824531674385071,0.49157389998435974,agonist,201
H3__rand150_RAND_CHEMBL6023400_agonist_seed_42_RAND_CHEMBL6023400_agonist_seed_42_sample_2_model,/home/lyceum/h3/out/rand150/RAND_CHEMBL6023400_agonist/seed_42/RAND_CHEMBL6023400_agonist_seed_42_sample_2_model.cif,0.23972739279270172,1.335206389427185,1.0954789966344833,agonist,201
H3__rand150_RAND_CHEMBL6023400_agonist_seed_42_RAND_CHEMBL6023400_agonist_seed_42_sample_3_model,/home/lyceum/h3/out/rand150/RAND_CHEMBL6023400_agonist/seed_42/RAND_CHEMBL6023400_agonist_seed_42_sample_3_model.cif,0.3947213590145111,1.4454238414764404,1.0507024824619293,agonist,201
H3__rand150_RAND_CHEMBL6023400_agonist_seed_42_RAND_CHEMBL6023400_agonist_seed_42_sample_4_model,/home/lyceum/h3/out/rand150/RAND_CHEMBL6023400_agonist/seed_42/RAND_CHEMBL6023400_agonist_seed_42_sample_4_model.cif,0.465834379196167,1.0817553997039795,0.6159210205078125,agonist,201
H3__rand150_RAND_CHEMBL6023400_agonist_seed_42_RAND_CHEMBL6023400_agonist_seed_42_sample_5_model,/home/lyceum/h3/out/rand150/RAND_CHEMBL6023400_agonist/seed_42/RAND_CHEMBL6023400_agonist_seed_42_sample_5_model.cif,0.46955931186676025,1.0902669429779053,0.620707631111145,agonist,201
H3__rand150_RAND_CHEMBL6023459_agonist_seed_42_RAND_CHEMBL6023459_agonist_seed_42_sample_1_model,/home/lyceum/h3/out/rand150/RAND_CHEMBL6023459_agonist/seed_42/RAND_CHEMBL6023459_agonist_seed_42_sample_1_model.cif,0.518367350101471,1.290981411933899,0.772614061832428,agonist,201
H3__rand150_RAND_CHEMBL6023459_agonist_seed_42_RAND_CHEMBL6023459_agonist_seed_42_sample_2_model,/home/lyceum/h3/out/rand150/RAND_CHEMBL6023459_agonist/seed_42/RAND_CHEMBL6023459_agonist_seed_42_sample_2_model.cif,0.3189222514629364,1.8334375619888306,1.5145153105258942,agonist,201
H3__rand150_RAND_CHEMBL6023459_agonist_seed_42_RAND_CHEMBL6023459_agonist_seed_42_sample_3_model,/home/lyceum/h3/out/rand150/RAND_CHEMBL6023459_agonist/seed_42/RAND_CHEMBL6023459_agonist_seed_42_sample_3_model.cif,0.3485044240951538,1.9486967325210571,1.6001923084259033,agonist,201
H3__rand150_RAND_CHEMBL6023459_agonist_seed_42_RAND_CHEMBL6023459_agonist_seed_42_sample_4_model,/home/lyceum/h3/out/rand150/RAND_CHEMBL6023459_agonist/seed_42/RAND_CHEMBL6023459_agonist_seed_42_sample_4_model.cif,0.475458025932312,1.2970921993255615,0.8216341733932495,agonist,201
H3__rand150_RAND_CHEMBL6023459_agonist_seed_42_RAND_CHEMBL6023459_agonist_seed_42_sample_5_model,/home/lyceum/h3/out/rand150/RAND_CHEMBL6023459_agonist/seed_42/RAND_CHEMBL6023459_agonist_seed_42_sample_5_model.cif,0.44997966289520264,1.1526565551757812,0.7026768922805786,agonist,201
H3__rand150_RAND_CHEMBL6028453_antagonist_seed_42_RAND_CHEMBL6028453_antagonist_seed_42_sample_1_model,/home/lyceum/h3/out/rand150/RAND_CHEMBL6028453_antagonist/seed_42/RAND_CHEMBL6028453_antagonist_seed_42_sample_1_model.cif,0.624052882194519,0.33615967631340027,0.2878932058811188,antagonist,201
H3__rand150_RAND_CHEMBL6028453_antagonist_seed_42_RAND_CHEMBL6028453_antagonist_seed_42_sample_2_model,/home/lyceum/h3/out/rand150/RAND_CHEMBL6028453_antagonist/seed_42/RAND_CHEMBL6028453_antagonist_seed_42_sample_2_model.cif,0.3212704658508301,0.34144434332847595,0.020173877477645874,agonist,201
H3__rand150_RAND_CHEMBL6028453_antagonist_seed_42_RAND_CHEMBL6028453_antagonist_seed_42_sample_3_model,/home/lyceum/h3/out/rand150/RAND_CHEMBL6028453_antagonist/seed_42/RAND_CHEMBL6028453_antagonist_seed_42_sample_3_model.cif,0.3730390667915344,0.35047534108161926,0.02256372570991516,antagonist,201
H3__rand150_RAND_CHEMBL6028453_antagonist_seed_42_RAND_CHEMBL6028453_antagonist_seed_42_sample_4_model,/home/lyceum/h3/out/rand150/RAND_CHEMBL6028453_antagonist/seed_42/RAND_CHEMBL6028453_antagonist_seed_42_sample_4_model.cif,0.4335719048976898,0.35084643959999084,0.08272546529769897,antagonist,201
H3__rand150_RAND_CHEMBL6028453_antagonist_seed_42_RAND_CHEMBL6028453_antagonist_seed_42_sample_5_model,/home/lyceum/h3/out/rand150/RAND_CHEMBL6028453_antagonist/seed_42/RAND_CHEMBL6028453_antagonist_seed_42_sample_5_model.cif,0.31059086322784424,0.3459143340587616,0.03532347083091736,agonist,201
H3__rand150_RAND_CHEMBL6031221_antagonist_seed_42_RAND_CHEMBL6031221_antagonist_seed_42_sample_1_model,/home/lyceum/h3/out/rand150/RAND_CHEMBL6031221_antagonist/seed_42/RAND_CHEMBL6031221_antagonist_seed_42_sample_1_model.cif,0.5438748598098755,1.1939697265625,0.6500948667526245,agonist,201
H3__rand150_RAND_CHEMBL6031221_antagonist_seed_42_RAND_CHEMBL6031221_antagonist_seed_42_sample_2_model,/home/lyceum/h3/out/rand150/RAND_CHEMBL6031221_antagonist/seed_42/RAND_CHEMBL6031221_antagonist_seed_42_sample_2_model.cif,0.331861287355423,0.3300953507423401,0.0017659366130828857,antagonist,201
H3__rand150_RAND_CHEMBL6031221_antagonist_seed_42_RAND_CHEMBL6031221_antagonist_seed_42_sample_3_model,/home/lyceum/h3/out/rand150/RAND_CHEMBL6031221_antagonist/seed_42/RAND_CHEMBL6031221_antagonist_seed_42_sample_3_model.cif,0.39317503571510315,0.34570255875587463,0.047472476959228516,antagonist,201
H3__rand150_RAND_CHEMBL6031221_antagonist_seed_42_RAND_CHEMBL6031221_antagonist_seed_42_sample_4_model,/home/lyceum/h3/out/rand150/RAND_CHEMBL6031221_antagonist/seed_42/RAND_CHEMBL6031221_antagonist_seed_42_sample_4_model.cif,0.49233412742614746,0.33125951886177063,0.16107460856437683,antagonist,201
H3__rand150_RAND_CHEMBL6031221_antagonist_seed_42_RAND_CHEMBL6031221_antagonist_seed_42_sample_5_model,/home/lyceum/h3/out/rand150/RAND_CHEMBL6031221_antagonist/seed_42/RAND_CHEMBL6031221_antagonist_seed_42_sample_5_model.cif,0.5143854022026062,1.348649263381958,0.8342638611793518,agonist,201
H3__rand150_RAND_CHEMBL6034054_antagonist_seed_42_RAND_CHEMBL6034054_antagonist_seed_42_sample_1_model,/home/lyceum/h3/out/rand150/RAND_CHEMBL6034054_antagonist/seed_42/RAND_CHEMBL6034054_antagonist_seed_42_sample_1_model.cif,0.6180357336997986,0.3332578241825104,0.2847779095172882,antagonist,201
H3__rand150_RAND_CHEMBL6034054_antagonist_seed_42_RAND_CHEMBL6034054_antagonist_seed_42_sample_2_model,/home/lyceum/h3/out/rand150/RAND_CHEMBL6034054_antagonist/seed_42/RAND_CHEMBL6034054_antagonist_seed_42_sample_2_model.cif,0.3444763422012329,1.3618595600128174,1.0173832178115845,agonist,201
H3__rand150_RAND_CHEMBL6034054_antagonist_seed_42_RAND_CHEMBL6034054_antagonist_seed_42_sample_3_model,/home/lyceum/h3/out/rand150/RAND_CHEMBL6034054_antagonist/seed_42/RAND_CHEMBL6034054_antagonist_seed_42_sample_3_model.cif,0.3670583963394165,0.36439985036849976,0.002658545970916748,antagonist,201
H3__rand150_RAND_CHEMBL6034054_antagonist_seed_42_RAND_CHEMBL6034054_antagonist_seed_42_sample_4_model,/home/lyceum/h3/out/rand150/RAND_CHEMBL6034054_antagonist/seed_42/RAND_CHEMBL6034054_antagonist_seed_42_sample_4_model.cif,0.3380040228366852,0.3648550808429718,0.02685105800628662,agonist,201
H3__rand150_RAND_CHEMBL6034054_antagonist_seed_42_RAND_CHEMBL6034054_antagonist_seed_42_sample_5_model,/home/lyceum/h3/out/rand150/RAND_CHEMBL6034054_antagonist/seed_42/RAND_CHEMBL6034054_antagonist_seed_42_sample_5_model.cif,0.3579002618789673,0.33476996421813965,0.023130297660827637,antagonist,201
H3__rand150_RAND_CHEMBL6052651_antagonist_seed_42_RAND_CHEMBL6052651_antagonist_seed_42_sample_1_model,/home/lyceum/h3/out/rand150/RAND_CHEMBL6052651_antagonist/seed_42/RAND_CHEMBL6052651_antagonist_seed_42_sample_1_model.cif,0.5880746245384216,0.33643555641174316,0.25163906812667847,antagonist,201
H3__rand150_RAND_CHEMBL6052651_antagonist_seed_42_RAND_CHEMBL6052651_antagonist_seed_42_sample_2_model,/home/lyceum/h3/out/rand150/RAND_CHEMBL6052651_antagonist/seed_42/RAND_CHEMBL6052651_antagonist_seed_42_sample_2_model.cif,0.4096146523952484,0.3410712480545044,0.06854340434074402,antagonist,201
H3__rand150_RAND_CHEMBL6052651_antagonist_seed_42_RAND_CHEMBL6052651_antagonist_seed_42_sample_3_model,/home/lyceum/h3/out/rand150/RAND_CHEMBL6052651_antagonist/seed_42/RAND_CHEMBL6052651_antagonist_seed_42_sample_3_model.cif,0.3579293191432953,0.34285789728164673,0.01507142186164856,antagonist,201
H3__rand150_RAND_CHEMBL6052651_antagonist_seed_42_RAND_CHEMBL6052651_antagonist_seed_42_sample_4_model,/home/lyceum/h3/out/rand150/RAND_CHEMBL6052651_antagonist/seed_42/RAND_CHEMBL6052651_antagonist_seed_42_sample_4_model.cif,0.45045366883277893,4.51711368560791,4.066660016775131,agonist,201
H3__rand150_RAND_CHEMBL6052651_antagonist_seed_42_RAND_CHEMBL6052651_antagonist_seed_42_sample_5_model,/home/lyceum/h3/out/rand150/RAND_CHEMBL6052651_antagonist/seed_42/RAND_CHEMBL6052651_antagonist_seed_42_sample_5_model.cif,0.3585972785949707,1.5454782247543335,1.1868809461593628,agonist,201
H3__rand150_RAND_CHEMBL6053001_antagonist_seed_42_RAND_CHEMBL6053001_antagonist_seed_42_sample_1_model,/home/lyceum/h3/out/rand150/RAND_CHEMBL6053001_antagonist/seed_42/RAND_CHEMBL6053001_antagonist_seed_42_sample_1_model.cif,0.5695098042488098,1.1973967552185059,0.627886950969696,agonist,201
H3__rand150_RAND_CHEMBL6053001_antagonist_seed_42_RAND_CHEMBL6053001_antagonist_seed_42_sample_2_model,/home/lyceum/h3/out/rand150/RAND_CHEMBL6053001_antagonist/seed_42/RAND_CHEMBL6053001_antagonist_seed_42_sample_2_model.cif,0.36782407760620117,0.32290586829185486,0.044918209314346313,antagonist,201
H3__rand150_RAND_CHEMBL6053001_antagonist_seed_42_RAND_CHEMBL6053001_antagonist_seed_42_sample_3_model,/home/lyceum/h3/out/rand150/RAND_CHEMBL6053001_antagonist/seed_42/RAND_CHEMBL6053001_antagonist_seed_42_sample_3_model.cif,0.44090506434440613,0.3414713740348816,0.09943369030952454,antagonist,201
H3__rand150_RAND_CHEMBL6053001_antagonist_seed_42_RAND_CHEMBL6053001_antagonist_seed_42_sample_4_model,/home/lyceum/h3/out/rand150/RAND_CHEMBL6053001_antagonist/seed_42/RAND_CHEMBL6053001_antagonist_seed_42_sample_4_model.cif,0.3997028172016144,0.3242310583591461,0.07547175884246826,antagonist,201
H3__rand150_RAND_CHEMBL6053001_antagonist_seed_42_RAND_CHEMBL6053001_antagonist_seed_42_sample_5_model,/home/lyceum/h3/out/rand150/RAND_CHEMBL6053001_antagonist/seed_42/RAND_CHEMBL6053001_antagonist_seed_42_sample_5_model.cif,0.27512550354003906,0.3388853669166565,0.06375986337661743,agonist,201
H3__rand150_RAND_CHEMBL6055423_agonist_seed_42_RAND_CHEMBL6055423_agonist_seed_42_sample_1_model,/home/lyceum/h3/out/rand150/RAND_CHEMBL6055423_agonist/seed_42/RAND_CHEMBL6055423_agonist_seed_42_sample_1_model.cif,0.5038530826568604,1.085288643836975,0.5814355611801147,agonist,201
H3__rand150_RAND_CHEMBL6055423_agonist_seed_42_RAND_CHEMBL6055423_agonist_seed_42_sample_2_model,/home/lyceum/h3/out/rand150/RAND_CHEMBL6055423_agonist/seed_42/RAND_CHEMBL6055423_agonist_seed_42_sample_2_model.cif,0.42139965295791626,1.3235881328582764,0.9021884799003601,agonist,201
H3__rand150_RAND_CHEMBL6055423_agonist_seed_42_RAND_CHEMBL6055423_agonist_seed_42_sample_3_model,/home/lyceum/h3/out/rand150/RAND_CHEMBL6055423_agonist/seed_42/RAND_CHEMBL6055423_agonist_seed_42_sample_3_model.cif,0.4746001362800598,1.4746180772781372,1.0000179409980774,agonist,201
H3__rand150_RAND_CHEMBL6055423_agonist_seed_42_RAND_CHEMBL6055423_agonist_seed_42_sample_4_model,/home/lyceum/h3/out/rand150/RAND_CHEMBL6055423_agonist/seed_42/RAND_CHEMBL6055423_agonist_seed_42_sample_4_model.cif,0.3694501221179962,1.184150218963623,0.8147000968456268,agonist,201
H3__rand150_RAND_CHEMBL6055423_agonist_seed_42_RAND_CHEMBL6055423_agonist_seed_42_sample_5_model,/home/lyceum/h3/out/rand150/RAND_CHEMBL6055423_agonist/seed_42/RAND_CHEMBL6055423_agonist_seed_42_sample_5_model.cif,0.42192453145980835,1.4968018531799316,1.0748773217201233,agonist,201
H3__rand150_RAND_CHEMBL6060615_antagonist_seed_42_RAND_CHEMBL6060615_antagonist_seed_42_sample_1_model,/home/lyceum/h3/out/rand150/RAND_CHEMBL6060615_antagonist/seed_42/RAND_CHEMBL6060615_antagonist_seed_42_sample_1_model.cif,0.6291477084159851,0.3204765319824219,0.30867117643356323,antagonist,201
H3__rand150_RAND_CHEMBL6060615_antagonist_seed_42_RAND_CHEMBL6060615_antagonist_seed_42_sample_2_model,/home/lyceum/h3/out/rand150/RAND_CHEMBL6060615_antagonist/seed_42/RAND_CHEMBL6060615_antagonist_seed_42_sample_2_model.cif,0.2927719056606293,0.34920400381088257,0.056432098150253296,agonist,201
H3__rand150_RAND_CHEMBL6060615_antagonist_seed_42_RAND_CHEMBL6060615_antagonist_seed_42_sample_3_model,/home/lyceum/h3/out/rand150/RAND_CHEMBL6060615_antagonist/seed_42/RAND_CHEMBL6060615_antagonist_seed_42_sample_3_model.cif,0.3712911605834961,0.3406817317008972,0.030609428882598877,antagonist,201
H3__rand150_RAND_CHEMBL6060615_antagonist_seed_42_RAND_CHEMBL6060615_antagonist_seed_42_sample_4_model,/home/lyceum/h3/out/rand150/RAND_CHEMBL6060615_antagonist/seed_42/RAND_CHEMBL6060615_antagonist_seed_42_sample_4_model.cif,0.4193604588508606,0.32198366522789,0.09737679362297058,antagonist,201
H3__rand150_RAND_CHEMBL6060615_antagonist_seed_42_RAND_CHEMBL6060615_antagonist_seed_42_sample_5_model,/home/lyceum/h3/out/rand150/RAND_CHEMBL6060615_antagonist/seed_42/RAND_CHEMBL6060615_antagonist_seed_42_sample_5_model.cif,0.3189147114753723,0.32907670736312866,0.010161995887756348,agonist,201
H3__rand150_RAND_CHEMBL6063063_antagonist_seed_42_RAND_CHEMBL6063063_antagonist_seed_42_sample_1_model,/home/lyceum/h3/out/rand150/RAND_CHEMBL6063063_antagonist/seed_42/RAND_CHEMBL6063063_antagonist_seed_42_sample_1_model.cif,0.5985301733016968,0.32664552330970764,0.27188464999198914,antagonist,201
H3__rand150_RAND_CHEMBL6063063_antagonist_seed_42_RAND_CHEMBL6063063_antagonist_seed_42_sample_2_model,/home/lyceum/h3/out/rand150/RAND_CHEMBL6063063_antagonist/seed_42/RAND_CHEMBL6063063_antagonist_seed_42_sample_2_model.cif,0.31894299387931824,0.3342978060245514,0.015354812145233154,agonist,201
H3__rand150_RAND_CHEMBL6063063_antagonist_seed_42_RAND_CHEMBL6063063_antagonist_seed_42_sample_3_model,/home/lyceum/h3/out/rand150/RAND_CHEMBL6063063_antagonist/seed_42/RAND_CHEMBL6063063_antagonist_seed_42_sample_3_model.cif,0.379679799079895,0.3505357801914215,0.02914401888847351,antagonist,201
H3__rand150_RAND_CHEMBL6063063_antagonist_seed_42_RAND_CHEMBL6063063_antagonist_seed_42_sample_4_model,/home/lyceum/h3/out/rand150/RAND_CHEMBL6063063_antagonist/seed_42/RAND_CHEMBL6063063_antagonist_seed_42_sample_4_model.cif,0.45411670207977295,0.3351221978664398,0.11899450421333313,antagonist,201
H3__rand150_RAND_CHEMBL6063063_antagonist_seed_42_RAND_CHEMBL6063063_antagonist_seed_42_sample_5_model,/home/lyceum/h3/out/rand150/RAND_CHEMBL6063063_antagonist/seed_42/RAND_CHEMBL6063063_antagonist_seed_42_sample_5_model.cif,0.5033748745918274,1.2454460859298706,0.7420712113380432,agonist,201
H3__rand150_RAND_CHEMBL6063921_agonist_seed_42_RAND_CHEMBL6063921_agonist_seed_42_sample_1_model,/home/lyceum/h3/out/rand150/RAND_CHEMBL6063921_agonist/seed_42/RAND_CHEMBL6063921_agonist_seed_42_sample_1_model.cif,0.539447546005249,1.3249567747116089,0.7855092287063599,agonist,201
H3__rand150_RAND_CHEMBL6063921_agonist_seed_42_RAND_CHEMBL6063921_agonist_seed_42_sample_2_model,/home/lyceum/h3/out/rand150/RAND_CHEMBL6063921_agonist/seed_42/RAND_CHEMBL6063921_agonist_seed_42_sample_2_model.cif,3.155022621154785,0.6020145416259766,2.5530080795288086,antagonist,201
H3__rand150_RAND_CHEMBL6063921_agonist_seed_42_RAND_CHEMBL6063921_agonist_seed_42_sample_3_model,/home/lyceum/h3/out/rand150/RAND_CHEMBL6063921_agonist/seed_42/RAND_CHEMBL6063921_agonist_seed_42_sample_3_model.cif,0.2965444326400757,1.2540935277938843,0.9575490951538086,agonist,201
H3__rand150_RAND_CHEMBL6063921_agonist_seed_42_RAND_CHEMBL6063921_agonist_seed_42_sample_4_model,/home/lyceum/h3/out/rand150/RAND_CHEMBL6063921_agonist/seed_42/RAND_CHEMBL6063921_agonist_seed_42_sample_4_model.cif,0.39508411288261414,1.7077875137329102,1.312703400850296,agonist,201
H3__rand150_RAND_CHEMBL6063921_agonist_seed_42_RAND_CHEMBL6063921_agonist_seed_42_sample_5_model,/home/lyceum/h3/out/rand150/RAND_CHEMBL6063921_agonist/seed_42/RAND_CHEMBL6063921_agonist_seed_42_sample_5_model.cif,0.5372118949890137,0.9949955940246582,0.45778369903564453,agonist,201
H3__rand150_RAND_CHEMBL6064848_antagonist_seed_42_RAND_CHEMBL6064848_antagonist_seed_42_sample_1_model,/home/lyceum/h3/out/rand150/RAND_CHEMBL6064848_antagonist/seed_42/RAND_CHEMBL6064848_antagonist_seed_42_sample_1_model.cif,0.6592333316802979,0.32021573185920715,0.3390175998210907,antagonist,201
H3__rand150_RAND_CHEMBL6064848_antagonist_seed_42_RAND_CHEMBL6064848_antagonist_seed_42_sample_2_model,/home/lyceum/h3/out/rand150/RAND_CHEMBL6064848_antagonist/seed_42/RAND_CHEMBL6064848_antagonist_seed_42_sample_2_model.cif,0.2800007462501526,0.353619247674942,0.07361850142478943,agonist,201
H3__rand150_RAND_CHEMBL6064848_antagonist_seed_42_RAND_CHEMBL6064848_antagonist_seed_42_sample_3_model,/home/lyceum/h3/out/rand150/RAND_CHEMBL6064848_antagonist/seed_42/RAND_CHEMBL6064848_antagonist_seed_42_sample_3_model.cif,0.37047845125198364,0.3380901515483856,0.03238829970359802,antagonist,201
H3__rand150_RAND_CHEMBL6064848_antagonist_seed_42_RAND_CHEMBL6064848_antagonist_seed_42_sample_4_model,/home/lyceum/h3/out/rand150/RAND_CHEMBL6064848_antagonist/seed_42/RAND_CHEMBL6064848_antagonist_seed_42_sample_4_model.cif,0.43358761072158813,0.32886403799057007,0.10472357273101807,antagonist,201
H3__rand150_RAND_CHEMBL6064848_antagonist_seed_42_RAND_CHEMBL6064848_antagonist_seed_42_sample_5_model,/home/lyceum/h3/out/rand150/RAND_CHEMBL6064848_antagonist/seed_42/RAND_CHEMBL6064848_antagonist_seed_42_sample_5_model.cif,0.3293249309062958,0.33372950553894043,0.004404574632644653,agonist,201
