compound_id,round,arm,seed,sample_idx,mean_plddt,h12_local_plddt,rmsd_to_agonist_ref,rmsd_to_antagonist_ref,margin,quality_floor_pass,call,true_label
A0_baseline,h1,A0_baseline,42,1,87.68,60.88,0.631,4.47,-3.838,True,agonist,agonist
A0_baseline,h1,A0_baseline,43,1,88.1,62.38,0.349,0.346,0.003,True,antagonist,agonist
A1_pocket_specific,h1,A1_pocket_specific,42,1,87.12,59.52,0.347,0.349,-0.002,True,agonist,agonist
A1_pocket_specific,h1,A1_pocket_specific,43,1,88.51,63.79,0.43,4.308,-3.877,True,agonist,agonist
A2_pocket_shared,h1,A2_pocket_shared,42,1,87.03,59.52,0.343,0.351,-0.007,True,agonist,agonist
A2_pocket_shared,h1,A2_pocket_shared,43,1,88.54,63.94,0.43,4.304,-3.874,True,agonist,agonist
A3_template_target,h1,A3_template_target,42,1,87.99,64.98,0.4,1.236,-0.836,True,agonist,agonist
A4_template_wrong,h1,A4_template_wrong,42,1,88.26,69.45,0.494,1.425,-0.931,True,agonist,agonist
A5_msa_free,h1,A5_msa_free,42,1,42.75,47.21,0.183,1.025,-0.841,False,agonist,agonist
A6_pocket_plus_template,h1,A6_pocket_plus_template,42,1,87.47,64.04,0.637,1.515,-0.878,True,agonist,agonist
A7_pocket_msa_free,h1,A7_pocket_msa_free,42,1,44.28,47.91,0.398,1.043,-0.645,False,agonist,agonist
A8_conflict,h1,A8_conflict,42,1,89.76,74.73,0.655,2.018,-1.362,True,agonist,agonist
B0_of3_baseline,h1,B0_of3_baseline,42,1,87.72,60.75,0.635,4.472,-3.837,True,agonist,agonist
B1_of3_template,h1,B1_of3_template,42,1,87.97,64.92,0.401,1.233,-0.832,True,agonist,agonist
B2_of3_msa_free,h1,B2_of3_msa_free,42,1,43.84,47.44,0.233,1.059,-0.826,False,agonist,agonist
B3_of3_template_msa_free,h1,B3_of3_template_msa_free,42,1,89.33,73.26,0.295,0.303,-0.009,True,agonist,agonist
A0_baseline,h1,A0_baseline,42,1,93.36,83.78,4.668,1.463,3.206,True,antagonist,antagonist
A0_baseline,h1,A0_baseline,43,1,90.46,74.25,2.204,1.084,1.121,True,antagonist,antagonist
A0_baseline,h1,A0_baseline,44,1,88.62,63.51,0.341,0.337,0.004,True,antagonist,antagonist
A0_baseline,h1,A0_baseline,45,1,93.49,84.88,4.898,1.982,2.916,True,antagonist,antagonist
A0_baseline,h1,A0_baseline,46,1,92.98,82.33,2.469,1.634,0.835,True,antagonist,antagonist
A10_msa_depth32,h1,A10_msa_depth32,42,1,,,0.391,4.223,-3.832,,agonist,antagonist
A10_msa_depth32,h1,A10_msa_depth32,43,1,,,0.513,4.614,-4.1,,agonist,antagonist
A10_msa_depth32,h1,A10_msa_depth32,44,1,,,0.442,4.317,-3.876,,agonist,antagonist
A10_msa_depth32,h1,A10_msa_depth32,45,1,,,0.221,0.327,-0.105,,agonist,antagonist
A10_msa_depth32,h1,A10_msa_depth32,46,1,,,0.299,0.327,-0.028,,agonist,antagonist
A11_msa_depth32_pocket,h1,A11_msa_depth32_pocket,42,1,,,0.356,0.329,0.027,,antagonist,antagonist
A11_msa_depth32_pocket,h1,A11_msa_depth32_pocket,43,1,,,0.258,0.325,-0.067,,agonist,antagonist
A11_msa_depth32_pocket,h1,A11_msa_depth32_pocket,44,1,,,0.596,0.334,0.263,,antagonist,antagonist
A11_msa_depth32_pocket,h1,A11_msa_depth32_pocket,45,1,,,0.266,0.357,-0.091,,agonist,antagonist
A11_msa_depth32_pocket,h1,A11_msa_depth32_pocket,46,1,,,0.291,0.315,-0.024,,agonist,antagonist
A1_pocket_specific,h1,A1_pocket_specific,42,1,90.69,76.61,0.639,1.632,-0.994,True,agonist,antagonist
A1_pocket_specific,h1,A1_pocket_specific,43,1,90.35,73.66,0.361,2.264,-1.902,True,agonist,antagonist
A1_pocket_specific,h1,A1_pocket_specific,44,1,89.32,64.44,0.375,0.341,0.034,True,antagonist,antagonist
A1_pocket_specific,h1,A1_pocket_specific,45,1,90.39,75.84,2.217,1.267,0.95,True,antagonist,antagonist
A1_pocket_specific,h1,A1_pocket_specific,46,1,91.62,77.04,0.303,1.474,-1.171,True,agonist,antagonist
A2_pocket_shared,h1,A2_pocket_shared,42,1,89.7,72.72,0.353,1.416,-1.064,True,agonist,antagonist
A3_template_target,h1,A3_template_target,42,1,92.61,82.4,4.145,1.673,2.472,True,antagonist,antagonist
A4_template_wrong,h1,A4_template_wrong,42,1,90.67,71.44,0.269,1.358,-1.089,True,agonist,antagonist
A4_template_wrong,h1,A4_template_wrong,43,1,91.02,72.9,2.218,1.09,1.128,True,antagonist,antagonist
A4_template_wrong,h1,A4_template_wrong,44,1,89.95,69.53,0.328,2.949,-2.621,True,agonist,antagonist
A4_template_wrong,h1,A4_template_wrong,45,1,90.07,68.29,0.356,3.542,-3.186,True,agonist,antagonist
A4_template_wrong,h1,A4_template_wrong,46,1,90.22,70.81,0.248,2.181,-1.934,True,agonist,antagonist
A5_msa_free,h1,A5_msa_free,42,1,43.65,47.29,0.171,1.106,-0.935,False,agonist,antagonist
A6_pocket_plus_template,h1,A6_pocket_plus_template,42,1,89.99,74.01,0.49,0.733,-0.243,True,agonist,antagonist
A7_pocket_msa_free,h1,A7_pocket_msa_free,42,1,43.53,45.61,0.193,1.831,-1.638,False,agonist,antagonist
A8_conflict,h1,A8_conflict,42,1,90.69,72.46,0.449,1.456,-1.007,True,agonist,antagonist
B0_of3_baseline,h1,B0_of3_baseline,42,1,93.37,83.88,4.661,1.466,3.196,True,antagonist,antagonist
B1_of3_template,h1,B1_of3_template,42,1,92.6,82.26,4.156,1.672,2.484,True,antagonist,antagonist
B2_of3_msa_free,h1,B2_of3_msa_free,42,1,43.64,47.25,0.179,1.108,-0.928,False,agonist,antagonist
B3_of3_template_msa_free,h1,B3_of3_template_msa_free,42,1,85.38,49.23,0.417,1.568,-1.151,True,agonist,antagonist
depth_128,h2,depth_128,42,10,89.4,69.27,0.393,0.327,0.066,True,antagonist,antagonist
depth_128,h2,depth_128,42,1,89.85,69.76,0.351,4.149,-3.799,True,agonist,antagonist
depth_128,h2,depth_128,42,2,89.92,69.68,0.293,0.347,-0.054,True,agonist,antagonist
depth_128,h2,depth_128,42,3,89.95,68.77,0.265,5.021,-4.756,True,agonist,antagonist
depth_128,h2,depth_128,42,4,89.52,67.87,0.374,0.33,0.044,True,antagonist,antagonist
depth_128,h2,depth_128,42,5,89.8,69.4,0.351,0.341,0.01,True,antagonist,antagonist
depth_128,h2,depth_128,42,6,90.15,69.72,0.327,0.332,-0.005,True,agonist,antagonist
depth_128,h2,depth_128,42,7,89.68,68.79,0.37,4.17,-3.801,True,agonist,antagonist
depth_128,h2,depth_128,42,8,89.63,68.42,0.327,0.32,0.008,True,antagonist,antagonist
depth_128,h2,depth_128,42,9,89.3,68.19,0.428,0.311,0.116,True,antagonist,antagonist
depth_128,h2,depth_128,43,10,89.51,68.9,0.366,4.308,-3.942,True,agonist,antagonist
depth_128,h2,depth_128,43,1,89.55,67.88,0.41,0.316,0.095,True,antagonist,antagonist
depth_128,h2,depth_128,43,2,90.09,69.29,0.451,4.442,-3.991,True,agonist,antagonist
depth_128,h2,depth_128,43,3,89.82,70.35,0.443,4.46,-4.017,True,agonist,antagonist
depth_128,h2,depth_128,43,4,89.26,68.74,0.315,0.329,-0.013,True,agonist,antagonist
depth_128,h2,depth_128,43,5,89.44,67.9,0.284,4.808,-4.524,True,agonist,antagonist
depth_128,h2,depth_128,43,6,89.92,70.15,0.285,4.845,-4.56,True,agonist,antagonist
depth_128,h2,depth_128,43,7,89.74,68.99,0.33,4.139,-3.809,True,agonist,antagonist
depth_128,h2,depth_128,43,8,89.61,68.95,0.236,0.354,-0.118,True,agonist,antagonist
depth_128,h2,depth_128,43,9,89.44,68.41,0.335,0.317,0.018,True,antagonist,antagonist
depth_128,h2,depth_128,44,10,89.19,65.48,0.323,4.288,-3.965,True,agonist,antagonist
depth_128,h2,depth_128,44,1,89.11,65.82,0.446,4.432,-3.987,True,agonist,antagonist
depth_128,h2,depth_128,44,2,88.77,65.22,0.395,0.334,0.061,True,antagonist,antagonist
depth_128,h2,depth_128,44,3,89.13,65.0,0.468,4.291,-3.823,True,agonist,antagonist
depth_128,h2,depth_128,44,4,89.38,65.65,0.414,0.315,0.098,True,antagonist,antagonist
depth_128,h2,depth_128,44,5,89.03,64.61,0.321,0.335,-0.014,True,agonist,antagonist
depth_128,h2,depth_128,44,6,89.2,65.34,0.318,0.359,-0.041,True,agonist,antagonist
depth_128,h2,depth_128,44,7,89.0,64.5,0.322,0.334,-0.012,True,agonist,antagonist
depth_128,h2,depth_128,44,8,89.34,66.55,0.363,0.395,-0.032,True,agonist,antagonist
depth_128,h2,depth_128,44,9,89.29,64.98,0.421,0.343,0.078,True,antagonist,antagonist
depth_128,h2,depth_128,45,10,89.94,69.58,0.395,4.24,-3.845,True,agonist,antagonist
depth_128,h2,depth_128,45,1,90.35,70.91,0.202,0.328,-0.126,True,agonist,antagonist
depth_128,h2,depth_128,45,2,89.6,69.02,0.446,4.461,-4.015,True,agonist,antagonist
depth_128,h2,depth_128,45,3,90.19,70.0,0.305,0.325,-0.02,True,agonist,antagonist
depth_128,h2,depth_128,45,4,90.51,72.2,0.27,4.866,-4.596,True,agonist,antagonist
depth_128,h2,depth_128,45,5,89.76,69.78,0.375,4.221,-3.846,True,agonist,antagonist
depth_128,h2,depth_128,45,6,89.8,69.81,0.36,4.179,-3.819,True,agonist,antagonist
depth_128,h2,depth_128,45,7,90.41,71.46,0.453,4.417,-3.964,True,agonist,antagonist
depth_128,h2,depth_128,45,8,90.29,72.09,0.537,4.371,-3.834,True,agonist,antagonist
depth_128,h2,depth_128,45,9,90.24,71.01,0.31,4.308,-3.998,True,agonist,antagonist
depth_128,h2,depth_128,46,10,89.63,68.22,0.279,0.342,-0.063,True,agonist,antagonist
depth_128,h2,depth_128,46,1,89.43,68.5,0.278,0.342,-0.065,True,agonist,antagonist
depth_128,h2,depth_128,46,2,89.19,66.01,0.336,4.084,-3.749,True,agonist,antagonist
depth_128,h2,depth_128,46,3,89.92,68.91,0.298,0.315,-0.017,True,agonist,antagonist
depth_128,h2,depth_128,46,4,89.89,69.64,0.311,0.269,0.042,True,antagonist,antagonist
depth_128,h2,depth_128,46,5,89.26,68.38,0.295,0.325,-0.03,True,agonist,antagonist
depth_128,h2,depth_128,46,6,89.65,68.56,0.169,0.358,-0.189,True,agonist,antagonist
depth_128,h2,depth_128,46,7,89.89,68.03,0.262,0.328,-0.066,True,agonist,antagonist
depth_128,h2,depth_128,46,8,89.32,67.4,0.286,0.336,-0.05,True,agonist,antagonist
depth_128,h2,depth_128,46,9,89.58,67.48,0.39,4.419,-4.029,True,agonist,antagonist
depth_32,h2,depth_32,42,10,43.21,49.89,1.079,1.126,-0.046,False,agonist,antagonist
depth_32,h2,depth_32,42,1,49.5,55.81,0.439,1.067,-0.629,False,agonist,antagonist
depth_32,h2,depth_32,42,2,44.26,51.72,0.254,2.736,-2.482,False,agonist,antagonist
depth_32,h2,depth_32,42,3,42.96,50.4,0.281,1.239,-0.957,False,agonist,antagonist
depth_32,h2,depth_32,42,4,41.27,46.79,0.21,1.081,-0.871,False,agonist,antagonist
depth_32,h2,depth_32,42,5,44.49,50.17,0.133,0.991,-0.858,False,agonist,antagonist
depth_32,h2,depth_32,42,6,44.43,54.99,3.526,2.74,0.786,False,antagonist,antagonist
depth_32,h2,depth_32,42,7,42.98,53.47,0.508,0.961,-0.453,False,agonist,antagonist
depth_32,h2,depth_32,42,8,42.68,50.08,0.418,1.065,-0.647,False,agonist,antagonist
depth_32,h2,depth_32,42,9,43.46,53.87,0.199,0.912,-0.713,False,agonist,antagonist
depth_32,h2,depth_32,43,10,50.49,56.66,0.06,0.945,-0.885,False,agonist,antagonist
depth_32,h2,depth_32,43,1,45.07,54.86,0.493,0.953,-0.459,False,agonist,antagonist
depth_32,h2,depth_32,43,2,44.48,42.15,0.144,1.08,-0.936,False,agonist,antagonist
depth_32,h2,depth_32,43,3,43.13,49.58,0.424,1.114,-0.691,False,agonist,antagonist
depth_32,h2,depth_32,43,4,43.51,49.48,0.567,0.926,-0.359,False,agonist,antagonist
depth_32,h2,depth_32,43,5,44.97,52.59,0.265,0.952,-0.687,False,agonist,antagonist
depth_32,h2,depth_32,43,6,45.85,51.04,0.219,1.049,-0.83,False,agonist,antagonist
depth_32,h2,depth_32,43,7,43.15,51.26,0.417,1.885,-1.468,False,agonist,antagonist
depth_32,h2,depth_32,43,8,44.79,54.61,0.22,0.953,-0.733,False,agonist,antagonist
depth_32,h2,depth_32,43,9,42.63,51.7,0.364,0.929,-0.566,False,agonist,antagonist
depth_32,h2,depth_32,44,10,44.98,51.22,0.218,2.347,-2.129,False,agonist,antagonist
depth_32,h2,depth_32,44,1,43.62,52.44,0.413,1.075,-0.662,False,agonist,antagonist
depth_32,h2,depth_32,44,2,43.32,52.15,0.524,1.096,-0.572,False,agonist,antagonist
depth_32,h2,depth_32,44,3,43.78,49.99,1.201,0.929,0.272,False,antagonist,antagonist
depth_32,h2,depth_32,44,4,44.46,53.17,2.511,3.368,-0.857,False,agonist,antagonist
depth_32,h2,depth_32,44,5,41.92,51.56,0.472,1.037,-0.566,False,agonist,antagonist
depth_32,h2,depth_32,44,6,46.64,55.01,0.295,0.895,-0.6,False,agonist,antagonist
depth_32,h2,depth_32,44,7,43.63,49.36,2.435,2.404,0.032,False,antagonist,antagonist
depth_32,h2,depth_32,44,8,44.76,50.66,0.51,0.969,-0.459,False,agonist,antagonist
depth_32,h2,depth_32,44,9,44.19,54.3,0.481,0.936,-0.455,False,agonist,antagonist
depth_32,h2,depth_32,45,10,44.41,49.55,0.927,2.876,-1.949,False,agonist,antagonist
depth_32,h2,depth_32,45,1,43.97,52.09,0.342,0.992,-0.65,False,agonist,antagonist
depth_32,h2,depth_32,45,2,41.34,49.73,0.503,1.054,-0.551,False,agonist,antagonist
depth_32,h2,depth_32,45,3,45.76,53.13,0.168,0.933,-0.765,False,agonist,antagonist
depth_32,h2,depth_32,45,4,44.52,47.55,1.475,1.122,0.353,False,antagonist,antagonist
depth_32,h2,depth_32,45,5,51.74,48.98,1.017,2.393,-1.376,False,agonist,antagonist
depth_32,h2,depth_32,45,6,46.49,50.73,0.176,1.08,-0.903,False,agonist,antagonist
depth_32,h2,depth_32,45,7,42.56,37.37,0.943,2.805,-1.862,False,agonist,antagonist
depth_32,h2,depth_32,45,8,41.77,46.45,0.967,3.397,-2.43,False,agonist,antagonist
depth_32,h2,depth_32,45,9,47.73,53.35,0.626,0.991,-0.364,False,agonist,antagonist
depth_32,h2,depth_32,46,10,44.96,36.46,0.399,1.247,-0.848,False,agonist,antagonist
depth_32,h2,depth_32,46,1,43.6,43.51,0.203,1.045,-0.843,False,agonist,antagonist
depth_32,h2,depth_32,46,2,45.22,39.16,0.313,1.458,-1.145,False,agonist,antagonist
depth_32,h2,depth_32,46,3,45.42,38.24,0.635,0.885,-0.251,False,agonist,antagonist
depth_32,h2,depth_32,46,4,41.71,36.09,0.624,1.148,-0.524,False,agonist,antagonist
depth_32,h2,depth_32,46,5,43.16,41.05,1.415,1.017,0.398,False,antagonist,antagonist
depth_32,h2,depth_32,46,6,44.83,31.1,4.593,1.563,3.03,False,antagonist,antagonist
depth_32,h2,depth_32,46,7,44.43,38.47,0.479,1.056,-0.577,False,agonist,antagonist
depth_32,h2,depth_32,46,8,48.66,40.8,0.996,0.931,0.065,False,antagonist,antagonist
depth_32,h2,depth_32,46,9,41.72,46.69,0.232,1.089,-0.857,False,agonist,antagonist
depth_512,h2,depth_512,42,10,89.13,63.83,0.353,0.353,-0.0,True,agonist,antagonist
depth_512,h2,depth_512,42,1,89.2,64.15,0.313,0.425,-0.111,True,agonist,antagonist
depth_512,h2,depth_512,42,2,89.48,65.02,0.272,0.343,-0.071,True,agonist,antagonist
depth_512,h2,depth_512,42,3,89.6,65.28,0.266,0.331,-0.065,True,agonist,antagonist
depth_512,h2,depth_512,42,4,89.15,63.36,0.347,0.341,0.006,True,antagonist,antagonist
depth_512,h2,depth_512,42,5,89.29,65.02,0.342,0.345,-0.003,True,agonist,antagonist
depth_512,h2,depth_512,42,6,89.81,65.92,0.307,0.338,-0.031,True,agonist,antagonist
depth_512,h2,depth_512,42,7,89.08,63.95,0.372,0.325,0.047,True,antagonist,antagonist
depth_512,h2,depth_512,42,8,89.69,65.94,0.343,0.321,0.022,True,antagonist,antagonist
depth_512,h2,depth_512,42,9,89.02,64.09,0.39,0.327,0.063,True,antagonist,antagonist
depth_512,h2,depth_512,43,10,89.13,64.89,0.308,0.36,-0.052,True,agonist,antagonist
depth_512,h2,depth_512,43,1,89.07,63.36,0.427,0.33,0.097,True,antagonist,antagonist
depth_512,h2,depth_512,43,2,89.48,64.77,0.42,0.343,0.077,True,antagonist,antagonist
depth_512,h2,depth_512,43,3,88.98,64.07,0.436,0.34,0.096,True,antagonist,antagonist
depth_512,h2,depth_512,43,4,88.87,63.35,0.319,0.353,-0.034,True,agonist,antagonist
depth_512,h2,depth_512,43,5,89.36,65.19,0.265,0.326,-0.061,True,agonist,antagonist
depth_512,h2,depth_512,43,6,89.51,65.12,0.307,0.351,-0.044,True,agonist,antagonist
depth_512,h2,depth_512,43,7,89.7,64.93,0.31,0.39,-0.08,True,agonist,antagonist
depth_512,h2,depth_512,43,8,89.07,63.55,0.259,0.36,-0.101,True,agonist,antagonist
depth_512,h2,depth_512,43,9,89.12,63.57,0.3,0.424,-0.125,True,agonist,antagonist
depth_512,h2,depth_512,44,10,89.36,65.11,0.292,4.859,-4.566,True,agonist,antagonist
depth_512,h2,depth_512,44,1,89.08,64.24,0.377,4.438,-4.06,True,agonist,antagonist
depth_512,h2,depth_512,44,2,88.91,64.07,0.382,0.333,0.049,True,antagonist,antagonist
depth_512,h2,depth_512,44,3,89.21,64.39,0.441,4.287,-3.846,True,agonist,antagonist
depth_512,h2,depth_512,44,4,89.33,64.5,0.363,0.324,0.039,True,antagonist,antagonist
depth_512,h2,depth_512,44,5,89.36,65.03,0.278,0.335,-0.057,True,agonist,antagonist
depth_512,h2,depth_512,44,6,89.08,64.67,0.292,0.401,-0.109,True,agonist,antagonist
depth_512,h2,depth_512,44,7,90.23,68.62,0.681,1.951,-1.27,True,agonist,antagonist
depth_512,h2,depth_512,44,8,89.3,65.23,0.335,0.405,-0.07,True,agonist,antagonist
depth_512,h2,depth_512,44,9,89.54,65.49,0.386,0.352,0.034,True,antagonist,antagonist
depth_512,h2,depth_512,45,10,89.28,64.69,0.362,4.433,-4.072,True,agonist,antagonist
depth_512,h2,depth_512,45,1,89.4,64.66,0.236,0.332,-0.095,True,agonist,antagonist
depth_512,h2,depth_512,45,2,89.23,64.68,0.425,0.348,0.077,True,antagonist,antagonist
depth_512,h2,depth_512,45,3,89.46,64.45,0.294,0.33,-0.036,True,agonist,antagonist
depth_512,h2,depth_512,45,4,89.56,65.14,0.268,0.334,-0.067,True,agonist,antagonist
depth_512,h2,depth_512,45,5,88.83,63.64,0.341,4.415,-4.074,True,agonist,antagonist
depth_512,h2,depth_512,45,6,89.26,64.43,0.358,0.333,0.025,True,antagonist,antagonist
depth_512,h2,depth_512,45,7,89.02,63.76,0.333,0.338,-0.005,True,agonist,antagonist
depth_512,h2,depth_512,45,8,89.58,65.63,0.462,4.408,-3.946,True,agonist,antagonist
depth_512,h2,depth_512,45,9,89.53,65.13,0.291,0.337,-0.046,True,agonist,antagonist
depth_512,h2,depth_512,46,10,89.5,65.29,0.266,0.342,-0.076,True,agonist,antagonist
depth_512,h2,depth_512,46,1,89.08,63.58,0.289,0.344,-0.055,True,agonist,antagonist
depth_512,h2,depth_512,46,2,88.94,62.99,0.319,0.326,-0.007,True,agonist,antagonist
depth_512,h2,depth_512,46,3,89.72,65.66,0.296,0.326,-0.03,True,agonist,antagonist
depth_512,h2,depth_512,46,4,89.33,64.66,0.302,0.288,0.014,True,antagonist,antagonist
depth_512,h2,depth_512,46,5,88.94,64.07,0.297,0.326,-0.028,True,agonist,antagonist
depth_512,h2,depth_512,46,6,89.26,64.26,0.209,0.36,-0.151,True,agonist,antagonist
depth_512,h2,depth_512,46,7,89.52,64.17,0.283,0.331,-0.049,True,agonist,antagonist
depth_512,h2,depth_512,46,8,89.08,64.26,0.294,0.345,-0.05,True,agonist,antagonist
depth_512,h2,depth_512,46,9,89.16,63.75,0.361,0.273,0.087,True,antagonist,antagonist
depth_8,h2,depth_8,42,10,47.94,54.58,0.22,1.297,-1.076,False,agonist,antagonist
depth_8,h2,depth_8,42,1,50.23,56.64,0.262,1.188,-0.926,False,agonist,antagonist
depth_8,h2,depth_8,42,2,45.86,49.13,1.145,1.316,-0.171,False,agonist,antagonist
depth_8,h2,depth_8,42,3,44.2,44.98,0.243,0.956,-0.713,False,agonist,antagonist
depth_8,h2,depth_8,42,4,46.65,49.4,0.204,1.215,-1.011,False,agonist,antagonist
depth_8,h2,depth_8,42,5,44.28,38.84,3.779,1.178,2.601,False,antagonist,antagonist
depth_8,h2,depth_8,42,6,44.56,44.7,0.285,1.218,-0.933,False,agonist,antagonist
depth_8,h2,depth_8,42,7,47.29,52.17,0.211,1.338,-1.126,False,agonist,antagonist
depth_8,h2,depth_8,42,8,45.76,51.56,0.209,1.04,-0.831,False,agonist,antagonist
depth_8,h2,depth_8,42,9,44.22,44.3,1.34,1.115,0.225,False,antagonist,antagonist
depth_8,h2,depth_8,43,10,49.02,54.14,0.19,1.266,-1.076,False,agonist,antagonist
depth_8,h2,depth_8,43,1,44.64,41.89,0.295,2.434,-2.139,False,agonist,antagonist
depth_8,h2,depth_8,43,2,46.14,45.1,0.159,1.048,-0.889,False,agonist,antagonist
depth_8,h2,depth_8,43,3,45.73,52.43,0.946,1.119,-0.173,False,agonist,antagonist
depth_8,h2,depth_8,43,4,46.31,50.92,0.149,1.172,-1.023,False,agonist,antagonist
depth_8,h2,depth_8,43,5,46.21,45.28,0.099,1.193,-1.094,False,agonist,antagonist
depth_8,h2,depth_8,43,6,45.3,41.16,0.939,2.742,-1.803,False,agonist,antagonist
depth_8,h2,depth_8,43,7,44.55,44.46,0.742,1.129,-0.387,False,agonist,antagonist
depth_8,h2,depth_8,43,8,45.9,49.04,0.224,1.237,-1.013,False,agonist,antagonist
depth_8,h2,depth_8,43,9,48.35,55.96,0.129,1.249,-1.12,False,agonist,antagonist
depth_8,h2,depth_8,44,10,49.65,53.91,1.673,1.136,0.537,False,antagonist,antagonist
depth_8,h2,depth_8,44,1,45.34,48.73,0.893,1.526,-0.633,False,agonist,antagonist
depth_8,h2,depth_8,44,2,45.81,50.78,0.429,1.09,-0.661,False,agonist,antagonist
depth_8,h2,depth_8,44,3,46.96,50.39,0.073,1.544,-1.471,False,agonist,antagonist
depth_8,h2,depth_8,44,4,49.37,51.02,1.785,1.302,0.483,False,antagonist,antagonist
depth_8,h2,depth_8,44,5,45.88,46.35,2.838,1.072,1.767,False,antagonist,antagonist
depth_8,h2,depth_8,44,6,45.43,40.86,0.664,0.996,-0.332,False,agonist,antagonist
depth_8,h2,depth_8,44,7,45.09,46.05,0.104,1.076,-0.972,False,agonist,antagonist
depth_8,h2,depth_8,44,8,45.94,44.63,0.163,1.021,-0.859,False,agonist,antagonist
depth_8,h2,depth_8,44,9,49.53,57.29,0.09,1.132,-1.042,False,agonist,antagonist
depth_8,h2,depth_8,45,10,50.02,56.62,0.081,1.14,-1.058,False,agonist,antagonist
depth_8,h2,depth_8,45,1,48.15,47.89,0.294,1.253,-0.959,False,agonist,antagonist
depth_8,h2,depth_8,45,2,48.76,55.3,0.231,1.113,-0.882,False,agonist,antagonist
depth_8,h2,depth_8,45,3,46.26,45.49,0.358,1.647,-1.289,False,agonist,antagonist
depth_8,h2,depth_8,45,4,45.33,45.99,0.865,1.151,-0.286,False,agonist,antagonist
depth_8,h2,depth_8,45,5,45.35,46.9,0.187,1.236,-1.049,False,agonist,antagonist
depth_8,h2,depth_8,45,6,51.31,49.84,0.122,0.971,-0.849,False,agonist,antagonist
depth_8,h2,depth_8,45,7,46.76,45.18,0.506,1.214,-0.708,False,agonist,antagonist
depth_8,h2,depth_8,45,8,51.68,56.63,0.275,1.186,-0.911,False,agonist,antagonist
depth_8,h2,depth_8,45,9,50.61,58.18,0.22,1.147,-0.927,False,agonist,antagonist
depth_8,h2,depth_8,46,10,44.33,42.93,0.532,1.258,-0.726,False,agonist,antagonist
depth_8,h2,depth_8,46,1,46.96,51.35,1.528,1.168,0.36,False,antagonist,antagonist
depth_8,h2,depth_8,46,2,44.36,42.42,0.029,1.216,-1.187,False,agonist,antagonist
depth_8,h2,depth_8,46,3,46.57,52.44,0.894,1.332,-0.438,False,agonist,antagonist
depth_8,h2,depth_8,46,4,48.41,51.99,0.106,0.941,-0.835,False,agonist,antagonist
depth_8,h2,depth_8,46,5,43.43,38.97,0.422,1.834,-1.412,False,agonist,antagonist
depth_8,h2,depth_8,46,6,43.24,44.72,0.859,1.183,-0.324,False,agonist,antagonist
depth_8,h2,depth_8,46,7,45.26,45.22,0.515,1.2,-0.685,False,agonist,antagonist
depth_8,h2,depth_8,46,8,44.25,42.97,1.183,1.271,-0.088,False,agonist,antagonist
depth_8,h2,depth_8,46,9,44.3,44.21,0.506,1.296,-0.79,False,agonist,antagonist
coactivator,h2_posthoc,coactivator,42,10,94.07,93.54,0.296,0.35,-0.054,True,agonist,antagonist
coactivator,h2_posthoc,coactivator,42,1,94.24,93.63,0.298,0.336,-0.038,True,agonist,antagonist
coactivator,h2_posthoc,coactivator,42,2,94.23,93.44,0.237,0.36,-0.123,True,agonist,antagonist
coactivator,h2_posthoc,coactivator,42,3,93.97,93.58,0.26,0.403,-0.143,True,agonist,antagonist
coactivator,h2_posthoc,coactivator,42,4,94.21,93.45,0.294,0.326,-0.032,True,agonist,antagonist
coactivator,h2_posthoc,coactivator,42,5,93.86,92.86,0.252,0.356,-0.104,True,agonist,antagonist
coactivator,h2_posthoc,coactivator,42,6,94.06,93.12,0.294,0.346,-0.053,True,agonist,antagonist
coactivator,h2_posthoc,coactivator,42,7,93.74,92.66,0.279,0.327,-0.048,True,agonist,antagonist
coactivator,h2_posthoc,coactivator,42,8,94.0,93.26,0.283,0.347,-0.064,True,agonist,antagonist
coactivator,h2_posthoc,coactivator,42,9,94.17,93.41,0.256,0.351,-0.095,True,agonist,antagonist
coactivator,h2_posthoc,coactivator,43,10,94.37,93.46,0.237,0.361,-0.124,True,agonist,antagonist
coactivator,h2_posthoc,coactivator,43,1,94.13,93.15,0.26,0.353,-0.094,True,agonist,antagonist
coactivator,h2_posthoc,coactivator,43,2,93.94,93.16,0.282,0.341,-0.059,True,agonist,antagonist
coactivator,h2_posthoc,coactivator,43,3,94.06,93.11,0.27,0.346,-0.076,True,agonist,antagonist
coactivator,h2_posthoc,coactivator,43,4,94.09,93.36,0.311,0.346,-0.035,True,agonist,antagonist
coactivator,h2_posthoc,coactivator,43,5,94.32,93.27,0.336,0.356,-0.02,True,agonist,antagonist
coactivator,h2_posthoc,coactivator,43,6,93.95,92.79,0.298,0.349,-0.051,True,agonist,antagonist
coactivator,h2_posthoc,coactivator,43,7,93.86,93.15,0.261,0.34,-0.079,True,agonist,antagonist
coactivator,h2_posthoc,coactivator,43,8,94.41,93.62,0.224,0.383,-0.159,True,agonist,antagonist
coactivator,h2_posthoc,coactivator,43,9,94.31,93.93,0.27,0.32,-0.05,True,agonist,antagonist
coactivator,h2_posthoc,coactivator,44,10,94.3,93.54,0.228,0.336,-0.108,True,agonist,antagonist
coactivator,h2_posthoc,coactivator,44,1,94.29,93.44,0.257,0.34,-0.084,True,agonist,antagonist
coactivator,h2_posthoc,coactivator,44,2,94.4,93.72,0.228,0.362,-0.133,True,agonist,antagonist
coactivator,h2_posthoc,coactivator,44,3,94.26,93.23,0.284,0.325,-0.041,True,agonist,antagonist
coactivator,h2_posthoc,coactivator,44,4,94.31,93.61,0.31,0.344,-0.035,True,agonist,antagonist
coactivator,h2_posthoc,coactivator,44,5,94.54,94.16,0.247,0.349,-0.102,True,agonist,antagonist
coactivator,h2_posthoc,coactivator,44,6,94.3,94.01,0.263,0.349,-0.086,True,agonist,antagonist
coactivator,h2_posthoc,coactivator,44,7,94.03,93.04,0.256,0.351,-0.095,True,agonist,antagonist
coactivator,h2_posthoc,coactivator,44,8,94.24,93.3,0.239,0.348,-0.109,True,agonist,antagonist
coactivator,h2_posthoc,coactivator,44,9,94.2,93.12,0.251,0.345,-0.093,True,agonist,antagonist
coactivator,h2_posthoc,coactivator,45,10,94.35,93.86,0.247,0.33,-0.082,True,agonist,antagonist
coactivator,h2_posthoc,coactivator,45,1,94.18,93.27,0.288,0.332,-0.044,True,agonist,antagonist
coactivator,h2_posthoc,coactivator,45,2,94.29,93.89,0.238,0.432,-0.195,True,agonist,antagonist
coactivator,h2_posthoc,coactivator,45,3,93.93,93.3,0.235,0.333,-0.099,True,agonist,antagonist
coactivator,h2_posthoc,coactivator,45,4,93.78,93.0,0.261,0.327,-0.066,True,agonist,antagonist
coactivator,h2_posthoc,coactivator,45,5,93.69,92.86,0.243,0.34,-0.097,True,agonist,antagonist
coactivator,h2_posthoc,coactivator,45,6,94.14,93.86,0.254,0.333,-0.079,True,agonist,antagonist
coactivator,h2_posthoc,coactivator,45,7,94.18,93.58,0.288,0.338,-0.051,True,agonist,antagonist
coactivator,h2_posthoc,coactivator,45,8,94.32,93.6,0.253,0.346,-0.093,True,agonist,antagonist
coactivator,h2_posthoc,coactivator,45,9,94.36,93.75,0.233,0.335,-0.102,True,agonist,antagonist
coactivator,h2_posthoc,coactivator,46,10,94.12,93.26,0.237,0.356,-0.12,True,agonist,antagonist
coactivator,h2_posthoc,coactivator,46,1,94.4,93.68,0.23,0.362,-0.131,True,agonist,antagonist
coactivator,h2_posthoc,coactivator,46,2,94.44,93.74,0.184,0.366,-0.183,True,agonist,antagonist
coactivator,h2_posthoc,coactivator,46,3,94.41,93.45,0.275,0.343,-0.068,True,agonist,antagonist
coactivator,h2_posthoc,coactivator,46,4,94.41,93.65,0.277,0.345,-0.068,True,agonist,antagonist
coactivator,h2_posthoc,coactivator,46,5,94.4,93.34,0.283,0.338,-0.055,True,agonist,antagonist
coactivator,h2_posthoc,coactivator,46,6,94.17,93.53,0.256,0.365,-0.109,True,agonist,antagonist
coactivator,h2_posthoc,coactivator,46,7,94.39,93.88,0.265,0.319,-0.054,True,agonist,antagonist
coactivator,h2_posthoc,coactivator,46,8,94.32,93.72,0.331,0.359,-0.028,True,agonist,antagonist
coactivator,h2_posthoc,coactivator,46,9,94.18,93.5,0.27,0.34,-0.07,True,agonist,antagonist
depth_48,h2_posthoc,depth_48,42,10,60.39,68.87,0.957,1.19,-0.233,False,agonist,antagonist
depth_48,h2_posthoc,depth_48,42,1,58.78,66.17,0.543,1.19,-0.647,False,agonist,antagonist
depth_48,h2_posthoc,depth_48,42,2,63.34,73.84,0.958,1.127,-0.169,False,agonist,antagonist
depth_48,h2_posthoc,depth_48,42,3,56.99,66.03,0.935,1.091,-0.156,False,agonist,antagonist
depth_48,h2_posthoc,depth_48,42,4,59.98,71.12,0.54,1.235,-0.695,False,agonist,antagonist
depth_48,h2_posthoc,depth_48,42,5,57.21,64.26,0.95,1.148,-0.198,False,agonist,antagonist
depth_48,h2_posthoc,depth_48,42,6,61.26,68.65,0.842,1.156,-0.314,False,agonist,antagonist
depth_48,h2_posthoc,depth_48,42,7,58.93,69.71,0.537,1.252,-0.715,False,agonist,antagonist
depth_48,h2_posthoc,depth_48,42,8,57.71,66.34,2.47,0.914,1.556,False,antagonist,antagonist
depth_48,h2_posthoc,depth_48,42,9,60.77,69.44,0.753,1.097,-0.344,False,agonist,antagonist
depth_48,h2_posthoc,depth_48,43,10,49.57,37.3,1.396,1.048,0.348,False,antagonist,antagonist
depth_48,h2_posthoc,depth_48,43,1,62.18,71.36,0.77,1.259,-0.489,False,agonist,antagonist
depth_48,h2_posthoc,depth_48,43,2,57.54,66.96,0.858,1.241,-0.384,False,agonist,antagonist
depth_48,h2_posthoc,depth_48,43,3,58.33,66.48,0.019,1.315,-1.296,False,agonist,antagonist
depth_48,h2_posthoc,depth_48,43,4,59.36,71.39,2.909,1.151,1.758,False,antagonist,antagonist
depth_48,h2_posthoc,depth_48,43,5,60.4,69.15,0.979,1.101,-0.122,False,agonist,antagonist
depth_48,h2_posthoc,depth_48,43,6,57.44,67.15,4.914,1.061,3.853,False,antagonist,antagonist
depth_48,h2_posthoc,depth_48,43,7,59.11,69.3,0.897,1.103,-0.206,False,agonist,antagonist
depth_48,h2_posthoc,depth_48,43,8,56.7,66.67,4.83,1.166,3.663,False,antagonist,antagonist
depth_48,h2_posthoc,depth_48,43,9,66.14,76.2,0.767,1.198,-0.431,False,agonist,antagonist
depth_48,h2_posthoc,depth_48,44,10,58.78,59.55,0.535,1.236,-0.701,False,agonist,antagonist
depth_48,h2_posthoc,depth_48,44,1,60.37,59.67,0.888,0.825,0.063,False,antagonist,antagonist
depth_48,h2_posthoc,depth_48,44,2,59.62,62.74,0.732,1.391,-0.659,False,agonist,antagonist
depth_48,h2_posthoc,depth_48,44,3,63.0,71.09,1.005,1.118,-0.114,False,agonist,antagonist
depth_48,h2_posthoc,depth_48,44,4,51.93,56.67,0.514,1.119,-0.605,False,agonist,antagonist
depth_48,h2_posthoc,depth_48,44,5,58.26,63.79,0.898,1.283,-0.385,False,agonist,antagonist
depth_48,h2_posthoc,depth_48,44,6,54.66,48.71,0.939,1.088,-0.15,False,agonist,antagonist
depth_48,h2_posthoc,depth_48,44,7,57.48,56.87,0.528,0.986,-0.458,False,agonist,antagonist
depth_48,h2_posthoc,depth_48,44,8,55.05,58.34,0.894,1.348,-0.454,False,agonist,antagonist
depth_48,h2_posthoc,depth_48,44,9,58.01,56.2,0.886,1.126,-0.24,False,agonist,antagonist
depth_48,h2_posthoc,depth_48,45,10,59.49,62.83,3.22,1.062,2.158,False,antagonist,antagonist
depth_48,h2_posthoc,depth_48,45,1,57.75,59.26,2.984,1.109,1.875,False,antagonist,antagonist
depth_48,h2_posthoc,depth_48,45,2,58.83,60.29,0.884,1.043,-0.159,False,agonist,antagonist
depth_48,h2_posthoc,depth_48,45,3,62.21,63.35,2.909,1.038,1.871,False,antagonist,antagonist
depth_48,h2_posthoc,depth_48,45,4,58.95,62.54,3.236,1.022,2.213,False,antagonist,antagonist
depth_48,h2_posthoc,depth_48,45,5,61.47,63.2,0.485,1.515,-1.03,False,agonist,antagonist
depth_48,h2_posthoc,depth_48,45,6,63.42,65.99,0.453,1.255,-0.801,False,agonist,antagonist
depth_48,h2_posthoc,depth_48,45,7,60.36,61.02,2.926,0.977,1.949,False,antagonist,antagonist
depth_48,h2_posthoc,depth_48,45,8,61.24,64.72,0.941,1.195,-0.254,False,agonist,antagonist
depth_48,h2_posthoc,depth_48,45,9,62.9,64.07,0.432,1.26,-0.828,False,agonist,antagonist
depth_48,h2_posthoc,depth_48,46,10,59.44,67.99,3.57,1.182,2.388,False,antagonist,antagonist
depth_48,h2_posthoc,depth_48,46,1,61.98,69.45,0.504,1.136,-0.633,False,agonist,antagonist
depth_48,h2_posthoc,depth_48,46,2,56.35,52.89,0.542,1.328,-0.786,False,agonist,antagonist
depth_48,h2_posthoc,depth_48,46,3,59.77,59.69,2.749,0.879,1.869,False,antagonist,antagonist
depth_48,h2_posthoc,depth_48,46,4,58.11,60.17,2.858,1.057,1.801,False,antagonist,antagonist
depth_48,h2_posthoc,depth_48,46,5,63.95,56.97,0.78,1.102,-0.322,False,agonist,antagonist
depth_48,h2_posthoc,depth_48,46,6,57.61,54.3,3.252,1.276,1.977,False,antagonist,antagonist
depth_48,h2_posthoc,depth_48,46,7,56.04,52.77,2.9,1.42,1.48,False,antagonist,antagonist
depth_48,h2_posthoc,depth_48,46,8,59.13,62.65,0.486,1.065,-0.579,False,agonist,antagonist
depth_48,h2_posthoc,depth_48,46,9,57.9,56.55,0.572,1.09,-0.518,False,agonist,antagonist
depth_64,h2_posthoc,depth_64,42,10,72.44,56.07,2.967,0.421,2.546,True,antagonist,antagonist
depth_64,h2_posthoc,depth_64,42,1,66.09,53.23,2.585,0.504,2.081,False,antagonist,antagonist
depth_64,h2_posthoc,depth_64,42,2,72.23,59.63,2.343,0.504,1.839,True,antagonist,antagonist
depth_64,h2_posthoc,depth_64,42,3,72.23,56.69,1.645,0.729,0.916,True,antagonist,antagonist
depth_64,h2_posthoc,depth_64,42,4,71.64,54.06,0.315,2.015,-1.701,True,agonist,antagonist
depth_64,h2_posthoc,depth_64,42,5,63.4,47.11,1.898,0.612,1.286,False,antagonist,antagonist
depth_64,h2_posthoc,depth_64,42,6,71.12,53.15,1.01,0.93,0.081,True,antagonist,antagonist
depth_64,h2_posthoc,depth_64,42,7,67.53,42.7,7.789,2.785,5.005,False,antagonist,antagonist
depth_64,h2_posthoc,depth_64,42,8,64.01,46.53,1.149,0.738,0.411,False,antagonist,antagonist
depth_64,h2_posthoc,depth_64,42,9,77.67,58.24,0.324,1.791,-1.467,True,agonist,antagonist
depth_64,h2_posthoc,depth_64,43,10,62.03,47.55,2.457,0.592,1.865,False,antagonist,antagonist
depth_64,h2_posthoc,depth_64,43,1,64.45,48.42,2.613,0.506,2.108,False,antagonist,antagonist
depth_64,h2_posthoc,depth_64,43,2,68.61,53.63,2.639,0.564,2.075,False,antagonist,antagonist
depth_64,h2_posthoc,depth_64,43,3,71.04,57.14,2.861,0.531,2.33,True,antagonist,antagonist
depth_64,h2_posthoc,depth_64,43,4,69.29,54.41,3.427,0.622,2.805,False,antagonist,antagonist
depth_64,h2_posthoc,depth_64,43,5,66.04,47.6,2.226,1.085,1.141,False,antagonist,antagonist
depth_64,h2_posthoc,depth_64,43,6,67.91,54.34,3.197,1.521,1.676,False,antagonist,antagonist
depth_64,h2_posthoc,depth_64,43,7,62.87,42.6,4.646,1.601,3.045,False,antagonist,antagonist
depth_64,h2_posthoc,depth_64,43,8,65.14,46.15,1.713,0.844,0.869,False,antagonist,antagonist
depth_64,h2_posthoc,depth_64,43,9,70.86,55.98,2.11,0.491,1.619,True,antagonist,antagonist
depth_64,h2_posthoc,depth_64,44,10,62.61,46.61,2.597,0.485,2.112,False,antagonist,antagonist
depth_64,h2_posthoc,depth_64,44,1,66.66,50.49,1.515,0.339,1.176,False,antagonist,antagonist
depth_64,h2_posthoc,depth_64,44,2,63.64,51.02,1.816,0.451,1.366,False,antagonist,antagonist
depth_64,h2_posthoc,depth_64,44,3,66.29,47.57,1.229,2.446,-1.216,False,agonist,antagonist
depth_64,h2_posthoc,depth_64,44,4,69.21,52.55,1.44,0.522,0.918,False,antagonist,antagonist
depth_64,h2_posthoc,depth_64,44,5,62.75,46.59,2.505,0.251,2.255,False,antagonist,antagonist
depth_64,h2_posthoc,depth_64,44,6,62.45,46.41,1.685,2.023,-0.337,False,agonist,antagonist
depth_64,h2_posthoc,depth_64,44,7,62.75,55.52,1.355,1.566,-0.211,False,agonist,antagonist
depth_64,h2_posthoc,depth_64,44,8,65.79,48.69,1.687,0.806,0.881,False,antagonist,antagonist
depth_64,h2_posthoc,depth_64,44,9,67.5,60.64,2.357,1.905,0.452,False,antagonist,antagonist
depth_64,h2_posthoc,depth_64,45,10,67.39,47.33,6.019,2.133,3.886,False,antagonist,antagonist
depth_64,h2_posthoc,depth_64,45,1,73.31,55.68,2.784,0.565,2.22,True,antagonist,antagonist
depth_64,h2_posthoc,depth_64,45,2,66.84,45.99,2.02,0.636,1.385,False,antagonist,antagonist
depth_64,h2_posthoc,depth_64,45,3,71.31,53.55,1.167,0.295,0.872,True,antagonist,antagonist
depth_64,h2_posthoc,depth_64,45,4,78.42,52.23,0.756,1.384,-0.628,True,agonist,antagonist
depth_64,h2_posthoc,depth_64,45,5,66.67,48.58,2.865,1.485,1.381,False,antagonist,antagonist
depth_64,h2_posthoc,depth_64,45,6,64.86,50.3,1.489,2.307,-0.819,False,agonist,antagonist
depth_64,h2_posthoc,depth_64,45,7,79.97,72.98,2.631,0.647,1.984,True,antagonist,antagonist
depth_64,h2_posthoc,depth_64,45,8,71.83,54.29,1.944,0.302,1.643,True,antagonist,antagonist
depth_64,h2_posthoc,depth_64,45,9,67.07,47.76,2.598,0.508,2.09,False,antagonist,antagonist
depth_64,h2_posthoc,depth_64,46,10,61.68,46.05,3.69,0.68,3.01,False,antagonist,antagonist
depth_64,h2_posthoc,depth_64,46,1,66.48,51.98,1.924,2.631,-0.707,False,agonist,antagonist
depth_64,h2_posthoc,depth_64,46,2,63.47,50.02,1.331,0.26,1.071,False,antagonist,antagonist
depth_64,h2_posthoc,depth_64,46,3,73.61,71.06,2.246,0.601,1.645,True,antagonist,antagonist
depth_64,h2_posthoc,depth_64,46,4,66.41,58.23,2.034,0.286,1.748,False,antagonist,antagonist
depth_64,h2_posthoc,depth_64,46,5,73.49,66.37,2.417,2.94,-0.523,True,agonist,antagonist
depth_64,h2_posthoc,depth_64,46,6,65.48,54.67,2.484,2.732,-0.248,False,agonist,antagonist
depth_64,h2_posthoc,depth_64,46,7,67.03,60.95,2.058,1.363,0.696,False,antagonist,antagonist
depth_64,h2_posthoc,depth_64,46,8,65.8,52.85,2.519,0.33,2.189,False,antagonist,antagonist
depth_64,h2_posthoc,depth_64,46,9,63.91,52.02,1.865,1.487,0.379,False,antagonist,antagonist
depth_96,h2_posthoc,depth_96,42,10,80.6,69.77,2.285,0.428,1.857,True,antagonist,antagonist
depth_96,h2_posthoc,depth_96,42,1,80.42,69.64,2.783,0.321,2.462,True,antagonist,antagonist
depth_96,h2_posthoc,depth_96,42,2,78.88,68.92,3.084,0.357,2.727,True,antagonist,antagonist
depth_96,h2_posthoc,depth_96,42,3,81.0,69.84,2.924,0.29,2.634,True,antagonist,antagonist
depth_96,h2_posthoc,depth_96,42,4,79.43,68.04,2.884,0.395,2.489,True,antagonist,antagonist
depth_96,h2_posthoc,depth_96,42,5,79.42,68.36,2.807,0.517,2.29,True,antagonist,antagonist
depth_96,h2_posthoc,depth_96,42,6,81.07,71.35,2.406,0.428,1.978,True,antagonist,antagonist
depth_96,h2_posthoc,depth_96,42,7,79.9,68.2,3.113,0.399,2.714,True,antagonist,antagonist
depth_96,h2_posthoc,depth_96,42,8,78.34,70.19,2.458,0.435,2.023,True,antagonist,antagonist
depth_96,h2_posthoc,depth_96,42,9,81.55,73.84,2.252,0.379,1.873,True,antagonist,antagonist
depth_96,h2_posthoc,depth_96,43,10,79.45,70.83,2.435,0.359,2.076,True,antagonist,antagonist
depth_96,h2_posthoc,depth_96,43,1,79.95,70.52,2.305,0.297,2.009,True,antagonist,antagonist
depth_96,h2_posthoc,depth_96,43,2,80.55,69.32,2.627,0.368,2.259,True,antagonist,antagonist
depth_96,h2_posthoc,depth_96,43,3,80.53,70.35,3.02,0.394,2.627,True,antagonist,antagonist
depth_96,h2_posthoc,depth_96,43,4,80.53,69.34,2.912,0.44,2.472,True,antagonist,antagonist
depth_96,h2_posthoc,depth_96,43,5,80.69,70.66,2.89,0.383,2.508,True,antagonist,antagonist
depth_96,h2_posthoc,depth_96,43,6,80.01,69.53,3.094,0.398,2.697,True,antagonist,antagonist
depth_96,h2_posthoc,depth_96,43,7,80.81,70.45,2.615,0.423,2.192,True,antagonist,antagonist
depth_96,h2_posthoc,depth_96,43,8,79.86,69.98,2.868,0.367,2.501,True,antagonist,antagonist
depth_96,h2_posthoc,depth_96,43,9,78.33,67.24,2.676,0.393,2.282,True,antagonist,antagonist
depth_96,h2_posthoc,depth_96,44,10,77.23,67.62,1.002,0.4,0.602,True,antagonist,antagonist
depth_96,h2_posthoc,depth_96,44,1,77.27,66.6,2.035,0.364,1.671,True,antagonist,antagonist
depth_96,h2_posthoc,depth_96,44,2,78.36,70.79,2.882,0.532,2.35,True,antagonist,antagonist
depth_96,h2_posthoc,depth_96,44,3,78.39,68.79,2.411,0.338,2.073,True,antagonist,antagonist
depth_96,h2_posthoc,depth_96,44,4,77.09,67.46,2.533,0.468,2.065,True,antagonist,antagonist
depth_96,h2_posthoc,depth_96,44,5,76.45,70.58,2.111,0.368,1.742,True,antagonist,antagonist
depth_96,h2_posthoc,depth_96,44,6,74.41,64.13,2.177,2.234,-0.057,True,agonist,antagonist
depth_96,h2_posthoc,depth_96,44,7,70.44,60.76,1.851,2.033,-0.182,True,agonist,antagonist
depth_96,h2_posthoc,depth_96,44,8,75.96,66.94,0.957,0.529,0.428,True,antagonist,antagonist
depth_96,h2_posthoc,depth_96,44,9,79.06,75.73,2.137,0.412,1.725,True,antagonist,antagonist
depth_96,h2_posthoc,depth_96,45,10,75.44,62.98,3.091,0.391,2.7,True,antagonist,antagonist
depth_96,h2_posthoc,depth_96,45,1,74.92,63.93,3.222,0.334,2.888,True,antagonist,antagonist
depth_96,h2_posthoc,depth_96,45,2,72.8,60.49,2.132,0.374,1.759,True,antagonist,antagonist
depth_96,h2_posthoc,depth_96,45,3,74.77,64.34,2.871,0.438,2.433,True,antagonist,antagonist
depth_96,h2_posthoc,depth_96,45,4,76.58,67.23,2.616,0.449,2.167,True,antagonist,antagonist
depth_96,h2_posthoc,depth_96,45,5,75.07,62.1,2.525,0.52,2.005,True,antagonist,antagonist
depth_96,h2_posthoc,depth_96,45,6,75.3,62.25,2.678,0.437,2.241,True,antagonist,antagonist
depth_96,h2_posthoc,depth_96,45,7,73.89,64.39,2.688,0.543,2.144,True,antagonist,antagonist
depth_96,h2_posthoc,depth_96,45,8,73.63,64.04,2.209,0.288,1.921,True,antagonist,antagonist
depth_96,h2_posthoc,depth_96,45,9,75.4,66.82,3.221,0.543,2.678,True,antagonist,antagonist
depth_96,h2_posthoc,depth_96,46,10,77.86,69.89,2.65,0.294,2.356,True,antagonist,antagonist
depth_96,h2_posthoc,depth_96,46,1,80.31,74.81,2.617,0.347,2.27,True,antagonist,antagonist
depth_96,h2_posthoc,depth_96,46,2,73.99,65.62,2.143,0.447,1.696,True,antagonist,antagonist
depth_96,h2_posthoc,depth_96,46,3,79.35,71.18,1.362,1.883,-0.521,True,agonist,antagonist
depth_96,h2_posthoc,depth_96,46,4,73.91,65.66,2.13,0.364,1.766,True,antagonist,antagonist
depth_96,h2_posthoc,depth_96,46,5,76.46,67.34,1.355,2.587,-1.232,True,agonist,antagonist
depth_96,h2_posthoc,depth_96,46,6,80.01,67.68,1.263,0.317,0.945,True,antagonist,antagonist
depth_96,h2_posthoc,depth_96,46,7,79.72,75.33,0.637,0.425,0.212,True,antagonist,antagonist
depth_96,h2_posthoc,depth_96,46,8,78.99,73.42,2.832,0.487,2.345,True,antagonist,antagonist
depth_96,h2_posthoc,depth_96,46,9,80.64,70.42,2.537,0.568,1.969,True,antagonist,antagonist
template_3kyt,h2_posthoc,template_3kyt,42,10,90.59,72.12,0.244,2.12,-1.876,True,agonist,antagonist
template_3kyt,h2_posthoc,template_3kyt,42,1,90.9,74.68,0.271,1.032,-0.761,True,agonist,antagonist
template_3kyt,h2_posthoc,template_3kyt,42,2,89.5,68.35,0.325,0.959,-0.634,True,agonist,antagonist
template_3kyt,h2_posthoc,template_3kyt,42,3,90.25,69.75,0.255,1.891,-1.636,True,agonist,antagonist
template_3kyt,h2_posthoc,template_3kyt,42,4,90.99,73.07,2.262,1.64,0.622,True,antagonist,antagonist
template_3kyt,h2_posthoc,template_3kyt,42,5,89.9,70.15,2.339,1.963,0.375,True,antagonist,antagonist
template_3kyt,h2_posthoc,template_3kyt,42,6,90.02,69.14,0.19,2.208,-2.018,True,agonist,antagonist
template_3kyt,h2_posthoc,template_3kyt,42,7,90.32,71.21,0.432,2.038,-1.607,True,agonist,antagonist
template_3kyt,h2_posthoc,template_3kyt,42,8,90.19,71.49,0.396,2.07,-1.674,True,agonist,antagonist
template_3kyt,h2_posthoc,template_3kyt,42,9,90.64,73.05,0.305,1.88,-1.576,True,agonist,antagonist
template_3kyt,h2_posthoc,template_3kyt,43,10,90.46,72.04,0.259,1.973,-1.714,True,agonist,antagonist
template_3kyt,h2_posthoc,template_3kyt,43,1,90.99,74.43,2.277,1.538,0.738,True,antagonist,antagonist
template_3kyt,h2_posthoc,template_3kyt,43,2,90.48,71.87,0.244,1.956,-1.712,True,agonist,antagonist
template_3kyt,h2_posthoc,template_3kyt,43,3,90.35,71.19,0.33,1.911,-1.582,True,agonist,antagonist
template_3kyt,h2_posthoc,template_3kyt,43,4,90.28,71.07,0.272,1.829,-1.558,True,agonist,antagonist
template_3kyt,h2_posthoc,template_3kyt,43,5,89.81,68.71,0.228,2.167,-1.939,True,agonist,antagonist
template_3kyt,h2_posthoc,template_3kyt,43,6,91.08,74.56,2.31,1.483,0.827,True,antagonist,antagonist
template_3kyt,h2_posthoc,template_3kyt,43,7,89.54,66.73,1.704,1.209,0.495,True,antagonist,antagonist
template_3kyt,h2_posthoc,template_3kyt,43,8,90.19,70.34,0.325,0.974,-0.649,True,agonist,antagonist
template_3kyt,h2_posthoc,template_3kyt,43,9,90.72,73.24,2.257,2.15,0.106,True,antagonist,antagonist
template_3kyt,h2_posthoc,template_3kyt,44,10,90.32,71.85,2.182,1.688,0.495,True,antagonist,antagonist
template_3kyt,h2_posthoc,template_3kyt,44,1,89.53,68.03,0.269,1.609,-1.341,True,agonist,antagonist
template_3kyt,h2_posthoc,template_3kyt,44,2,90.6,73.32,0.288,1.306,-1.018,True,agonist,antagonist
template_3kyt,h2_posthoc,template_3kyt,44,3,90.93,74.15,0.431,2.061,-1.63,True,agonist,antagonist
template_3kyt,h2_posthoc,template_3kyt,44,4,90.19,70.27,0.29,1.963,-1.673,True,agonist,antagonist
template_3kyt,h2_posthoc,template_3kyt,44,5,91.25,75.96,0.379,3.055,-2.676,True,agonist,antagonist
template_3kyt,h2_posthoc,template_3kyt,44,6,90.34,73.07,0.226,1.732,-1.506,True,agonist,antagonist
template_3kyt,h2_posthoc,template_3kyt,44,7,90.04,69.32,0.578,1.961,-1.383,True,agonist,antagonist
template_3kyt,h2_posthoc,template_3kyt,44,8,89.45,67.06,0.361,1.548,-1.187,True,agonist,antagonist
template_3kyt,h2_posthoc,template_3kyt,44,9,90.06,69.44,0.223,1.655,-1.432,True,agonist,antagonist
template_3kyt,h2_posthoc,template_3kyt,45,10,90.33,70.71,0.245,1.873,-1.629,True,agonist,antagonist
template_3kyt,h2_posthoc,template_3kyt,45,1,90.26,70.17,0.305,1.358,-1.053,True,agonist,antagonist
template_3kyt,h2_posthoc,template_3kyt,45,2,90.6,71.73,0.208,1.187,-0.978,True,agonist,antagonist
template_3kyt,h2_posthoc,template_3kyt,45,3,89.34,66.61,2.283,0.852,1.431,True,antagonist,antagonist
template_3kyt,h2_posthoc,template_3kyt,45,4,91.31,75.7,5.026,1.726,3.3,True,antagonist,antagonist
template_3kyt,h2_posthoc,template_3kyt,45,5,90.09,69.95,0.396,2.226,-1.83,True,agonist,antagonist
template_3kyt,h2_posthoc,template_3kyt,45,6,90.45,71.9,0.24,1.642,-1.402,True,agonist,antagonist
template_3kyt,h2_posthoc,template_3kyt,45,7,90.26,70.51,0.506,1.964,-1.458,True,agonist,antagonist
template_3kyt,h2_posthoc,template_3kyt,45,8,89.81,68.13,0.4,2.777,-2.377,True,agonist,antagonist
template_3kyt,h2_posthoc,template_3kyt,45,9,90.81,75.87,0.338,1.165,-0.827,True,agonist,antagonist
template_3kyt,h2_posthoc,template_3kyt,46,10,90.64,72.55,5.139,1.577,3.562,True,antagonist,antagonist
template_3kyt,h2_posthoc,template_3kyt,46,1,90.16,69.33,0.404,0.946,-0.541,True,agonist,antagonist
template_3kyt,h2_posthoc,template_3kyt,46,2,90.41,71.78,0.255,2.134,-1.878,True,agonist,antagonist
template_3kyt,h2_posthoc,template_3kyt,46,3,90.21,70.47,0.383,1.645,-1.262,True,agonist,antagonist
template_3kyt,h2_posthoc,template_3kyt,46,4,90.67,73.3,0.381,2.001,-1.619,True,agonist,antagonist
template_3kyt,h2_posthoc,template_3kyt,46,5,90.21,71.08,0.374,1.322,-0.948,True,agonist,antagonist
template_3kyt,h2_posthoc,template_3kyt,46,6,89.9,68.7,0.277,1.554,-1.277,True,agonist,antagonist
template_3kyt,h2_posthoc,template_3kyt,46,7,90.47,72.82,0.227,1.775,-1.549,True,agonist,antagonist
template_3kyt,h2_posthoc,template_3kyt,46,8,89.6,67.19,0.332,1.72,-1.388,True,agonist,antagonist
template_3kyt,h2_posthoc,template_3kyt,46,9,89.84,68.82,0.309,2.009,-1.7,True,agonist,antagonist
template_4zjw,h2_posthoc,template_4zjw,42,10,91.35,79.85,0.317,2.175,-1.858,True,agonist,antagonist
template_4zjw,h2_posthoc,template_4zjw,42,1,91.63,81.65,2.08,2.467,-0.387,True,agonist,antagonist
template_4zjw,h2_posthoc,template_4zjw,42,2,89.54,67.6,0.259,5.127,-4.867,True,agonist,antagonist
template_4zjw,h2_posthoc,template_4zjw,42,3,90.1,70.94,2.575,0.49,2.085,True,antagonist,antagonist
template_4zjw,h2_posthoc,template_4zjw,42,4,90.28,69.76,0.328,0.34,-0.013,True,agonist,antagonist
template_4zjw,h2_posthoc,template_4zjw,42,5,90.33,72.21,0.315,0.335,-0.02,True,agonist,antagonist
template_4zjw,h2_posthoc,template_4zjw,42,6,90.99,73.71,0.256,4.214,-3.958,True,agonist,antagonist
template_4zjw,h2_posthoc,template_4zjw,42,7,90.44,71.96,0.336,0.322,0.014,True,antagonist,antagonist
template_4zjw,h2_posthoc,template_4zjw,42,8,91.03,73.94,0.271,4.176,-3.904,True,agonist,antagonist
template_4zjw,h2_posthoc,template_4zjw,42,9,90.01,69.17,0.386,0.308,0.078,True,antagonist,antagonist
template_4zjw,h2_posthoc,template_4zjw,43,10,90.09,69.93,0.306,0.349,-0.044,True,agonist,antagonist
template_4zjw,h2_posthoc,template_4zjw,43,1,89.66,68.46,0.374,0.315,0.06,True,antagonist,antagonist
template_4zjw,h2_posthoc,template_4zjw,43,2,90.52,71.81,0.367,4.346,-3.979,True,agonist,antagonist
template_4zjw,h2_posthoc,template_4zjw,43,3,90.3,71.23,0.371,0.331,0.04,True,antagonist,antagonist
template_4zjw,h2_posthoc,template_4zjw,43,4,89.94,69.41,0.282,0.345,-0.064,True,agonist,antagonist
template_4zjw,h2_posthoc,template_4zjw,43,5,90.15,70.01,0.277,0.373,-0.096,True,agonist,antagonist
template_4zjw,h2_posthoc,template_4zjw,43,6,91.63,80.58,2.289,1.183,1.107,True,antagonist,antagonist
template_4zjw,h2_posthoc,template_4zjw,43,7,91.12,74.21,0.357,0.338,0.02,True,antagonist,antagonist
template_4zjw,h2_posthoc,template_4zjw,43,8,91.0,78.79,0.284,1.669,-1.385,True,agonist,antagonist
template_4zjw,h2_posthoc,template_4zjw,43,9,90.0,69.03,0.376,0.365,0.011,True,antagonist,antagonist
template_4zjw,h2_posthoc,template_4zjw,44,10,91.1,74.83,0.337,0.403,-0.066,True,agonist,antagonist
template_4zjw,h2_posthoc,template_4zjw,44,1,90.63,73.08,0.386,0.33,0.056,True,antagonist,antagonist
template_4zjw,h2_posthoc,template_4zjw,44,2,89.98,71.01,0.336,0.323,0.013,True,antagonist,antagonist
template_4zjw,h2_posthoc,template_4zjw,44,3,90.72,72.62,0.487,0.328,0.159,True,antagonist,antagonist
template_4zjw,h2_posthoc,template_4zjw,44,4,91.29,75.12,0.321,0.312,0.009,True,antagonist,antagonist
template_4zjw,h2_posthoc,template_4zjw,44,5,90.47,72.83,0.287,0.322,-0.035,True,agonist,antagonist
template_4zjw,h2_posthoc,template_4zjw,44,6,90.33,71.66,0.31,0.353,-0.043,True,agonist,antagonist
template_4zjw,h2_posthoc,template_4zjw,44,7,89.83,69.56,0.261,4.796,-4.535,True,agonist,antagonist
template_4zjw,h2_posthoc,template_4zjw,44,8,90.36,72.06,0.329,0.345,-0.017,True,agonist,antagonist
template_4zjw,h2_posthoc,template_4zjw,44,9,89.91,70.18,0.327,0.334,-0.007,True,agonist,antagonist
template_4zjw,h2_posthoc,template_4zjw,45,10,89.99,70.23,0.35,0.331,0.018,True,antagonist,antagonist
template_4zjw,h2_posthoc,template_4zjw,45,1,90.33,70.89,0.278,0.333,-0.055,True,agonist,antagonist
template_4zjw,h2_posthoc,template_4zjw,45,2,91.16,79.64,0.23,1.238,-1.008,True,agonist,antagonist
template_4zjw,h2_posthoc,template_4zjw,45,3,90.43,71.37,0.227,4.999,-4.772,True,agonist,antagonist
template_4zjw,h2_posthoc,template_4zjw,45,4,90.86,73.48,0.279,0.358,-0.079,True,agonist,antagonist
template_4zjw,h2_posthoc,template_4zjw,45,5,90.12,70.96,0.323,0.382,-0.059,True,agonist,antagonist
template_4zjw,h2_posthoc,template_4zjw,45,6,89.83,69.78,0.321,4.097,-3.777,True,agonist,antagonist
template_4zjw,h2_posthoc,template_4zjw,45,7,90.2,70.67,0.333,0.312,0.021,True,antagonist,antagonist
template_4zjw,h2_posthoc,template_4zjw,45,8,91.09,74.31,0.49,4.252,-3.761,True,agonist,antagonist
template_4zjw,h2_posthoc,template_4zjw,45,9,91.54,80.36,1.752,1.735,0.016,True,antagonist,antagonist
template_4zjw,h2_posthoc,template_4zjw,46,10,90.96,73.83,0.249,0.349,-0.1,True,agonist,antagonist
template_4zjw,h2_posthoc,template_4zjw,46,1,90.17,70.44,0.262,0.336,-0.074,True,agonist,antagonist
template_4zjw,h2_posthoc,template_4zjw,46,2,90.35,70.7,0.363,0.333,0.03,True,antagonist,antagonist
template_4zjw,h2_posthoc,template_4zjw,46,3,90.81,77.17,0.35,1.715,-1.364,True,agonist,antagonist
template_4zjw,h2_posthoc,template_4zjw,46,4,90.98,74.06,0.29,0.289,0.001,True,antagonist,antagonist
template_4zjw,h2_posthoc,template_4zjw,46,5,89.64,69.37,0.283,0.323,-0.04,True,agonist,antagonist
template_4zjw,h2_posthoc,template_4zjw,46,6,90.7,71.86,0.181,0.356,-0.176,True,agonist,antagonist
template_4zjw,h2_posthoc,template_4zjw,46,7,90.81,72.4,0.232,4.264,-4.032,True,agonist,antagonist
template_4zjw,h2_posthoc,template_4zjw,46,8,90.34,71.59,0.255,0.33,-0.075,True,agonist,antagonist
template_4zjw,h2_posthoc,template_4zjw,46,9,90.51,71.81,0.363,0.281,0.082,True,antagonist,antagonist
template_5c4o,h2_posthoc,template_5c4o,42,10,91.33,74.61,0.305,1.792,-1.486,True,agonist,antagonist
template_5c4o,h2_posthoc,template_5c4o,42,1,91.04,73.32,0.308,1.657,-1.349,True,agonist,antagonist
template_5c4o,h2_posthoc,template_5c4o,42,2,91.08,73.81,0.248,1.268,-1.019,True,agonist,antagonist
template_5c4o,h2_posthoc,template_5c4o,42,3,91.2,74.57,0.303,1.602,-1.299,True,agonist,antagonist
template_5c4o,h2_posthoc,template_5c4o,42,4,91.36,73.69,0.238,1.455,-1.217,True,agonist,antagonist
template_5c4o,h2_posthoc,template_5c4o,42,5,91.0,73.63,0.262,1.39,-1.127,True,agonist,antagonist
template_5c4o,h2_posthoc,template_5c4o,42,6,91.11,73.84,0.24,1.491,-1.25,True,agonist,antagonist
template_5c4o,h2_posthoc,template_5c4o,42,7,91.14,73.6,0.245,1.388,-1.143,True,agonist,antagonist
template_5c4o,h2_posthoc,template_5c4o,42,8,91.23,75.0,0.239,1.758,-1.518,True,agonist,antagonist
template_5c4o,h2_posthoc,template_5c4o,42,9,91.42,73.92,0.268,1.578,-1.31,True,agonist,antagonist
template_5c4o,h2_posthoc,template_5c4o,43,10,91.35,75.08,0.259,1.981,-1.721,True,agonist,antagonist
template_5c4o,h2_posthoc,template_5c4o,43,1,91.44,74.19,0.404,1.183,-0.779,True,agonist,antagonist
template_5c4o,h2_posthoc,template_5c4o,43,2,91.33,73.73,0.255,1.91,-1.655,True,agonist,antagonist
template_5c4o,h2_posthoc,template_5c4o,43,3,91.11,73.44,0.298,1.392,-1.094,True,agonist,antagonist
template_5c4o,h2_posthoc,template_5c4o,43,4,91.04,73.74,0.328,1.334,-1.006,True,agonist,antagonist
template_5c4o,h2_posthoc,template_5c4o,43,5,91.19,73.8,0.269,1.643,-1.374,True,agonist,antagonist
template_5c4o,h2_posthoc,template_5c4o,43,6,91.17,73.67,0.237,1.277,-1.04,True,agonist,antagonist
template_5c4o,h2_posthoc,template_5c4o,43,7,91.09,73.52,0.305,1.488,-1.183,True,agonist,antagonist
template_5c4o,h2_posthoc,template_5c4o,43,8,91.25,73.51,0.31,1.263,-0.953,True,agonist,antagonist
template_5c4o,h2_posthoc,template_5c4o,43,9,91.13,74.05,0.289,1.616,-1.327,True,agonist,antagonist
template_5c4o,h2_posthoc,template_5c4o,44,10,91.63,74.43,0.243,1.984,-1.741,True,agonist,antagonist
template_5c4o,h2_posthoc,template_5c4o,44,1,91.07,73.51,0.444,1.647,-1.203,True,agonist,antagonist
template_5c4o,h2_posthoc,template_5c4o,44,2,91.11,73.87,0.249,1.2,-0.951,True,agonist,antagonist
template_5c4o,h2_posthoc,template_5c4o,44,3,91.28,73.7,0.238,1.498,-1.26,True,agonist,antagonist
template_5c4o,h2_posthoc,template_5c4o,44,4,91.54,74.73,0.308,1.592,-1.284,True,agonist,antagonist
template_5c4o,h2_posthoc,template_5c4o,44,5,91.25,75.26,0.302,1.802,-1.5,True,agonist,antagonist
template_5c4o,h2_posthoc,template_5c4o,44,6,91.16,74.68,0.24,1.693,-1.453,True,agonist,antagonist
template_5c4o,h2_posthoc,template_5c4o,44,7,91.05,74.11,0.258,1.606,-1.348,True,agonist,antagonist
template_5c4o,h2_posthoc,template_5c4o,44,8,91.3,74.53,0.323,1.435,-1.112,True,agonist,antagonist
template_5c4o,h2_posthoc,template_5c4o,44,9,91.13,73.66,0.242,1.461,-1.219,True,agonist,antagonist
template_5c4o,h2_posthoc,template_5c4o,45,10,91.42,74.86,0.31,1.79,-1.479,True,agonist,antagonist
template_5c4o,h2_posthoc,template_5c4o,45,1,90.99,73.56,0.294,1.371,-1.077,True,agonist,antagonist
template_5c4o,h2_posthoc,template_5c4o,45,2,91.31,73.78,0.332,1.36,-1.028,True,agonist,antagonist
template_5c4o,h2_posthoc,template_5c4o,45,3,91.14,74.12,0.247,1.386,-1.139,True,agonist,antagonist
template_5c4o,h2_posthoc,template_5c4o,45,4,91.64,76.32,0.255,1.892,-1.637,True,agonist,antagonist
template_5c4o,h2_posthoc,template_5c4o,45,5,91.42,73.95,0.337,1.82,-1.483,True,agonist,antagonist
template_5c4o,h2_posthoc,template_5c4o,45,6,91.17,74.12,0.246,1.742,-1.496,True,agonist,antagonist
template_5c4o,h2_posthoc,template_5c4o,45,7,91.13,74.05,0.334,1.733,-1.399,True,agonist,antagonist
template_5c4o,h2_posthoc,template_5c4o,45,8,91.3,73.92,2.544,1.944,0.6,True,antagonist,antagonist
template_5c4o,h2_posthoc,template_5c4o,45,9,91.35,74.91,0.337,1.772,-1.435,True,agonist,antagonist
template_5c4o,h2_posthoc,template_5c4o,46,10,91.26,74.31,0.318,1.706,-1.387,True,agonist,antagonist
template_5c4o,h2_posthoc,template_5c4o,46,1,91.51,75.52,0.256,1.891,-1.635,True,agonist,antagonist
template_5c4o,h2_posthoc,template_5c4o,46,2,91.15,73.84,0.243,1.65,-1.408,True,agonist,antagonist
template_5c4o,h2_posthoc,template_5c4o,46,3,91.22,73.94,0.428,1.496,-1.068,True,agonist,antagonist
template_5c4o,h2_posthoc,template_5c4o,46,4,91.37,74.87,0.373,1.86,-1.487,True,agonist,antagonist
template_5c4o,h2_posthoc,template_5c4o,46,5,90.89,73.49,0.247,1.208,-0.962,True,agonist,antagonist
template_5c4o,h2_posthoc,template_5c4o,46,6,91.19,75.01,0.245,1.742,-1.497,True,agonist,antagonist
template_5c4o,h2_posthoc,template_5c4o,46,7,91.27,74.02,0.255,1.605,-1.35,True,agonist,antagonist
template_5c4o,h2_posthoc,template_5c4o,46,8,91.0,73.14,0.302,1.076,-0.774,True,agonist,antagonist
template_5c4o,h2_posthoc,template_5c4o,46,9,91.34,74.11,0.257,1.335,-1.077,True,agonist,antagonist
apo,h3,apo,42,10,90.27,84.2,0.389,3.985,-3.596,True,agonist,
apo,h3,apo,42,1,90.28,84.06,0.504,4.638,-4.134,True,agonist,
apo,h3,apo,42,2,90.16,84.0,0.365,0.347,0.019,True,antagonist,
apo,h3,apo,42,3,90.31,84.23,0.42,0.339,0.08,True,antagonist,
apo,h3,apo,42,4,90.2,84.0,0.486,4.554,-4.068,True,agonist,
apo,h3,apo,42,5,90.13,83.73,0.428,0.356,0.072,True,antagonist,
apo,h3,apo,42,6,90.19,83.85,0.419,0.343,0.076,True,antagonist,
apo,h3,apo,42,7,90.31,84.22,0.37,0.355,0.016,True,antagonist,
apo,h3,apo,42,8,90.23,83.94,0.397,0.357,0.04,True,antagonist,
apo,h3,apo,42,9,90.26,84.11,0.382,0.354,0.028,True,antagonist,
apo,h3,apo,43,10,90.3,84.58,0.328,0.338,-0.01,True,agonist,
apo,h3,apo,43,1,90.42,84.84,0.359,0.352,0.007,True,antagonist,
apo,h3,apo,43,2,90.35,84.66,0.318,0.358,-0.04,True,agonist,
apo,h3,apo,43,3,90.39,84.74,0.368,0.35,0.018,True,antagonist,
apo,h3,apo,43,4,90.33,84.59,0.334,0.359,-0.025,True,agonist,
apo,h3,apo,43,5,90.27,84.32,0.474,0.343,0.131,True,antagonist,
apo,h3,apo,43,6,90.31,84.47,0.351,0.355,-0.004,True,agonist,
apo,h3,apo,43,7,90.46,84.85,0.333,0.355,-0.022,True,agonist,
apo,h3,apo,43,8,90.45,84.9,0.306,0.347,-0.042,True,agonist,
apo,h3,apo,43,9,90.4,84.76,0.342,0.309,0.033,True,antagonist,
apo,h3,apo,44,10,90.7,86.03,0.374,0.353,0.02,True,antagonist,
apo,h3,apo,44,1,90.68,85.81,0.369,0.357,0.012,True,antagonist,
apo,h3,apo,44,2,90.52,85.48,0.459,4.557,-4.098,True,agonist,
apo,h3,apo,44,3,90.57,85.68,0.339,0.361,-0.022,True,agonist,
apo,h3,apo,44,4,90.65,85.83,0.399,0.368,0.031,True,antagonist,
apo,h3,apo,44,5,90.59,85.84,0.373,0.321,0.052,True,antagonist,
apo,h3,apo,44,6,90.63,85.79,0.383,0.37,0.013,True,antagonist,
apo,h3,apo,44,7,90.65,85.8,0.409,0.352,0.057,True,antagonist,
apo,h3,apo,44,8,90.68,85.99,0.325,0.357,-0.032,True,agonist,
apo,h3,apo,44,9,90.59,85.84,0.341,0.351,-0.011,True,agonist,
apo,h3,apo,45,10,90.5,85.43,0.378,0.34,0.038,True,antagonist,
apo,h3,apo,45,1,90.56,85.53,0.355,0.361,-0.005,True,agonist,
apo,h3,apo,45,2,90.6,85.62,0.306,0.369,-0.063,True,agonist,
apo,h3,apo,45,3,90.53,85.63,0.354,0.356,-0.002,True,agonist,
apo,h3,apo,45,4,90.54,85.73,0.29,0.345,-0.055,True,agonist,
apo,h3,apo,45,5,90.39,85.1,0.457,0.358,0.098,True,antagonist,
apo,h3,apo,45,6,90.49,85.31,0.441,4.071,-3.63,True,agonist,
apo,h3,apo,45,7,90.63,85.86,0.275,0.355,-0.08,True,agonist,
apo,h3,apo,45,8,90.48,85.28,0.347,0.352,-0.005,True,agonist,
apo,h3,apo,45,9,90.62,85.72,0.303,0.365,-0.062,True,agonist,
apo,h3,apo,46,10,90.27,84.33,0.336,0.379,-0.042,True,agonist,
apo,h3,apo,46,1,90.31,84.37,0.34,0.367,-0.027,True,agonist,
apo,h3,apo,46,2,90.37,84.61,0.3,0.345,-0.044,True,agonist,
apo,h3,apo,46,3,90.23,84.05,0.423,0.328,0.095,True,antagonist,
apo,h3,apo,46,4,90.36,84.53,0.357,0.358,-0.0,True,agonist,
apo,h3,apo,46,5,90.37,84.61,0.319,0.353,-0.035,True,agonist,
apo,h3,apo,46,6,90.28,84.49,0.401,0.364,0.038,True,antagonist,
apo,h3,apo,46,7,90.29,84.3,0.369,0.331,0.038,True,antagonist,
apo,h3,apo,46,8,90.24,84.18,0.464,4.58,-4.116,True,agonist,
apo,h3,apo,46,9,90.31,84.38,0.354,0.367,-0.013,True,agonist,
c1,h3,c1,42,10,87.67,59.66,0.407,0.357,0.049,True,antagonist,agonist
c1,h3,c1,42,1,87.67,60.71,0.633,4.478,-3.845,True,agonist,agonist
c1,h3,c1,42,2,87.49,59.81,0.331,0.367,-0.036,True,agonist,agonist
c1,h3,c1,42,3,87.44,60.19,0.288,0.332,-0.045,True,agonist,agonist
c1,h3,c1,42,4,87.59,59.62,0.31,0.365,-0.054,True,agonist,agonist
c1,h3,c1,42,5,87.48,60.58,0.36,0.338,0.023,True,antagonist,agonist
c1,h3,c1,42,6,87.44,60.4,0.289,0.296,-0.007,True,agonist,agonist
c1,h3,c1,42,7,87.29,60.24,0.384,0.344,0.041,True,antagonist,agonist
c1,h3,c1,42,8,87.36,60.23,0.309,0.327,-0.019,True,agonist,agonist
c1,h3,c1,42,9,88.63,71.62,0.425,1.354,-0.93,True,agonist,agonist
c1,h3,c1,43,10,88.0,63.11,0.315,0.422,-0.106,True,agonist,agonist
c1,h3,c1,43,1,87.93,62.31,0.349,0.347,0.002,True,antagonist,agonist
c1,h3,c1,43,2,88.46,63.49,0.266,0.387,-0.121,True,agonist,agonist
c1,h3,c1,43,3,88.33,63.18,0.269,0.348,-0.079,True,agonist,agonist
c1,h3,c1,43,4,88.35,63.26,0.315,0.32,-0.006,True,agonist,agonist
c1,h3,c1,43,5,88.16,62.79,0.402,0.328,0.074,True,antagonist,agonist
c1,h3,c1,43,6,88.43,63.67,0.299,0.341,-0.041,True,agonist,agonist
c1,h3,c1,43,7,88.15,63.06,0.353,0.323,0.03,True,antagonist,agonist
c1,h3,c1,43,8,88.28,63.52,0.307,0.335,-0.028,True,agonist,agonist
c1,h3,c1,43,9,88.28,63.59,0.229,0.349,-0.12,True,agonist,agonist
c1,h3,c1,44,10,87.7,63.38,0.303,0.382,-0.079,True,agonist,agonist
c1,h3,c1,44,1,87.8,63.42,0.341,0.341,0.0,True,antagonist,agonist
c1,h3,c1,44,2,87.86,63.78,0.346,0.376,-0.03,True,agonist,agonist
c1,h3,c1,44,3,87.72,62.83,0.344,0.346,-0.002,True,agonist,agonist
c1,h3,c1,44,4,87.59,62.38,0.385,0.343,0.042,True,antagonist,agonist
c1,h3,c1,44,5,87.76,62.45,0.427,4.301,-3.874,True,agonist,agonist
c1,h3,c1,44,6,87.93,62.97,0.305,0.357,-0.052,True,agonist,agonist
c1,h3,c1,44,7,87.71,62.04,0.284,0.376,-0.092,True,agonist,agonist
c1,h3,c1,44,8,87.68,62.48,0.345,0.352,-0.007,True,agonist,agonist
c1,h3,c1,44,9,87.45,62.3,0.339,0.351,-0.012,True,agonist,agonist
c1,h3,c1,45,10,88.07,61.67,0.302,0.401,-0.099,True,agonist,agonist
c1,h3,c1,45,1,88.24,62.23,0.369,0.337,0.032,True,antagonist,agonist
c1,h3,c1,45,2,88.36,62.89,0.321,0.357,-0.036,True,agonist,agonist
c1,h3,c1,45,3,88.31,63.13,0.296,0.355,-0.059,True,agonist,agonist
c1,h3,c1,45,4,87.97,62.15,0.384,0.347,0.038,True,antagonist,agonist
c1,h3,c1,45,5,88.49,62.66,0.294,0.368,-0.074,True,agonist,agonist
c1,h3,c1,45,6,88.31,62.28,0.321,0.354,-0.033,True,agonist,agonist
c1,h3,c1,45,7,88.57,63.05,0.381,0.334,0.047,True,antagonist,agonist
c1,h3,c1,45,8,88.22,63.21,0.407,0.319,0.088,True,antagonist,agonist
c1,h3,c1,45,9,88.8,63.73,0.295,0.34,-0.045,True,agonist,agonist
c1,h3,c1,46,10,87.42,61.08,0.361,0.337,0.024,True,antagonist,agonist
c1,h3,c1,46,1,87.83,60.51,0.296,0.372,-0.076,True,agonist,agonist
c1,h3,c1,46,2,87.32,59.7,0.418,0.348,0.07,True,antagonist,agonist
c1,h3,c1,46,3,87.72,60.26,0.305,0.352,-0.047,True,agonist,agonist
c1,h3,c1,46,4,87.62,59.91,0.346,0.353,-0.007,True,agonist,agonist
c1,h3,c1,46,5,88.06,60.55,0.337,0.37,-0.034,True,agonist,agonist
c1,h3,c1,46,6,87.85,60.77,0.271,0.365,-0.095,True,agonist,agonist
c1,h3,c1,46,7,87.27,59.77,0.26,0.348,-0.087,True,agonist,agonist
c1,h3,c1,46,8,87.75,60.38,0.414,0.355,0.059,True,antagonist,agonist
c1,h3,c1,46,9,87.36,60.0,0.352,0.443,-0.091,True,agonist,agonist
c2,h3,c2,42,10,90.1,72.29,0.322,1.729,-1.408,True,agonist,antagonist
c2,h3,c2,42,1,93.34,83.78,4.683,1.455,3.228,True,antagonist,antagonist
c2,h3,c2,42,2,90.23,73.17,0.34,1.648,-1.308,True,agonist,antagonist
c2,h3,c2,42,3,90.29,74.24,0.282,1.146,-0.863,True,agonist,antagonist
c2,h3,c2,42,4,90.2,73.36,0.478,1.662,-1.184,True,agonist,antagonist
c2,h3,c2,42,5,93.28,84.87,8.789,1.757,7.032,True,antagonist,antagonist
c2,h3,c2,42,6,92.83,83.08,0.442,1.362,-0.92,True,agonist,antagonist
c2,h3,c2,42,7,93.47,84.56,0.478,1.334,-0.856,True,agonist,antagonist
c2,h3,c2,42,8,93.17,84.49,4.241,2.114,2.127,True,antagonist,antagonist
c2,h3,c2,42,9,92.52,81.43,0.393,2.264,-1.871,True,agonist,antagonist
c2,h3,c2,43,10,88.97,63.63,0.304,0.447,-0.143,True,agonist,antagonist
c2,h3,c2,43,1,90.42,74.03,2.203,1.086,1.117,True,antagonist,antagonist
c2,h3,c2,43,2,90.15,72.04,2.244,2.075,0.169,True,antagonist,antagonist
c2,h3,c2,43,3,90.63,73.87,0.443,1.284,-0.841,True,agonist,antagonist
c2,h3,c2,43,4,90.5,73.23,0.339,1.651,-1.313,True,agonist,antagonist
c2,h3,c2,43,5,93.28,83.12,2.15,1.102,1.048,True,antagonist,antagonist
c2,h3,c2,43,6,89.95,71.73,0.433,1.66,-1.227,True,agonist,antagonist
c2,h3,c2,43,7,91.41,76.64,0.315,1.356,-1.04,True,agonist,antagonist
c2,h3,c2,43,8,89.06,62.81,0.354,0.357,-0.003,True,agonist,antagonist
c2,h3,c2,43,9,90.18,72.64,0.236,1.896,-1.659,True,agonist,antagonist
c2,h3,c2,44,10,90.33,73.43,0.365,1.535,-1.17,True,agonist,antagonist
c2,h3,c2,44,1,88.63,63.59,0.341,0.336,0.005,True,antagonist,antagonist
c2,h3,c2,44,2,90.29,74.29,0.376,1.335,-0.959,True,agonist,antagonist
c2,h3,c2,44,3,93.72,85.82,6.243,2.112,4.13,True,antagonist,antagonist
c2,h3,c2,44,4,90.0,73.0,0.313,1.885,-1.572,True,agonist,antagonist
c2,h3,c2,44,5,90.43,74.49,0.34,0.985,-0.645,True,agonist,antagonist
c2,h3,c2,44,6,93.41,84.52,0.502,0.716,-0.214,True,agonist,antagonist
c2,h3,c2,44,7,89.15,63.67,0.375,0.335,0.04,True,antagonist,antagonist
c2,h3,c2,44,8,90.21,72.99,0.497,1.578,-1.081,True,agonist,antagonist
c2,h3,c2,44,9,90.04,72.65,0.352,1.733,-1.381,True,agonist,antagonist
c2,h3,c2,45,10,93.54,85.07,2.22,1.049,1.171,True,antagonist,antagonist
c2,h3,c2,45,1,93.48,84.85,4.897,1.979,2.918,True,antagonist,antagonist
c2,h3,c2,45,2,90.3,73.62,2.297,2.166,0.131,True,antagonist,antagonist
c2,h3,c2,45,3,89.14,61.88,0.299,0.349,-0.05,True,agonist,antagonist
c2,h3,c2,45,4,93.11,82.48,0.375,1.05,-0.675,True,agonist,antagonist
c2,h3,c2,45,5,89.77,71.74,0.601,2.164,-1.563,True,agonist,antagonist
c2,h3,c2,45,6,91.26,77.3,0.317,1.565,-1.248,True,agonist,antagonist
c2,h3,c2,45,7,92.67,82.26,2.599,2.107,0.493,True,antagonist,antagonist
c2,h3,c2,45,8,90.3,74.4,0.281,1.527,-1.246,True,agonist,antagonist
c2,h3,c2,45,9,92.69,82.59,7.986,1.773,6.213,True,antagonist,antagonist
c2,h3,c2,46,10,89.57,70.21,0.479,2.042,-1.563,True,agonist,antagonist
c2,h3,c2,46,1,92.96,82.31,0.403,1.644,-1.241,True,agonist,antagonist
c2,h3,c2,46,2,90.53,74.39,0.417,1.55,-1.133,True,agonist,antagonist
c2,h3,c2,46,3,93.1,84.48,2.202,1.08,1.122,True,antagonist,antagonist
c2,h3,c2,46,4,90.73,74.15,0.284,1.647,-1.363,True,agonist,antagonist
c2,h3,c2,46,5,90.11,72.3,5.453,1.864,3.588,True,antagonist,antagonist
c2,h3,c2,46,6,92.83,83.38,0.298,1.086,-0.789,True,agonist,antagonist
c2,h3,c2,46,7,92.77,82.67,0.521,0.858,-0.337,True,agonist,antagonist
c2,h3,c2,46,8,90.14,73.51,0.42,1.547,-1.127,True,agonist,antagonist
c2,h3,c2,46,9,91.82,78.8,0.504,1.044,-0.54,True,agonist,antagonist
c3,h3,c3,42,10,88.02,56.9,0.222,0.361,-0.139,True,agonist,agonist
c3,h3,c3,42,1,89.48,70.79,0.524,1.034,-0.511,True,agonist,agonist
c3,h3,c3,42,2,88.43,57.35,0.361,0.36,0.001,True,antagonist,agonist
c3,h3,c3,42,3,90.23,75.37,0.343,1.379,-1.036,True,agonist,agonist
c3,h3,c3,42,4,88.16,57.32,0.394,0.343,0.051,True,antagonist,agonist
c3,h3,c3,42,5,90.06,73.42,0.343,1.384,-1.04,True,agonist,agonist
c3,h3,c3,42,6,87.87,56.93,0.296,0.408,-0.112,True,agonist,agonist
c3,h3,c3,42,7,88.33,57.25,0.307,0.34,-0.033,True,agonist,agonist
c3,h3,c3,42,8,87.8,56.92,0.295,0.354,-0.059,True,agonist,agonist
c3,h3,c3,42,9,90.58,75.47,2.566,1.894,0.672,True,antagonist,agonist
c3,h3,c3,43,10,90.13,73.25,2.277,1.857,0.42,True,antagonist,agonist
c3,h3,c3,43,1,88.17,57.96,0.339,0.352,-0.013,True,agonist,agonist
c3,h3,c3,43,2,88.3,58.26,0.256,0.349,-0.092,True,agonist,agonist
c3,h3,c3,43,3,91.25,77.33,0.498,1.249,-0.751,True,agonist,agonist
c3,h3,c3,43,4,88.62,58.07,0.335,0.337,-0.001,True,agonist,agonist
c3,h3,c3,43,5,91.05,76.3,0.57,2.747,-2.177,True,agonist,agonist
c3,h3,c3,43,6,90.65,76.59,0.536,1.511,-0.975,True,agonist,agonist
c3,h3,c3,43,7,88.35,57.8,0.274,0.337,-0.062,True,agonist,agonist
c3,h3,c3,43,8,88.23,58.62,0.385,0.368,0.018,True,antagonist,agonist
c3,h3,c3,43,9,88.21,58.11,0.453,4.106,-3.653,True,agonist,agonist
c3,h3,c3,44,10,88.03,59.36,0.277,0.375,-0.099,True,agonist,agonist
c3,h3,c3,44,1,88.18,59.67,0.358,0.343,0.016,True,antagonist,agonist
c3,h3,c3,44,2,88.34,59.53,0.555,0.268,0.287,True,antagonist,agonist
c3,h3,c3,44,3,88.23,59.55,0.414,0.343,0.071,True,antagonist,agonist
c3,h3,c3,44,4,88.08,58.94,0.311,0.359,-0.048,True,agonist,agonist
c3,h3,c3,44,5,88.13,59.1,0.347,0.338,0.009,True,antagonist,agonist
c3,h3,c3,44,6,88.15,59.37,0.387,0.357,0.029,True,antagonist,agonist
c3,h3,c3,44,7,88.67,59.47,0.284,0.349,-0.065,True,agonist,agonist
c3,h3,c3,44,8,88.18,59.2,0.388,0.34,0.048,True,antagonist,agonist
c3,h3,c3,44,9,87.98,59.07,0.392,0.362,0.03,True,antagonist,agonist
c3,h3,c3,45,10,89.45,69.67,0.406,1.598,-1.192,True,agonist,agonist
c3,h3,c3,45,1,90.3,74.62,0.6,2.89,-2.291,True,agonist,agonist
c3,h3,c3,45,2,90.76,76.13,0.339,2.075,-1.736,True,agonist,agonist
c3,h3,c3,45,3,90.15,72.26,2.331,1.526,0.805,True,antagonist,agonist
c3,h3,c3,45,4,90.22,74.12,0.426,1.342,-0.917,True,agonist,agonist
c3,h3,c3,45,5,90.62,73.91,3.01,3.39,-0.38,True,agonist,agonist
c3,h3,c3,45,6,89.75,72.17,0.454,1.295,-0.841,True,agonist,agonist
c3,h3,c3,45,7,90.45,74.99,0.395,1.686,-1.291,True,agonist,agonist
c3,h3,c3,45,8,89.56,70.66,0.371,1.874,-1.503,True,agonist,agonist
c3,h3,c3,45,9,89.59,72.05,2.316,3.532,-1.216,True,agonist,agonist
c3,h3,c3,46,10,90.0,74.92,0.474,1.637,-1.164,True,agonist,agonist
c3,h3,c3,46,1,88.3,57.78,0.315,0.365,-0.049,True,agonist,agonist
c3,h3,c3,46,2,87.9,56.96,0.411,0.356,0.056,True,antagonist,agonist
c3,h3,c3,46,3,87.65,57.44,0.326,0.342,-0.016,True,agonist,agonist
c3,h3,c3,46,4,88.19,58.26,0.337,0.348,-0.011,True,agonist,agonist
c3,h3,c3,46,5,88.2,57.82,0.431,0.385,0.046,True,antagonist,agonist
c3,h3,c3,46,6,89.0,69.81,0.536,1.926,-1.391,True,agonist,agonist
c3,h3,c3,46,7,87.91,57.43,0.305,0.346,-0.041,True,agonist,agonist
c3,h3,c3,46,8,88.01,58.56,0.379,0.342,0.037,True,antagonist,agonist
c3,h3,c3,46,9,88.24,57.47,0.271,0.331,-0.06,True,agonist,agonist
c4,h3,c4,42,10,88.14,58.78,0.396,0.323,0.073,True,antagonist,antagonist
c4,h3,c4,42,1,90.56,75.51,0.565,1.211,-0.646,True,agonist,antagonist
c4,h3,c4,42,2,88.7,60.13,0.242,0.353,-0.111,True,agonist,antagonist
c4,h3,c4,42,3,88.19,59.54,0.37,0.354,0.016,True,antagonist,antagonist
c4,h3,c4,42,4,88.55,59.81,0.333,0.341,-0.008,True,agonist,antagonist
c4,h3,c4,42,5,91.18,79.63,0.442,1.328,-0.886,True,agonist,antagonist
c4,h3,c4,42,6,90.57,75.95,0.424,1.293,-0.869,True,agonist,antagonist
c4,h3,c4,42,7,88.17,59.74,0.354,0.321,0.032,True,antagonist,antagonist
c4,h3,c4,42,8,92.3,80.2,0.459,1.533,-1.074,True,agonist,antagonist
c4,h3,c4,42,9,88.09,59.16,0.353,0.354,-0.001,True,agonist,antagonist
c4,h3,c4,43,10,88.77,60.77,0.351,0.34,0.011,True,antagonist,antagonist
c4,h3,c4,43,1,87.05,58.28,0.357,0.344,0.013,True,antagonist,antagonist
c4,h3,c4,43,2,88.3,60.42,0.475,0.337,0.138,True,antagonist,antagonist
c4,h3,c4,43,3,88.26,60.22,0.362,0.329,0.033,True,antagonist,antagonist
c4,h3,c4,43,4,88.36,60.18,0.509,0.329,0.18,True,antagonist,antagonist
c4,h3,c4,43,5,88.25,60.05,0.283,0.399,-0.116,True,agonist,antagonist
c4,h3,c4,43,6,88.69,60.6,0.293,0.337,-0.044,True,agonist,antagonist
c4,h3,c4,43,7,88.56,61.12,0.344,0.332,0.012,True,antagonist,antagonist
c4,h3,c4,43,8,88.36,60.35,0.563,0.34,0.223,True,antagonist,antagonist
c4,h3,c4,43,9,87.8,59.46,0.311,0.358,-0.047,True,agonist,antagonist
c4,h3,c4,44,10,87.71,59.97,0.389,0.341,0.049,True,antagonist,antagonist
c4,h3,c4,44,1,88.13,61.42,0.359,0.331,0.028,True,antagonist,antagonist
c4,h3,c4,44,2,88.17,60.95,0.335,0.361,-0.026,True,agonist,antagonist
c4,h3,c4,44,3,88.2,60.47,0.531,4.576,-4.044,True,agonist,antagonist
c4,h3,c4,44,4,88.23,60.73,0.377,0.335,0.042,True,antagonist,antagonist
c4,h3,c4,44,5,88.18,61.1,0.387,0.34,0.047,True,antagonist,antagonist
c4,h3,c4,44,6,88.31,60.98,0.338,0.37,-0.031,True,agonist,antagonist
c4,h3,c4,44,7,88.1,60.91,0.404,0.333,0.071,True,antagonist,antagonist
c4,h3,c4,44,8,87.32,60.02,0.356,0.362,-0.005,True,agonist,antagonist
c4,h3,c4,44,9,88.2,60.98,0.387,0.355,0.032,True,antagonist,antagonist
c4,h3,c4,45,10,88.09,59.58,0.279,0.365,-0.087,True,agonist,antagonist
c4,h3,c4,45,1,90.79,75.55,0.595,2.227,-1.632,True,agonist,antagonist
c4,h3,c4,45,2,90.86,74.67,0.522,1.347,-0.825,True,agonist,antagonist
c4,h3,c4,45,3,90.43,75.2,0.57,2.845,-2.275,True,agonist,antagonist
c4,h3,c4,45,4,90.32,74.91,0.312,1.71,-1.398,True,agonist,antagonist
c4,h3,c4,45,5,91.05,76.04,0.515,1.449,-0.934,True,agonist,antagonist
c4,h3,c4,45,6,90.81,76.47,0.321,1.048,-0.727,True,agonist,antagonist
c4,h3,c4,45,7,88.37,59.95,0.399,0.351,0.048,True,antagonist,antagonist
c4,h3,c4,45,8,90.88,75.44,0.359,1.808,-1.449,True,agonist,antagonist
c4,h3,c4,45,9,90.89,75.54,0.484,1.65,-1.166,True,agonist,antagonist
c4,h3,c4,46,10,90.21,74.61,2.198,1.646,0.553,True,antagonist,antagonist
c4,h3,c4,46,1,88.5,59.46,0.317,0.365,-0.048,True,agonist,antagonist
c4,h3,c4,46,2,87.15,57.58,0.349,0.349,0.0,True,antagonist,antagonist
c4,h3,c4,46,3,91.2,77.53,2.194,1.146,1.048,True,antagonist,antagonist
c4,h3,c4,46,4,88.18,60.14,0.341,0.337,0.004,True,antagonist,antagonist
c4,h3,c4,46,5,88.24,59.75,0.325,0.362,-0.037,True,agonist,antagonist
c4,h3,c4,46,6,88.53,60.21,0.334,0.336,-0.002,True,agonist,antagonist
c4,h3,c4,46,7,91.43,77.41,2.062,1.341,0.722,True,antagonist,antagonist
c4,h3,c4,46,8,88.35,60.24,0.388,0.311,0.077,True,antagonist,antagonist
c4,h3,c4,46,9,88.16,59.46,0.314,0.346,-0.032,True,agonist,antagonist
c5,h3,c5,42,10,87.36,65.48,0.393,2.124,-1.731,True,agonist,antagonist
c5,h3,c5,42,1,87.48,65.03,4.677,1.308,3.369,True,antagonist,antagonist
c5,h3,c5,42,2,87.89,66.73,0.212,1.527,-1.315,True,agonist,antagonist
c5,h3,c5,42,3,86.54,61.37,0.469,2.407,-1.938,True,agonist,antagonist
c5,h3,c5,42,4,87.49,65.7,0.273,1.605,-1.332,True,agonist,antagonist
c5,h3,c5,42,5,86.84,61.71,2.267,1.38,0.887,True,antagonist,antagonist
c5,h3,c5,42,6,86.56,60.38,2.21,1.094,1.116,True,antagonist,antagonist
c5,h3,c5,42,7,87.39,65.24,5.091,2.109,2.982,True,antagonist,antagonist
c5,h3,c5,42,8,88.17,70.19,0.368,1.192,-0.824,True,agonist,antagonist
c5,h3,c5,42,9,86.88,62.05,2.637,0.814,1.823,True,antagonist,antagonist
c5,h3,c5,43,10,86.12,60.87,0.51,1.198,-0.687,True,agonist,antagonist
c5,h3,c5,43,1,87.75,69.5,0.493,2.323,-1.83,True,agonist,antagonist
c5,h3,c5,43,2,88.09,68.32,0.292,1.646,-1.354,True,agonist,antagonist
c5,h3,c5,43,3,87.31,64.17,2.349,1.049,1.3,True,antagonist,antagonist
c5,h3,c5,43,4,86.86,63.27,2.261,1.244,1.017,True,antagonist,antagonist
c5,h3,c5,43,5,87.52,65.22,0.238,1.509,-1.271,True,agonist,antagonist
c5,h3,c5,43,6,85.81,59.81,0.844,1.206,-0.362,True,agonist,antagonist
c5,h3,c5,43,7,86.69,63.12,0.299,1.128,-0.829,True,agonist,antagonist
c5,h3,c5,43,8,86.97,63.31,2.238,1.449,0.789,True,antagonist,antagonist
c5,h3,c5,43,9,86.2,61.01,1.843,1.455,0.388,True,antagonist,antagonist
c5,h3,c5,44,10,86.7,62.26,0.395,1.47,-1.076,True,agonist,antagonist
c5,h3,c5,44,1,86.08,60.15,0.522,1.468,-0.946,True,agonist,antagonist
c5,h3,c5,44,2,86.52,62.62,2.292,1.028,1.264,True,antagonist,antagonist
c5,h3,c5,44,3,85.97,60.09,0.534,1.085,-0.55,True,agonist,antagonist
c5,h3,c5,44,4,86.64,63.67,5.523,2.099,3.424,True,antagonist,antagonist
c5,h3,c5,44,5,85.57,59.76,1.702,4.683,-2.981,True,agonist,antagonist
c5,h3,c5,44,6,86.36,61.43,0.452,1.278,-0.825,True,agonist,antagonist
c5,h3,c5,44,7,86.37,61.83,2.183,2.515,-0.332,True,agonist,antagonist
c5,h3,c5,44,8,86.05,60.66,0.496,1.636,-1.141,True,agonist,antagonist
c5,h3,c5,44,9,85.2,58.03,0.479,1.288,-0.809,True,agonist,antagonist
c5,h3,c5,45,10,86.25,61.13,0.535,1.197,-0.663,True,agonist,antagonist
c5,h3,c5,45,1,86.83,62.58,2.31,2.137,0.174,True,antagonist,antagonist
c5,h3,c5,45,2,88.34,71.21,7.154,2.071,5.083,True,antagonist,antagonist
c5,h3,c5,45,3,86.25,61.09,0.876,1.817,-0.941,True,agonist,antagonist
c5,h3,c5,45,4,86.67,61.26,0.175,1.528,-1.354,True,agonist,antagonist
c5,h3,c5,45,5,85.63,58.04,0.692,2.447,-1.755,True,agonist,antagonist
c5,h3,c5,45,6,87.36,66.4,0.312,1.852,-1.54,True,agonist,antagonist
c5,h3,c5,45,7,87.07,65.48,0.223,1.6,-1.377,True,agonist,antagonist
c5,h3,c5,45,8,86.92,62.43,2.415,1.389,1.025,True,antagonist,antagonist
c5,h3,c5,45,9,87.09,64.63,0.377,1.648,-1.27,True,agonist,antagonist
c5,h3,c5,46,10,86.64,62.51,2.209,3.337,-1.128,True,agonist,antagonist
c5,h3,c5,46,1,86.68,62.92,0.526,2.276,-1.75,True,agonist,antagonist
c5,h3,c5,46,2,86.69,63.12,2.591,2.499,0.092,True,antagonist,antagonist
c5,h3,c5,46,3,87.15,64.48,2.402,2.052,0.35,True,antagonist,antagonist
c5,h3,c5,46,4,87.04,63.16,3.12,1.831,1.289,True,antagonist,antagonist
c5,h3,c5,46,5,86.8,64.19,0.227,1.778,-1.551,True,agonist,antagonist
c5,h3,c5,46,6,87.53,66.17,0.183,3.194,-3.01,True,agonist,antagonist
c5,h3,c5,46,7,87.02,63.62,2.286,2.618,-0.331,True,agonist,antagonist
c5,h3,c5,46,8,86.64,62.35,0.448,3.292,-2.844,True,agonist,antagonist
c5,h3,c5,46,9,86.16,60.56,0.587,1.622,-1.035,True,agonist,antagonist
c6,h3,c6,42,10,89.74,64.31,0.364,0.424,-0.06,True,agonist,antagonist
c6,h3,c6,42,1,89.81,64.17,0.631,4.531,-3.9,True,agonist,antagonist
c6,h3,c6,42,2,90.32,66.48,0.352,4.038,-3.686,True,agonist,antagonist
c6,h3,c6,42,3,89.5,64.03,0.318,0.427,-0.109,True,agonist,antagonist
c6,h3,c6,42,4,89.58,64.37,0.333,0.364,-0.031,True,agonist,antagonist
c6,h3,c6,42,5,90.79,74.32,0.446,3.332,-2.886,True,agonist,antagonist
c6,h3,c6,42,6,90.5,73.04,0.246,1.912,-1.666,True,agonist,antagonist
c6,h3,c6,42,7,90.67,73.14,0.534,1.443,-0.909,True,agonist,antagonist
c6,h3,c6,42,8,89.91,64.69,0.274,0.359,-0.085,True,agonist,antagonist
c6,h3,c6,42,9,90.57,73.18,0.322,1.808,-1.486,True,agonist,antagonist
c6,h3,c6,43,10,91.1,75.03,0.464,1.254,-0.789,True,agonist,antagonist
c6,h3,c6,43,1,89.98,65.21,0.363,0.348,0.015,True,antagonist,antagonist
c6,h3,c6,43,2,91.66,75.7,0.384,1.453,-1.069,True,agonist,antagonist
c6,h3,c6,43,3,91.12,74.91,0.321,1.337,-1.016,True,agonist,antagonist
c6,h3,c6,43,4,90.85,74.63,0.231,1.316,-1.085,True,agonist,antagonist
c6,h3,c6,43,5,91.3,75.5,0.221,1.862,-1.641,True,agonist,antagonist
c6,h3,c6,43,6,90.0,66.33,0.274,0.354,-0.08,True,agonist,antagonist
c6,h3,c6,43,7,90.14,67.88,0.256,0.352,-0.096,True,agonist,antagonist
c6,h3,c6,43,8,90.52,67.61,0.364,0.366,-0.002,True,agonist,antagonist
c6,h3,c6,43,9,90.07,65.63,0.358,0.358,-0.0,True,agonist,antagonist
c6,h3,c6,44,10,90.04,67.5,0.465,4.188,-3.723,True,agonist,antagonist
c6,h3,c6,44,1,89.91,67.09,0.372,0.336,0.036,True,antagonist,antagonist
c6,h3,c6,44,2,91.32,76.75,0.288,1.231,-0.944,True,agonist,antagonist
c6,h3,c6,44,3,90.23,68.1,0.427,0.306,0.121,True,antagonist,antagonist
c6,h3,c6,44,4,90.28,68.01,0.282,0.35,-0.068,True,agonist,antagonist
c6,h3,c6,44,5,90.05,67.94,0.409,0.359,0.05,True,antagonist,antagonist
c6,h3,c6,44,6,90.17,67.85,0.342,0.36,-0.019,True,agonist,antagonist
c6,h3,c6,44,7,90.43,69.91,0.356,0.336,0.02,True,antagonist,antagonist
c6,h3,c6,44,8,90.34,68.18,0.377,0.345,0.032,True,antagonist,antagonist
c6,h3,c6,44,9,90.21,67.96,0.329,0.33,-0.001,True,agonist,antagonist
c6,h3,c6,45,10,89.96,66.29,0.376,4.227,-3.851,True,agonist,antagonist
c6,h3,c6,45,1,90.48,72.2,0.462,1.917,-1.456,True,agonist,antagonist
c6,h3,c6,45,2,90.09,66.4,0.31,5.169,-4.859,True,agonist,antagonist
c6,h3,c6,45,3,90.02,65.88,0.334,0.337,-0.003,True,agonist,antagonist
c6,h3,c6,45,4,90.9,74.51,0.27,1.718,-1.448,True,agonist,antagonist
c6,h3,c6,45,5,90.82,75.08,0.283,2.19,-1.908,True,agonist,antagonist
c6,h3,c6,45,6,90.71,72.99,0.267,1.336,-1.068,True,agonist,antagonist
c6,h3,c6,45,7,90.08,67.0,0.292,0.341,-0.049,True,agonist,antagonist
c6,h3,c6,45,8,89.67,64.66,0.43,0.315,0.116,True,antagonist,antagonist
c6,h3,c6,45,9,90.71,73.37,2.955,2.639,0.316,True,antagonist,antagonist
c6,h3,c6,46,10,90.41,73.21,0.323,1.792,-1.47,True,agonist,antagonist
c6,h3,c6,46,1,90.17,65.7,0.283,0.357,-0.074,True,agonist,antagonist
c6,h3,c6,46,2,91.2,76.37,0.343,1.242,-0.899,True,agonist,antagonist
c6,h3,c6,46,3,89.76,64.91,0.386,0.362,0.024,True,antagonist,antagonist
c6,h3,c6,46,4,90.13,66.67,0.283,0.336,-0.052,True,agonist,antagonist
c6,h3,c6,46,5,90.23,65.34,0.386,4.257,-3.871,True,agonist,antagonist
c6,h3,c6,46,6,89.82,65.86,0.303,0.339,-0.037,True,agonist,antagonist
c6,h3,c6,46,7,89.92,64.75,0.508,0.325,0.184,True,antagonist,antagonist
c6,h3,c6,46,8,89.38,64.1,0.432,4.511,-4.079,True,agonist,antagonist
c6,h3,c6,46,9,89.71,64.75,0.36,0.343,0.017,True,antagonist,antagonist
CHEMBL3217768,pool,batch_A_curated_120,42,1,89.5,68.65,0.637,4.42,-3.783,True,agonist,agonist
CHEMBL3217768,pool,batch_A_curated_120,42,2,89.64,68.69,0.326,0.358,-0.031,True,agonist,agonist
CHEMBL3313999,pool,batch_A_curated_120,42,1,90.74,75.37,0.525,1.113,-0.587,True,agonist,agonist
CHEMBL3313999,pool,batch_A_curated_120,42,2,90.16,72.92,0.531,1.136,-0.605,True,agonist,agonist
CHEMBL3314000,pool,batch_A_curated_120,42,1,90.55,74.4,0.531,1.226,-0.695,True,agonist,agonist
CHEMBL3314000,pool,batch_A_curated_120,42,2,92.46,79.68,0.497,1.07,-0.573,True,agonist,agonist
CHEMBL3314023,pool,batch_A_curated_120,42,1,89.14,70.61,0.583,1.068,-0.484,True,agonist,antagonist
CHEMBL3314023,pool,batch_A_curated_120,42,2,90.54,76.04,7.742,1.988,5.754,True,antagonist,antagonist
CHEMBL3314025,pool,batch_A_curated_120,42,1,89.55,71.26,0.515,1.346,-0.832,True,agonist,antagonist
CHEMBL3314025,pool,batch_A_curated_120,42,2,88.21,57.6,0.361,0.426,-0.065,True,agonist,antagonist
CHEMBL3314026,pool,batch_A_curated_120,42,1,92.84,81.59,0.537,1.473,-0.937,True,agonist,antagonist
CHEMBL3314026,pool,batch_A_curated_120,42,2,89.96,64.3,0.329,0.424,-0.096,True,agonist,antagonist
CHEMBL3314027,pool,batch_A_curated_120,42,1,88.68,69.86,0.414,1.043,-0.629,True,agonist,antagonist
CHEMBL3314027,pool,batch_A_curated_120,42,2,89.98,74.24,0.251,0.956,-0.705,True,agonist,antagonist
CHEMBL3314028,pool,batch_A_curated_120,42,1,89.2,62.97,0.756,0.33,0.426,True,antagonist,antagonist
CHEMBL3314028,pool,batch_A_curated_120,42,2,89.74,63.91,0.313,0.34,-0.027,True,agonist,antagonist
CHEMBL3581543,pool,batch_A_curated_120,42,1,94.54,90.11,0.645,0.329,0.316,True,antagonist,agonist
CHEMBL3581543,pool,batch_A_curated_120,42,2,94.64,90.35,0.301,0.363,-0.061,True,agonist,agonist
CHEMBL3609403,pool,batch_A_curated_120,42,1,90.92,73.65,0.529,1.142,-0.613,True,agonist,agonist
CHEMBL3609403,pool,batch_A_curated_120,42,2,92.82,78.11,0.299,0.423,-0.124,True,agonist,agonist
CHEMBL3609404,pool,batch_A_curated_120,42,1,90.98,71.53,0.382,0.809,-0.426,True,agonist,agonist
CHEMBL3609404,pool,batch_A_curated_120,42,2,92.14,79.48,2.03,1.719,0.311,True,antagonist,agonist
CHEMBL3609409,pool,batch_A_curated_120,42,1,89.79,71.37,0.519,1.264,-0.745,True,agonist,agonist
CHEMBL3609409,pool,batch_A_curated_120,42,2,91.64,74.57,0.277,0.409,-0.132,True,agonist,agonist
CHEMBL4125757,pool,batch_A_curated_120,42,1,90.04,66.25,0.644,4.488,-3.843,True,agonist,antagonist
CHEMBL4125757,pool,batch_A_curated_120,42,2,89.91,66.12,0.293,0.337,-0.044,True,agonist,antagonist
CHEMBL4126317,pool,batch_A_curated_120,42,1,90.6,67.97,0.638,0.311,0.327,True,antagonist,antagonist
CHEMBL4126317,pool,batch_A_curated_120,42,2,90.33,68.36,0.298,0.331,-0.034,True,agonist,antagonist
CHEMBL4126366,pool,batch_A_curated_120,42,1,89.42,62.28,0.722,0.312,0.41,True,antagonist,antagonist
CHEMBL4126366,pool,batch_A_curated_120,42,2,89.36,61.52,0.313,0.329,-0.016,True,agonist,antagonist
CHEMBL4127127,pool,batch_A_curated_120,42,1,89.87,64.6,0.633,4.472,-3.839,True,agonist,antagonist
CHEMBL4127127,pool,batch_A_curated_120,42,2,89.82,64.27,0.295,0.324,-0.029,True,agonist,antagonist
CHEMBL4127932,pool,batch_A_curated_120,42,1,92.38,79.64,0.646,4.542,-3.896,True,agonist,antagonist
CHEMBL4127932,pool,batch_A_curated_120,42,2,92.75,83.03,0.317,0.333,-0.015,True,agonist,antagonist
CHEMBL4128363,pool,batch_A_curated_120,42,1,89.29,62.99,0.71,0.305,0.404,True,antagonist,antagonist
CHEMBL4128363,pool,batch_A_curated_120,42,2,89.1,63.58,0.303,0.336,-0.033,True,agonist,antagonist
CHEMBL4128575,pool,batch_A_curated_120,42,1,89.96,66.16,0.677,0.301,0.376,True,antagonist,antagonist
CHEMBL4128575,pool,batch_A_curated_120,42,2,89.9,66.04,0.32,0.316,0.004,True,antagonist,antagonist
CHEMBL4129494,pool,batch_A_curated_120,42,1,90.86,70.67,0.636,4.532,-3.895,True,agonist,antagonist
CHEMBL4129494,pool,batch_A_curated_120,42,2,91.2,73.62,0.284,0.329,-0.045,True,agonist,antagonist
CHEMBL4434744,pool,batch_A_curated_120,42,1,91.1,76.14,0.526,1.3,-0.774,True,agonist,agonist
CHEMBL4434744,pool,batch_A_curated_120,42,2,91.21,70.03,0.293,0.348,-0.055,True,agonist,agonist
CHEMBL4446140,pool,batch_A_curated_120,42,1,93.63,85.9,0.613,4.354,-3.741,True,agonist,agonist
CHEMBL4446140,pool,batch_A_curated_120,42,2,93.35,85.76,0.324,0.333,-0.008,True,agonist,agonist
CHEMBL4459436,pool,batch_A_curated_120,42,1,89.77,72.15,0.561,1.297,-0.737,True,agonist,agonist
CHEMBL4459436,pool,batch_A_curated_120,42,2,89.28,63.17,0.303,0.356,-0.052,True,agonist,agonist
CHEMBL4543504,pool,batch_A_curated_120,42,1,92.84,82.29,0.619,4.399,-3.78,True,agonist,agonist
CHEMBL4543504,pool,batch_A_curated_120,42,2,92.95,82.96,0.3,0.358,-0.058,True,agonist,agonist
CHEMBL4578385,pool,batch_A_curated_120,42,1,93.76,84.62,7.399,1.373,6.027,True,antagonist,antagonist
CHEMBL4578385,pool,batch_A_curated_120,42,2,93.66,84.67,7.537,1.34,6.197,True,antagonist,antagonist
CHEMBL4634701,pool,batch_A_curated_120,42,1,95.03,91.19,0.604,0.317,0.287,True,antagonist,agonist
CHEMBL4634701,pool,batch_A_curated_120,42,2,94.9,90.94,0.373,0.312,0.061,True,antagonist,agonist
CHEMBL4642011,pool,batch_A_curated_120,42,1,94.71,90.44,0.58,0.314,0.265,True,antagonist,agonist
CHEMBL4642011,pool,batch_A_curated_120,42,2,94.51,89.73,0.458,0.323,0.135,True,antagonist,agonist
CHEMBL4644213,pool,batch_A_curated_120,42,1,95.07,90.8,0.598,0.314,0.284,True,antagonist,agonist
CHEMBL4644213,pool,batch_A_curated_120,42,2,94.62,89.74,0.42,0.318,0.102,True,antagonist,agonist
CHEMBL4645125,pool,batch_A_curated_120,42,1,94.74,89.76,0.624,0.321,0.303,True,antagonist,agonist
CHEMBL4645125,pool,batch_A_curated_120,42,2,94.42,88.77,0.459,0.313,0.147,True,antagonist,agonist
CHEMBL4648410,pool,batch_A_curated_120,42,1,94.94,90.99,0.6,0.313,0.287,True,antagonist,agonist
CHEMBL4648410,pool,batch_A_curated_120,42,2,94.47,89.78,0.44,0.327,0.113,True,antagonist,agonist
CHEMBL4777230,pool,batch_A_curated_120,42,1,90.18,69.27,0.671,4.363,-3.692,True,agonist,agonist
CHEMBL4777230,pool,batch_A_curated_120,42,2,90.73,70.93,0.29,0.344,-0.054,True,agonist,agonist
CHEMBL4777967,pool,batch_A_curated_120,42,1,91.56,76.56,0.647,4.36,-3.713,True,agonist,agonist
CHEMBL4777967,pool,batch_A_curated_120,42,2,92.48,80.48,0.242,0.332,-0.091,True,agonist,agonist
CHEMBL4783854,pool,batch_A_curated_120,42,1,93.5,85.54,0.575,4.556,-3.981,True,agonist,agonist
CHEMBL4783854,pool,batch_A_curated_120,42,2,94.0,87.66,0.275,0.336,-0.061,True,agonist,agonist
CHEMBL4848024,pool,batch_A_curated_120,42,1,90.1,66.4,0.583,0.338,0.246,True,antagonist,antagonist
CHEMBL4848024,pool,batch_A_curated_120,42,2,90.09,67.87,0.321,0.343,-0.023,True,agonist,antagonist
CHEMBL4849340,pool,batch_A_curated_120,42,1,92.11,75.1,0.628,4.429,-3.801,True,agonist,agonist
CHEMBL4849340,pool,batch_A_curated_120,42,2,92.89,78.42,0.306,0.354,-0.048,True,agonist,agonist
CHEMBL4851155,pool,batch_A_curated_120,42,1,90.38,73.54,0.5,1.242,-0.741,True,agonist,agonist
CHEMBL4851155,pool,batch_A_curated_120,42,2,90.27,66.79,0.285,0.401,-0.116,True,agonist,agonist
CHEMBL4851214,pool,batch_A_curated_120,42,1,93.45,84.39,0.624,0.336,0.288,True,antagonist,agonist
CHEMBL4851214,pool,batch_A_curated_120,42,2,93.48,84.13,0.385,0.35,0.035,True,antagonist,agonist
CHEMBL4856642,pool,batch_A_curated_120,42,1,91.28,72.61,0.669,0.333,0.336,True,antagonist,agonist
CHEMBL4856642,pool,batch_A_curated_120,42,2,91.23,73.12,0.368,0.335,0.033,True,antagonist,agonist
CHEMBL4863222,pool,batch_A_curated_120,42,1,93.63,81.67,0.585,4.616,-4.031,True,agonist,agonist
CHEMBL4863222,pool,batch_A_curated_120,42,2,94.26,84.47,0.293,0.349,-0.056,True,agonist,agonist
CHEMBL4863518,pool,batch_A_curated_120,42,1,94.1,85.68,0.591,4.601,-4.01,True,agonist,agonist
CHEMBL4863518,pool,batch_A_curated_120,42,2,94.63,88.23,0.298,4.402,-4.104,True,agonist,agonist
CHEMBL4865740,pool,batch_A_curated_120,42,1,93.44,80.29,0.606,4.637,-4.032,True,agonist,agonist
CHEMBL4865740,pool,batch_A_curated_120,42,2,94.15,83.88,0.298,0.346,-0.048,True,agonist,agonist
CHEMBL4868437,pool,batch_A_curated_120,42,1,94.12,87.49,0.598,4.464,-3.866,True,agonist,agonist
CHEMBL4868437,pool,batch_A_curated_120,42,2,94.39,88.71,0.312,0.342,-0.03,True,agonist,agonist
CHEMBL4868594,pool,batch_A_curated_120,42,1,91.96,73.82,0.597,4.625,-4.028,True,agonist,agonist
CHEMBL4868594,pool,batch_A_curated_120,42,2,92.34,75.68,0.303,0.355,-0.052,True,agonist,agonist
CHEMBL4870621,pool,batch_A_curated_120,42,1,93.5,81.93,0.607,4.641,-4.034,True,agonist,agonist
CHEMBL4870621,pool,batch_A_curated_120,42,2,93.57,83.31,0.293,0.346,-0.053,True,agonist,agonist
CHEMBL4870796,pool,batch_A_curated_120,42,1,92.85,80.09,0.699,4.338,-3.639,True,agonist,agonist
CHEMBL4870796,pool,batch_A_curated_120,42,2,93.73,84.2,0.313,4.426,-4.113,True,agonist,agonist
CHEMBL4871865,pool,batch_A_curated_120,42,1,93.92,84.12,0.578,4.588,-4.01,True,agonist,agonist
CHEMBL4871865,pool,batch_A_curated_120,42,2,94.55,86.98,0.292,5.126,-4.834,True,agonist,agonist
CHEMBL4874284,pool,batch_A_curated_120,42,1,94.33,86.65,0.602,4.593,-3.991,True,agonist,agonist
CHEMBL4874284,pool,batch_A_curated_120,42,2,94.88,89.0,0.304,4.407,-4.103,True,agonist,agonist
CHEMBL4875075,pool,batch_A_curated_120,42,1,93.17,79.59,0.623,4.418,-3.795,True,agonist,agonist
CHEMBL4875075,pool,batch_A_curated_120,42,2,94.03,82.93,0.303,0.353,-0.05,True,agonist,agonist
CHEMBL4875850,pool,batch_A_curated_120,42,1,93.35,80.49,0.623,4.41,-3.787,True,agonist,agonist
CHEMBL4875850,pool,batch_A_curated_120,42,2,94.12,84.45,0.296,0.342,-0.046,True,agonist,agonist
CHEMBL4879322,pool,batch_A_curated_120,42,1,93.41,80.2,0.613,4.415,-3.802,True,agonist,agonist
CHEMBL4879322,pool,batch_A_curated_120,42,2,94.21,84.05,0.298,0.336,-0.038,True,agonist,agonist
CHEMBL5075133,pool,batch_A_curated_120,42,1,94.32,87.25,0.632,4.425,-3.793,True,agonist,agonist
CHEMBL5075133,pool,batch_A_curated_120,42,2,94.78,89.23,0.36,0.411,-0.05,True,agonist,agonist
CHEMBL5083229,pool,batch_A_curated_120,42,1,92.76,78.06,0.607,4.345,-3.738,True,agonist,agonist
CHEMBL5083229,pool,batch_A_curated_120,42,2,93.22,80.13,0.25,0.411,-0.16,True,agonist,agonist
CHEMBL5083464,pool,batch_A_curated_120,42,1,94.16,87.6,0.579,0.342,0.237,True,antagonist,agonist
CHEMBL5083464,pool,batch_A_curated_120,42,2,93.93,87.5,0.267,0.364,-0.097,True,agonist,agonist
CHEMBL5083860,pool,batch_A_curated_120,42,1,92.37,77.56,0.511,1.315,-0.804,True,agonist,agonist
CHEMBL5083860,pool,batch_A_curated_120,42,2,92.74,75.6,0.375,0.412,-0.037,True,agonist,agonist
CHEMBL5087837,pool,batch_A_curated_120,42,1,94.35,88.62,0.593,4.629,-4.036,True,agonist,agonist
CHEMBL5087837,pool,batch_A_curated_120,42,2,94.06,88.19,0.266,0.364,-0.098,True,agonist,agonist
CHEMBL5090127,pool,batch_A_curated_120,42,1,91.82,75.62,2.236,1.378,0.858,True,antagonist,agonist
CHEMBL5090127,pool,batch_A_curated_120,42,2,93.22,79.84,0.259,0.429,-0.171,True,agonist,agonist
CHEMBL5091222,pool,batch_A_curated_120,42,1,92.01,73.79,0.593,4.583,-3.99,True,agonist,agonist
CHEMBL5091222,pool,batch_A_curated_120,42,2,92.66,76.38,0.254,0.426,-0.172,True,agonist,agonist
CHEMBL5092600,pool,batch_A_curated_120,42,1,92.29,76.81,0.535,1.276,-0.741,True,agonist,agonist
CHEMBL5092600,pool,batch_A_curated_120,42,2,94.6,87.65,0.363,0.42,-0.057,True,agonist,agonist
CHEMBL5092956,pool,batch_A_curated_120,42,1,92.43,76.62,0.64,4.383,-3.743,True,agonist,agonist
CHEMBL5092956,pool,batch_A_curated_120,42,2,92.94,78.72,0.238,0.353,-0.115,True,agonist,agonist
CHEMBL5401254,pool,batch_A_curated_120,42,1,94.39,90.14,0.618,4.464,-3.846,True,agonist,agonist
CHEMBL5401254,pool,batch_A_curated_120,42,2,94.59,90.85,0.395,0.385,0.01,True,antagonist,agonist
CHEMBL5401542,pool,batch_A_curated_120,42,1,91.36,71.89,0.64,4.501,-3.861,True,agonist,agonist
CHEMBL5401542,pool,batch_A_curated_120,42,2,92.44,76.97,0.291,0.332,-0.041,True,agonist,agonist
CHEMBL5408607,pool,batch_A_curated_120,42,1,94.44,89.79,0.595,4.632,-4.037,True,agonist,agonist
CHEMBL5408607,pool,batch_A_curated_120,42,2,94.87,91.43,0.331,0.324,0.006,True,antagonist,agonist
CHEMBL5409745,pool,batch_A_curated_120,42,1,94.05,85.91,3.278,2.145,1.133,True,antagonist,antagonist
CHEMBL5409745,pool,batch_A_curated_120,42,2,93.96,86.54,5.988,1.754,4.234,True,antagonist,antagonist
CHEMBL5410038,pool,batch_A_curated_120,42,1,92.91,82.39,0.651,4.386,-3.735,True,agonist,agonist
CHEMBL5410038,pool,batch_A_curated_120,42,2,94.04,87.38,0.283,0.328,-0.045,True,agonist,agonist
CHEMBL5413139,pool,batch_A_curated_120,42,1,94.46,89.93,0.594,4.622,-4.028,True,agonist,agonist
CHEMBL5413139,pool,batch_A_curated_120,42,2,94.9,91.64,0.316,0.32,-0.004,True,agonist,agonist
CHEMBL5418139,pool,batch_A_curated_120,42,1,90.05,75.24,0.474,1.052,-0.577,True,agonist,antagonist
CHEMBL5418139,pool,batch_A_curated_120,42,2,90.2,74.18,0.324,1.218,-0.895,True,agonist,antagonist
CHEMBL5420330,pool,batch_A_curated_120,42,1,90.77,68.98,0.646,4.473,-3.827,True,agonist,agonist
CHEMBL5420330,pool,batch_A_curated_120,42,2,91.51,72.1,0.291,0.333,-0.041,True,agonist,agonist
CHEMBL5424936,pool,batch_A_curated_120,42,1,92.44,81.41,0.52,1.04,-0.519,True,agonist,antagonist
CHEMBL5424936,pool,batch_A_curated_120,42,2,93.6,84.34,0.487,1.313,-0.826,True,agonist,antagonist
CHEMBL5425541,pool,batch_A_curated_120,42,1,91.87,74.74,0.603,4.532,-3.929,True,agonist,agonist
CHEMBL5425541,pool,batch_A_curated_120,42,2,92.56,78.19,0.317,0.405,-0.088,True,agonist,agonist
CHEMBL5431510,pool,batch_A_curated_120,42,1,90.84,69.51,0.65,0.318,0.331,True,antagonist,agonist
CHEMBL5431510,pool,batch_A_curated_120,42,2,91.28,70.84,0.373,0.335,0.037,True,antagonist,agonist
CHEMBL5433435,pool,batch_A_curated_120,42,1,89.42,70.61,0.393,1.113,-0.72,True,agonist,antagonist
CHEMBL5433435,pool,batch_A_curated_120,42,2,89.93,73.09,0.364,1.203,-0.838,True,agonist,antagonist
CHEMBL5434833,pool,batch_A_curated_120,42,1,94.57,90.65,0.628,4.446,-3.818,True,agonist,agonist
CHEMBL5434833,pool,batch_A_curated_120,42,2,94.41,90.84,0.336,0.331,0.005,True,antagonist,agonist
CHEMBL5436004,pool,batch_A_curated_120,42,1,94.48,90.22,0.63,4.449,-3.818,True,agonist,agonist
CHEMBL5436004,pool,batch_A_curated_120,42,2,94.34,90.48,0.335,0.335,-0.0,True,agonist,agonist
CHEMBL5438268,pool,batch_A_curated_120,42,1,90.06,75.11,0.49,1.015,-0.524,True,agonist,antagonist
CHEMBL5438268,pool,batch_A_curated_120,42,2,89.89,74.35,0.383,1.552,-1.169,True,agonist,antagonist
CHEMBL5740366,pool,batch_A_curated_120,42,1,92.82,84.36,4.022,2.188,1.834,True,antagonist,antagonist
CHEMBL5740366,pool,batch_A_curated_120,42,2,93.99,87.81,3.793,2.335,1.458,True,antagonist,antagonist
CHEMBL5740855,pool,batch_A_curated_120,42,1,91.9,81.28,4.177,2.119,2.058,True,antagonist,antagonist
CHEMBL5740855,pool,batch_A_curated_120,42,2,92.9,82.96,4.387,2.199,2.188,True,antagonist,antagonist
CHEMBL5741244,pool,batch_A_curated_120,42,1,93.6,83.75,6.088,1.4,4.688,True,antagonist,agonist
CHEMBL5741244,pool,batch_A_curated_120,42,2,93.14,82.53,7.184,1.463,5.721,True,antagonist,agonist
CHEMBL5742173,pool,batch_A_curated_120,42,1,93.57,86.95,3.584,2.363,1.221,True,antagonist,antagonist
CHEMBL5742173,pool,batch_A_curated_120,42,2,94.21,88.31,3.943,2.582,1.361,True,antagonist,antagonist
CHEMBL5755790,pool,batch_A_curated_120,42,1,93.36,85.14,3.819,2.222,1.596,True,antagonist,antagonist
CHEMBL5755790,pool,batch_A_curated_120,42,2,94.1,86.63,3.964,2.237,1.727,True,antagonist,antagonist
CHEMBL5757163,pool,batch_A_curated_120,42,1,93.06,85.22,4.056,2.38,1.676,True,antagonist,antagonist
CHEMBL5757163,pool,batch_A_curated_120,42,2,93.6,85.42,4.008,2.664,1.343,True,antagonist,antagonist
CHEMBL5786443,pool,batch_A_curated_120,42,1,93.07,85.19,3.919,2.244,1.675,True,antagonist,antagonist
CHEMBL5786443,pool,batch_A_curated_120,42,2,94.16,88.17,3.921,2.307,1.614,True,antagonist,antagonist
CHEMBL5795554,pool,batch_A_curated_120,42,1,93.16,84.75,4.113,2.308,1.805,True,antagonist,antagonist
CHEMBL5795554,pool,batch_A_curated_120,42,2,93.25,84.48,4.176,1.912,2.264,True,antagonist,antagonist
CHEMBL5801363,pool,batch_A_curated_120,42,1,91.24,74.77,0.5,1.309,-0.81,True,agonist,agonist
CHEMBL5801363,pool,batch_A_curated_120,42,2,90.04,63.59,0.383,0.428,-0.045,True,agonist,agonist
CHEMBL5817629,pool,batch_A_curated_120,42,1,93.44,86.15,3.785,1.8,1.985,True,antagonist,antagonist
CHEMBL5817629,pool,batch_A_curated_120,42,2,94.28,87.84,3.811,2.94,0.871,True,antagonist,antagonist
CHEMBL5824934,pool,batch_A_curated_120,42,1,92.46,82.62,4.156,2.212,1.943,True,antagonist,antagonist
CHEMBL5824934,pool,batch_A_curated_120,42,2,92.39,81.77,4.291,1.5,2.791,True,antagonist,antagonist
CHEMBL5827660,pool,batch_A_curated_120,42,1,94.38,86.63,6.716,1.637,5.079,True,antagonist,agonist
CHEMBL5827660,pool,batch_A_curated_120,42,2,94.17,85.15,4.126,1.681,2.445,True,antagonist,agonist
CHEMBL5830559,pool,batch_A_curated_120,42,1,92.61,82.23,4.012,2.227,1.785,True,antagonist,antagonist
CHEMBL5830559,pool,batch_A_curated_120,42,2,93.14,83.53,4.438,2.176,2.262,True,antagonist,antagonist
CHEMBL5834744,pool,batch_A_curated_120,42,1,92.2,82.36,3.46,2.39,1.07,True,antagonist,antagonist
CHEMBL5834744,pool,batch_A_curated_120,42,2,92.97,82.6,4.053,2.531,1.522,True,antagonist,antagonist
CHEMBL5847061,pool,batch_A_curated_120,42,1,93.79,87.37,3.747,2.373,1.374,True,antagonist,antagonist
CHEMBL5847061,pool,batch_A_curated_120,42,2,94.14,87.97,4.346,2.071,2.274,True,antagonist,antagonist
CHEMBL5852043,pool,batch_A_curated_120,42,1,92.98,85.13,3.654,2.303,1.351,True,antagonist,antagonist
CHEMBL5852043,pool,batch_A_curated_120,42,2,93.82,87.12,4.303,2.135,2.168,True,antagonist,antagonist
CHEMBL5859342,pool,batch_A_curated_120,42,1,94.16,87.75,4.361,1.788,2.573,True,antagonist,antagonist
CHEMBL5859342,pool,batch_A_curated_120,42,2,94.71,88.79,5.011,1.604,3.407,True,antagonist,antagonist
CHEMBL5860429,pool,batch_A_curated_120,42,1,92.02,80.29,4.093,2.359,1.733,True,antagonist,antagonist
CHEMBL5860429,pool,batch_A_curated_120,42,2,93.14,83.79,3.755,2.201,1.554,True,antagonist,antagonist
CHEMBL5863097,pool,batch_A_curated_120,42,1,92.69,83.9,3.788,2.121,1.668,True,antagonist,antagonist
CHEMBL5863097,pool,batch_A_curated_120,42,2,93.58,84.78,3.994,2.292,1.702,True,antagonist,antagonist
CHEMBL5864404,pool,batch_A_curated_120,42,1,90.43,72.31,0.508,1.517,-1.009,True,agonist,agonist
CHEMBL5864404,pool,batch_A_curated_120,42,2,92.44,77.13,0.256,0.41,-0.154,True,agonist,agonist
CHEMBL5864984,pool,batch_A_curated_120,42,1,91.18,74.88,0.528,1.083,-0.555,True,agonist,agonist
CHEMBL5864984,pool,batch_A_curated_120,42,2,91.08,74.42,0.309,1.227,-0.918,True,agonist,agonist
CHEMBL5867155,pool,batch_A_curated_120,42,1,90.9,74.43,0.538,1.11,-0.573,True,agonist,agonist
CHEMBL5867155,pool,batch_A_curated_120,42,2,90.89,74.9,2.283,1.596,0.687,True,antagonist,agonist
CHEMBL5868879,pool,batch_A_curated_120,42,1,92.48,83.2,4.027,2.22,1.808,True,antagonist,antagonist
CHEMBL5868879,pool,batch_A_curated_120,42,2,93.79,86.69,3.953,2.762,1.19,True,antagonist,antagonist
CHEMBL5880629,pool,batch_A_curated_120,42,1,92.94,83.44,3.978,1.986,1.992,True,antagonist,antagonist
CHEMBL5880629,pool,batch_A_curated_120,42,2,93.06,83.33,4.591,1.492,3.098,True,antagonist,antagonist
CHEMBL5900812,pool,batch_A_curated_120,42,1,92.68,83.95,3.45,2.438,1.012,True,antagonist,antagonist
CHEMBL5900812,pool,batch_A_curated_120,42,2,93.48,85.14,4.005,2.598,1.407,True,antagonist,antagonist
CHEMBL5908482,pool,batch_A_curated_120,42,1,91.96,80.96,4.119,2.201,1.918,True,antagonist,antagonist
CHEMBL5908482,pool,batch_A_curated_120,42,2,93.28,84.15,3.967,2.58,1.387,True,antagonist,antagonist
CHEMBL5934872,pool,batch_A_curated_120,42,1,93.18,83.36,3.919,2.12,1.799,True,antagonist,antagonist
CHEMBL5934872,pool,batch_A_curated_120,42,2,93.17,82.88,4.57,1.81,2.76,True,antagonist,antagonist
CHEMBL5937804,pool,batch_A_curated_120,42,1,92.77,83.49,3.462,2.182,1.28,True,antagonist,antagonist
CHEMBL5937804,pool,batch_A_curated_120,42,2,94.25,87.61,3.31,2.487,0.823,True,antagonist,antagonist
CHEMBL5939878,pool,batch_A_curated_120,42,1,92.42,81.53,4.505,2.225,2.28,True,antagonist,antagonist
CHEMBL5939878,pool,batch_A_curated_120,42,2,93.49,83.75,4.196,2.292,1.904,True,antagonist,antagonist
CHEMBL5943552,pool,batch_A_curated_120,42,1,92.41,82.26,4.092,2.27,1.822,True,antagonist,antagonist
CHEMBL5943552,pool,batch_A_curated_120,42,2,93.56,85.18,4.011,2.841,1.169,True,antagonist,antagonist
CHEMBL5949130,pool,batch_A_curated_120,42,1,93.68,84.75,3.591,1.793,1.798,True,antagonist,antagonist
CHEMBL5949130,pool,batch_A_curated_120,42,2,94.13,85.62,4.906,1.649,3.258,True,antagonist,antagonist
CHEMBL5964745,pool,batch_A_curated_120,42,1,92.83,83.45,3.636,2.263,1.373,True,antagonist,antagonist
CHEMBL5964745,pool,batch_A_curated_120,42,2,93.81,85.73,3.945,2.68,1.265,True,antagonist,antagonist
CHEMBL5973554,pool,batch_A_curated_120,42,1,93.19,83.79,3.65,2.383,1.267,True,antagonist,antagonist
CHEMBL5973554,pool,batch_A_curated_120,42,2,94.04,86.8,4.245,2.378,1.868,True,antagonist,antagonist
CHEMBL5977227,pool,batch_A_curated_120,42,1,92.69,83.65,4.045,2.088,1.957,True,antagonist,antagonist
CHEMBL5977227,pool,batch_A_curated_120,42,2,93.55,85.92,3.767,2.678,1.089,True,antagonist,antagonist
CHEMBL5978464,pool,batch_A_curated_120,42,1,90.23,67.24,0.618,0.334,0.284,True,antagonist,antagonist
CHEMBL5978464,pool,batch_A_curated_120,42,2,90.65,74.07,0.473,1.256,-0.783,True,agonist,antagonist
CHEMBL5984243,pool,batch_A_curated_120,42,1,92.73,83.43,3.72,2.406,1.314,True,antagonist,antagonist
CHEMBL5984243,pool,batch_A_curated_120,42,2,93.46,84.07,3.916,2.596,1.32,True,antagonist,antagonist
CHEMBL5996220,pool,batch_A_curated_120,42,1,92.21,81.24,3.757,2.191,1.566,True,antagonist,antagonist
CHEMBL5996220,pool,batch_A_curated_120,42,2,93.52,84.13,3.922,2.428,1.494,True,antagonist,antagonist
CHEMBL5997076,pool,batch_A_curated_120,42,1,93.78,86.01,4.538,1.526,3.012,True,antagonist,antagonist
CHEMBL5997076,pool,batch_A_curated_120,42,2,93.82,86.59,5.82,1.33,4.489,True,antagonist,antagonist
CHEMBL6004596,pool,batch_A_curated_120,42,1,93.42,83.81,3.297,1.799,1.498,True,antagonist,antagonist
CHEMBL6004596,pool,batch_A_curated_120,42,2,93.57,84.25,4.264,1.349,2.915,True,antagonist,antagonist
CHEMBL6021812,pool,batch_A_curated_120,42,1,92.49,83.41,3.963,2.354,1.609,True,antagonist,antagonist
CHEMBL6021812,pool,batch_A_curated_120,42,2,93.39,84.54,3.806,2.699,1.108,True,antagonist,antagonist
CHEMBL6032768,pool,batch_A_curated_120,42,1,93.18,84.81,4.015,2.261,1.753,True,antagonist,antagonist
CHEMBL6032768,pool,batch_A_curated_120,42,2,93.92,86.77,4.58,2.629,1.951,True,antagonist,antagonist
CHEMBL6034196,pool,batch_A_curated_120,42,1,92.67,83.17,4.014,2.175,1.839,True,antagonist,antagonist
CHEMBL6034196,pool,batch_A_curated_120,42,2,93.67,84.7,4.0,2.252,1.748,True,antagonist,antagonist
CHEMBL6046710,pool,batch_A_curated_120,42,1,92.86,83.65,4.183,2.228,1.955,True,antagonist,antagonist
CHEMBL6046710,pool,batch_A_curated_120,42,2,92.96,83.43,4.213,1.732,2.48,True,antagonist,antagonist
CHEMBL6057772,pool,batch_A_curated_120,42,1,92.53,83.3,3.78,2.181,1.599,True,antagonist,antagonist
CHEMBL6057772,pool,batch_A_curated_120,42,2,93.65,86.29,3.951,2.367,1.584,True,antagonist,antagonist
CHEMBL6062185,pool,batch_A_curated_120,42,1,92.19,82.61,3.974,2.187,1.787,True,antagonist,antagonist
CHEMBL6062185,pool,batch_A_curated_120,42,2,93.36,84.97,4.023,2.361,1.661,True,antagonist,antagonist
CHEMBL6065414,pool,batch_A_curated_120,42,1,93.37,85.66,4.224,2.193,2.03,True,antagonist,antagonist
CHEMBL6065414,pool,batch_A_curated_120,42,2,93.22,84.22,4.212,1.647,2.565,True,antagonist,antagonist
CHEMBL3218918,pool,batch_B_random_150,42,1,91.77,78.22,0.573,1.016,-0.443,True,agonist,agonist
CHEMBL3218918,pool,batch_B_random_150,42,2,88.72,59.46,0.37,4.244,-3.874,True,agonist,agonist
CHEMBL3218918,pool,batch_B_random_150,42,3,94.07,84.59,2.851,1.731,1.12,True,antagonist,agonist
CHEMBL3218918,pool,batch_B_random_150,42,4,93.02,81.35,0.292,1.513,-1.221,True,agonist,agonist
CHEMBL3218918,pool,batch_B_random_150,42,5,92.86,82.62,2.282,1.215,1.067,True,antagonist,agonist
CHEMBL3218919,pool,batch_B_random_150,42,1,90.96,77.58,0.423,1.012,-0.589,True,agonist,agonist
CHEMBL3218919,pool,batch_B_random_150,42,2,91.86,80.43,2.271,1.46,0.812,True,antagonist,agonist
CHEMBL3218919,pool,batch_B_random_150,42,3,90.48,75.85,0.371,1.27,-0.899,True,agonist,agonist
CHEMBL3218919,pool,batch_B_random_150,42,4,90.28,74.02,0.232,2.126,-1.893,True,agonist,agonist
CHEMBL3218919,pool,batch_B_random_150,42,5,91.53,78.83,0.28,1.391,-1.11,True,agonist,agonist
CHEMBL3234252,pool,batch_B_random_150,42,1,88.92,69.67,0.498,1.048,-0.55,True,agonist,antagonist
CHEMBL3234252,pool,batch_B_random_150,42,2,89.2,70.95,0.279,1.16,-0.881,True,agonist,antagonist
CHEMBL3234252,pool,batch_B_random_150,42,3,89.4,71.8,0.236,1.195,-0.959,True,agonist,antagonist
CHEMBL3234252,pool,batch_B_random_150,42,4,88.74,68.42,0.39,1.54,-1.15,True,agonist,antagonist
CHEMBL3234252,pool,batch_B_random_150,42,5,89.05,69.29,2.045,0.908,1.137,True,antagonist,antagonist
CHEMBL3313998,pool,batch_B_random_150,42,1,89.81,72.85,0.556,1.211,-0.655,True,agonist,agonist
CHEMBL3313998,pool,batch_B_random_150,42,2,88.57,59.65,0.331,0.346,-0.016,True,agonist,agonist
CHEMBL3313998,pool,batch_B_random_150,42,3,87.92,60.12,0.381,0.35,0.031,True,antagonist,agonist
CHEMBL3313998,pool,batch_B_random_150,42,4,88.36,59.68,0.423,0.432,-0.009,True,agonist,agonist
CHEMBL3313998,pool,batch_B_random_150,42,5,88.33,60.27,0.435,0.409,0.026,True,antagonist,agonist
CHEMBL3317824,pool,batch_B_random_150,42,1,92.23,76.13,0.609,4.443,-3.834,True,agonist,antagonist
CHEMBL3317824,pool,batch_B_random_150,42,2,92.83,79.54,0.305,0.341,-0.036,True,agonist,antagonist
CHEMBL3317824,pool,batch_B_random_150,42,3,91.98,75.89,0.399,0.33,0.069,True,antagonist,antagonist
CHEMBL3317824,pool,batch_B_random_150,42,4,93.27,81.47,0.36,0.333,0.027,True,antagonist,antagonist
CHEMBL3317824,pool,batch_B_random_150,42,5,91.93,75.7,0.413,0.341,0.072,True,antagonist,antagonist
CHEMBL3317837,pool,batch_B_random_150,42,1,91.19,76.44,0.505,1.333,-0.828,True,agonist,antagonist
CHEMBL3317837,pool,batch_B_random_150,42,2,91.1,70.52,0.342,0.353,-0.011,True,agonist,antagonist
CHEMBL3317837,pool,batch_B_random_150,42,3,89.99,67.2,0.479,0.339,0.14,True,antagonist,antagonist
CHEMBL3317837,pool,batch_B_random_150,42,4,90.24,66.87,0.408,0.333,0.076,True,antagonist,antagonist
CHEMBL3317837,pool,batch_B_random_150,42,5,89.97,67.86,0.415,0.347,0.068,True,antagonist,antagonist
CHEMBL3361027,pool,batch_B_random_150,42,1,92.15,76.92,0.662,0.335,0.327,True,antagonist,antagonist
CHEMBL3361027,pool,batch_B_random_150,42,2,92.23,77.32,0.267,0.337,-0.07,True,agonist,antagonist
CHEMBL3361027,pool,batch_B_random_150,42,3,91.75,76.17,0.384,0.361,0.022,True,antagonist,antagonist
CHEMBL3361027,pool,batch_B_random_150,42,4,92.34,76.28,0.415,0.353,0.062,True,antagonist,antagonist
CHEMBL3361027,pool,batch_B_random_150,42,5,91.21,73.81,0.428,0.348,0.081,True,antagonist,antagonist
CHEMBL3581540,pool,batch_B_random_150,42,1,92.25,75.78,0.607,4.537,-3.93,True,agonist,agonist
CHEMBL3581540,pool,batch_B_random_150,42,2,92.54,77.71,0.346,0.414,-0.069,True,agonist,agonist
CHEMBL3581540,pool,batch_B_random_150,42,3,91.85,75.36,0.411,0.369,0.042,True,antagonist,agonist
CHEMBL3581540,pool,batch_B_random_150,42,4,92.68,77.91,0.378,0.363,0.016,True,antagonist,agonist
CHEMBL3581540,pool,batch_B_random_150,42,5,91.61,74.53,0.436,0.351,0.085,True,antagonist,agonist
CHEMBL3581546,pool,batch_B_random_150,42,1,94.09,87.86,0.645,0.318,0.326,True,antagonist,agonist
CHEMBL3581546,pool,batch_B_random_150,42,2,94.45,89.74,0.315,0.344,-0.029,True,agonist,agonist
CHEMBL3581546,pool,batch_B_random_150,42,3,93.98,88.07,0.446,0.344,0.103,True,antagonist,agonist
CHEMBL3581546,pool,batch_B_random_150,42,4,94.27,88.54,0.398,0.338,0.06,True,antagonist,agonist
CHEMBL3581546,pool,batch_B_random_150,42,5,94.08,88.53,0.43,0.345,0.084,True,antagonist,agonist
CHEMBL3596270,pool,batch_B_random_150,42,1,94.18,86.41,6.89,1.484,5.406,True,antagonist,antagonist
CHEMBL3596270,pool,batch_B_random_150,42,2,93.81,85.92,5.178,1.458,3.72,True,antagonist,antagonist
CHEMBL3596270,pool,batch_B_random_150,42,3,94.03,87.01,5.478,1.061,4.417,True,antagonist,antagonist
CHEMBL3596270,pool,batch_B_random_150,42,4,93.92,86.05,3.317,1.261,2.057,True,antagonist,antagonist
CHEMBL3596270,pool,batch_B_random_150,42,5,93.9,85.57,3.668,1.431,2.238,True,antagonist,antagonist
CHEMBL3598076,pool,batch_B_random_150,42,1,91.21,75.16,0.508,1.038,-0.531,True,agonist,antagonist
CHEMBL3598076,pool,batch_B_random_150,42,2,90.92,73.74,0.319,1.577,-1.259,True,agonist,antagonist
CHEMBL3598076,pool,batch_B_random_150,42,3,91.1,74.92,0.351,2.037,-1.686,True,agonist,antagonist
CHEMBL3598076,pool,batch_B_random_150,42,4,91.4,75.58,0.299,1.388,-1.088,True,agonist,antagonist
CHEMBL3598076,pool,batch_B_random_150,42,5,90.87,73.68,0.354,1.895,-1.541,True,agonist,antagonist
CHEMBL3609385,pool,batch_B_random_150,42,1,89.8,70.09,0.508,1.416,-0.908,True,agonist,agonist
CHEMBL3609385,pool,batch_B_random_150,42,2,89.7,63.95,0.299,0.481,-0.182,True,agonist,agonist
CHEMBL3609385,pool,batch_B_random_150,42,3,89.39,63.75,0.288,0.354,-0.066,True,agonist,agonist
CHEMBL3609385,pool,batch_B_random_150,42,4,89.52,63.07,0.375,0.36,0.015,True,antagonist,agonist
CHEMBL3609385,pool,batch_B_random_150,42,5,90.15,72.35,2.105,1.08,1.025,True,antagonist,agonist
CHEMBL3609388,pool,batch_B_random_150,42,1,90.12,71.65,0.492,1.468,-0.976,True,agonist,agonist
CHEMBL3609388,pool,batch_B_random_150,42,2,90.8,69.64,0.297,0.442,-0.145,True,agonist,agonist
CHEMBL3609388,pool,batch_B_random_150,42,3,90.35,73.64,0.31,1.523,-1.213,True,agonist,agonist
CHEMBL3609388,pool,batch_B_random_150,42,4,91.5,72.27,0.285,0.382,-0.098,True,agonist,agonist
CHEMBL3609388,pool,batch_B_random_150,42,5,90.09,68.31,0.322,0.368,-0.045,True,agonist,agonist
CHEMBL3609400,pool,batch_B_random_150,42,1,90.49,72.28,0.537,1.277,-0.741,True,agonist,agonist
CHEMBL3609400,pool,batch_B_random_150,42,2,90.89,69.51,0.295,0.419,-0.124,True,agonist,agonist
CHEMBL3609400,pool,batch_B_random_150,42,3,90.39,67.67,0.32,0.426,-0.106,True,agonist,agonist
CHEMBL3609400,pool,batch_B_random_150,42,4,90.41,67.24,0.285,0.351,-0.066,True,agonist,agonist
CHEMBL3609400,pool,batch_B_random_150,42,5,90.42,71.7,0.359,1.495,-1.136,True,agonist,agonist
CHEMBL3609412,pool,batch_B_random_150,42,1,90.54,73.26,0.521,1.391,-0.869,True,agonist,agonist
CHEMBL3609412,pool,batch_B_random_150,42,2,91.43,72.23,0.262,0.421,-0.158,True,agonist,agonist
CHEMBL3609412,pool,batch_B_random_150,42,3,90.27,67.51,0.325,0.418,-0.093,True,agonist,agonist
CHEMBL3609412,pool,batch_B_random_150,42,4,91.22,70.65,0.29,0.352,-0.062,True,agonist,agonist
CHEMBL3609412,pool,batch_B_random_150,42,5,90.63,75.98,0.346,1.216,-0.87,True,agonist,agonist
CHEMBL3609414,pool,batch_B_random_150,42,1,90.45,73.18,0.528,1.269,-0.741,True,agonist,agonist
CHEMBL3609414,pool,batch_B_random_150,42,2,91.93,75.35,0.271,0.415,-0.144,True,agonist,agonist
CHEMBL3609414,pool,batch_B_random_150,42,3,90.61,69.55,0.345,0.364,-0.019,True,agonist,agonist
CHEMBL3609414,pool,batch_B_random_150,42,4,92.18,76.16,0.296,0.349,-0.053,True,agonist,agonist
CHEMBL3609414,pool,batch_B_random_150,42,5,90.3,74.98,0.3,1.27,-0.97,True,agonist,agonist
CHEMBL3933290,pool,batch_B_random_150,42,1,91.86,79.13,0.531,1.264,-0.733,True,agonist,antagonist
CHEMBL3933290,pool,batch_B_random_150,42,2,91.26,71.21,0.289,0.337,-0.048,True,agonist,antagonist
CHEMBL3933290,pool,batch_B_random_150,42,3,91.37,73.67,0.312,0.359,-0.047,True,agonist,antagonist
CHEMBL3933290,pool,batch_B_random_150,42,4,91.25,71.1,0.43,0.391,0.039,True,antagonist,antagonist
CHEMBL3933290,pool,batch_B_random_150,42,5,90.88,70.91,0.464,0.343,0.121,True,antagonist,antagonist
CHEMBL3962504,pool,batch_B_random_150,42,1,91.58,77.52,0.527,1.318,-0.791,True,agonist,antagonist
CHEMBL3962504,pool,batch_B_random_150,42,2,90.68,68.15,0.315,0.326,-0.011,True,agonist,antagonist
CHEMBL3962504,pool,batch_B_random_150,42,3,90.98,70.72,0.368,0.303,0.065,True,antagonist,antagonist
CHEMBL3962504,pool,batch_B_random_150,42,4,90.84,67.51,0.407,0.334,0.072,True,antagonist,antagonist
CHEMBL3962504,pool,batch_B_random_150,42,5,90.66,67.67,0.327,0.317,0.01,True,antagonist,antagonist
CHEMBL4126216,pool,batch_B_random_150,42,1,92.04,76.32,0.689,0.31,0.38,True,antagonist,antagonist
CHEMBL4126216,pool,batch_B_random_150,42,2,92.83,79.78,0.331,0.324,0.007,True,antagonist,antagonist
CHEMBL4126216,pool,batch_B_random_150,42,3,91.5,75.61,0.423,0.341,0.081,True,antagonist,antagonist
CHEMBL4126216,pool,batch_B_random_150,42,4,91.83,76.32,0.441,0.251,0.191,True,antagonist,antagonist
CHEMBL4126216,pool,batch_B_random_150,42,5,91.86,76.77,0.422,0.34,0.082,True,antagonist,antagonist
CHEMBL4205062,pool,batch_B_random_150,42,1,89.19,65.26,0.583,4.355,-3.772,True,agonist,antagonist
CHEMBL4205062,pool,batch_B_random_150,42,2,89.53,67.02,0.301,4.424,-4.124,True,agonist,antagonist
CHEMBL4205062,pool,batch_B_random_150,42,3,88.93,65.7,0.327,4.432,-4.104,True,agonist,antagonist
CHEMBL4205062,pool,batch_B_random_150,42,4,88.85,64.81,0.279,0.351,-0.072,True,agonist,antagonist
CHEMBL4205062,pool,batch_B_random_150,42,5,89.32,66.2,0.313,0.337,-0.024,True,agonist,antagonist
CHEMBL4206368,pool,batch_B_random_150,42,1,91.07,76.04,0.511,1.003,-0.492,True,agonist,antagonist
CHEMBL4206368,pool,batch_B_random_150,42,2,91.26,76.51,0.385,1.386,-1.001,True,agonist,antagonist
CHEMBL4206368,pool,batch_B_random_150,42,3,89.51,63.6,0.406,0.347,0.059,True,antagonist,antagonist
CHEMBL4206368,pool,batch_B_random_150,42,4,89.76,64.3,0.405,0.333,0.072,True,antagonist,antagonist
CHEMBL4206368,pool,batch_B_random_150,42,5,91.37,77.36,0.459,1.391,-0.932,True,agonist,antagonist
CHEMBL4209944,pool,batch_B_random_150,42,1,89.05,67.65,0.586,1.257,-0.671,True,agonist,antagonist
CHEMBL4209944,pool,batch_B_random_150,42,2,90.49,68.48,0.286,0.424,-0.138,True,agonist,antagonist
CHEMBL4209944,pool,batch_B_random_150,42,3,89.51,65.87,0.346,0.422,-0.077,True,agonist,antagonist
CHEMBL4209944,pool,batch_B_random_150,42,4,90.89,69.79,0.309,0.357,-0.047,True,agonist,antagonist
CHEMBL4209944,pool,batch_B_random_150,42,5,89.44,71.7,0.3,1.227,-0.928,True,agonist,antagonist
CHEMBL4227729,pool,batch_B_random_150,42,1,89.49,65.06,0.762,0.332,0.429,True,antagonist,antagonist
CHEMBL4227729,pool,batch_B_random_150,42,2,90.55,68.14,0.274,0.338,-0.064,True,agonist,antagonist
CHEMBL4227729,pool,batch_B_random_150,42,3,88.88,63.95,0.352,0.352,0.0,True,antagonist,antagonist
CHEMBL4227729,pool,batch_B_random_150,42,4,89.43,65.55,0.34,0.425,-0.085,True,agonist,antagonist
CHEMBL4227729,pool,batch_B_random_150,42,5,89.39,66.46,0.29,0.354,-0.064,True,agonist,antagonist
CHEMBL4279941,pool,batch_B_random_150,42,1,89.24,69.2,0.558,1.184,-0.626,True,agonist,antagonist
CHEMBL4279941,pool,batch_B_random_150,42,2,88.29,59.24,0.393,0.393,-0.0,True,agonist,antagonist
CHEMBL4279941,pool,batch_B_random_150,42,3,88.33,59.35,0.482,0.344,0.138,True,antagonist,antagonist
CHEMBL4279941,pool,batch_B_random_150,42,4,87.84,59.2,0.347,0.329,0.018,True,antagonist,antagonist
CHEMBL4279941,pool,batch_B_random_150,42,5,89.24,70.03,0.406,1.459,-1.054,True,agonist,antagonist
CHEMBL4283051,pool,batch_B_random_150,42,1,90.56,73.02,0.534,1.17,-0.636,True,agonist,antagonist
CHEMBL4283051,pool,batch_B_random_150,42,2,92.21,75.34,0.323,0.417,-0.094,True,agonist,antagonist
CHEMBL4283051,pool,batch_B_random_150,42,3,90.93,70.24,0.338,0.423,-0.086,True,agonist,antagonist
CHEMBL4283051,pool,batch_B_random_150,42,4,90.45,68.29,0.342,0.365,-0.024,True,agonist,antagonist
CHEMBL4283051,pool,batch_B_random_150,42,5,90.38,72.28,0.549,1.007,-0.458,True,agonist,antagonist
CHEMBL4287715,pool,batch_B_random_150,42,1,90.25,72.63,0.482,1.092,-0.61,True,agonist,antagonist
CHEMBL4287715,pool,batch_B_random_150,42,2,89.8,62.3,0.332,0.42,-0.088,True,agonist,antagonist
CHEMBL4287715,pool,batch_B_random_150,42,3,90.19,73.27,1.128,2.083,-0.955,True,agonist,antagonist
CHEMBL4287715,pool,batch_B_random_150,42,4,88.95,60.57,0.333,0.359,-0.026,True,agonist,antagonist
CHEMBL4287715,pool,batch_B_random_150,42,5,90.13,72.24,0.468,2.897,-2.429,True,agonist,antagonist
CHEMBL4292862,pool,batch_B_random_150,42,1,89.48,70.73,0.548,1.24,-0.692,True,agonist,antagonist
CHEMBL4292862,pool,batch_B_random_150,42,2,89.57,71.28,5.621,1.886,3.736,True,antagonist,antagonist
CHEMBL4292862,pool,batch_B_random_150,42,3,89.82,72.26,0.401,2.113,-1.712,True,agonist,antagonist
CHEMBL4292862,pool,batch_B_random_150,42,4,89.52,71.57,0.422,1.901,-1.479,True,agonist,antagonist
CHEMBL4292862,pool,batch_B_random_150,42,5,89.42,73.39,0.307,1.244,-0.938,True,agonist,antagonist
CHEMBL4435215,pool,batch_B_random_150,42,1,91.05,73.83,0.573,1.314,-0.74,True,agonist,antagonist
CHEMBL4435215,pool,batch_B_random_150,42,2,91.51,76.5,0.304,1.29,-0.986,True,agonist,antagonist
CHEMBL4435215,pool,batch_B_random_150,42,3,91.76,74.71,0.386,4.519,-4.133,True,agonist,antagonist
CHEMBL4435215,pool,batch_B_random_150,42,4,92.27,76.77,0.478,4.369,-3.891,True,agonist,antagonist
CHEMBL4435215,pool,batch_B_random_150,42,5,91.18,75.89,0.254,1.329,-1.075,True,agonist,antagonist
CHEMBL4438967,pool,batch_B_random_150,42,1,91.61,76.81,0.595,4.369,-3.774,True,agonist,antagonist
CHEMBL4438967,pool,batch_B_random_150,42,2,92.8,81.85,0.297,0.351,-0.054,True,agonist,antagonist
CHEMBL4438967,pool,batch_B_random_150,42,3,91.31,76.14,0.332,0.423,-0.091,True,agonist,antagonist
CHEMBL4438967,pool,batch_B_random_150,42,4,92.07,78.74,0.313,0.354,-0.041,True,agonist,antagonist
CHEMBL4438967,pool,batch_B_random_150,42,5,92.09,80.03,0.348,0.348,-0.0,True,agonist,antagonist
CHEMBL4452914,pool,batch_B_random_150,42,1,93.66,86.1,4.01,1.973,2.037,True,antagonist,agonist
CHEMBL4452914,pool,batch_B_random_150,42,2,93.43,85.04,5.533,1.59,3.943,True,antagonist,agonist
CHEMBL4452914,pool,batch_B_random_150,42,3,87.52,56.62,0.351,0.357,-0.006,True,agonist,agonist
CHEMBL4452914,pool,batch_B_random_150,42,4,93.72,87.15,5.427,1.638,3.79,True,antagonist,agonist
CHEMBL4452914,pool,batch_B_random_150,42,5,93.57,86.24,5.116,1.71,3.406,True,antagonist,agonist
CHEMBL4457391,pool,batch_B_random_150,42,1,92.42,79.2,0.596,4.584,-3.988,True,agonist,antagonist
CHEMBL4457391,pool,batch_B_random_150,42,2,92.97,81.11,0.293,0.421,-0.128,True,agonist,antagonist
CHEMBL4457391,pool,batch_B_random_150,42,3,91.99,77.85,0.327,0.44,-0.113,True,agonist,antagonist
CHEMBL4457391,pool,batch_B_random_150,42,4,92.12,78.48,0.303,0.375,-0.072,True,agonist,antagonist
CHEMBL4457391,pool,batch_B_random_150,42,5,89.67,69.65,0.446,0.976,-0.53,True,agonist,antagonist
CHEMBL4470666,pool,batch_B_random_150,42,1,90.84,73.13,0.566,1.374,-0.808,True,agonist,antagonist
CHEMBL4470666,pool,batch_B_random_150,42,2,91.45,76.39,0.381,1.278,-0.897,True,agonist,antagonist
CHEMBL4470666,pool,batch_B_random_150,42,3,92.0,76.22,0.382,0.36,0.022,True,antagonist,antagonist
CHEMBL4470666,pool,batch_B_random_150,42,4,92.27,76.9,0.489,4.373,-3.884,True,agonist,antagonist
CHEMBL4470666,pool,batch_B_random_150,42,5,91.31,76.47,0.25,1.288,-1.038,True,agonist,antagonist
CHEMBL4547336,pool,batch_B_random_150,42,1,89.87,72.09,0.515,1.453,-0.938,True,agonist,agonist
CHEMBL4547336,pool,batch_B_random_150,42,2,89.24,60.83,0.284,0.415,-0.131,True,agonist,agonist
CHEMBL4547336,pool,batch_B_random_150,42,3,88.57,60.15,0.361,0.412,-0.051,True,agonist,agonist
CHEMBL4547336,pool,batch_B_random_150,42,4,89.3,60.72,0.296,0.351,-0.055,True,agonist,agonist
CHEMBL4547336,pool,batch_B_random_150,42,5,89.96,74.56,0.349,1.265,-0.916,True,agonist,agonist
CHEMBL4552142,pool,batch_B_random_150,42,1,90.24,71.95,0.51,1.363,-0.854,True,agonist,antagonist
CHEMBL4552142,pool,batch_B_random_150,42,2,90.01,69.15,0.278,0.338,-0.06,True,agonist,antagonist
CHEMBL4552142,pool,batch_B_random_150,42,3,90.14,69.17,0.405,0.355,0.049,True,antagonist,antagonist
CHEMBL4552142,pool,batch_B_random_150,42,4,89.64,67.66,0.338,0.342,-0.004,True,agonist,antagonist
CHEMBL4552142,pool,batch_B_random_150,42,5,90.53,70.78,0.218,0.355,-0.137,True,agonist,antagonist
CHEMBL4576948,pool,batch_B_random_150,42,1,92.97,80.29,0.574,0.324,0.249,True,antagonist,agonist
CHEMBL4576948,pool,batch_B_random_150,42,2,93.5,82.77,0.278,0.337,-0.059,True,agonist,agonist
CHEMBL4576948,pool,batch_B_random_150,42,3,92.42,78.79,0.304,0.355,-0.051,True,agonist,agonist
CHEMBL4576948,pool,batch_B_random_150,42,4,92.41,78.82,0.3,0.358,-0.058,True,agonist,agonist
CHEMBL4576948,pool,batch_B_random_150,42,5,90.76,72.35,0.558,1.063,-0.505,True,agonist,agonist
CHEMBL4648441,pool,batch_B_random_150,42,1,93.47,83.95,0.642,0.307,0.335,True,antagonist,antagonist
CHEMBL4648441,pool,batch_B_random_150,42,2,90.74,74.73,0.424,1.326,-0.902,True,agonist,antagonist
CHEMBL4648441,pool,batch_B_random_150,42,3,93.74,85.18,0.415,0.328,0.087,True,antagonist,antagonist
CHEMBL4648441,pool,batch_B_random_150,42,4,93.38,84.13,0.35,0.327,0.023,True,antagonist,antagonist
CHEMBL4648441,pool,batch_B_random_150,42,5,93.55,84.52,0.389,0.318,0.071,True,antagonist,antagonist
CHEMBL4649541,pool,batch_B_random_150,42,1,93.64,84.21,0.628,0.32,0.308,True,antagonist,agonist
CHEMBL4649541,pool,batch_B_random_150,42,2,94.22,86.97,0.342,0.331,0.012,True,antagonist,agonist
CHEMBL4649541,pool,batch_B_random_150,42,3,93.76,85.6,0.4,0.363,0.037,True,antagonist,agonist
CHEMBL4649541,pool,batch_B_random_150,42,4,93.3,83.34,0.376,0.345,0.031,True,antagonist,agonist
CHEMBL4649541,pool,batch_B_random_150,42,5,93.81,85.9,0.334,0.33,0.004,True,antagonist,agonist
CHEMBL4745606,pool,batch_B_random_150,42,1,90.29,69.19,0.605,4.573,-3.968,True,agonist,agonist
CHEMBL4745606,pool,batch_B_random_150,42,2,90.63,70.24,0.323,0.361,-0.038,True,agonist,agonist
CHEMBL4745606,pool,batch_B_random_150,42,3,90.31,69.47,0.349,0.345,0.004,True,antagonist,agonist
CHEMBL4745606,pool,batch_B_random_150,42,4,90.4,69.6,0.376,0.339,0.036,True,antagonist,agonist
CHEMBL4745606,pool,batch_B_random_150,42,5,90.42,70.16,0.389,0.349,0.04,True,antagonist,agonist
CHEMBL4749158,pool,batch_B_random_150,42,1,94.44,90.46,0.53,4.56,-4.03,True,agonist,agonist
CHEMBL4749158,pool,batch_B_random_150,42,2,94.4,90.64,0.321,0.362,-0.041,True,agonist,agonist
CHEMBL4749158,pool,batch_B_random_150,42,3,94.1,90.04,0.292,0.343,-0.051,True,agonist,agonist
CHEMBL4749158,pool,batch_B_random_150,42,4,94.43,90.49,0.307,0.363,-0.055,True,agonist,agonist
CHEMBL4749158,pool,batch_B_random_150,42,5,94.11,89.89,0.341,0.35,-0.009,True,agonist,agonist
CHEMBL4754713,pool,batch_B_random_150,42,1,89.82,67.95,0.632,4.32,-3.688,True,agonist,agonist
CHEMBL4754713,pool,batch_B_random_150,42,2,90.45,69.13,0.249,0.413,-0.163,True,agonist,agonist
CHEMBL4754713,pool,batch_B_random_150,42,3,89.74,67.83,0.355,0.354,0.001,True,antagonist,agonist
CHEMBL4754713,pool,batch_B_random_150,42,4,90.72,70.32,0.325,0.351,-0.027,True,agonist,agonist
CHEMBL4754713,pool,batch_B_random_150,42,5,89.92,68.76,0.381,0.359,0.022,True,antagonist,agonist
CHEMBL4776548,pool,batch_B_random_150,42,1,89.44,71.67,0.508,1.01,-0.502,True,agonist,antagonist
CHEMBL4776548,pool,batch_B_random_150,42,2,88.39,58.46,0.326,0.342,-0.015,True,agonist,antagonist
CHEMBL4776548,pool,batch_B_random_150,42,3,87.64,59.54,0.468,0.348,0.12,True,antagonist,antagonist
CHEMBL4776548,pool,batch_B_random_150,42,4,87.87,58.28,0.408,0.345,0.062,True,antagonist,antagonist
CHEMBL4776548,pool,batch_B_random_150,42,5,89.39,71.25,0.411,0.981,-0.57,True,agonist,antagonist
CHEMBL4777002,pool,batch_B_random_150,42,1,92.95,83.47,0.589,4.568,-3.979,True,agonist,agonist
CHEMBL4777002,pool,batch_B_random_150,42,2,93.8,86.69,0.317,0.359,-0.042,True,agonist,agonist
CHEMBL4777002,pool,batch_B_random_150,42,3,93.42,85.61,0.359,0.342,0.017,True,antagonist,agonist
CHEMBL4777002,pool,batch_B_random_150,42,4,93.54,85.87,0.405,0.342,0.063,True,antagonist,agonist
CHEMBL4777002,pool,batch_B_random_150,42,5,93.61,86.79,0.379,0.353,0.026,True,antagonist,agonist
CHEMBL4848879,pool,batch_B_random_150,42,1,94.05,85.29,0.611,4.387,-3.777,True,agonist,agonist
CHEMBL4848879,pool,batch_B_random_150,42,2,94.59,87.73,0.294,5.155,-4.861,True,agonist,agonist
CHEMBL4848879,pool,batch_B_random_150,42,3,94.11,85.84,0.343,0.357,-0.014,True,agonist,agonist
CHEMBL4848879,pool,batch_B_random_150,42,4,93.74,84.53,0.283,0.345,-0.062,True,agonist,agonist
CHEMBL4848879,pool,batch_B_random_150,42,5,94.06,85.97,0.298,0.352,-0.053,True,agonist,agonist
CHEMBL4849995,pool,batch_B_random_150,42,1,92.81,80.82,0.606,4.488,-3.881,True,agonist,agonist
CHEMBL4849995,pool,batch_B_random_150,42,2,93.77,85.32,0.298,0.35,-0.052,True,agonist,agonist
CHEMBL4849995,pool,batch_B_random_150,42,3,92.8,81.94,0.379,0.355,0.024,True,antagonist,agonist
CHEMBL4849995,pool,batch_B_random_150,42,4,93.43,84.77,0.605,0.553,0.052,True,antagonist,agonist
CHEMBL4849995,pool,batch_B_random_150,42,5,89.62,69.22,0.793,1.459,-0.666,True,agonist,agonist
CHEMBL4851088,pool,batch_B_random_150,42,1,93.99,83.91,0.579,4.592,-4.012,True,agonist,agonist
CHEMBL4851088,pool,batch_B_random_150,42,2,94.5,86.29,0.288,4.929,-4.641,True,agonist,agonist
CHEMBL4851088,pool,batch_B_random_150,42,3,93.83,83.37,0.337,0.366,-0.029,True,agonist,agonist
CHEMBL4851088,pool,batch_B_random_150,42,4,93.69,83.36,0.278,0.345,-0.067,True,agonist,agonist
CHEMBL4851088,pool,batch_B_random_150,42,5,94.07,84.96,0.295,0.36,-0.066,True,agonist,agonist
CHEMBL4855243,pool,batch_B_random_150,42,1,92.23,76.86,0.688,4.325,-3.637,True,agonist,agonist
CHEMBL4855243,pool,batch_B_random_150,42,2,93.48,83.16,0.328,0.344,-0.016,True,agonist,agonist
CHEMBL4855243,pool,batch_B_random_150,42,3,92.25,77.42,0.335,0.355,-0.02,True,agonist,agonist
CHEMBL4855243,pool,batch_B_random_150,42,4,92.62,79.8,0.294,0.354,-0.06,True,agonist,agonist
CHEMBL4855243,pool,batch_B_random_150,42,5,92.42,78.3,0.328,0.357,-0.028,True,agonist,agonist
CHEMBL4857191,pool,batch_B_random_150,42,1,90.39,72.79,0.499,1.226,-0.728,True,agonist,agonist
CHEMBL4857191,pool,batch_B_random_150,42,2,90.84,69.13,0.335,0.4,-0.065,True,agonist,agonist
CHEMBL4857191,pool,batch_B_random_150,42,3,90.1,66.5,0.327,0.402,-0.074,True,agonist,agonist
CHEMBL4857191,pool,batch_B_random_150,42,4,89.9,67.19,0.336,0.358,-0.023,True,agonist,agonist
CHEMBL4857191,pool,batch_B_random_150,42,5,90.38,73.57,0.295,1.485,-1.19,True,agonist,agonist
CHEMBL4857658,pool,batch_B_random_150,42,1,90.42,72.94,0.476,1.033,-0.557,True,agonist,agonist
CHEMBL4857658,pool,batch_B_random_150,42,2,90.42,73.55,0.314,1.845,-1.531,True,agonist,agonist
CHEMBL4857658,pool,batch_B_random_150,42,3,89.92,72.22,0.475,1.592,-1.117,True,agonist,agonist
CHEMBL4857658,pool,batch_B_random_150,42,4,90.94,75.36,0.237,2.195,-1.957,True,agonist,agonist
CHEMBL4857658,pool,batch_B_random_150,42,5,90.03,72.33,0.278,1.744,-1.466,True,agonist,agonist
CHEMBL4861529,pool,batch_B_random_150,42,1,90.77,69.68,0.593,0.328,0.264,True,antagonist,antagonist
CHEMBL4861529,pool,batch_B_random_150,42,2,90.93,71.09,0.358,0.333,0.026,True,antagonist,antagonist
CHEMBL4861529,pool,batch_B_random_150,42,3,90.59,70.02,0.295,0.347,-0.052,True,agonist,antagonist
CHEMBL4861529,pool,batch_B_random_150,42,4,91.08,72.37,0.289,0.378,-0.089,True,agonist,antagonist
CHEMBL4861529,pool,batch_B_random_150,42,5,91.44,72.87,0.347,0.348,-0.001,True,agonist,antagonist
CHEMBL4863122,pool,batch_B_random_150,42,1,92.98,78.44,0.604,4.638,-4.033,True,agonist,agonist
CHEMBL4863122,pool,batch_B_random_150,42,2,93.91,82.67,0.299,0.34,-0.04,True,agonist,agonist
CHEMBL4863122,pool,batch_B_random_150,42,3,92.01,75.84,0.398,0.355,0.043,True,antagonist,agonist
CHEMBL4863122,pool,batch_B_random_150,42,4,92.7,77.92,0.285,0.35,-0.065,True,agonist,agonist
CHEMBL4863122,pool,batch_B_random_150,42,5,93.26,80.07,0.296,0.354,-0.057,True,agonist,agonist
CHEMBL4866161,pool,batch_B_random_150,42,1,90.9,74.73,0.56,1.255,-0.695,True,agonist,agonist
CHEMBL4866161,pool,batch_B_random_150,42,2,90.22,64.65,0.321,0.344,-0.023,True,agonist,agonist
CHEMBL4866161,pool,batch_B_random_150,42,3,89.54,64.59,0.384,4.081,-3.696,True,agonist,agonist
CHEMBL4866161,pool,batch_B_random_150,42,4,89.95,63.68,0.396,0.349,0.046,True,antagonist,agonist
CHEMBL4866161,pool,batch_B_random_150,42,5,89.86,64.6,0.353,0.329,0.024,True,antagonist,agonist
CHEMBL4868485,pool,batch_B_random_150,42,1,92.35,74.8,0.62,4.42,-3.8,True,agonist,agonist
CHEMBL4868485,pool,batch_B_random_150,42,2,93.08,78.03,0.313,0.354,-0.041,True,agonist,agonist
CHEMBL4868485,pool,batch_B_random_150,42,3,91.87,74.53,0.35,0.36,-0.01,True,agonist,agonist
CHEMBL4868485,pool,batch_B_random_150,42,4,92.38,75.57,0.324,0.35,-0.026,True,agonist,agonist
CHEMBL4868485,pool,batch_B_random_150,42,5,92.15,75.3,0.368,0.348,0.021,True,antagonist,agonist
CHEMBL4869567,pool,batch_B_random_150,42,1,91.52,74.12,0.642,4.47,-3.828,True,agonist,agonist
CHEMBL4869567,pool,batch_B_random_150,42,2,91.69,75.5,0.298,0.348,-0.051,True,agonist,agonist
CHEMBL4869567,pool,batch_B_random_150,42,3,92.21,76.87,0.358,0.346,0.012,True,antagonist,agonist
CHEMBL4869567,pool,batch_B_random_150,42,4,92.64,79.18,0.36,0.354,0.006,True,antagonist,agonist
CHEMBL4869567,pool,batch_B_random_150,42,5,92.1,76.91,0.345,0.331,0.014,True,antagonist,agonist
CHEMBL4871691,pool,batch_B_random_150,42,1,92.24,73.72,0.621,4.44,-3.819,True,agonist,agonist
CHEMBL4871691,pool,batch_B_random_150,42,2,92.82,76.47,0.307,0.355,-0.049,True,agonist,agonist
CHEMBL4871691,pool,batch_B_random_150,42,3,91.67,73.02,0.355,0.36,-0.006,True,agonist,agonist
CHEMBL4871691,pool,batch_B_random_150,42,4,92.26,74.55,0.335,0.345,-0.01,True,agonist,agonist
CHEMBL4871691,pool,batch_B_random_150,42,5,92.06,74.55,0.38,0.34,0.04,True,antagonist,agonist
CHEMBL4874647,pool,batch_B_random_150,42,1,93.4,83.66,0.624,4.502,-3.878,True,agonist,agonist
CHEMBL4874647,pool,batch_B_random_150,42,2,93.75,86.13,0.329,0.339,-0.01,True,agonist,agonist
CHEMBL4874647,pool,batch_B_random_150,42,3,93.07,83.22,0.344,0.36,-0.016,True,agonist,agonist
CHEMBL4874647,pool,batch_B_random_150,42,4,93.14,83.0,0.323,0.342,-0.019,True,agonist,agonist
CHEMBL4874647,pool,batch_B_random_150,42,5,93.5,84.99,0.344,0.349,-0.005,True,agonist,agonist
CHEMBL4876485,pool,batch_B_random_150,42,1,90.8,74.39,0.504,1.2,-0.696,True,agonist,agonist
CHEMBL4876485,pool,batch_B_random_150,42,2,90.25,66.58,0.296,0.373,-0.077,True,agonist,agonist
CHEMBL4876485,pool,batch_B_random_150,42,3,89.4,64.9,0.404,0.362,0.042,True,antagonist,agonist
CHEMBL4876485,pool,batch_B_random_150,42,4,89.93,64.91,0.357,0.352,0.005,True,antagonist,agonist
CHEMBL4876485,pool,batch_B_random_150,42,5,89.59,64.92,0.39,0.346,0.043,True,antagonist,agonist
CHEMBL4877008,pool,batch_B_random_150,42,1,93.83,84.29,0.622,4.409,-3.787,True,agonist,agonist
CHEMBL4877008,pool,batch_B_random_150,42,2,94.56,87.57,0.293,0.338,-0.045,True,agonist,agonist
CHEMBL4877008,pool,batch_B_random_150,42,3,94.02,85.65,0.346,0.361,-0.015,True,agonist,agonist
CHEMBL4877008,pool,batch_B_random_150,42,4,93.58,83.78,0.284,0.346,-0.062,True,agonist,agonist
CHEMBL4877008,pool,batch_B_random_150,42,5,93.97,85.42,0.319,0.363,-0.044,True,agonist,agonist
CHEMBL4878238,pool,batch_B_random_150,42,1,93.39,80.76,0.613,4.399,-3.786,True,agonist,agonist
CHEMBL4878238,pool,batch_B_random_150,42,2,94.11,84.11,0.293,0.345,-0.052,True,agonist,agonist
CHEMBL4878238,pool,batch_B_random_150,42,3,92.89,79.55,0.381,0.363,0.018,True,antagonist,agonist
CHEMBL4878238,pool,batch_B_random_150,42,4,93.14,80.52,0.283,0.349,-0.065,True,agonist,agonist
CHEMBL4878238,pool,batch_B_random_150,42,5,93.55,82.07,0.295,0.352,-0.057,True,agonist,agonist
CHEMBL4878616,pool,batch_B_random_150,42,1,90.6,73.25,0.559,1.29,-0.73,True,agonist,agonist
CHEMBL4878616,pool,batch_B_random_150,42,2,90.91,68.84,0.315,0.329,-0.014,True,agonist,agonist
CHEMBL4878616,pool,batch_B_random_150,42,3,90.31,68.08,0.377,0.347,0.03,True,antagonist,agonist
CHEMBL4878616,pool,batch_B_random_150,42,4,90.52,67.61,0.3,0.339,-0.038,True,agonist,agonist
CHEMBL4878616,pool,batch_B_random_150,42,5,90.93,70.49,0.352,0.347,0.006,True,antagonist,agonist
CHEMBL5075147,pool,batch_B_random_150,42,1,91.01,69.28,0.59,4.578,-3.988,True,agonist,agonist
CHEMBL5075147,pool,batch_B_random_150,42,2,91.22,69.87,0.255,0.393,-0.138,True,agonist,agonist
CHEMBL5075147,pool,batch_B_random_150,42,3,90.48,67.84,0.347,4.502,-4.155,True,agonist,agonist
CHEMBL5075147,pool,batch_B_random_150,42,4,91.45,70.24,0.324,0.362,-0.038,True,agonist,agonist
CHEMBL5075147,pool,batch_B_random_150,42,5,90.36,67.74,0.365,0.366,-0.001,True,agonist,agonist
CHEMBL5082726,pool,batch_B_random_150,42,1,94.49,89.5,0.555,0.337,0.218,True,antagonist,agonist
CHEMBL5082726,pool,batch_B_random_150,42,2,94.77,90.42,0.279,0.351,-0.072,True,agonist,agonist
CHEMBL5082726,pool,batch_B_random_150,42,3,94.23,88.85,0.368,0.362,0.006,True,antagonist,agonist
CHEMBL5082726,pool,batch_B_random_150,42,4,94.53,89.7,0.45,0.359,0.092,True,antagonist,agonist
CHEMBL5082726,pool,batch_B_random_150,42,5,94.34,89.18,0.311,0.361,-0.05,True,agonist,agonist
CHEMBL5085004,pool,batch_B_random_150,42,1,93.12,80.31,0.564,4.659,-4.096,True,agonist,agonist
CHEMBL5085004,pool,batch_B_random_150,42,2,93.87,84.22,0.308,0.407,-0.099,True,agonist,agonist
CHEMBL5085004,pool,batch_B_random_150,42,3,92.92,80.46,0.325,0.414,-0.089,True,agonist,agonist
CHEMBL5085004,pool,batch_B_random_150,42,4,92.73,79.59,0.313,0.367,-0.054,True,agonist,agonist
CHEMBL5085004,pool,batch_B_random_150,42,5,92.6,78.56,0.251,0.363,-0.112,True,agonist,agonist
CHEMBL5086937,pool,batch_B_random_150,42,1,91.48,74.95,0.506,1.339,-0.833,True,agonist,agonist
CHEMBL5086937,pool,batch_B_random_150,42,2,93.63,84.37,0.331,0.365,-0.033,True,agonist,agonist
CHEMBL5086937,pool,batch_B_random_150,42,3,92.85,81.59,0.342,0.338,0.004,True,antagonist,agonist
CHEMBL5086937,pool,batch_B_random_150,42,4,93.53,84.71,0.369,0.343,0.026,True,antagonist,agonist
CHEMBL5086937,pool,batch_B_random_150,42,5,93.61,84.93,0.367,0.352,0.016,True,antagonist,agonist
CHEMBL5090647,pool,batch_B_random_150,42,1,90.8,68.3,0.55,4.605,-4.055,True,agonist,agonist
CHEMBL5090647,pool,batch_B_random_150,42,2,90.81,68.26,0.307,0.369,-0.062,True,agonist,agonist
CHEMBL5090647,pool,batch_B_random_150,42,3,90.41,67.31,0.301,0.35,-0.049,True,agonist,agonist
CHEMBL5090647,pool,batch_B_random_150,42,4,90.68,68.47,0.369,0.348,0.021,True,antagonist,agonist
CHEMBL5090647,pool,batch_B_random_150,42,5,90.72,68.56,0.345,0.359,-0.014,True,agonist,agonist
CHEMBL5091940,pool,batch_B_random_150,42,1,91.79,72.86,0.589,4.398,-3.809,True,agonist,agonist
CHEMBL5091940,pool,batch_B_random_150,42,2,91.93,72.64,0.249,0.397,-0.148,True,agonist,agonist
CHEMBL5091940,pool,batch_B_random_150,42,3,91.02,70.03,0.313,4.463,-4.149,True,agonist,agonist
CHEMBL5091940,pool,batch_B_random_150,42,4,92.42,74.09,0.339,0.365,-0.026,True,agonist,agonist
CHEMBL5091940,pool,batch_B_random_150,42,5,91.12,71.18,0.367,0.36,0.008,True,antagonist,agonist
CHEMBL5177120,pool,batch_B_random_150,42,1,94.43,86.81,4.439,1.441,2.998,True,antagonist,antagonist
CHEMBL5177120,pool,batch_B_random_150,42,2,94.0,85.45,5.233,1.355,3.878,True,antagonist,antagonist
CHEMBL5177120,pool,batch_B_random_150,42,3,94.23,86.63,7.143,1.021,6.123,True,antagonist,antagonist
CHEMBL5177120,pool,batch_B_random_150,42,4,95.0,87.06,3.197,1.187,2.01,True,antagonist,antagonist
CHEMBL5177120,pool,batch_B_random_150,42,5,94.32,85.22,4.665,1.161,3.504,True,antagonist,antagonist
CHEMBL5273235,pool,batch_B_random_150,42,1,91.62,76.07,0.324,1.096,-0.772,True,agonist,antagonist
CHEMBL5273235,pool,batch_B_random_150,42,2,90.87,67.26,0.265,4.925,-4.66,True,agonist,antagonist
CHEMBL5273235,pool,batch_B_random_150,42,3,90.44,66.2,0.362,0.441,-0.079,True,agonist,antagonist
CHEMBL5273235,pool,batch_B_random_150,42,4,90.59,66.2,0.392,0.354,0.038,True,antagonist,antagonist
CHEMBL5273235,pool,batch_B_random_150,42,5,91.8,77.53,0.248,1.176,-0.928,True,agonist,antagonist
CHEMBL5289748,pool,batch_B_random_150,42,1,91.13,73.97,0.31,1.073,-0.763,True,agonist,antagonist
CHEMBL5289748,pool,batch_B_random_150,42,2,91.4,75.53,0.265,1.502,-1.237,True,agonist,antagonist
CHEMBL5289748,pool,batch_B_random_150,42,3,92.14,79.52,0.304,1.57,-1.267,True,agonist,antagonist
CHEMBL5289748,pool,batch_B_random_150,42,4,90.07,65.29,0.348,0.368,-0.02,True,agonist,antagonist
CHEMBL5289748,pool,batch_B_random_150,42,5,91.13,74.51,0.297,1.462,-1.165,True,agonist,antagonist
CHEMBL5410061,pool,batch_B_random_150,42,1,89.26,69.82,0.487,1.238,-0.751,True,agonist,agonist
CHEMBL5410061,pool,batch_B_random_150,42,2,89.74,72.12,0.337,1.75,-1.413,True,agonist,agonist
CHEMBL5410061,pool,batch_B_random_150,42,3,89.3,70.65,0.292,2.003,-1.711,True,agonist,agonist
CHEMBL5410061,pool,batch_B_random_150,42,4,89.66,71.62,0.361,1.192,-0.831,True,agonist,agonist
CHEMBL5410061,pool,batch_B_random_150,42,5,89.04,69.36,0.456,3.41,-2.954,True,agonist,agonist
CHEMBL5410860,pool,batch_B_random_150,42,1,93.76,85.23,3.884,1.836,2.048,True,antagonist,antagonist
CHEMBL5410860,pool,batch_B_random_150,42,2,93.87,84.6,4.352,1.851,2.501,True,antagonist,antagonist
CHEMBL5410860,pool,batch_B_random_150,42,3,93.38,83.4,3.759,1.506,2.253,True,antagonist,antagonist
CHEMBL5410860,pool,batch_B_random_150,42,4,93.56,84.8,3.86,2.035,1.825,True,antagonist,antagonist
CHEMBL5410860,pool,batch_B_random_150,42,5,94.31,86.52,3.991,2.469,1.523,True,antagonist,antagonist
CHEMBL5429680,pool,batch_B_random_150,42,1,93.89,86.73,0.612,4.458,-3.847,True,agonist,agonist
CHEMBL5429680,pool,batch_B_random_150,42,2,94.39,88.95,0.393,0.337,0.056,True,antagonist,agonist
CHEMBL5429680,pool,batch_B_random_150,42,3,94.23,88.28,0.428,0.345,0.083,True,antagonist,agonist
CHEMBL5429680,pool,batch_B_random_150,42,4,93.44,85.91,0.334,0.349,-0.016,True,agonist,agonist
CHEMBL5429680,pool,batch_B_random_150,42,5,93.68,86.49,0.452,0.328,0.125,True,antagonist,agonist
CHEMBL5432279,pool,batch_B_random_150,42,1,94.72,90.92,0.59,4.64,-4.049,True,agonist,agonist
CHEMBL5432279,pool,batch_B_random_150,42,2,94.51,90.91,0.337,0.34,-0.004,True,agonist,agonist
CHEMBL5432279,pool,batch_B_random_150,42,3,94.39,90.4,0.344,0.36,-0.016,True,agonist,agonist
CHEMBL5432279,pool,batch_B_random_150,42,4,94.36,90.15,0.319,0.348,-0.029,True,agonist,agonist
CHEMBL5432279,pool,batch_B_random_150,42,5,94.41,90.68,0.351,0.347,0.005,True,antagonist,agonist
CHEMBL5438539,pool,batch_B_random_150,42,1,91.36,75.33,0.651,4.413,-3.762,True,agonist,agonist
CHEMBL5438539,pool,batch_B_random_150,42,2,92.39,80.17,0.241,0.333,-0.093,True,agonist,agonist
CHEMBL5438539,pool,batch_B_random_150,42,3,91.9,78.58,0.369,0.346,0.023,True,antagonist,agonist
CHEMBL5438539,pool,batch_B_random_150,42,4,92.79,81.72,0.338,0.339,-0.001,True,agonist,agonist
CHEMBL5438539,pool,batch_B_random_150,42,5,91.7,77.52,0.396,0.355,0.041,True,antagonist,agonist
CHEMBL5779116,pool,batch_B_random_150,42,1,93.94,86.66,0.652,0.315,0.337,True,antagonist,antagonist
CHEMBL5779116,pool,batch_B_random_150,42,2,94.82,90.18,0.324,0.331,-0.007,True,agonist,antagonist
CHEMBL5779116,pool,batch_B_random_150,42,3,93.48,84.96,0.394,0.344,0.051,True,antagonist,antagonist
CHEMBL5779116,pool,batch_B_random_150,42,4,93.79,86.54,0.389,0.319,0.07,True,antagonist,antagonist
CHEMBL5779116,pool,batch_B_random_150,42,5,93.73,86.25,0.353,0.352,0.002,True,antagonist,antagonist
CHEMBL5780772,pool,batch_B_random_150,42,1,93.05,81.39,3.447,1.636,1.81,True,antagonist,antagonist
CHEMBL5780772,pool,batch_B_random_150,42,2,93.26,82.32,4.698,1.617,3.081,True,antagonist,antagonist
CHEMBL5780772,pool,batch_B_random_150,42,3,93.12,83.17,4.456,1.291,3.165,True,antagonist,antagonist
CHEMBL5780772,pool,batch_B_random_150,42,4,93.87,83.79,5.147,1.375,3.772,True,antagonist,antagonist
CHEMBL5780772,pool,batch_B_random_150,42,5,93.44,83.76,4.853,1.49,3.363,True,antagonist,antagonist
CHEMBL5785729,pool,batch_B_random_150,42,1,89.38,72.79,0.545,1.342,-0.797,True,agonist,agonist
CHEMBL5785729,pool,batch_B_random_150,42,2,89.15,72.03,0.3,1.76,-1.46,True,agonist,agonist
CHEMBL5785729,pool,batch_B_random_150,42,3,89.37,71.19,0.483,1.975,-1.492,True,agonist,agonist
CHEMBL5785729,pool,batch_B_random_150,42,4,90.1,74.94,0.16,1.075,-0.915,True,agonist,agonist
CHEMBL5785729,pool,batch_B_random_150,42,5,90.41,75.52,0.418,3.126,-2.709,True,agonist,agonist
CHEMBL5794612,pool,batch_B_random_150,42,1,90.43,66.75,0.649,4.534,-3.885,True,agonist,antagonist
CHEMBL5794612,pool,batch_B_random_150,42,2,90.56,68.54,0.292,3.989,-3.697,True,agonist,antagonist
CHEMBL5794612,pool,batch_B_random_150,42,3,89.95,66.25,0.383,0.332,0.051,True,antagonist,antagonist
CHEMBL5794612,pool,batch_B_random_150,42,4,90.16,66.52,0.428,0.329,0.099,True,antagonist,antagonist
CHEMBL5794612,pool,batch_B_random_150,42,5,89.76,71.08,0.388,1.156,-0.767,True,agonist,antagonist
CHEMBL5803336,pool,batch_B_random_150,42,1,87.96,59.86,0.668,0.326,0.343,True,antagonist,agonist
CHEMBL5803336,pool,batch_B_random_150,42,2,87.41,58.86,0.359,0.419,-0.059,True,agonist,agonist
CHEMBL5803336,pool,batch_B_random_150,42,3,91.54,79.29,0.27,1.165,-0.896,True,agonist,agonist
CHEMBL5803336,pool,batch_B_random_150,42,4,87.68,59.64,0.25,0.363,-0.113,True,agonist,agonist
CHEMBL5803336,pool,batch_B_random_150,42,5,90.46,76.88,0.513,1.47,-0.958,True,agonist,agonist
CHEMBL5805510,pool,batch_B_random_150,42,1,90.84,75.21,0.545,1.247,-0.701,True,agonist,antagonist
CHEMBL5805510,pool,batch_B_random_150,42,2,89.64,63.97,0.302,0.341,-0.039,True,agonist,antagonist
CHEMBL5805510,pool,batch_B_random_150,42,3,89.19,63.27,0.401,4.116,-3.715,True,agonist,antagonist
CHEMBL5805510,pool,batch_B_random_150,42,4,89.22,63.8,0.381,0.344,0.037,True,antagonist,antagonist
CHEMBL5805510,pool,batch_B_random_150,42,5,90.21,73.18,0.391,1.39,-0.998,True,agonist,antagonist
CHEMBL5808033,pool,batch_B_random_150,42,1,90.95,70.42,0.57,0.341,0.23,True,antagonist,antagonist
CHEMBL5808033,pool,batch_B_random_150,42,2,90.86,71.88,0.303,0.349,-0.047,True,agonist,antagonist
CHEMBL5808033,pool,batch_B_random_150,42,3,91.07,71.99,0.375,0.35,0.025,True,antagonist,antagonist
CHEMBL5808033,pool,batch_B_random_150,42,4,90.59,70.07,0.429,0.352,0.077,True,antagonist,antagonist
CHEMBL5808033,pool,batch_B_random_150,42,5,91.4,72.72,0.318,0.407,-0.089,True,agonist,antagonist
CHEMBL5813818,pool,batch_B_random_150,42,1,90.71,69.66,0.656,0.321,0.335,True,antagonist,antagonist
CHEMBL5813818,pool,batch_B_random_150,42,2,90.98,72.4,0.282,0.354,-0.073,True,agonist,antagonist
CHEMBL5813818,pool,batch_B_random_150,42,3,89.87,67.57,0.37,0.359,0.011,True,antagonist,antagonist
CHEMBL5813818,pool,batch_B_random_150,42,4,90.28,69.0,0.421,0.327,0.094,True,antagonist,antagonist
CHEMBL5813818,pool,batch_B_random_150,42,5,89.77,71.86,0.453,1.177,-0.725,True,agonist,antagonist
CHEMBL5825349,pool,batch_B_random_150,42,1,90.86,76.16,0.516,1.054,-0.539,True,agonist,agonist
CHEMBL5825349,pool,batch_B_random_150,42,2,91.11,76.85,0.472,1.261,-0.79,True,agonist,agonist
CHEMBL5825349,pool,batch_B_random_150,42,3,91.03,76.66,0.538,1.482,-0.945,True,agonist,agonist
CHEMBL5825349,pool,batch_B_random_150,42,4,91.36,77.1,0.453,3.296,-2.843,True,agonist,agonist
CHEMBL5825349,pool,batch_B_random_150,42,5,90.75,75.42,0.41,1.808,-1.398,True,agonist,agonist
CHEMBL5832803,pool,batch_B_random_150,42,1,93.92,86.25,3.645,1.799,1.846,True,antagonist,antagonist
CHEMBL5832803,pool,batch_B_random_150,42,2,94.17,86.72,5.044,1.511,3.533,True,antagonist,antagonist
CHEMBL5832803,pool,batch_B_random_150,42,3,94.08,88.21,3.939,1.279,2.661,True,antagonist,antagonist
CHEMBL5832803,pool,batch_B_random_150,42,4,93.75,86.23,4.04,1.359,2.681,True,antagonist,antagonist
CHEMBL5832803,pool,batch_B_random_150,42,5,94.43,88.24,4.389,1.097,3.292,True,antagonist,antagonist
CHEMBL5834289,pool,batch_B_random_150,42,1,93.9,86.12,3.434,1.657,1.778,True,antagonist,antagonist
CHEMBL5834289,pool,batch_B_random_150,42,2,94.09,86.75,4.43,1.47,2.96,True,antagonist,antagonist
CHEMBL5834289,pool,batch_B_random_150,42,3,93.82,86.79,4.435,1.426,3.009,True,antagonist,antagonist
CHEMBL5834289,pool,batch_B_random_150,42,4,93.9,86.13,4.405,1.282,3.124,True,antagonist,antagonist
CHEMBL5834289,pool,batch_B_random_150,42,5,94.01,87.07,4.501,1.456,3.045,True,antagonist,antagonist
CHEMBL5836020,pool,batch_B_random_150,42,1,92.8,84.05,4.045,2.258,1.788,True,antagonist,antagonist
CHEMBL5836020,pool,batch_B_random_150,42,2,93.99,87.23,3.889,2.523,1.365,True,antagonist,antagonist
CHEMBL5836020,pool,batch_B_random_150,42,3,91.08,77.45,2.227,2.026,0.202,True,antagonist,antagonist
CHEMBL5836020,pool,batch_B_random_150,42,4,92.74,83.95,3.479,2.039,1.44,True,antagonist,antagonist
CHEMBL5836020,pool,batch_B_random_150,42,5,93.84,87.12,4.675,1.716,2.959,True,antagonist,antagonist
CHEMBL5839073,pool,batch_B_random_150,42,1,90.14,71.92,0.664,1.222,-0.558,True,agonist,antagonist
CHEMBL5839073,pool,batch_B_random_150,42,2,90.25,72.74,0.479,1.187,-0.709,True,agonist,antagonist
CHEMBL5839073,pool,batch_B_random_150,42,3,90.16,67.04,0.354,0.36,-0.006,True,agonist,antagonist
CHEMBL5839073,pool,batch_B_random_150,42,4,89.93,66.95,0.41,0.349,0.061,True,antagonist,antagonist
CHEMBL5839073,pool,batch_B_random_150,42,5,92.11,78.8,0.46,1.059,-0.6,True,agonist,antagonist
CHEMBL5850461,pool,batch_B_random_150,42,1,91.16,77.0,0.53,1.061,-0.532,True,agonist,agonist
CHEMBL5850461,pool,batch_B_random_150,42,2,90.63,76.66,0.461,1.05,-0.589,True,agonist,agonist
CHEMBL5850461,pool,batch_B_random_150,42,3,90.64,76.03,0.44,1.551,-1.111,True,agonist,agonist
CHEMBL5850461,pool,batch_B_random_150,42,4,90.74,76.58,0.519,1.453,-0.934,True,agonist,agonist
CHEMBL5850461,pool,batch_B_random_150,42,5,90.67,76.93,0.543,1.28,-0.736,True,agonist,agonist
CHEMBL5859429,pool,batch_B_random_150,42,1,91.21,73.37,0.585,0.333,0.252,True,antagonist,antagonist
CHEMBL5859429,pool,batch_B_random_150,42,2,91.98,78.09,0.335,0.333,0.002,True,antagonist,antagonist
CHEMBL5859429,pool,batch_B_random_150,42,3,91.39,76.1,0.362,0.314,0.048,True,antagonist,antagonist
CHEMBL5859429,pool,batch_B_random_150,42,4,92.06,78.03,0.373,0.353,0.02,True,antagonist,antagonist
CHEMBL5859429,pool,batch_B_random_150,42,5,91.87,78.15,0.311,0.342,-0.031,True,agonist,antagonist
CHEMBL5867090,pool,batch_B_random_150,42,1,94.35,87.77,4.517,1.467,3.049,True,antagonist,antagonist
CHEMBL5867090,pool,batch_B_random_150,42,2,93.85,86.34,5.384,1.526,3.859,True,antagonist,antagonist
CHEMBL5867090,pool,batch_B_random_150,42,3,94.38,88.5,5.208,1.195,4.013,True,antagonist,antagonist
CHEMBL5867090,pool,batch_B_random_150,42,4,94.11,86.84,5.364,1.061,4.303,True,antagonist,antagonist
CHEMBL5867090,pool,batch_B_random_150,42,5,93.89,86.44,4.168,1.267,2.901,True,antagonist,antagonist
CHEMBL5867540,pool,batch_B_random_150,42,1,92.64,83.89,4.04,2.21,1.83,True,antagonist,antagonist
CHEMBL5867540,pool,batch_B_random_150,42,2,93.95,86.93,3.934,2.61,1.324,True,antagonist,antagonist
CHEMBL5867540,pool,batch_B_random_150,42,3,92.16,82.1,3.906,1.843,2.063,True,antagonist,antagonist
CHEMBL5867540,pool,batch_B_random_150,42,4,92.66,85.02,4.297,1.865,2.432,True,antagonist,antagonist
CHEMBL5867540,pool,batch_B_random_150,42,5,93.59,86.72,4.358,1.784,2.574,True,antagonist,antagonist
CHEMBL5867825,pool,batch_B_random_150,42,1,88.69,69.07,0.531,1.444,-0.913,True,agonist,agonist
CHEMBL5867825,pool,batch_B_random_150,42,2,89.54,72.37,0.247,1.592,-1.345,True,agonist,agonist
CHEMBL5867825,pool,batch_B_random_150,42,3,89.21,72.28,0.488,1.658,-1.17,True,agonist,agonist
CHEMBL5867825,pool,batch_B_random_150,42,4,88.68,70.46,0.46,1.573,-1.113,True,agonist,agonist
CHEMBL5867825,pool,batch_B_random_150,42,5,89.57,73.06,0.477,1.233,-0.756,True,agonist,agonist
CHEMBL5875081,pool,batch_B_random_150,42,1,90.07,67.62,0.621,0.332,0.289,True,antagonist,antagonist
CHEMBL5875081,pool,batch_B_random_150,42,2,90.24,69.85,0.316,0.344,-0.028,True,agonist,antagonist
CHEMBL5875081,pool,batch_B_random_150,42,3,90.44,69.65,0.376,0.355,0.021,True,antagonist,antagonist
CHEMBL5875081,pool,batch_B_random_150,42,4,89.91,68.55,0.419,0.346,0.073,True,antagonist,antagonist
CHEMBL5875081,pool,batch_B_random_150,42,5,90.89,71.76,0.308,0.417,-0.108,True,agonist,antagonist
CHEMBL5875331,pool,batch_B_random_150,42,1,89.98,73.27,0.566,1.022,-0.456,True,agonist,antagonist
CHEMBL5875331,pool,batch_B_random_150,42,2,90.61,75.56,0.404,1.064,-0.66,True,agonist,antagonist
CHEMBL5875331,pool,batch_B_random_150,42,3,88.31,57.8,0.41,0.354,0.056,True,antagonist,antagonist
CHEMBL5875331,pool,batch_B_random_150,42,4,90.72,76.06,0.41,1.346,-0.936,True,agonist,antagonist
CHEMBL5875331,pool,batch_B_random_150,42,5,89.84,73.26,0.308,1.413,-1.105,True,agonist,antagonist
CHEMBL5877834,pool,batch_B_random_150,42,1,93.29,83.41,0.661,0.323,0.339,True,antagonist,antagonist
CHEMBL5877834,pool,batch_B_random_150,42,2,93.98,86.27,0.342,0.324,0.018,True,antagonist,antagonist
CHEMBL5877834,pool,batch_B_random_150,42,3,92.74,81.35,0.424,0.345,0.079,True,antagonist,antagonist
CHEMBL5877834,pool,batch_B_random_150,42,4,93.14,83.49,0.477,0.341,0.136,True,antagonist,antagonist
CHEMBL5877834,pool,batch_B_random_150,42,5,90.2,71.86,2.181,1.475,0.706,True,antagonist,antagonist
CHEMBL5880263,pool,batch_B_random_150,42,1,92.66,82.47,3.392,1.632,1.76,True,antagonist,antagonist
CHEMBL5880263,pool,batch_B_random_150,42,2,92.69,82.92,7.481,1.522,5.958,True,antagonist,antagonist
CHEMBL5880263,pool,batch_B_random_150,42,3,92.51,83.15,4.429,1.236,3.193,True,antagonist,antagonist
CHEMBL5880263,pool,batch_B_random_150,42,4,93.42,84.33,4.879,1.374,3.505,True,antagonist,antagonist
CHEMBL5880263,pool,batch_B_random_150,42,5,92.93,83.47,4.772,1.409,3.363,True,antagonist,antagonist
CHEMBL5880489,pool,batch_B_random_150,42,1,91.84,77.82,0.564,1.196,-0.631,True,agonist,antagonist
CHEMBL5880489,pool,batch_B_random_150,42,2,92.14,76.12,0.32,0.329,-0.009,True,agonist,antagonist
CHEMBL5880489,pool,batch_B_random_150,42,3,91.27,73.09,0.387,0.339,0.047,True,antagonist,antagonist
CHEMBL5880489,pool,batch_B_random_150,42,4,91.63,74.48,0.482,0.332,0.15,True,antagonist,antagonist
CHEMBL5880489,pool,batch_B_random_150,42,5,91.95,78.64,0.565,1.308,-0.743,True,agonist,antagonist
CHEMBL5890977,pool,batch_B_random_150,42,1,89.39,71.64,0.554,1.257,-0.703,True,agonist,antagonist
CHEMBL5890977,pool,batch_B_random_150,42,2,87.88,58.8,0.277,0.349,-0.072,True,agonist,antagonist
CHEMBL5890977,pool,batch_B_random_150,42,3,87.34,58.14,0.372,0.35,0.021,True,antagonist,antagonist
CHEMBL5890977,pool,batch_B_random_150,42,4,87.66,58.82,0.417,0.336,0.081,True,antagonist,antagonist
CHEMBL5890977,pool,batch_B_random_150,42,5,89.82,74.3,0.376,1.24,-0.864,True,agonist,antagonist
CHEMBL5892069,pool,batch_B_random_150,42,1,90.64,75.62,0.537,1.014,-0.477,True,agonist,agonist
CHEMBL5892069,pool,batch_B_random_150,42,2,90.49,74.13,0.397,1.086,-0.689,True,agonist,agonist
CHEMBL5892069,pool,batch_B_random_150,42,3,90.34,75.66,0.439,1.299,-0.86,True,agonist,agonist
CHEMBL5892069,pool,batch_B_random_150,42,4,90.31,74.64,0.509,1.704,-1.195,True,agonist,agonist
CHEMBL5892069,pool,batch_B_random_150,42,5,90.43,74.84,0.542,1.432,-0.89,True,agonist,agonist
CHEMBL5897451,pool,batch_B_random_150,42,1,92.77,83.63,4.011,2.28,1.731,True,antagonist,antagonist
CHEMBL5897451,pool,batch_B_random_150,42,2,94.11,86.99,3.973,2.569,1.404,True,antagonist,antagonist
CHEMBL5897451,pool,batch_B_random_150,42,3,92.25,81.73,3.926,1.863,2.063,True,antagonist,antagonist
CHEMBL5897451,pool,batch_B_random_150,42,4,92.92,84.72,4.767,1.894,2.873,True,antagonist,antagonist
CHEMBL5897451,pool,batch_B_random_150,42,5,93.78,86.38,4.571,1.79,2.781,True,antagonist,antagonist
CHEMBL5898496,pool,batch_B_random_150,42,1,89.94,70.86,0.519,1.295,-0.777,True,agonist,antagonist
CHEMBL5898496,pool,batch_B_random_150,42,2,89.74,69.54,0.389,1.488,-1.099,True,agonist,antagonist
CHEMBL5898496,pool,batch_B_random_150,42,3,89.34,68.52,0.471,1.327,-0.856,True,agonist,antagonist
CHEMBL5898496,pool,batch_B_random_150,42,4,89.18,59.78,0.399,0.318,0.081,True,antagonist,antagonist
CHEMBL5898496,pool,batch_B_random_150,42,5,89.58,70.57,0.444,1.218,-0.774,True,agonist,antagonist
CHEMBL5902173,pool,batch_B_random_150,42,1,90.13,74.81,0.506,1.369,-0.863,True,agonist,agonist
CHEMBL5902173,pool,batch_B_random_150,42,2,89.91,74.01,0.303,1.614,-1.311,True,agonist,agonist
CHEMBL5902173,pool,batch_B_random_150,42,3,89.5,72.12,0.577,1.531,-0.954,True,agonist,agonist
CHEMBL5902173,pool,batch_B_random_150,42,4,89.86,73.97,0.434,1.145,-0.711,True,agonist,agonist
CHEMBL5902173,pool,batch_B_random_150,42,5,89.81,73.79,0.389,1.485,-1.095,True,agonist,agonist
CHEMBL5910914,pool,batch_B_random_150,42,1,91.87,76.96,0.657,0.317,0.34,True,antagonist,antagonist
CHEMBL5910914,pool,batch_B_random_150,42,2,91.52,74.46,0.332,0.323,0.009,True,antagonist,antagonist
CHEMBL5910914,pool,batch_B_random_150,42,3,91.54,75.9,0.407,0.33,0.076,True,antagonist,antagonist
CHEMBL5910914,pool,batch_B_random_150,42,4,91.16,73.01,0.519,0.327,0.192,True,antagonist,antagonist
CHEMBL5910914,pool,batch_B_random_150,42,5,90.72,74.5,0.497,1.347,-0.851,True,agonist,antagonist
CHEMBL5918239,pool,batch_B_random_150,42,1,89.75,71.82,0.511,1.036,-0.525,True,agonist,agonist
CHEMBL5918239,pool,batch_B_random_150,42,2,88.84,68.66,,,,True,unscorable,agonist
CHEMBL5918239,pool,batch_B_random_150,42,3,88.96,70.0,0.477,1.33,-0.853,True,agonist,agonist
CHEMBL5918239,pool,batch_B_random_150,42,4,89.01,70.31,0.456,1.328,-0.873,True,agonist,agonist
CHEMBL5918239,pool,batch_B_random_150,42,5,89.5,70.79,0.484,1.445,-0.961,True,agonist,agonist
CHEMBL5920888,pool,batch_B_random_150,42,1,89.96,73.67,0.516,1.07,-0.555,True,agonist,agonist
CHEMBL5920888,pool,batch_B_random_150,42,2,90.52,73.69,3.152,1.322,1.83,True,antagonist,agonist
CHEMBL5920888,pool,batch_B_random_150,42,3,90.06,74.77,0.393,1.627,-1.233,True,agonist,agonist
CHEMBL5920888,pool,batch_B_random_150,42,4,91.0,79.48,0.494,1.026,-0.531,True,agonist,agonist
CHEMBL5920888,pool,batch_B_random_150,42,5,89.84,73.7,0.476,1.108,-0.632,True,agonist,agonist
CHEMBL5940583,pool,batch_B_random_150,42,1,90.22,75.92,0.556,1.305,-0.749,True,agonist,agonist
CHEMBL5940583,pool,batch_B_random_150,42,2,90.64,75.97,0.487,1.463,-0.976,True,agonist,agonist
CHEMBL5940583,pool,batch_B_random_150,42,3,89.96,74.57,0.43,1.614,-1.183,True,agonist,agonist
CHEMBL5940583,pool,batch_B_random_150,42,4,90.58,76.41,0.521,1.239,-0.718,True,agonist,agonist
CHEMBL5940583,pool,batch_B_random_150,42,5,90.8,77.68,0.472,1.299,-0.826,True,agonist,agonist
CHEMBL5943144,pool,batch_B_random_150,42,1,89.16,72.97,0.581,1.118,-0.538,True,agonist,antagonist
CHEMBL5943144,pool,batch_B_random_150,42,2,89.68,73.48,0.252,1.536,-1.284,True,agonist,antagonist
CHEMBL5943144,pool,batch_B_random_150,42,3,88.95,72.14,0.31,1.742,-1.432,True,agonist,antagonist
CHEMBL5943144,pool,batch_B_random_150,42,4,89.47,73.58,0.462,1.546,-1.084,True,agonist,antagonist
CHEMBL5943144,pool,batch_B_random_150,42,5,89.51,73.78,0.419,1.227,-0.808,True,agonist,antagonist
CHEMBL5943390,pool,batch_B_random_150,42,1,90.76,76.68,0.492,1.031,-0.539,True,agonist,agonist
CHEMBL5943390,pool,batch_B_random_150,42,2,90.76,76.71,0.454,1.32,-0.866,True,agonist,agonist
CHEMBL5943390,pool,batch_B_random_150,42,3,90.51,75.65,0.475,1.347,-0.872,True,agonist,agonist
CHEMBL5943390,pool,batch_B_random_150,42,4,90.63,76.28,0.405,1.218,-0.813,True,agonist,agonist
CHEMBL5943390,pool,batch_B_random_150,42,5,90.68,75.96,0.415,3.151,-2.736,True,agonist,agonist
CHEMBL5944112,pool,batch_B_random_150,42,1,91.67,73.02,0.632,0.322,0.31,True,antagonist,antagonist
CHEMBL5944112,pool,batch_B_random_150,42,2,91.62,74.64,0.399,0.324,0.075,True,antagonist,antagonist
CHEMBL5944112,pool,batch_B_random_150,42,3,91.47,72.94,0.419,0.349,0.071,True,antagonist,antagonist
CHEMBL5944112,pool,batch_B_random_150,42,4,91.41,73.44,0.381,0.335,0.046,True,antagonist,antagonist
CHEMBL5944112,pool,batch_B_random_150,42,5,90.81,74.54,3.098,1.161,1.937,True,antagonist,antagonist
CHEMBL5951176,pool,batch_B_random_150,42,1,90.31,74.19,0.523,1.036,-0.513,True,agonist,agonist
CHEMBL5951176,pool,batch_B_random_150,42,2,90.41,73.72,2.236,1.435,0.801,True,antagonist,agonist
CHEMBL5951176,pool,batch_B_random_150,42,3,90.07,73.9,0.391,1.62,-1.229,True,agonist,agonist
CHEMBL5951176,pool,batch_B_random_150,42,4,90.42,78.07,0.486,1.857,-1.371,True,agonist,agonist
CHEMBL5951176,pool,batch_B_random_150,42,5,90.05,74.41,0.468,1.073,-0.605,True,agonist,agonist
CHEMBL5953210,pool,batch_B_random_150,42,1,90.06,74.59,0.54,1.292,-0.752,True,agonist,agonist
CHEMBL5953210,pool,batch_B_random_150,42,2,90.77,75.65,0.545,1.439,-0.894,True,agonist,agonist
CHEMBL5953210,pool,batch_B_random_150,42,3,90.74,76.63,0.32,2.061,-1.74,True,agonist,agonist
CHEMBL5953210,pool,batch_B_random_150,42,4,90.78,76.59,2.212,1.446,0.766,True,antagonist,agonist
CHEMBL5953210,pool,batch_B_random_150,42,5,90.88,77.47,0.457,1.25,-0.794,True,agonist,agonist
CHEMBL5962887,pool,batch_B_random_150,42,1,88.81,69.8,0.482,1.051,-0.568,True,agonist,antagonist
CHEMBL5962887,pool,batch_B_random_150,42,2,91.27,77.68,0.346,1.428,-1.082,True,agonist,antagonist
CHEMBL5962887,pool,batch_B_random_150,42,3,90.62,75.9,0.31,1.252,-0.942,True,agonist,antagonist
CHEMBL5962887,pool,batch_B_random_150,42,4,88.24,58.06,0.386,0.319,0.067,True,antagonist,antagonist
CHEMBL5962887,pool,batch_B_random_150,42,5,90.46,76.37,0.445,1.297,-0.852,True,agonist,antagonist
CHEMBL5965241,pool,batch_B_random_150,42,1,92.22,78.01,0.608,0.332,0.276,True,antagonist,antagonist
CHEMBL5965241,pool,batch_B_random_150,42,2,91.06,75.4,0.464,1.332,-0.868,True,agonist,antagonist
CHEMBL5965241,pool,batch_B_random_150,42,3,92.37,78.56,0.398,0.354,0.043,True,antagonist,antagonist
CHEMBL5965241,pool,batch_B_random_150,42,4,91.71,75.71,0.347,0.364,-0.017,True,agonist,antagonist
CHEMBL5965241,pool,batch_B_random_150,42,5,92.2,76.7,0.352,0.404,-0.052,True,agonist,antagonist
CHEMBL5972735,pool,batch_B_random_150,42,1,90.91,74.56,0.566,1.182,-0.615,True,agonist,antagonist
CHEMBL5972735,pool,batch_B_random_150,42,2,90.51,68.94,0.405,0.332,0.073,True,antagonist,antagonist
CHEMBL5972735,pool,batch_B_random_150,42,3,90.73,69.09,0.447,0.349,0.098,True,antagonist,antagonist
CHEMBL5972735,pool,batch_B_random_150,42,4,90.37,68.26,0.415,0.323,0.092,True,antagonist,antagonist
CHEMBL5972735,pool,batch_B_random_150,42,5,90.75,74.94,0.424,1.188,-0.764,True,agonist,antagonist
CHEMBL5974193,pool,batch_B_random_150,42,1,90.76,75.88,0.53,1.021,-0.491,True,agonist,agonist
CHEMBL5974193,pool,batch_B_random_150,42,2,90.71,74.64,2.24,1.352,0.888,True,antagonist,agonist
CHEMBL5974193,pool,batch_B_random_150,42,3,90.56,75.62,0.404,1.483,-1.079,True,agonist,agonist
CHEMBL5974193,pool,batch_B_random_150,42,4,91.09,79.42,0.503,1.018,-0.514,True,agonist,agonist
CHEMBL5974193,pool,batch_B_random_150,42,5,90.53,76.42,0.483,1.077,-0.594,True,agonist,agonist
CHEMBL5984085,pool,batch_B_random_150,42,1,90.34,73.4,0.534,1.3,-0.766,True,agonist,antagonist
CHEMBL5984085,pool,batch_B_random_150,42,2,89.06,61.22,0.316,0.343,-0.027,True,agonist,antagonist
CHEMBL5984085,pool,batch_B_random_150,42,3,88.82,61.44,0.386,0.355,0.031,True,antagonist,antagonist
CHEMBL5984085,pool,batch_B_random_150,42,4,88.95,61.82,0.325,0.35,-0.025,True,agonist,antagonist
CHEMBL5984085,pool,batch_B_random_150,42,5,90.44,74.85,2.3,0.886,1.414,True,antagonist,antagonist
CHEMBL5986130,pool,batch_B_random_150,42,1,89.03,70.76,0.512,1.041,-0.528,True,agonist,agonist
CHEMBL5986130,pool,batch_B_random_150,42,2,89.35,71.8,5.317,1.317,4.0,True,antagonist,agonist
CHEMBL5986130,pool,batch_B_random_150,42,3,89.53,71.79,0.582,1.335,-0.753,True,agonist,agonist
CHEMBL5986130,pool,batch_B_random_150,42,4,89.73,71.91,0.419,1.19,-0.772,True,agonist,agonist
CHEMBL5986130,pool,batch_B_random_150,42,5,90.42,74.68,0.419,3.18,-2.762,True,agonist,agonist
CHEMBL5990020,pool,batch_B_random_150,42,1,90.9,70.26,0.61,0.331,0.28,True,antagonist,antagonist
CHEMBL5990020,pool,batch_B_random_150,42,2,91.49,73.57,0.36,0.341,0.02,True,antagonist,antagonist
CHEMBL5990020,pool,batch_B_random_150,42,3,90.75,70.99,0.317,0.355,-0.039,True,agonist,antagonist
CHEMBL5990020,pool,batch_B_random_150,42,4,91.52,74.71,0.29,0.372,-0.082,True,agonist,antagonist
CHEMBL5990020,pool,batch_B_random_150,42,5,91.15,71.9,0.352,0.344,0.007,True,antagonist,antagonist
CHEMBL5993128,pool,batch_B_random_150,42,1,90.07,74.33,0.501,0.991,-0.489,True,agonist,agonist
CHEMBL5993128,pool,batch_B_random_150,42,2,90.14,73.63,0.498,1.654,-1.156,True,agonist,agonist
CHEMBL5993128,pool,batch_B_random_150,42,3,89.97,74.14,0.468,1.987,-1.519,True,agonist,agonist
CHEMBL5993128,pool,batch_B_random_150,42,4,89.95,72.48,0.503,1.309,-0.806,True,agonist,agonist
CHEMBL5993128,pool,batch_B_random_150,42,5,90.95,75.92,0.492,1.221,-0.729,True,agonist,agonist
CHEMBL5998039,pool,batch_B_random_150,42,1,89.23,69.29,0.673,1.2,-0.527,True,agonist,antagonist
CHEMBL5998039,pool,batch_B_random_150,42,2,88.83,63.63,0.331,0.347,-0.016,True,agonist,antagonist
CHEMBL5998039,pool,batch_B_random_150,42,3,89.18,64.14,0.363,0.351,0.012,True,antagonist,antagonist
CHEMBL5998039,pool,batch_B_random_150,42,4,88.88,63.52,0.407,0.343,0.064,True,antagonist,antagonist
CHEMBL5998039,pool,batch_B_random_150,42,5,91.19,75.98,0.458,1.054,-0.596,True,agonist,antagonist
CHEMBL5998057,pool,batch_B_random_150,42,1,90.85,74.63,0.62,1.171,-0.552,True,agonist,antagonist
CHEMBL5998057,pool,batch_B_random_150,42,2,90.18,67.33,0.332,0.322,0.01,True,antagonist,antagonist
CHEMBL5998057,pool,batch_B_random_150,42,3,89.93,66.72,0.387,0.34,0.047,True,antagonist,antagonist
CHEMBL5998057,pool,batch_B_random_150,42,4,89.89,66.02,0.503,0.324,0.178,True,antagonist,antagonist
CHEMBL5998057,pool,batch_B_random_150,42,5,91.11,75.89,0.503,1.282,-0.779,True,agonist,antagonist
CHEMBL6001168,pool,batch_B_random_150,42,1,89.58,72.72,0.505,1.034,-0.528,True,agonist,agonist
CHEMBL6001168,pool,batch_B_random_150,42,2,89.97,72.45,0.25,1.549,-1.299,True,agonist,agonist
CHEMBL6001168,pool,batch_B_random_150,42,3,89.74,73.37,0.444,1.64,-1.196,True,agonist,agonist
CHEMBL6001168,pool,batch_B_random_150,42,4,90.03,74.28,0.445,1.412,-0.967,True,agonist,agonist
CHEMBL6001168,pool,batch_B_random_150,42,5,89.47,71.41,0.529,1.046,-0.518,True,agonist,agonist
CHEMBL6003966,pool,batch_B_random_150,42,1,89.17,62.9,0.664,4.389,-3.725,True,agonist,antagonist
CHEMBL6003966,pool,batch_B_random_150,42,2,89.33,63.12,0.283,0.339,-0.056,True,agonist,antagonist
CHEMBL6003966,pool,batch_B_random_150,42,3,88.41,61.46,0.365,0.353,0.012,True,antagonist,antagonist
CHEMBL6003966,pool,batch_B_random_150,42,4,88.69,61.81,0.399,0.347,0.052,True,antagonist,antagonist
CHEMBL6003966,pool,batch_B_random_150,42,5,89.42,70.58,0.484,1.38,-0.896,True,agonist,antagonist
CHEMBL6007121,pool,batch_B_random_150,42,1,93.84,86.18,3.475,2.14,1.335,True,antagonist,antagonist
CHEMBL6007121,pool,batch_B_random_150,42,2,94.02,86.64,5.065,2.121,2.944,True,antagonist,antagonist
CHEMBL6007121,pool,batch_B_random_150,42,3,93.8,85.9,3.952,1.622,2.33,True,antagonist,antagonist
CHEMBL6007121,pool,batch_B_random_150,42,4,93.42,83.77,4.261,1.836,2.425,True,antagonist,antagonist
CHEMBL6007121,pool,batch_B_random_150,42,5,94.02,86.97,4.059,1.762,2.297,True,antagonist,antagonist
CHEMBL6011105,pool,batch_B_random_150,42,1,90.31,75.38,0.516,1.001,-0.485,True,agonist,agonist
CHEMBL6011105,pool,batch_B_random_150,42,2,90.4,73.73,0.353,1.195,-0.842,True,agonist,agonist
CHEMBL6011105,pool,batch_B_random_150,42,3,89.78,74.76,0.47,1.455,-0.985,True,agonist,agonist
CHEMBL6011105,pool,batch_B_random_150,42,4,91.1,78.72,0.479,1.119,-0.64,True,agonist,agonist
CHEMBL6011105,pool,batch_B_random_150,42,5,90.37,75.46,0.426,1.053,-0.627,True,agonist,agonist
CHEMBL6016295,pool,batch_B_random_150,42,1,89.6,72.18,0.51,1.411,-0.901,True,agonist,agonist
CHEMBL6016295,pool,batch_B_random_150,42,2,90.21,74.81,0.403,1.06,-0.657,True,agonist,agonist
CHEMBL6016295,pool,batch_B_random_150,42,3,89.41,71.87,0.421,1.736,-1.315,True,agonist,agonist
CHEMBL6016295,pool,batch_B_random_150,42,4,89.73,74.0,0.45,1.47,-1.02,True,agonist,agonist
CHEMBL6016295,pool,batch_B_random_150,42,5,89.29,72.78,0.282,1.334,-1.052,True,agonist,agonist
CHEMBL6016819,pool,batch_B_random_150,42,1,89.94,73.61,0.505,0.966,-0.462,True,agonist,agonist
CHEMBL6016819,pool,batch_B_random_150,42,2,90.36,73.44,0.294,1.419,-1.125,True,agonist,agonist
CHEMBL6016819,pool,batch_B_random_150,42,3,89.88,73.54,0.325,1.757,-1.432,True,agonist,agonist
CHEMBL6016819,pool,batch_B_random_150,42,4,89.97,73.73,0.484,1.439,-0.955,True,agonist,agonist
CHEMBL6016819,pool,batch_B_random_150,42,5,89.58,72.09,0.306,1.081,-0.775,True,agonist,agonist
CHEMBL6023400,pool,batch_B_random_150,42,1,88.99,71.71,0.491,0.982,-0.492,True,agonist,agonist
CHEMBL6023400,pool,batch_B_random_150,42,2,89.58,73.28,0.24,1.335,-1.095,True,agonist,agonist
CHEMBL6023400,pool,batch_B_random_150,42,3,89.37,73.22,0.395,1.445,-1.051,True,agonist,agonist
CHEMBL6023400,pool,batch_B_random_150,42,4,89.74,74.52,0.466,1.082,-0.616,True,agonist,agonist
CHEMBL6023400,pool,batch_B_random_150,42,5,89.2,72.04,0.47,1.09,-0.621,True,agonist,agonist
CHEMBL6023459,pool,batch_B_random_150,42,1,90.48,76.22,0.518,1.291,-0.773,True,agonist,agonist
CHEMBL6023459,pool,batch_B_random_150,42,2,91.32,77.39,0.319,1.833,-1.515,True,agonist,agonist
CHEMBL6023459,pool,batch_B_random_150,42,3,90.08,74.64,0.349,1.949,-1.6,True,agonist,agonist
CHEMBL6023459,pool,batch_B_random_150,42,4,90.51,75.16,0.475,1.297,-0.822,True,agonist,agonist
CHEMBL6023459,pool,batch_B_random_150,42,5,91.4,78.5,0.45,1.153,-0.703,True,agonist,agonist
CHEMBL6028453,pool,batch_B_random_150,42,1,91.65,74.34,0.624,0.336,0.288,True,antagonist,antagonist
CHEMBL6028453,pool,batch_B_random_150,42,2,91.62,75.69,0.321,0.341,-0.02,True,agonist,antagonist
CHEMBL6028453,pool,batch_B_random_150,42,3,91.83,75.6,0.373,0.35,0.023,True,antagonist,antagonist
CHEMBL6028453,pool,batch_B_random_150,42,4,90.92,72.48,0.434,0.351,0.083,True,antagonist,antagonist
CHEMBL6028453,pool,batch_B_random_150,42,5,92.36,77.6,0.311,0.346,-0.035,True,agonist,antagonist
CHEMBL6031221,pool,batch_B_random_150,42,1,91.42,76.37,0.544,1.194,-0.65,True,agonist,antagonist
CHEMBL6031221,pool,batch_B_random_150,42,2,90.13,65.25,0.332,0.33,0.002,True,antagonist,antagonist
CHEMBL6031221,pool,batch_B_random_150,42,3,89.75,65.07,0.393,0.346,0.047,True,antagonist,antagonist
CHEMBL6031221,pool,batch_B_random_150,42,4,89.89,64.66,0.492,0.331,0.161,True,antagonist,antagonist
CHEMBL6031221,pool,batch_B_random_150,42,5,91.07,74.89,0.514,1.349,-0.834,True,agonist,antagonist
CHEMBL6034054,pool,batch_B_random_150,42,1,90.6,69.0,0.618,0.333,0.285,True,antagonist,antagonist
CHEMBL6034054,pool,batch_B_random_150,42,2,90.81,74.77,0.344,1.362,-1.017,True,agonist,antagonist
CHEMBL6034054,pool,batch_B_random_150,42,3,90.78,70.92,0.367,0.364,0.003,True,antagonist,antagonist
CHEMBL6034054,pool,batch_B_random_150,42,4,90.12,68.5,0.338,0.365,-0.027,True,agonist,antagonist
CHEMBL6034054,pool,batch_B_random_150,42,5,90.43,68.95,0.358,0.335,0.023,True,antagonist,antagonist
CHEMBL6052651,pool,batch_B_random_150,42,1,89.8,66.81,0.588,0.336,0.252,True,antagonist,antagonist
CHEMBL6052651,pool,batch_B_random_150,42,2,89.93,67.25,0.41,0.341,0.069,True,antagonist,antagonist
CHEMBL6052651,pool,batch_B_random_150,42,3,90.01,67.76,0.358,0.343,0.015,True,antagonist,antagonist
CHEMBL6052651,pool,batch_B_random_150,42,4,89.87,67.94,0.45,4.517,-4.067,True,agonist,antagonist
CHEMBL6052651,pool,batch_B_random_150,42,5,90.42,72.93,0.359,1.545,-1.187,True,agonist,antagonist
CHEMBL6053001,pool,batch_B_random_150,42,1,91.55,76.66,0.57,1.197,-0.628,True,agonist,antagonist
CHEMBL6053001,pool,batch_B_random_150,42,2,91.01,70.0,0.368,0.323,0.045,True,antagonist,antagonist
CHEMBL6053001,pool,batch_B_random_150,42,3,91.64,72.21,0.441,0.341,0.099,True,antagonist,antagonist
CHEMBL6053001,pool,batch_B_random_150,42,4,90.84,69.72,0.4,0.324,0.075,True,antagonist,antagonist
CHEMBL6053001,pool,batch_B_random_150,42,5,90.76,69.25,0.275,0.339,-0.064,True,agonist,antagonist
CHEMBL6055423,pool,batch_B_random_150,42,1,90.83,77.51,0.504,1.085,-0.581,True,agonist,agonist
CHEMBL6055423,pool,batch_B_random_150,42,2,90.67,76.72,0.421,1.324,-0.902,True,agonist,agonist
CHEMBL6055423,pool,batch_B_random_150,42,3,90.49,76.28,0.475,1.475,-1.0,True,agonist,agonist
CHEMBL6055423,pool,batch_B_random_150,42,4,90.78,78.0,0.369,1.184,-0.815,True,agonist,agonist
CHEMBL6055423,pool,batch_B_random_150,42,5,91.03,77.92,0.422,1.497,-1.075,True,agonist,agonist
CHEMBL6060615,pool,batch_B_random_150,42,1,92.23,77.14,0.629,0.32,0.309,True,antagonist,antagonist
CHEMBL6060615,pool,batch_B_random_150,42,2,92.44,80.14,0.293,0.349,-0.056,True,agonist,antagonist
CHEMBL6060615,pool,batch_B_random_150,42,3,92.13,78.28,0.371,0.341,0.031,True,antagonist,antagonist
CHEMBL6060615,pool,batch_B_random_150,42,4,92.27,78.52,0.419,0.322,0.097,True,antagonist,antagonist
CHEMBL6060615,pool,batch_B_random_150,42,5,92.46,80.39,0.319,0.329,-0.01,True,agonist,antagonist
CHEMBL6063063,pool,batch_B_random_150,42,1,92.08,74.5,0.599,0.327,0.272,True,antagonist,antagonist
CHEMBL6063063,pool,batch_B_random_150,42,2,92.75,78.0,0.319,0.334,-0.015,True,agonist,antagonist
CHEMBL6063063,pool,batch_B_random_150,42,3,91.23,71.53,0.38,0.351,0.029,True,antagonist,antagonist
CHEMBL6063063,pool,batch_B_random_150,42,4,91.47,73.02,0.454,0.335,0.119,True,antagonist,antagonist
CHEMBL6063063,pool,batch_B_random_150,42,5,90.72,73.46,0.503,1.245,-0.742,True,agonist,antagonist
CHEMBL6063921,pool,batch_B_random_150,42,1,89.58,72.27,0.539,1.325,-0.786,True,agonist,agonist
CHEMBL6063921,pool,batch_B_random_150,42,2,90.59,70.94,3.155,0.602,2.553,True,antagonist,agonist
CHEMBL6063921,pool,batch_B_random_150,42,3,89.8,73.57,0.297,1.254,-0.958,True,agonist,agonist
CHEMBL6063921,pool,batch_B_random_150,42,4,90.62,75.89,0.395,1.708,-1.313,True,agonist,agonist
CHEMBL6063921,pool,batch_B_random_150,42,5,90.01,74.3,0.537,0.995,-0.458,True,agonist,agonist
CHEMBL6064848,pool,batch_B_random_150,42,1,90.3,67.78,0.659,0.32,0.339,True,antagonist,antagonist
CHEMBL6064848,pool,batch_B_random_150,42,2,90.06,67.37,0.28,0.354,-0.074,True,agonist,antagonist
CHEMBL6064848,pool,batch_B_random_150,42,3,90.12,67.22,0.37,0.338,0.032,True,antagonist,antagonist
CHEMBL6064848,pool,batch_B_random_150,42,4,89.97,67.27,0.434,0.329,0.105,True,antagonist,antagonist
CHEMBL6064848,pool,batch_B_random_150,42,5,90.28,69.91,0.329,0.334,-0.004,True,agonist,antagonist
D1_agonist,h4,D1_agonist,42,10,46.63,49.55,0.97,2.237,-1.267,False,agonist,agonist
D1_agonist,h4,D1_agonist,42,1,46.03,48.13,0.362,1.032,-0.67,False,agonist,agonist
D1_agonist,h4,D1_agonist,42,2,46.85,47.35,0.444,0.911,-0.466,False,agonist,agonist
D1_agonist,h4,D1_agonist,42,3,43.73,46.07,1.005,1.021,-0.016,False,agonist,agonist
D1_agonist,h4,D1_agonist,42,4,43.12,42.18,0.873,1.024,-0.152,False,agonist,agonist
D1_agonist,h4,D1_agonist,42,5,43.36,46.23,0.091,0.848,-0.757,False,agonist,agonist
D1_agonist,h4,D1_agonist,42,6,44.85,45.61,1.105,1.12,-0.014,False,agonist,agonist
D1_agonist,h4,D1_agonist,42,7,46.35,44.04,0.173,0.911,-0.738,False,agonist,agonist
D1_agonist,h4,D1_agonist,42,8,44.35,47.83,0.472,1.141,-0.669,False,agonist,agonist
D1_agonist,h4,D1_agonist,42,9,43.43,48.95,0.223,1.128,-0.905,False,agonist,agonist
D1_agonist,h4,D1_agonist,43,10,43.87,45.82,0.224,1.321,-1.097,False,agonist,agonist
D1_agonist,h4,D1_agonist,43,1,43.82,50.61,0.131,1.279,-1.149,False,agonist,agonist
D1_agonist,h4,D1_agonist,43,2,43.96,46.87,0.048,1.269,-1.221,False,agonist,agonist
D1_agonist,h4,D1_agonist,43,3,43.87,43.22,0.897,1.242,-0.346,False,agonist,agonist
D1_agonist,h4,D1_agonist,43,4,44.72,47.22,0.998,1.445,-0.447,False,agonist,agonist
D1_agonist,h4,D1_agonist,43,5,46.62,50.43,0.208,0.918,-0.71,False,agonist,agonist
D1_agonist,h4,D1_agonist,43,6,45.8,43.57,0.958,0.967,-0.009,False,agonist,agonist
D1_agonist,h4,D1_agonist,43,7,47.21,49.82,0.544,0.94,-0.396,False,agonist,agonist
D1_agonist,h4,D1_agonist,43,8,43.9,46.94,0.398,2.623,-2.225,False,agonist,agonist
D1_agonist,h4,D1_agonist,43,9,43.36,48.96,0.286,1.015,-0.729,False,agonist,agonist
D1_agonist,h4,D1_agonist,44,10,46.28,48.23,0.332,0.955,-0.623,False,agonist,agonist
D1_agonist,h4,D1_agonist,44,1,44.0,47.12,1.132,0.953,0.179,False,antagonist,agonist
D1_agonist,h4,D1_agonist,44,2,44.25,48.73,0.276,0.87,-0.594,False,agonist,agonist
D1_agonist,h4,D1_agonist,44,3,46.9,46.72,0.322,0.98,-0.658,False,agonist,agonist
D1_agonist,h4,D1_agonist,44,4,40.59,39.36,0.765,1.273,-0.508,False,agonist,agonist
D1_agonist,h4,D1_agonist,44,5,44.6,47.86,0.134,1.285,-1.151,False,agonist,agonist
D1_agonist,h4,D1_agonist,44,6,45.02,44.81,0.127,1.084,-0.956,False,agonist,agonist
D1_agonist,h4,D1_agonist,44,7,45.68,44.11,0.683,1.588,-0.905,False,agonist,agonist
D1_agonist,h4,D1_agonist,44,8,46.15,47.64,0.1,1.144,-1.043,False,agonist,agonist
D1_agonist,h4,D1_agonist,44,9,46.96,47.01,0.414,0.969,-0.555,False,agonist,agonist
D1_agonist,h4,D1_agonist,45,10,44.35,49.2,0.928,2.532,-1.604,False,agonist,agonist
D1_agonist,h4,D1_agonist,45,1,45.02,47.12,0.23,0.939,-0.709,False,agonist,agonist
D1_agonist,h4,D1_agonist,45,2,44.84,49.18,0.306,1.0,-0.694,False,agonist,agonist
D1_agonist,h4,D1_agonist,45,3,45.32,47.31,0.106,2.832,-2.726,False,agonist,agonist
D1_agonist,h4,D1_agonist,45,4,43.96,50.48,1.093,1.123,-0.03,False,agonist,agonist
D1_agonist,h4,D1_agonist,45,5,44.75,41.0,0.626,1.167,-0.541,False,agonist,agonist
D1_agonist,h4,D1_agonist,45,6,44.91,43.6,0.887,2.603,-1.716,False,agonist,agonist
D1_agonist,h4,D1_agonist,45,7,44.4,45.04,0.086,1.313,-1.226,False,agonist,agonist
D1_agonist,h4,D1_agonist,45,8,43.0,46.56,0.066,1.034,-0.968,False,agonist,agonist
D1_agonist,h4,D1_agonist,45,9,44.25,49.06,0.117,2.196,-2.079,False,agonist,agonist
D1_agonist,h4,D1_agonist,46,10,48.2,46.09,0.177,1.211,-1.035,False,agonist,agonist
D1_agonist,h4,D1_agonist,46,1,46.17,47.55,0.161,1.172,-1.011,False,agonist,agonist
D1_agonist,h4,D1_agonist,46,2,43.95,47.56,1.206,1.17,0.036,False,antagonist,agonist
D1_agonist,h4,D1_agonist,46,3,45.34,44.75,0.522,1.1,-0.578,False,agonist,agonist
D1_agonist,h4,D1_agonist,46,4,44.29,48.26,0.233,0.985,-0.751,False,agonist,agonist
D1_agonist,h4,D1_agonist,46,5,45.84,46.83,0.243,0.949,-0.706,False,agonist,agonist
D1_agonist,h4,D1_agonist,46,6,43.27,44.45,0.29,1.154,-0.864,False,agonist,agonist
D1_agonist,h4,D1_agonist,46,7,44.13,47.52,1.005,1.107,-0.102,False,agonist,agonist
D1_agonist,h4,D1_agonist,46,8,43.84,45.47,0.144,1.46,-1.316,False,agonist,agonist
D1_agonist,h4,D1_agonist,46,9,46.99,47.66,0.14,2.145,-2.005,False,agonist,agonist
CHEMBL3581530,pool,batch_B_random_150,,,,,,,,,no_call,antagonist
CHEMBL3598057,pool,batch_B_random_150,,,,,,,,,no_call,antagonist
CHEMBL3965066,pool,batch_B_random_150,,,,,,,,,no_call,antagonist
CHEMBL4435106,pool,batch_B_random_150,,,,,,,,,no_call,agonist
CHEMBL4847617,pool,batch_B_random_150,,,,,,,,,no_call,agonist
CHEMBL4859771,pool,batch_B_random_150,,,,,,,,,no_call,agonist
CHEMBL4866533,pool,batch_B_random_150,,,,,,,,,no_call,agonist
CHEMBL5092278,pool,batch_B_random_150,,,,,,,,,no_call,agonist
CHEMBL5094172,pool,batch_B_random_150,,,,,,,,,no_call,agonist
CHEMBL5769179,pool,batch_B_random_150,,,,,,,,,no_call,agonist
CHEMBL5771001,pool,batch_B_random_150,,,,,,,,,no_call,antagonist
CHEMBL6058199,pool,batch_B_random_150,,,,,,,,,no_call,antagonist
