model_cif_path,mean_plddt
h3/out/apo/H3_apo/seed_42/H3_apo_seed_42_sample_10_model.cif,90.271
h3/out/apo/H3_apo/seed_42/H3_apo_seed_42_sample_1_model.cif,90.284
h3/out/apo/H3_apo/seed_42/H3_apo_seed_42_sample_2_model.cif,90.155
h3/out/apo/H3_apo/seed_42/H3_apo_seed_42_sample_3_model.cif,90.307
h3/out/apo/H3_apo/seed_42/H3_apo_seed_42_sample_4_model.cif,90.2
h3/out/apo/H3_apo/seed_42/H3_apo_seed_42_sample_5_model.cif,90.134
h3/out/apo/H3_apo/seed_42/H3_apo_seed_42_sample_6_model.cif,90.19
h3/out/apo/H3_apo/seed_42/H3_apo_seed_42_sample_7_model.cif,90.315
h3/out/apo/H3_apo/seed_42/H3_apo_seed_42_sample_8_model.cif,90.233
h3/out/apo/H3_apo/seed_42/H3_apo_seed_42_sample_9_model.cif,90.255
h3/out/apo/H3_apo/seed_43/H3_apo_seed_43_sample_10_model.cif,90.298
h3/out/apo/H3_apo/seed_43/H3_apo_seed_43_sample_1_model.cif,90.42
h3/out/apo/H3_apo/seed_43/H3_apo_seed_43_sample_2_model.cif,90.355
h3/out/apo/H3_apo/seed_43/H3_apo_seed_43_sample_3_model.cif,90.392
h3/out/apo/H3_apo/seed_43/H3_apo_seed_43_sample_4_model.cif,90.33
h3/out/apo/H3_apo/seed_43/H3_apo_seed_43_sample_5_model.cif,90.268
h3/out/apo/H3_apo/seed_43/H3_apo_seed_43_sample_6_model.cif,90.308
h3/out/apo/H3_apo/seed_43/H3_apo_seed_43_sample_7_model.cif,90.459
h3/out/apo/H3_apo/seed_43/H3_apo_seed_43_sample_8_model.cif,90.445
h3/out/apo/H3_apo/seed_43/H3_apo_seed_43_sample_9_model.cif,90.403
h3/out/apo/H3_apo/seed_44/H3_apo_seed_44_sample_10_model.cif,90.704
h3/out/apo/H3_apo/seed_44/H3_apo_seed_44_sample_1_model.cif,90.676
h3/out/apo/H3_apo/seed_44/H3_apo_seed_44_sample_2_model.cif,90.52
h3/out/apo/H3_apo/seed_44/H3_apo_seed_44_sample_3_model.cif,90.575
h3/out/apo/H3_apo/seed_44/H3_apo_seed_44_sample_4_model.cif,90.653
h3/out/apo/H3_apo/seed_44/H3_apo_seed_44_sample_5_model.cif,90.594
h3/out/apo/H3_apo/seed_44/H3_apo_seed_44_sample_6_model.cif,90.633
h3/out/apo/H3_apo/seed_44/H3_apo_seed_44_sample_7_model.cif,90.647
h3/out/apo/H3_apo/seed_44/H3_apo_seed_44_sample_8_model.cif,90.678
h3/out/apo/H3_apo/seed_44/H3_apo_seed_44_sample_9_model.cif,90.588
h3/out/apo/H3_apo/seed_45/H3_apo_seed_45_sample_10_model.cif,90.505
h3/out/apo/H3_apo/seed_45/H3_apo_seed_45_sample_1_model.cif,90.559
h3/out/apo/H3_apo/seed_45/H3_apo_seed_45_sample_2_model.cif,90.599
h3/out/apo/H3_apo/seed_45/H3_apo_seed_45_sample_3_model.cif,90.528
h3/out/apo/H3_apo/seed_45/H3_apo_seed_45_sample_4_model.cif,90.54
h3/out/apo/H3_apo/seed_45/H3_apo_seed_45_sample_5_model.cif,90.387
h3/out/apo/H3_apo/seed_45/H3_apo_seed_45_sample_6_model.cif,90.486
h3/out/apo/H3_apo/seed_45/H3_apo_seed_45_sample_7_model.cif,90.632
h3/out/apo/H3_apo/seed_45/H3_apo_seed_45_sample_8_model.cif,90.483
h3/out/apo/H3_apo/seed_45/H3_apo_seed_45_sample_9_model.cif,90.624
h3/out/apo/H3_apo/seed_46/H3_apo_seed_46_sample_10_model.cif,90.268
h3/out/apo/H3_apo/seed_46/H3_apo_seed_46_sample_1_model.cif,90.315
h3/out/apo/H3_apo/seed_46/H3_apo_seed_46_sample_2_model.cif,90.371
h3/out/apo/H3_apo/seed_46/H3_apo_seed_46_sample_3_model.cif,90.227
h3/out/apo/H3_apo/seed_46/H3_apo_seed_46_sample_4_model.cif,90.362
h3/out/apo/H3_apo/seed_46/H3_apo_seed_46_sample_5_model.cif,90.372
h3/out/apo/H3_apo/seed_46/H3_apo_seed_46_sample_6_model.cif,90.277
h3/out/apo/H3_apo/seed_46/H3_apo_seed_46_sample_7_model.cif,90.289
h3/out/apo/H3_apo/seed_46/H3_apo_seed_46_sample_8_model.cif,90.237
h3/out/apo/H3_apo/seed_46/H3_apo_seed_46_sample_9_model.cif,90.315
h3/out/c1/H3_C1_agonist_HC2/seed_42/H3_C1_agonist_HC2_seed_42_sample_10_model.cif,87.674
h3/out/c1/H3_C1_agonist_HC2/seed_42/H3_C1_agonist_HC2_seed_42_sample_1_model.cif,87.667
h3/out/c1/H3_C1_agonist_HC2/seed_42/H3_C1_agonist_HC2_seed_42_sample_2_model.cif,87.488
h3/out/c1/H3_C1_agonist_HC2/seed_42/H3_C1_agonist_HC2_seed_42_sample_3_model.cif,87.435
h3/out/c1/H3_C1_agonist_HC2/seed_42/H3_C1_agonist_HC2_seed_42_sample_4_model.cif,87.588
h3/out/c1/H3_C1_agonist_HC2/seed_42/H3_C1_agonist_HC2_seed_42_sample_5_model.cif,87.479
h3/out/c1/H3_C1_agonist_HC2/seed_42/H3_C1_agonist_HC2_seed_42_sample_6_model.cif,87.444
h3/out/c1/H3_C1_agonist_HC2/seed_42/H3_C1_agonist_HC2_seed_42_sample_7_model.cif,87.294
h3/out/c1/H3_C1_agonist_HC2/seed_42/H3_C1_agonist_HC2_seed_42_sample_8_model.cif,87.36
h3/out/c1/H3_C1_agonist_HC2/seed_42/H3_C1_agonist_HC2_seed_42_sample_9_model.cif,88.628
h3/out/c1/H3_C1_agonist_HC2/seed_43/H3_C1_agonist_HC2_seed_43_sample_10_model.cif,88.001
h3/out/c1/H3_C1_agonist_HC2/seed_43/H3_C1_agonist_HC2_seed_43_sample_1_model.cif,87.93
h3/out/c1/H3_C1_agonist_HC2/seed_43/H3_C1_agonist_HC2_seed_43_sample_2_model.cif,88.46
h3/out/c1/H3_C1_agonist_HC2/seed_43/H3_C1_agonist_HC2_seed_43_sample_3_model.cif,88.327
h3/out/c1/H3_C1_agonist_HC2/seed_43/H3_C1_agonist_HC2_seed_43_sample_4_model.cif,88.347
h3/out/c1/H3_C1_agonist_HC2/seed_43/H3_C1_agonist_HC2_seed_43_sample_5_model.cif,88.157
h3/out/c1/H3_C1_agonist_HC2/seed_43/H3_C1_agonist_HC2_seed_43_sample_6_model.cif,88.434
h3/out/c1/H3_C1_agonist_HC2/seed_43/H3_C1_agonist_HC2_seed_43_sample_7_model.cif,88.155
h3/out/c1/H3_C1_agonist_HC2/seed_43/H3_C1_agonist_HC2_seed_43_sample_8_model.cif,88.279
h3/out/c1/H3_C1_agonist_HC2/seed_43/H3_C1_agonist_HC2_seed_43_sample_9_model.cif,88.282
h3/out/c1/H3_C1_agonist_HC2/seed_44/H3_C1_agonist_HC2_seed_44_sample_10_model.cif,87.699
h3/out/c1/H3_C1_agonist_HC2/seed_44/H3_C1_agonist_HC2_seed_44_sample_1_model.cif,87.801
h3/out/c1/H3_C1_agonist_HC2/seed_44/H3_C1_agonist_HC2_seed_44_sample_2_model.cif,87.862
h3/out/c1/H3_C1_agonist_HC2/seed_44/H3_C1_agonist_HC2_seed_44_sample_3_model.cif,87.723
h3/out/c1/H3_C1_agonist_HC2/seed_44/H3_C1_agonist_HC2_seed_44_sample_4_model.cif,87.591
h3/out/c1/H3_C1_agonist_HC2/seed_44/H3_C1_agonist_HC2_seed_44_sample_5_model.cif,87.764
h3/out/c1/H3_C1_agonist_HC2/seed_44/H3_C1_agonist_HC2_seed_44_sample_6_model.cif,87.927
h3/out/c1/H3_C1_agonist_HC2/seed_44/H3_C1_agonist_HC2_seed_44_sample_7_model.cif,87.707
h3/out/c1/H3_C1_agonist_HC2/seed_44/H3_C1_agonist_HC2_seed_44_sample_8_model.cif,87.679
h3/out/c1/H3_C1_agonist_HC2/seed_44/H3_C1_agonist_HC2_seed_44_sample_9_model.cif,87.45
h3/out/c1/H3_C1_agonist_HC2/seed_45/H3_C1_agonist_HC2_seed_45_sample_10_model.cif,88.073
h3/out/c1/H3_C1_agonist_HC2/seed_45/H3_C1_agonist_HC2_seed_45_sample_1_model.cif,88.244
h3/out/c1/H3_C1_agonist_HC2/seed_45/H3_C1_agonist_HC2_seed_45_sample_2_model.cif,88.365
h3/out/c1/H3_C1_agonist_HC2/seed_45/H3_C1_agonist_HC2_seed_45_sample_3_model.cif,88.314
h3/out/c1/H3_C1_agonist_HC2/seed_45/H3_C1_agonist_HC2_seed_45_sample_4_model.cif,87.967
h3/out/c1/H3_C1_agonist_HC2/seed_45/H3_C1_agonist_HC2_seed_45_sample_5_model.cif,88.491
h3/out/c1/H3_C1_agonist_HC2/seed_45/H3_C1_agonist_HC2_seed_45_sample_6_model.cif,88.314
h3/out/c1/H3_C1_agonist_HC2/seed_45/H3_C1_agonist_HC2_seed_45_sample_7_model.cif,88.566
h3/out/c1/H3_C1_agonist_HC2/seed_45/H3_C1_agonist_HC2_seed_45_sample_8_model.cif,88.219
h3/out/c1/H3_C1_agonist_HC2/seed_45/H3_C1_agonist_HC2_seed_45_sample_9_model.cif,88.801
h3/out/c1/H3_C1_agonist_HC2/seed_46/H3_C1_agonist_HC2_seed_46_sample_10_model.cif,87.419
h3/out/c1/H3_C1_agonist_HC2/seed_46/H3_C1_agonist_HC2_seed_46_sample_1_model.cif,87.83
h3/out/c1/H3_C1_agonist_HC2/seed_46/H3_C1_agonist_HC2_seed_46_sample_2_model.cif,87.316
h3/out/c1/H3_C1_agonist_HC2/seed_46/H3_C1_agonist_HC2_seed_46_sample_3_model.cif,87.721
h3/out/c1/H3_C1_agonist_HC2/seed_46/H3_C1_agonist_HC2_seed_46_sample_4_model.cif,87.619
h3/out/c1/H3_C1_agonist_HC2/seed_46/H3_C1_agonist_HC2_seed_46_sample_5_model.cif,88.061
h3/out/c1/H3_C1_agonist_HC2/seed_46/H3_C1_agonist_HC2_seed_46_sample_6_model.cif,87.848
h3/out/c1/H3_C1_agonist_HC2/seed_46/H3_C1_agonist_HC2_seed_46_sample_7_model.cif,87.273
h3/out/c1/H3_C1_agonist_HC2/seed_46/H3_C1_agonist_HC2_seed_46_sample_8_model.cif,87.746
h3/out/c1/H3_C1_agonist_HC2/seed_46/H3_C1_agonist_HC2_seed_46_sample_9_model.cif,87.359
h3/out/c2/H3_C2_invago_4P1/seed_42/H3_C2_invago_4P1_seed_42_sample_10_model.cif,90.097
h3/out/c2/H3_C2_invago_4P1/seed_42/H3_C2_invago_4P1_seed_42_sample_1_model.cif,93.343
h3/out/c2/H3_C2_invago_4P1/seed_42/H3_C2_invago_4P1_seed_42_sample_2_model.cif,90.233
h3/out/c2/H3_C2_invago_4P1/seed_42/H3_C2_invago_4P1_seed_42_sample_3_model.cif,90.293
h3/out/c2/H3_C2_invago_4P1/seed_42/H3_C2_invago_4P1_seed_42_sample_4_model.cif,90.2
h3/out/c2/H3_C2_invago_4P1/seed_42/H3_C2_invago_4P1_seed_42_sample_5_model.cif,93.281
h3/out/c2/H3_C2_invago_4P1/seed_42/H3_C2_invago_4P1_seed_42_sample_6_model.cif,92.833
h3/out/c2/H3_C2_invago_4P1/seed_42/H3_C2_invago_4P1_seed_42_sample_7_model.cif,93.469
h3/out/c2/H3_C2_invago_4P1/seed_42/H3_C2_invago_4P1_seed_42_sample_8_model.cif,93.168
h3/out/c2/H3_C2_invago_4P1/seed_42/H3_C2_invago_4P1_seed_42_sample_9_model.cif,92.517
h3/out/c2/H3_C2_invago_4P1/seed_43/H3_C2_invago_4P1_seed_43_sample_10_model.cif,88.966
h3/out/c2/H3_C2_invago_4P1/seed_43/H3_C2_invago_4P1_seed_43_sample_1_model.cif,90.419
h3/out/c2/H3_C2_invago_4P1/seed_43/H3_C2_invago_4P1_seed_43_sample_2_model.cif,90.151
h3/out/c2/H3_C2_invago_4P1/seed_43/H3_C2_invago_4P1_seed_43_sample_3_model.cif,90.63
h3/out/c2/H3_C2_invago_4P1/seed_43/H3_C2_invago_4P1_seed_43_sample_4_model.cif,90.495
h3/out/c2/H3_C2_invago_4P1/seed_43/H3_C2_invago_4P1_seed_43_sample_5_model.cif,93.282
h3/out/c2/H3_C2_invago_4P1/seed_43/H3_C2_invago_4P1_seed_43_sample_6_model.cif,89.948
h3/out/c2/H3_C2_invago_4P1/seed_43/H3_C2_invago_4P1_seed_43_sample_7_model.cif,91.409
h3/out/c2/H3_C2_invago_4P1/seed_43/H3_C2_invago_4P1_seed_43_sample_8_model.cif,89.064
h3/out/c2/H3_C2_invago_4P1/seed_43/H3_C2_invago_4P1_seed_43_sample_9_model.cif,90.183
h3/out/c2/H3_C2_invago_4P1/seed_44/H3_C2_invago_4P1_seed_44_sample_10_model.cif,90.328
h3/out/c2/H3_C2_invago_4P1/seed_44/H3_C2_invago_4P1_seed_44_sample_1_model.cif,88.633
h3/out/c2/H3_C2_invago_4P1/seed_44/H3_C2_invago_4P1_seed_44_sample_2_model.cif,90.285
h3/out/c2/H3_C2_invago_4P1/seed_44/H3_C2_invago_4P1_seed_44_sample_3_model.cif,93.719
h3/out/c2/H3_C2_invago_4P1/seed_44/H3_C2_invago_4P1_seed_44_sample_4_model.cif,90.0
h3/out/c2/H3_C2_invago_4P1/seed_44/H3_C2_invago_4P1_seed_44_sample_5_model.cif,90.433
h3/out/c2/H3_C2_invago_4P1/seed_44/H3_C2_invago_4P1_seed_44_sample_6_model.cif,93.408
h3/out/c2/H3_C2_invago_4P1/seed_44/H3_C2_invago_4P1_seed_44_sample_7_model.cif,89.15
h3/out/c2/H3_C2_invago_4P1/seed_44/H3_C2_invago_4P1_seed_44_sample_8_model.cif,90.213
h3/out/c2/H3_C2_invago_4P1/seed_44/H3_C2_invago_4P1_seed_44_sample_9_model.cif,90.037
h3/out/c2/H3_C2_invago_4P1/seed_45/H3_C2_invago_4P1_seed_45_sample_10_model.cif,93.54
h3/out/c2/H3_C2_invago_4P1/seed_45/H3_C2_invago_4P1_seed_45_sample_1_model.cif,93.482
h3/out/c2/H3_C2_invago_4P1/seed_45/H3_C2_invago_4P1_seed_45_sample_2_model.cif,90.302
h3/out/c2/H3_C2_invago_4P1/seed_45/H3_C2_invago_4P1_seed_45_sample_3_model.cif,89.144
h3/out/c2/H3_C2_invago_4P1/seed_45/H3_C2_invago_4P1_seed_45_sample_4_model.cif,93.111
h3/out/c2/H3_C2_invago_4P1/seed_45/H3_C2_invago_4P1_seed_45_sample_5_model.cif,89.766
h3/out/c2/H3_C2_invago_4P1/seed_45/H3_C2_invago_4P1_seed_45_sample_6_model.cif,91.263
h3/out/c2/H3_C2_invago_4P1/seed_45/H3_C2_invago_4P1_seed_45_sample_7_model.cif,92.668
h3/out/c2/H3_C2_invago_4P1/seed_45/H3_C2_invago_4P1_seed_45_sample_8_model.cif,90.299
h3/out/c2/H3_C2_invago_4P1/seed_45/H3_C2_invago_4P1_seed_45_sample_9_model.cif,92.693
h3/out/c2/H3_C2_invago_4P1/seed_46/H3_C2_invago_4P1_seed_46_sample_10_model.cif,89.575
h3/out/c2/H3_C2_invago_4P1/seed_46/H3_C2_invago_4P1_seed_46_sample_1_model.cif,92.955
h3/out/c2/H3_C2_invago_4P1/seed_46/H3_C2_invago_4P1_seed_46_sample_2_model.cif,90.533
h3/out/c2/H3_C2_invago_4P1/seed_46/H3_C2_invago_4P1_seed_46_sample_3_model.cif,93.102
h3/out/c2/H3_C2_invago_4P1/seed_46/H3_C2_invago_4P1_seed_46_sample_4_model.cif,90.732
h3/out/c2/H3_C2_invago_4P1/seed_46/H3_C2_invago_4P1_seed_46_sample_5_model.cif,90.113
h3/out/c2/H3_C2_invago_4P1/seed_46/H3_C2_invago_4P1_seed_46_sample_6_model.cif,92.829
h3/out/c2/H3_C2_invago_4P1/seed_46/H3_C2_invago_4P1_seed_46_sample_7_model.cif,92.773
h3/out/c2/H3_C2_invago_4P1/seed_46/H3_C2_invago_4P1_seed_46_sample_8_model.cif,90.135
h3/out/c2/H3_C2_invago_4P1/seed_46/H3_C2_invago_4P1_seed_46_sample_9_model.cif,91.821
h3/out/c3/H3_C3_agonist_BIO592/seed_42/H3_C3_agonist_BIO592_seed_42_sample_10_model.cif,88.024
h3/out/c3/H3_C3_agonist_BIO592/seed_42/H3_C3_agonist_BIO592_seed_42_sample_1_model.cif,89.477
h3/out/c3/H3_C3_agonist_BIO592/seed_42/H3_C3_agonist_BIO592_seed_42_sample_2_model.cif,88.426
h3/out/c3/H3_C3_agonist_BIO592/seed_42/H3_C3_agonist_BIO592_seed_42_sample_3_model.cif,90.234
h3/out/c3/H3_C3_agonist_BIO592/seed_42/H3_C3_agonist_BIO592_seed_42_sample_4_model.cif,88.162
h3/out/c3/H3_C3_agonist_BIO592/seed_42/H3_C3_agonist_BIO592_seed_42_sample_5_model.cif,90.065
h3/out/c3/H3_C3_agonist_BIO592/seed_42/H3_C3_agonist_BIO592_seed_42_sample_6_model.cif,87.874
h3/out/c3/H3_C3_agonist_BIO592/seed_42/H3_C3_agonist_BIO592_seed_42_sample_7_model.cif,88.329
h3/out/c3/H3_C3_agonist_BIO592/seed_42/H3_C3_agonist_BIO592_seed_42_sample_8_model.cif,87.805
h3/out/c3/H3_C3_agonist_BIO592/seed_42/H3_C3_agonist_BIO592_seed_42_sample_9_model.cif,90.579
h3/out/c3/H3_C3_agonist_BIO592/seed_43/H3_C3_agonist_BIO592_seed_43_sample_10_model.cif,90.135
h3/out/c3/H3_C3_agonist_BIO592/seed_43/H3_C3_agonist_BIO592_seed_43_sample_1_model.cif,88.169
h3/out/c3/H3_C3_agonist_BIO592/seed_43/H3_C3_agonist_BIO592_seed_43_sample_2_model.cif,88.297
h3/out/c3/H3_C3_agonist_BIO592/seed_43/H3_C3_agonist_BIO592_seed_43_sample_3_model.cif,91.251
h3/out/c3/H3_C3_agonist_BIO592/seed_43/H3_C3_agonist_BIO592_seed_43_sample_4_model.cif,88.62
h3/out/c3/H3_C3_agonist_BIO592/seed_43/H3_C3_agonist_BIO592_seed_43_sample_5_model.cif,91.048
h3/out/c3/H3_C3_agonist_BIO592/seed_43/H3_C3_agonist_BIO592_seed_43_sample_6_model.cif,90.651
h3/out/c3/H3_C3_agonist_BIO592/seed_43/H3_C3_agonist_BIO592_seed_43_sample_7_model.cif,88.349
h3/out/c3/H3_C3_agonist_BIO592/seed_43/H3_C3_agonist_BIO592_seed_43_sample_8_model.cif,88.232
h3/out/c3/H3_C3_agonist_BIO592/seed_43/H3_C3_agonist_BIO592_seed_43_sample_9_model.cif,88.207
h3/out/c3/H3_C3_agonist_BIO592/seed_44/H3_C3_agonist_BIO592_seed_44_sample_10_model.cif,88.032
h3/out/c3/H3_C3_agonist_BIO592/seed_44/H3_C3_agonist_BIO592_seed_44_sample_1_model.cif,88.178
h3/out/c3/H3_C3_agonist_BIO592/seed_44/H3_C3_agonist_BIO592_seed_44_sample_2_model.cif,88.339
h3/out/c3/H3_C3_agonist_BIO592/seed_44/H3_C3_agonist_BIO592_seed_44_sample_3_model.cif,88.228
h3/out/c3/H3_C3_agonist_BIO592/seed_44/H3_C3_agonist_BIO592_seed_44_sample_4_model.cif,88.08
h3/out/c3/H3_C3_agonist_BIO592/seed_44/H3_C3_agonist_BIO592_seed_44_sample_5_model.cif,88.126
h3/out/c3/H3_C3_agonist_BIO592/seed_44/H3_C3_agonist_BIO592_seed_44_sample_6_model.cif,88.145
h3/out/c3/H3_C3_agonist_BIO592/seed_44/H3_C3_agonist_BIO592_seed_44_sample_7_model.cif,88.666
h3/out/c3/H3_C3_agonist_BIO592/seed_44/H3_C3_agonist_BIO592_seed_44_sample_8_model.cif,88.181
h3/out/c3/H3_C3_agonist_BIO592/seed_44/H3_C3_agonist_BIO592_seed_44_sample_9_model.cif,87.98
h3/out/c3/H3_C3_agonist_BIO592/seed_45/H3_C3_agonist_BIO592_seed_45_sample_10_model.cif,89.449
h3/out/c3/H3_C3_agonist_BIO592/seed_45/H3_C3_agonist_BIO592_seed_45_sample_1_model.cif,90.296
h3/out/c3/H3_C3_agonist_BIO592/seed_45/H3_C3_agonist_BIO592_seed_45_sample_2_model.cif,90.763
h3/out/c3/H3_C3_agonist_BIO592/seed_45/H3_C3_agonist_BIO592_seed_45_sample_3_model.cif,90.145
h3/out/c3/H3_C3_agonist_BIO592/seed_45/H3_C3_agonist_BIO592_seed_45_sample_4_model.cif,90.221
h3/out/c3/H3_C3_agonist_BIO592/seed_45/H3_C3_agonist_BIO592_seed_45_sample_5_model.cif,90.617
h3/out/c3/H3_C3_agonist_BIO592/seed_45/H3_C3_agonist_BIO592_seed_45_sample_6_model.cif,89.745
h3/out/c3/H3_C3_agonist_BIO592/seed_45/H3_C3_agonist_BIO592_seed_45_sample_7_model.cif,90.45
h3/out/c3/H3_C3_agonist_BIO592/seed_45/H3_C3_agonist_BIO592_seed_45_sample_8_model.cif,89.564
h3/out/c3/H3_C3_agonist_BIO592/seed_45/H3_C3_agonist_BIO592_seed_45_sample_9_model.cif,89.592
h3/out/c3/H3_C3_agonist_BIO592/seed_46/H3_C3_agonist_BIO592_seed_46_sample_10_model.cif,89.998
h3/out/c3/H3_C3_agonist_BIO592/seed_46/H3_C3_agonist_BIO592_seed_46_sample_1_model.cif,88.297
h3/out/c3/H3_C3_agonist_BIO592/seed_46/H3_C3_agonist_BIO592_seed_46_sample_2_model.cif,87.897
h3/out/c3/H3_C3_agonist_BIO592/seed_46/H3_C3_agonist_BIO592_seed_46_sample_3_model.cif,87.653
h3/out/c3/H3_C3_agonist_BIO592/seed_46/H3_C3_agonist_BIO592_seed_46_sample_4_model.cif,88.19
h3/out/c3/H3_C3_agonist_BIO592/seed_46/H3_C3_agonist_BIO592_seed_46_sample_5_model.cif,88.195
h3/out/c3/H3_C3_agonist_BIO592/seed_46/H3_C3_agonist_BIO592_seed_46_sample_6_model.cif,89.004
h3/out/c3/H3_C3_agonist_BIO592/seed_46/H3_C3_agonist_BIO592_seed_46_sample_7_model.cif,87.906
h3/out/c3/H3_C3_agonist_BIO592/seed_46/H3_C3_agonist_BIO592_seed_46_sample_8_model.cif,88.009
h3/out/c3/H3_C3_agonist_BIO592/seed_46/H3_C3_agonist_BIO592_seed_46_sample_9_model.cif,88.243
h3/out/c4/H3_C4_invago_6EW_BIO399/seed_42/H3_C4_invago_6EW_BIO399_seed_42_sample_10_model.cif,88.144
h3/out/c4/H3_C4_invago_6EW_BIO399/seed_42/H3_C4_invago_6EW_BIO399_seed_42_sample_1_model.cif,90.562
h3/out/c4/H3_C4_invago_6EW_BIO399/seed_42/H3_C4_invago_6EW_BIO399_seed_42_sample_2_model.cif,88.698
h3/out/c4/H3_C4_invago_6EW_BIO399/seed_42/H3_C4_invago_6EW_BIO399_seed_42_sample_3_model.cif,88.188
h3/out/c4/H3_C4_invago_6EW_BIO399/seed_42/H3_C4_invago_6EW_BIO399_seed_42_sample_4_model.cif,88.552
h3/out/c4/H3_C4_invago_6EW_BIO399/seed_42/H3_C4_invago_6EW_BIO399_seed_42_sample_5_model.cif,91.176
h3/out/c4/H3_C4_invago_6EW_BIO399/seed_42/H3_C4_invago_6EW_BIO399_seed_42_sample_6_model.cif,90.566
h3/out/c4/H3_C4_invago_6EW_BIO399/seed_42/H3_C4_invago_6EW_BIO399_seed_42_sample_7_model.cif,88.173
h3/out/c4/H3_C4_invago_6EW_BIO399/seed_42/H3_C4_invago_6EW_BIO399_seed_42_sample_8_model.cif,92.301
h3/out/c4/H3_C4_invago_6EW_BIO399/seed_42/H3_C4_invago_6EW_BIO399_seed_42_sample_9_model.cif,88.091
h3/out/c4/H3_C4_invago_6EW_BIO399/seed_43/H3_C4_invago_6EW_BIO399_seed_43_sample_10_model.cif,88.775
h3/out/c4/H3_C4_invago_6EW_BIO399/seed_43/H3_C4_invago_6EW_BIO399_seed_43_sample_1_model.cif,87.051
h3/out/c4/H3_C4_invago_6EW_BIO399/seed_43/H3_C4_invago_6EW_BIO399_seed_43_sample_2_model.cif,88.299
h3/out/c4/H3_C4_invago_6EW_BIO399/seed_43/H3_C4_invago_6EW_BIO399_seed_43_sample_3_model.cif,88.257
h3/out/c4/H3_C4_invago_6EW_BIO399/seed_43/H3_C4_invago_6EW_BIO399_seed_43_sample_4_model.cif,88.356
h3/out/c4/H3_C4_invago_6EW_BIO399/seed_43/H3_C4_invago_6EW_BIO399_seed_43_sample_5_model.cif,88.246
h3/out/c4/H3_C4_invago_6EW_BIO399/seed_43/H3_C4_invago_6EW_BIO399_seed_43_sample_6_model.cif,88.691
h3/out/c4/H3_C4_invago_6EW_BIO399/seed_43/H3_C4_invago_6EW_BIO399_seed_43_sample_7_model.cif,88.562
h3/out/c4/H3_C4_invago_6EW_BIO399/seed_43/H3_C4_invago_6EW_BIO399_seed_43_sample_8_model.cif,88.359
h3/out/c4/H3_C4_invago_6EW_BIO399/seed_43/H3_C4_invago_6EW_BIO399_seed_43_sample_9_model.cif,87.8
h3/out/c4/H3_C4_invago_6EW_BIO399/seed_44/H3_C4_invago_6EW_BIO399_seed_44_sample_10_model.cif,87.707
h3/out/c4/H3_C4_invago_6EW_BIO399/seed_44/H3_C4_invago_6EW_BIO399_seed_44_sample_1_model.cif,88.128
h3/out/c4/H3_C4_invago_6EW_BIO399/seed_44/H3_C4_invago_6EW_BIO399_seed_44_sample_2_model.cif,88.166
h3/out/c4/H3_C4_invago_6EW_BIO399/seed_44/H3_C4_invago_6EW_BIO399_seed_44_sample_3_model.cif,88.205
h3/out/c4/H3_C4_invago_6EW_BIO399/seed_44/H3_C4_invago_6EW_BIO399_seed_44_sample_4_model.cif,88.228
h3/out/c4/H3_C4_invago_6EW_BIO399/seed_44/H3_C4_invago_6EW_BIO399_seed_44_sample_5_model.cif,88.181
h3/out/c4/H3_C4_invago_6EW_BIO399/seed_44/H3_C4_invago_6EW_BIO399_seed_44_sample_6_model.cif,88.31
h3/out/c4/H3_C4_invago_6EW_BIO399/seed_44/H3_C4_invago_6EW_BIO399_seed_44_sample_7_model.cif,88.097
h3/out/c4/H3_C4_invago_6EW_BIO399/seed_44/H3_C4_invago_6EW_BIO399_seed_44_sample_8_model.cif,87.319
h3/out/c4/H3_C4_invago_6EW_BIO399/seed_44/H3_C4_invago_6EW_BIO399_seed_44_sample_9_model.cif,88.198
h3/out/c4/H3_C4_invago_6EW_BIO399/seed_45/H3_C4_invago_6EW_BIO399_seed_45_sample_10_model.cif,88.089
h3/out/c4/H3_C4_invago_6EW_BIO399/seed_45/H3_C4_invago_6EW_BIO399_seed_45_sample_1_model.cif,90.786
h3/out/c4/H3_C4_invago_6EW_BIO399/seed_45/H3_C4_invago_6EW_BIO399_seed_45_sample_2_model.cif,90.864
h3/out/c4/H3_C4_invago_6EW_BIO399/seed_45/H3_C4_invago_6EW_BIO399_seed_45_sample_3_model.cif,90.431
h3/out/c4/H3_C4_invago_6EW_BIO399/seed_45/H3_C4_invago_6EW_BIO399_seed_45_sample_4_model.cif,90.32
h3/out/c4/H3_C4_invago_6EW_BIO399/seed_45/H3_C4_invago_6EW_BIO399_seed_45_sample_5_model.cif,91.054
h3/out/c4/H3_C4_invago_6EW_BIO399/seed_45/H3_C4_invago_6EW_BIO399_seed_45_sample_6_model.cif,90.809
h3/out/c4/H3_C4_invago_6EW_BIO399/seed_45/H3_C4_invago_6EW_BIO399_seed_45_sample_7_model.cif,88.365
h3/out/c4/H3_C4_invago_6EW_BIO399/seed_45/H3_C4_invago_6EW_BIO399_seed_45_sample_8_model.cif,90.877
h3/out/c4/H3_C4_invago_6EW_BIO399/seed_45/H3_C4_invago_6EW_BIO399_seed_45_sample_9_model.cif,90.89
h3/out/c4/H3_C4_invago_6EW_BIO399/seed_46/H3_C4_invago_6EW_BIO399_seed_46_sample_10_model.cif,90.213
h3/out/c4/H3_C4_invago_6EW_BIO399/seed_46/H3_C4_invago_6EW_BIO399_seed_46_sample_1_model.cif,88.5
h3/out/c4/H3_C4_invago_6EW_BIO399/seed_46/H3_C4_invago_6EW_BIO399_seed_46_sample_2_model.cif,87.145
h3/out/c4/H3_C4_invago_6EW_BIO399/seed_46/H3_C4_invago_6EW_BIO399_seed_46_sample_3_model.cif,91.202
h3/out/c4/H3_C4_invago_6EW_BIO399/seed_46/H3_C4_invago_6EW_BIO399_seed_46_sample_4_model.cif,88.184
h3/out/c4/H3_C4_invago_6EW_BIO399/seed_46/H3_C4_invago_6EW_BIO399_seed_46_sample_5_model.cif,88.24
h3/out/c4/H3_C4_invago_6EW_BIO399/seed_46/H3_C4_invago_6EW_BIO399_seed_46_sample_6_model.cif,88.526
h3/out/c4/H3_C4_invago_6EW_BIO399/seed_46/H3_C4_invago_6EW_BIO399_seed_46_sample_7_model.cif,91.434
h3/out/c4/H3_C4_invago_6EW_BIO399/seed_46/H3_C4_invago_6EW_BIO399_seed_46_sample_8_model.cif,88.348
h3/out/c4/H3_C4_invago_6EW_BIO399/seed_46/H3_C4_invago_6EW_BIO399_seed_46_sample_9_model.cif,88.165
h3/out/c5/H3_C5_invago_99N/seed_42/H3_C5_invago_99N_seed_42_sample_10_model.cif,87.361
h3/out/c5/H3_C5_invago_99N/seed_42/H3_C5_invago_99N_seed_42_sample_1_model.cif,87.478
h3/out/c5/H3_C5_invago_99N/seed_42/H3_C5_invago_99N_seed_42_sample_2_model.cif,87.895
h3/out/c5/H3_C5_invago_99N/seed_42/H3_C5_invago_99N_seed_42_sample_3_model.cif,86.545
h3/out/c5/H3_C5_invago_99N/seed_42/H3_C5_invago_99N_seed_42_sample_4_model.cif,87.491
h3/out/c5/H3_C5_invago_99N/seed_42/H3_C5_invago_99N_seed_42_sample_5_model.cif,86.84
h3/out/c5/H3_C5_invago_99N/seed_42/H3_C5_invago_99N_seed_42_sample_6_model.cif,86.56
h3/out/c5/H3_C5_invago_99N/seed_42/H3_C5_invago_99N_seed_42_sample_7_model.cif,87.389
h3/out/c5/H3_C5_invago_99N/seed_42/H3_C5_invago_99N_seed_42_sample_8_model.cif,88.166
h3/out/c5/H3_C5_invago_99N/seed_42/H3_C5_invago_99N_seed_42_sample_9_model.cif,86.878
h3/out/c5/H3_C5_invago_99N/seed_43/H3_C5_invago_99N_seed_43_sample_10_model.cif,86.123
h3/out/c5/H3_C5_invago_99N/seed_43/H3_C5_invago_99N_seed_43_sample_1_model.cif,87.753
h3/out/c5/H3_C5_invago_99N/seed_43/H3_C5_invago_99N_seed_43_sample_2_model.cif,88.095
h3/out/c5/H3_C5_invago_99N/seed_43/H3_C5_invago_99N_seed_43_sample_3_model.cif,87.31
h3/out/c5/H3_C5_invago_99N/seed_43/H3_C5_invago_99N_seed_43_sample_4_model.cif,86.862
h3/out/c5/H3_C5_invago_99N/seed_43/H3_C5_invago_99N_seed_43_sample_5_model.cif,87.519
h3/out/c5/H3_C5_invago_99N/seed_43/H3_C5_invago_99N_seed_43_sample_6_model.cif,85.811
h3/out/c5/H3_C5_invago_99N/seed_43/H3_C5_invago_99N_seed_43_sample_7_model.cif,86.693
h3/out/c5/H3_C5_invago_99N/seed_43/H3_C5_invago_99N_seed_43_sample_8_model.cif,86.974
h3/out/c5/H3_C5_invago_99N/seed_43/H3_C5_invago_99N_seed_43_sample_9_model.cif,86.204
h3/out/c5/H3_C5_invago_99N/seed_44/H3_C5_invago_99N_seed_44_sample_10_model.cif,86.699
h3/out/c5/H3_C5_invago_99N/seed_44/H3_C5_invago_99N_seed_44_sample_1_model.cif,86.079
h3/out/c5/H3_C5_invago_99N/seed_44/H3_C5_invago_99N_seed_44_sample_2_model.cif,86.52
h3/out/c5/H3_C5_invago_99N/seed_44/H3_C5_invago_99N_seed_44_sample_3_model.cif,85.973
h3/out/c5/H3_C5_invago_99N/seed_44/H3_C5_invago_99N_seed_44_sample_4_model.cif,86.636
h3/out/c5/H3_C5_invago_99N/seed_44/H3_C5_invago_99N_seed_44_sample_5_model.cif,85.566
h3/out/c5/H3_C5_invago_99N/seed_44/H3_C5_invago_99N_seed_44_sample_6_model.cif,86.363
h3/out/c5/H3_C5_invago_99N/seed_44/H3_C5_invago_99N_seed_44_sample_7_model.cif,86.372
h3/out/c5/H3_C5_invago_99N/seed_44/H3_C5_invago_99N_seed_44_sample_8_model.cif,86.054
h3/out/c5/H3_C5_invago_99N/seed_44/H3_C5_invago_99N_seed_44_sample_9_model.cif,85.202
h3/out/c5/H3_C5_invago_99N/seed_45/H3_C5_invago_99N_seed_45_sample_10_model.cif,86.251
h3/out/c5/H3_C5_invago_99N/seed_45/H3_C5_invago_99N_seed_45_sample_1_model.cif,86.835
h3/out/c5/H3_C5_invago_99N/seed_45/H3_C5_invago_99N_seed_45_sample_2_model.cif,88.336
h3/out/c5/H3_C5_invago_99N/seed_45/H3_C5_invago_99N_seed_45_sample_3_model.cif,86.249
h3/out/c5/H3_C5_invago_99N/seed_45/H3_C5_invago_99N_seed_45_sample_4_model.cif,86.665
h3/out/c5/H3_C5_invago_99N/seed_45/H3_C5_invago_99N_seed_45_sample_5_model.cif,85.628
h3/out/c5/H3_C5_invago_99N/seed_45/H3_C5_invago_99N_seed_45_sample_6_model.cif,87.356
h3/out/c5/H3_C5_invago_99N/seed_45/H3_C5_invago_99N_seed_45_sample_7_model.cif,87.068
h3/out/c5/H3_C5_invago_99N/seed_45/H3_C5_invago_99N_seed_45_sample_8_model.cif,86.925
h3/out/c5/H3_C5_invago_99N/seed_45/H3_C5_invago_99N_seed_45_sample_9_model.cif,87.09
h3/out/c5/H3_C5_invago_99N/seed_46/H3_C5_invago_99N_seed_46_sample_10_model.cif,86.636
h3/out/c5/H3_C5_invago_99N/seed_46/H3_C5_invago_99N_seed_46_sample_1_model.cif,86.681
h3/out/c5/H3_C5_invago_99N/seed_46/H3_C5_invago_99N_seed_46_sample_2_model.cif,86.692
h3/out/c5/H3_C5_invago_99N/seed_46/H3_C5_invago_99N_seed_46_sample_3_model.cif,87.147
h3/out/c5/H3_C5_invago_99N/seed_46/H3_C5_invago_99N_seed_46_sample_4_model.cif,87.04
h3/out/c5/H3_C5_invago_99N/seed_46/H3_C5_invago_99N_seed_46_sample_5_model.cif,86.796
h3/out/c5/H3_C5_invago_99N/seed_46/H3_C5_invago_99N_seed_46_sample_6_model.cif,87.527
h3/out/c5/H3_C5_invago_99N/seed_46/H3_C5_invago_99N_seed_46_sample_7_model.cif,87.019
h3/out/c5/H3_C5_invago_99N/seed_46/H3_C5_invago_99N_seed_46_sample_8_model.cif,86.635
h3/out/c5/H3_C5_invago_99N/seed_46/H3_C5_invago_99N_seed_46_sample_9_model.cif,86.16
h3/out/c6/H3_C6_invago_4P3/seed_42/H3_C6_invago_4P3_seed_42_sample_10_model.cif,89.744
h3/out/c6/H3_C6_invago_4P3/seed_42/H3_C6_invago_4P3_seed_42_sample_1_model.cif,89.814
h3/out/c6/H3_C6_invago_4P3/seed_42/H3_C6_invago_4P3_seed_42_sample_2_model.cif,90.319
h3/out/c6/H3_C6_invago_4P3/seed_42/H3_C6_invago_4P3_seed_42_sample_3_model.cif,89.5
h3/out/c6/H3_C6_invago_4P3/seed_42/H3_C6_invago_4P3_seed_42_sample_4_model.cif,89.576
h3/out/c6/H3_C6_invago_4P3/seed_42/H3_C6_invago_4P3_seed_42_sample_5_model.cif,90.785
h3/out/c6/H3_C6_invago_4P3/seed_42/H3_C6_invago_4P3_seed_42_sample_6_model.cif,90.499
h3/out/c6/H3_C6_invago_4P3/seed_42/H3_C6_invago_4P3_seed_42_sample_7_model.cif,90.667
h3/out/c6/H3_C6_invago_4P3/seed_42/H3_C6_invago_4P3_seed_42_sample_8_model.cif,89.913
h3/out/c6/H3_C6_invago_4P3/seed_42/H3_C6_invago_4P3_seed_42_sample_9_model.cif,90.569
h3/out/c6/H3_C6_invago_4P3/seed_43/H3_C6_invago_4P3_seed_43_sample_10_model.cif,91.104
h3/out/c6/H3_C6_invago_4P3/seed_43/H3_C6_invago_4P3_seed_43_sample_1_model.cif,89.977
h3/out/c6/H3_C6_invago_4P3/seed_43/H3_C6_invago_4P3_seed_43_sample_2_model.cif,91.657
h3/out/c6/H3_C6_invago_4P3/seed_43/H3_C6_invago_4P3_seed_43_sample_3_model.cif,91.123
h3/out/c6/H3_C6_invago_4P3/seed_43/H3_C6_invago_4P3_seed_43_sample_4_model.cif,90.853
h3/out/c6/H3_C6_invago_4P3/seed_43/H3_C6_invago_4P3_seed_43_sample_5_model.cif,91.297
h3/out/c6/H3_C6_invago_4P3/seed_43/H3_C6_invago_4P3_seed_43_sample_6_model.cif,90.002
h3/out/c6/H3_C6_invago_4P3/seed_43/H3_C6_invago_4P3_seed_43_sample_7_model.cif,90.141
h3/out/c6/H3_C6_invago_4P3/seed_43/H3_C6_invago_4P3_seed_43_sample_8_model.cif,90.524
h3/out/c6/H3_C6_invago_4P3/seed_43/H3_C6_invago_4P3_seed_43_sample_9_model.cif,90.065
h3/out/c6/H3_C6_invago_4P3/seed_44/H3_C6_invago_4P3_seed_44_sample_10_model.cif,90.038
h3/out/c6/H3_C6_invago_4P3/seed_44/H3_C6_invago_4P3_seed_44_sample_1_model.cif,89.908
h3/out/c6/H3_C6_invago_4P3/seed_44/H3_C6_invago_4P3_seed_44_sample_2_model.cif,91.324
h3/out/c6/H3_C6_invago_4P3/seed_44/H3_C6_invago_4P3_seed_44_sample_3_model.cif,90.235
h3/out/c6/H3_C6_invago_4P3/seed_44/H3_C6_invago_4P3_seed_44_sample_4_model.cif,90.277
h3/out/c6/H3_C6_invago_4P3/seed_44/H3_C6_invago_4P3_seed_44_sample_5_model.cif,90.052
h3/out/c6/H3_C6_invago_4P3/seed_44/H3_C6_invago_4P3_seed_44_sample_6_model.cif,90.171
h3/out/c6/H3_C6_invago_4P3/seed_44/H3_C6_invago_4P3_seed_44_sample_7_model.cif,90.434
h3/out/c6/H3_C6_invago_4P3/seed_44/H3_C6_invago_4P3_seed_44_sample_8_model.cif,90.345
h3/out/c6/H3_C6_invago_4P3/seed_44/H3_C6_invago_4P3_seed_44_sample_9_model.cif,90.212
h3/out/c6/H3_C6_invago_4P3/seed_45/H3_C6_invago_4P3_seed_45_sample_10_model.cif,89.955
h3/out/c6/H3_C6_invago_4P3/seed_45/H3_C6_invago_4P3_seed_45_sample_1_model.cif,90.479
h3/out/c6/H3_C6_invago_4P3/seed_45/H3_C6_invago_4P3_seed_45_sample_2_model.cif,90.085
h3/out/c6/H3_C6_invago_4P3/seed_45/H3_C6_invago_4P3_seed_45_sample_3_model.cif,90.021
h3/out/c6/H3_C6_invago_4P3/seed_45/H3_C6_invago_4P3_seed_45_sample_4_model.cif,90.905
h3/out/c6/H3_C6_invago_4P3/seed_45/H3_C6_invago_4P3_seed_45_sample_5_model.cif,90.819
h3/out/c6/H3_C6_invago_4P3/seed_45/H3_C6_invago_4P3_seed_45_sample_6_model.cif,90.706
h3/out/c6/H3_C6_invago_4P3/seed_45/H3_C6_invago_4P3_seed_45_sample_7_model.cif,90.081
h3/out/c6/H3_C6_invago_4P3/seed_45/H3_C6_invago_4P3_seed_45_sample_8_model.cif,89.669
h3/out/c6/H3_C6_invago_4P3/seed_45/H3_C6_invago_4P3_seed_45_sample_9_model.cif,90.706
h3/out/c6/H3_C6_invago_4P3/seed_46/H3_C6_invago_4P3_seed_46_sample_10_model.cif,90.41
h3/out/c6/H3_C6_invago_4P3/seed_46/H3_C6_invago_4P3_seed_46_sample_1_model.cif,90.168
h3/out/c6/H3_C6_invago_4P3/seed_46/H3_C6_invago_4P3_seed_46_sample_2_model.cif,91.195
h3/out/c6/H3_C6_invago_4P3/seed_46/H3_C6_invago_4P3_seed_46_sample_3_model.cif,89.758
h3/out/c6/H3_C6_invago_4P3/seed_46/H3_C6_invago_4P3_seed_46_sample_4_model.cif,90.126
h3/out/c6/H3_C6_invago_4P3/seed_46/H3_C6_invago_4P3_seed_46_sample_5_model.cif,90.234
h3/out/c6/H3_C6_invago_4P3/seed_46/H3_C6_invago_4P3_seed_46_sample_6_model.cif,89.821
h3/out/c6/H3_C6_invago_4P3/seed_46/H3_C6_invago_4P3_seed_46_sample_7_model.cif,89.92
h3/out/c6/H3_C6_invago_4P3/seed_46/H3_C6_invago_4P3_seed_46_sample_8_model.cif,89.384
h3/out/c6/H3_C6_invago_4P3/seed_46/H3_C6_invago_4P3_seed_46_sample_9_model.cif,89.714
h3/out/pool120/POOL_CHEMBL3217768_agonist/seed_42/POOL_CHEMBL3217768_agonist_seed_42_sample_1_model.cif,89.504
h3/out/pool120/POOL_CHEMBL3217768_agonist/seed_42/POOL_CHEMBL3217768_agonist_seed_42_sample_2_model.cif,89.645
h3/out/pool120/POOL_CHEMBL3313999_agonist/seed_42/POOL_CHEMBL3313999_agonist_seed_42_sample_1_model.cif,90.738
h3/out/pool120/POOL_CHEMBL3313999_agonist/seed_42/POOL_CHEMBL3313999_agonist_seed_42_sample_2_model.cif,90.162
h3/out/pool120/POOL_CHEMBL3314000_agonist/seed_42/POOL_CHEMBL3314000_agonist_seed_42_sample_1_model.cif,90.548
h3/out/pool120/POOL_CHEMBL3314000_agonist/seed_42/POOL_CHEMBL3314000_agonist_seed_42_sample_2_model.cif,92.461
h3/out/pool120/POOL_CHEMBL3314023_antagonist/seed_42/POOL_CHEMBL3314023_antagonist_seed_42_sample_1_model.cif,89.136
h3/out/pool120/POOL_CHEMBL3314023_antagonist/seed_42/POOL_CHEMBL3314023_antagonist_seed_42_sample_2_model.cif,90.542
h3/out/pool120/POOL_CHEMBL3314025_antagonist/seed_42/POOL_CHEMBL3314025_antagonist_seed_42_sample_1_model.cif,89.548
h3/out/pool120/POOL_CHEMBL3314025_antagonist/seed_42/POOL_CHEMBL3314025_antagonist_seed_42_sample_2_model.cif,88.209
h3/out/pool120/POOL_CHEMBL3314026_antagonist/seed_42/POOL_CHEMBL3314026_antagonist_seed_42_sample_1_model.cif,92.844
h3/out/pool120/POOL_CHEMBL3314026_antagonist/seed_42/POOL_CHEMBL3314026_antagonist_seed_42_sample_2_model.cif,89.957
h3/out/pool120/POOL_CHEMBL3314027_antagonist/seed_42/POOL_CHEMBL3314027_antagonist_seed_42_sample_1_model.cif,88.677
h3/out/pool120/POOL_CHEMBL3314027_antagonist/seed_42/POOL_CHEMBL3314027_antagonist_seed_42_sample_2_model.cif,89.979
h3/out/pool120/POOL_CHEMBL3314028_antagonist/seed_42/POOL_CHEMBL3314028_antagonist_seed_42_sample_1_model.cif,89.204
h3/out/pool120/POOL_CHEMBL3314028_antagonist/seed_42/POOL_CHEMBL3314028_antagonist_seed_42_sample_2_model.cif,89.744
h3/out/pool120/POOL_CHEMBL3581543_agonist/seed_42/POOL_CHEMBL3581543_agonist_seed_42_sample_1_model.cif,94.543
h3/out/pool120/POOL_CHEMBL3581543_agonist/seed_42/POOL_CHEMBL3581543_agonist_seed_42_sample_2_model.cif,94.644
h3/out/pool120/POOL_CHEMBL3609403_agonist/seed_42/POOL_CHEMBL3609403_agonist_seed_42_sample_1_model.cif,90.923
h3/out/pool120/POOL_CHEMBL3609403_agonist/seed_42/POOL_CHEMBL3609403_agonist_seed_42_sample_2_model.cif,92.824
h3/out/pool120/POOL_CHEMBL3609404_agonist/seed_42/POOL_CHEMBL3609404_agonist_seed_42_sample_1_model.cif,90.978
h3/out/pool120/POOL_CHEMBL3609404_agonist/seed_42/POOL_CHEMBL3609404_agonist_seed_42_sample_2_model.cif,92.137
h3/out/pool120/POOL_CHEMBL3609409_agonist/seed_42/POOL_CHEMBL3609409_agonist_seed_42_sample_1_model.cif,89.788
h3/out/pool120/POOL_CHEMBL3609409_agonist/seed_42/POOL_CHEMBL3609409_agonist_seed_42_sample_2_model.cif,91.638
h3/out/pool120/POOL_CHEMBL4125757_antagonist/seed_42/POOL_CHEMBL4125757_antagonist_seed_42_sample_1_model.cif,90.044
h3/out/pool120/POOL_CHEMBL4125757_antagonist/seed_42/POOL_CHEMBL4125757_antagonist_seed_42_sample_2_model.cif,89.914
h3/out/pool120/POOL_CHEMBL4126317_antagonist/seed_42/POOL_CHEMBL4126317_antagonist_seed_42_sample_1_model.cif,90.599
h3/out/pool120/POOL_CHEMBL4126317_antagonist/seed_42/POOL_CHEMBL4126317_antagonist_seed_42_sample_2_model.cif,90.334
h3/out/pool120/POOL_CHEMBL4126366_antagonist/seed_42/POOL_CHEMBL4126366_antagonist_seed_42_sample_1_model.cif,89.421
h3/out/pool120/POOL_CHEMBL4126366_antagonist/seed_42/POOL_CHEMBL4126366_antagonist_seed_42_sample_2_model.cif,89.36
h3/out/pool120/POOL_CHEMBL4127127_antagonist/seed_42/POOL_CHEMBL4127127_antagonist_seed_42_sample_1_model.cif,89.871
h3/out/pool120/POOL_CHEMBL4127127_antagonist/seed_42/POOL_CHEMBL4127127_antagonist_seed_42_sample_2_model.cif,89.817
h3/out/pool120/POOL_CHEMBL4127932_antagonist/seed_42/POOL_CHEMBL4127932_antagonist_seed_42_sample_1_model.cif,92.383
h3/out/pool120/POOL_CHEMBL4127932_antagonist/seed_42/POOL_CHEMBL4127932_antagonist_seed_42_sample_2_model.cif,92.755
h3/out/pool120/POOL_CHEMBL4128363_antagonist/seed_42/POOL_CHEMBL4128363_antagonist_seed_42_sample_1_model.cif,89.291
h3/out/pool120/POOL_CHEMBL4128363_antagonist/seed_42/POOL_CHEMBL4128363_antagonist_seed_42_sample_2_model.cif,89.1
h3/out/pool120/POOL_CHEMBL4128575_antagonist/seed_42/POOL_CHEMBL4128575_antagonist_seed_42_sample_1_model.cif,89.955
h3/out/pool120/POOL_CHEMBL4128575_antagonist/seed_42/POOL_CHEMBL4128575_antagonist_seed_42_sample_2_model.cif,89.899
h3/out/pool120/POOL_CHEMBL4129494_antagonist/seed_42/POOL_CHEMBL4129494_antagonist_seed_42_sample_1_model.cif,90.863
h3/out/pool120/POOL_CHEMBL4129494_antagonist/seed_42/POOL_CHEMBL4129494_antagonist_seed_42_sample_2_model.cif,91.201
h3/out/pool120/POOL_CHEMBL4434744_agonist/seed_42/POOL_CHEMBL4434744_agonist_seed_42_sample_1_model.cif,91.102
h3/out/pool120/POOL_CHEMBL4434744_agonist/seed_42/POOL_CHEMBL4434744_agonist_seed_42_sample_2_model.cif,91.211
h3/out/pool120/POOL_CHEMBL4446140_agonist/seed_42/POOL_CHEMBL4446140_agonist_seed_42_sample_1_model.cif,93.626
h3/out/pool120/POOL_CHEMBL4446140_agonist/seed_42/POOL_CHEMBL4446140_agonist_seed_42_sample_2_model.cif,93.348
h3/out/pool120/POOL_CHEMBL4459436_agonist/seed_42/POOL_CHEMBL4459436_agonist_seed_42_sample_1_model.cif,89.765
h3/out/pool120/POOL_CHEMBL4459436_agonist/seed_42/POOL_CHEMBL4459436_agonist_seed_42_sample_2_model.cif,89.277
h3/out/pool120/POOL_CHEMBL4543504_agonist/seed_42/POOL_CHEMBL4543504_agonist_seed_42_sample_1_model.cif,92.84
h3/out/pool120/POOL_CHEMBL4543504_agonist/seed_42/POOL_CHEMBL4543504_agonist_seed_42_sample_2_model.cif,92.948
h3/out/pool120/POOL_CHEMBL4578385_antagonist/seed_42/POOL_CHEMBL4578385_antagonist_seed_42_sample_1_model.cif,93.76
h3/out/pool120/POOL_CHEMBL4578385_antagonist/seed_42/POOL_CHEMBL4578385_antagonist_seed_42_sample_2_model.cif,93.66
h3/out/pool120/POOL_CHEMBL4634701_agonist/seed_42/POOL_CHEMBL4634701_agonist_seed_42_sample_1_model.cif,95.033
h3/out/pool120/POOL_CHEMBL4634701_agonist/seed_42/POOL_CHEMBL4634701_agonist_seed_42_sample_2_model.cif,94.902
h3/out/pool120/POOL_CHEMBL4642011_agonist/seed_42/POOL_CHEMBL4642011_agonist_seed_42_sample_1_model.cif,94.715
h3/out/pool120/POOL_CHEMBL4642011_agonist/seed_42/POOL_CHEMBL4642011_agonist_seed_42_sample_2_model.cif,94.514
h3/out/pool120/POOL_CHEMBL4644213_agonist/seed_42/POOL_CHEMBL4644213_agonist_seed_42_sample_1_model.cif,95.074
h3/out/pool120/POOL_CHEMBL4644213_agonist/seed_42/POOL_CHEMBL4644213_agonist_seed_42_sample_2_model.cif,94.624
h3/out/pool120/POOL_CHEMBL4645125_agonist/seed_42/POOL_CHEMBL4645125_agonist_seed_42_sample_1_model.cif,94.741
h3/out/pool120/POOL_CHEMBL4645125_agonist/seed_42/POOL_CHEMBL4645125_agonist_seed_42_sample_2_model.cif,94.421
h3/out/pool120/POOL_CHEMBL4648410_agonist/seed_42/POOL_CHEMBL4648410_agonist_seed_42_sample_1_model.cif,94.937
h3/out/pool120/POOL_CHEMBL4648410_agonist/seed_42/POOL_CHEMBL4648410_agonist_seed_42_sample_2_model.cif,94.471
h3/out/pool120/POOL_CHEMBL4777230_agonist/seed_42/POOL_CHEMBL4777230_agonist_seed_42_sample_1_model.cif,90.175
h3/out/pool120/POOL_CHEMBL4777230_agonist/seed_42/POOL_CHEMBL4777230_agonist_seed_42_sample_2_model.cif,90.728
h3/out/pool120/POOL_CHEMBL4777967_agonist/seed_42/POOL_CHEMBL4777967_agonist_seed_42_sample_1_model.cif,91.555
h3/out/pool120/POOL_CHEMBL4777967_agonist/seed_42/POOL_CHEMBL4777967_agonist_seed_42_sample_2_model.cif,92.475
h3/out/pool120/POOL_CHEMBL4783854_agonist/seed_42/POOL_CHEMBL4783854_agonist_seed_42_sample_1_model.cif,93.501
h3/out/pool120/POOL_CHEMBL4783854_agonist/seed_42/POOL_CHEMBL4783854_agonist_seed_42_sample_2_model.cif,94.001
h3/out/pool120/POOL_CHEMBL4848024_antagonist/seed_42/POOL_CHEMBL4848024_antagonist_seed_42_sample_1_model.cif,90.099
h3/out/pool120/POOL_CHEMBL4848024_antagonist/seed_42/POOL_CHEMBL4848024_antagonist_seed_42_sample_2_model.cif,90.093
h3/out/pool120/POOL_CHEMBL4849340_agonist/seed_42/POOL_CHEMBL4849340_agonist_seed_42_sample_1_model.cif,92.111
h3/out/pool120/POOL_CHEMBL4849340_agonist/seed_42/POOL_CHEMBL4849340_agonist_seed_42_sample_2_model.cif,92.889
h3/out/pool120/POOL_CHEMBL4851155_agonist/seed_42/POOL_CHEMBL4851155_agonist_seed_42_sample_1_model.cif,90.381
h3/out/pool120/POOL_CHEMBL4851155_agonist/seed_42/POOL_CHEMBL4851155_agonist_seed_42_sample_2_model.cif,90.268
h3/out/pool120/POOL_CHEMBL4851214_agonist/seed_42/POOL_CHEMBL4851214_agonist_seed_42_sample_1_model.cif,93.453
h3/out/pool120/POOL_CHEMBL4851214_agonist/seed_42/POOL_CHEMBL4851214_agonist_seed_42_sample_2_model.cif,93.476
h3/out/pool120/POOL_CHEMBL4856642_agonist/seed_42/POOL_CHEMBL4856642_agonist_seed_42_sample_1_model.cif,91.285
h3/out/pool120/POOL_CHEMBL4856642_agonist/seed_42/POOL_CHEMBL4856642_agonist_seed_42_sample_2_model.cif,91.234
h3/out/pool120/POOL_CHEMBL4863222_agonist/seed_42/POOL_CHEMBL4863222_agonist_seed_42_sample_1_model.cif,93.628
h3/out/pool120/POOL_CHEMBL4863222_agonist/seed_42/POOL_CHEMBL4863222_agonist_seed_42_sample_2_model.cif,94.259
h3/out/pool120/POOL_CHEMBL4863518_agonist/seed_42/POOL_CHEMBL4863518_agonist_seed_42_sample_1_model.cif,94.1
h3/out/pool120/POOL_CHEMBL4863518_agonist/seed_42/POOL_CHEMBL4863518_agonist_seed_42_sample_2_model.cif,94.627
h3/out/pool120/POOL_CHEMBL4865740_agonist/seed_42/POOL_CHEMBL4865740_agonist_seed_42_sample_1_model.cif,93.436
h3/out/pool120/POOL_CHEMBL4865740_agonist/seed_42/POOL_CHEMBL4865740_agonist_seed_42_sample_2_model.cif,94.151
h3/out/pool120/POOL_CHEMBL4868437_agonist/seed_42/POOL_CHEMBL4868437_agonist_seed_42_sample_1_model.cif,94.116
h3/out/pool120/POOL_CHEMBL4868437_agonist/seed_42/POOL_CHEMBL4868437_agonist_seed_42_sample_2_model.cif,94.392
h3/out/pool120/POOL_CHEMBL4868594_agonist/seed_42/POOL_CHEMBL4868594_agonist_seed_42_sample_1_model.cif,91.958
h3/out/pool120/POOL_CHEMBL4868594_agonist/seed_42/POOL_CHEMBL4868594_agonist_seed_42_sample_2_model.cif,92.339
h3/out/pool120/POOL_CHEMBL4870621_agonist/seed_42/POOL_CHEMBL4870621_agonist_seed_42_sample_1_model.cif,93.497
h3/out/pool120/POOL_CHEMBL4870621_agonist/seed_42/POOL_CHEMBL4870621_agonist_seed_42_sample_2_model.cif,93.566
h3/out/pool120/POOL_CHEMBL4870796_agonist/seed_42/POOL_CHEMBL4870796_agonist_seed_42_sample_1_model.cif,92.849
h3/out/pool120/POOL_CHEMBL4870796_agonist/seed_42/POOL_CHEMBL4870796_agonist_seed_42_sample_2_model.cif,93.732
h3/out/pool120/POOL_CHEMBL4871865_agonist/seed_42/POOL_CHEMBL4871865_agonist_seed_42_sample_1_model.cif,93.918
h3/out/pool120/POOL_CHEMBL4871865_agonist/seed_42/POOL_CHEMBL4871865_agonist_seed_42_sample_2_model.cif,94.553
h3/out/pool120/POOL_CHEMBL4874284_agonist/seed_42/POOL_CHEMBL4874284_agonist_seed_42_sample_1_model.cif,94.332
h3/out/pool120/POOL_CHEMBL4874284_agonist/seed_42/POOL_CHEMBL4874284_agonist_seed_42_sample_2_model.cif,94.881
h3/out/pool120/POOL_CHEMBL4875075_agonist/seed_42/POOL_CHEMBL4875075_agonist_seed_42_sample_1_model.cif,93.173
h3/out/pool120/POOL_CHEMBL4875075_agonist/seed_42/POOL_CHEMBL4875075_agonist_seed_42_sample_2_model.cif,94.029
h3/out/pool120/POOL_CHEMBL4875850_agonist/seed_42/POOL_CHEMBL4875850_agonist_seed_42_sample_1_model.cif,93.353
h3/out/pool120/POOL_CHEMBL4875850_agonist/seed_42/POOL_CHEMBL4875850_agonist_seed_42_sample_2_model.cif,94.118
h3/out/pool120/POOL_CHEMBL4879322_agonist/seed_42/POOL_CHEMBL4879322_agonist_seed_42_sample_1_model.cif,93.414
h3/out/pool120/POOL_CHEMBL4879322_agonist/seed_42/POOL_CHEMBL4879322_agonist_seed_42_sample_2_model.cif,94.212
h3/out/pool120/POOL_CHEMBL5075133_agonist/seed_42/POOL_CHEMBL5075133_agonist_seed_42_sample_1_model.cif,94.322
h3/out/pool120/POOL_CHEMBL5075133_agonist/seed_42/POOL_CHEMBL5075133_agonist_seed_42_sample_2_model.cif,94.784
h3/out/pool120/POOL_CHEMBL5083229_agonist/seed_42/POOL_CHEMBL5083229_agonist_seed_42_sample_1_model.cif,92.755
h3/out/pool120/POOL_CHEMBL5083229_agonist/seed_42/POOL_CHEMBL5083229_agonist_seed_42_sample_2_model.cif,93.217
h3/out/pool120/POOL_CHEMBL5083464_agonist/seed_42/POOL_CHEMBL5083464_agonist_seed_42_sample_1_model.cif,94.157
h3/out/pool120/POOL_CHEMBL5083464_agonist/seed_42/POOL_CHEMBL5083464_agonist_seed_42_sample_2_model.cif,93.928
h3/out/pool120/POOL_CHEMBL5083860_agonist/seed_42/POOL_CHEMBL5083860_agonist_seed_42_sample_1_model.cif,92.368
h3/out/pool120/POOL_CHEMBL5083860_agonist/seed_42/POOL_CHEMBL5083860_agonist_seed_42_sample_2_model.cif,92.744
h3/out/pool120/POOL_CHEMBL5087837_agonist/seed_42/POOL_CHEMBL5087837_agonist_seed_42_sample_1_model.cif,94.351
h3/out/pool120/POOL_CHEMBL5087837_agonist/seed_42/POOL_CHEMBL5087837_agonist_seed_42_sample_2_model.cif,94.062
h3/out/pool120/POOL_CHEMBL5090127_agonist/seed_42/POOL_CHEMBL5090127_agonist_seed_42_sample_1_model.cif,91.822
h3/out/pool120/POOL_CHEMBL5090127_agonist/seed_42/POOL_CHEMBL5090127_agonist_seed_42_sample_2_model.cif,93.222
h3/out/pool120/POOL_CHEMBL5091222_agonist/seed_42/POOL_CHEMBL5091222_agonist_seed_42_sample_1_model.cif,92.011
h3/out/pool120/POOL_CHEMBL5091222_agonist/seed_42/POOL_CHEMBL5091222_agonist_seed_42_sample_2_model.cif,92.66
h3/out/pool120/POOL_CHEMBL5092600_agonist/seed_42/POOL_CHEMBL5092600_agonist_seed_42_sample_1_model.cif,92.292
h3/out/pool120/POOL_CHEMBL5092600_agonist/seed_42/POOL_CHEMBL5092600_agonist_seed_42_sample_2_model.cif,94.604
h3/out/pool120/POOL_CHEMBL5092956_agonist/seed_42/POOL_CHEMBL5092956_agonist_seed_42_sample_1_model.cif,92.431
h3/out/pool120/POOL_CHEMBL5092956_agonist/seed_42/POOL_CHEMBL5092956_agonist_seed_42_sample_2_model.cif,92.942
h3/out/pool120/POOL_CHEMBL5401254_agonist/seed_42/POOL_CHEMBL5401254_agonist_seed_42_sample_1_model.cif,94.387
h3/out/pool120/POOL_CHEMBL5401254_agonist/seed_42/POOL_CHEMBL5401254_agonist_seed_42_sample_2_model.cif,94.59
h3/out/pool120/POOL_CHEMBL5401542_agonist/seed_42/POOL_CHEMBL5401542_agonist_seed_42_sample_1_model.cif,91.36
h3/out/pool120/POOL_CHEMBL5401542_agonist/seed_42/POOL_CHEMBL5401542_agonist_seed_42_sample_2_model.cif,92.438
h3/out/pool120/POOL_CHEMBL5408607_agonist/seed_42/POOL_CHEMBL5408607_agonist_seed_42_sample_1_model.cif,94.438
h3/out/pool120/POOL_CHEMBL5408607_agonist/seed_42/POOL_CHEMBL5408607_agonist_seed_42_sample_2_model.cif,94.875
h3/out/pool120/POOL_CHEMBL5409745_antagonist/seed_42/POOL_CHEMBL5409745_antagonist_seed_42_sample_1_model.cif,94.05
h3/out/pool120/POOL_CHEMBL5409745_antagonist/seed_42/POOL_CHEMBL5409745_antagonist_seed_42_sample_2_model.cif,93.958
h3/out/pool120/POOL_CHEMBL5410038_agonist/seed_42/POOL_CHEMBL5410038_agonist_seed_42_sample_1_model.cif,92.907
h3/out/pool120/POOL_CHEMBL5410038_agonist/seed_42/POOL_CHEMBL5410038_agonist_seed_42_sample_2_model.cif,94.035
h3/out/pool120/POOL_CHEMBL5413139_agonist/seed_42/POOL_CHEMBL5413139_agonist_seed_42_sample_1_model.cif,94.458
h3/out/pool120/POOL_CHEMBL5413139_agonist/seed_42/POOL_CHEMBL5413139_agonist_seed_42_sample_2_model.cif,94.905
h3/out/pool120/POOL_CHEMBL5418139_antagonist/seed_42/POOL_CHEMBL5418139_antagonist_seed_42_sample_1_model.cif,90.046
h3/out/pool120/POOL_CHEMBL5418139_antagonist/seed_42/POOL_CHEMBL5418139_antagonist_seed_42_sample_2_model.cif,90.195
h3/out/pool120/POOL_CHEMBL5420330_agonist/seed_42/POOL_CHEMBL5420330_agonist_seed_42_sample_1_model.cif,90.769
h3/out/pool120/POOL_CHEMBL5420330_agonist/seed_42/POOL_CHEMBL5420330_agonist_seed_42_sample_2_model.cif,91.509
h3/out/pool120/POOL_CHEMBL5424936_antagonist/seed_42/POOL_CHEMBL5424936_antagonist_seed_42_sample_1_model.cif,92.44
h3/out/pool120/POOL_CHEMBL5424936_antagonist/seed_42/POOL_CHEMBL5424936_antagonist_seed_42_sample_2_model.cif,93.596
h3/out/pool120/POOL_CHEMBL5425541_agonist/seed_42/POOL_CHEMBL5425541_agonist_seed_42_sample_1_model.cif,91.865
h3/out/pool120/POOL_CHEMBL5425541_agonist/seed_42/POOL_CHEMBL5425541_agonist_seed_42_sample_2_model.cif,92.558
h3/out/pool120/POOL_CHEMBL5431510_agonist/seed_42/POOL_CHEMBL5431510_agonist_seed_42_sample_1_model.cif,90.841
h3/out/pool120/POOL_CHEMBL5431510_agonist/seed_42/POOL_CHEMBL5431510_agonist_seed_42_sample_2_model.cif,91.276
h3/out/pool120/POOL_CHEMBL5433435_antagonist/seed_42/POOL_CHEMBL5433435_antagonist_seed_42_sample_1_model.cif,89.419
h3/out/pool120/POOL_CHEMBL5433435_antagonist/seed_42/POOL_CHEMBL5433435_antagonist_seed_42_sample_2_model.cif,89.931
h3/out/pool120/POOL_CHEMBL5434833_agonist/seed_42/POOL_CHEMBL5434833_agonist_seed_42_sample_1_model.cif,94.575
h3/out/pool120/POOL_CHEMBL5434833_agonist/seed_42/POOL_CHEMBL5434833_agonist_seed_42_sample_2_model.cif,94.408
h3/out/pool120/POOL_CHEMBL5436004_agonist/seed_42/POOL_CHEMBL5436004_agonist_seed_42_sample_1_model.cif,94.482
h3/out/pool120/POOL_CHEMBL5436004_agonist/seed_42/POOL_CHEMBL5436004_agonist_seed_42_sample_2_model.cif,94.341
h3/out/pool120/POOL_CHEMBL5438268_antagonist/seed_42/POOL_CHEMBL5438268_antagonist_seed_42_sample_1_model.cif,90.056
h3/out/pool120/POOL_CHEMBL5438268_antagonist/seed_42/POOL_CHEMBL5438268_antagonist_seed_42_sample_2_model.cif,89.895
h3/out/pool120/POOL_CHEMBL5740366_antagonist/seed_42/POOL_CHEMBL5740366_antagonist_seed_42_sample_1_model.cif,92.824
h3/out/pool120/POOL_CHEMBL5740366_antagonist/seed_42/POOL_CHEMBL5740366_antagonist_seed_42_sample_2_model.cif,93.99
h3/out/pool120/POOL_CHEMBL5740855_antagonist/seed_42/POOL_CHEMBL5740855_antagonist_seed_42_sample_1_model.cif,91.896
h3/out/pool120/POOL_CHEMBL5740855_antagonist/seed_42/POOL_CHEMBL5740855_antagonist_seed_42_sample_2_model.cif,92.905
h3/out/pool120/POOL_CHEMBL5741244_agonist/seed_42/POOL_CHEMBL5741244_agonist_seed_42_sample_1_model.cif,93.599
h3/out/pool120/POOL_CHEMBL5741244_agonist/seed_42/POOL_CHEMBL5741244_agonist_seed_42_sample_2_model.cif,93.143
h3/out/pool120/POOL_CHEMBL5742173_antagonist/seed_42/POOL_CHEMBL5742173_antagonist_seed_42_sample_1_model.cif,93.575
h3/out/pool120/POOL_CHEMBL5742173_antagonist/seed_42/POOL_CHEMBL5742173_antagonist_seed_42_sample_2_model.cif,94.206
h3/out/pool120/POOL_CHEMBL5755790_antagonist/seed_42/POOL_CHEMBL5755790_antagonist_seed_42_sample_1_model.cif,93.359
h3/out/pool120/POOL_CHEMBL5755790_antagonist/seed_42/POOL_CHEMBL5755790_antagonist_seed_42_sample_2_model.cif,94.101
h3/out/pool120/POOL_CHEMBL5757163_antagonist/seed_42/POOL_CHEMBL5757163_antagonist_seed_42_sample_1_model.cif,93.065
h3/out/pool120/POOL_CHEMBL5757163_antagonist/seed_42/POOL_CHEMBL5757163_antagonist_seed_42_sample_2_model.cif,93.602
h3/out/pool120/POOL_CHEMBL5786443_antagonist/seed_42/POOL_CHEMBL5786443_antagonist_seed_42_sample_1_model.cif,93.071
h3/out/pool120/POOL_CHEMBL5786443_antagonist/seed_42/POOL_CHEMBL5786443_antagonist_seed_42_sample_2_model.cif,94.161
h3/out/pool120/POOL_CHEMBL5795554_antagonist/seed_42/POOL_CHEMBL5795554_antagonist_seed_42_sample_1_model.cif,93.162
h3/out/pool120/POOL_CHEMBL5795554_antagonist/seed_42/POOL_CHEMBL5795554_antagonist_seed_42_sample_2_model.cif,93.252
h3/out/pool120/POOL_CHEMBL5801363_agonist/seed_42/POOL_CHEMBL5801363_agonist_seed_42_sample_1_model.cif,91.245
h3/out/pool120/POOL_CHEMBL5801363_agonist/seed_42/POOL_CHEMBL5801363_agonist_seed_42_sample_2_model.cif,90.041
h3/out/pool120/POOL_CHEMBL5817629_antagonist/seed_42/POOL_CHEMBL5817629_antagonist_seed_42_sample_1_model.cif,93.44
h3/out/pool120/POOL_CHEMBL5817629_antagonist/seed_42/POOL_CHEMBL5817629_antagonist_seed_42_sample_2_model.cif,94.283
h3/out/pool120/POOL_CHEMBL5824934_antagonist/seed_42/POOL_CHEMBL5824934_antagonist_seed_42_sample_1_model.cif,92.465
h3/out/pool120/POOL_CHEMBL5824934_antagonist/seed_42/POOL_CHEMBL5824934_antagonist_seed_42_sample_2_model.cif,92.39
h3/out/pool120/POOL_CHEMBL5827660_agonist/seed_42/POOL_CHEMBL5827660_agonist_seed_42_sample_1_model.cif,94.384
h3/out/pool120/POOL_CHEMBL5827660_agonist/seed_42/POOL_CHEMBL5827660_agonist_seed_42_sample_2_model.cif,94.168
h3/out/pool120/POOL_CHEMBL5830559_antagonist/seed_42/POOL_CHEMBL5830559_antagonist_seed_42_sample_1_model.cif,92.61
h3/out/pool120/POOL_CHEMBL5830559_antagonist/seed_42/POOL_CHEMBL5830559_antagonist_seed_42_sample_2_model.cif,93.143
h3/out/pool120/POOL_CHEMBL5834744_antagonist/seed_42/POOL_CHEMBL5834744_antagonist_seed_42_sample_1_model.cif,92.202
h3/out/pool120/POOL_CHEMBL5834744_antagonist/seed_42/POOL_CHEMBL5834744_antagonist_seed_42_sample_2_model.cif,92.967
h3/out/pool120/POOL_CHEMBL5847061_antagonist/seed_42/POOL_CHEMBL5847061_antagonist_seed_42_sample_1_model.cif,93.785
h3/out/pool120/POOL_CHEMBL5847061_antagonist/seed_42/POOL_CHEMBL5847061_antagonist_seed_42_sample_2_model.cif,94.142
h3/out/pool120/POOL_CHEMBL5852043_antagonist/seed_42/POOL_CHEMBL5852043_antagonist_seed_42_sample_1_model.cif,92.982
h3/out/pool120/POOL_CHEMBL5852043_antagonist/seed_42/POOL_CHEMBL5852043_antagonist_seed_42_sample_2_model.cif,93.823
h3/out/pool120/POOL_CHEMBL5859342_antagonist/seed_42/POOL_CHEMBL5859342_antagonist_seed_42_sample_1_model.cif,94.158
h3/out/pool120/POOL_CHEMBL5859342_antagonist/seed_42/POOL_CHEMBL5859342_antagonist_seed_42_sample_2_model.cif,94.715
h3/out/pool120/POOL_CHEMBL5860429_antagonist/seed_42/POOL_CHEMBL5860429_antagonist_seed_42_sample_1_model.cif,92.02
h3/out/pool120/POOL_CHEMBL5860429_antagonist/seed_42/POOL_CHEMBL5860429_antagonist_seed_42_sample_2_model.cif,93.139
h3/out/pool120/POOL_CHEMBL5863097_antagonist/seed_42/POOL_CHEMBL5863097_antagonist_seed_42_sample_1_model.cif,92.688
h3/out/pool120/POOL_CHEMBL5863097_antagonist/seed_42/POOL_CHEMBL5863097_antagonist_seed_42_sample_2_model.cif,93.585
h3/out/pool120/POOL_CHEMBL5864404_agonist/seed_42/POOL_CHEMBL5864404_agonist_seed_42_sample_1_model.cif,90.427
h3/out/pool120/POOL_CHEMBL5864404_agonist/seed_42/POOL_CHEMBL5864404_agonist_seed_42_sample_2_model.cif,92.437
h3/out/pool120/POOL_CHEMBL5864984_agonist/seed_42/POOL_CHEMBL5864984_agonist_seed_42_sample_1_model.cif,91.182
h3/out/pool120/POOL_CHEMBL5864984_agonist/seed_42/POOL_CHEMBL5864984_agonist_seed_42_sample_2_model.cif,91.084
h3/out/pool120/POOL_CHEMBL5867155_agonist/seed_42/POOL_CHEMBL5867155_agonist_seed_42_sample_1_model.cif,90.905
h3/out/pool120/POOL_CHEMBL5867155_agonist/seed_42/POOL_CHEMBL5867155_agonist_seed_42_sample_2_model.cif,90.885
h3/out/pool120/POOL_CHEMBL5868879_antagonist/seed_42/POOL_CHEMBL5868879_antagonist_seed_42_sample_1_model.cif,92.478
h3/out/pool120/POOL_CHEMBL5868879_antagonist/seed_42/POOL_CHEMBL5868879_antagonist_seed_42_sample_2_model.cif,93.789
h3/out/pool120/POOL_CHEMBL5880629_antagonist/seed_42/POOL_CHEMBL5880629_antagonist_seed_42_sample_1_model.cif,92.939
h3/out/pool120/POOL_CHEMBL5880629_antagonist/seed_42/POOL_CHEMBL5880629_antagonist_seed_42_sample_2_model.cif,93.057
h3/out/pool120/POOL_CHEMBL5900812_antagonist/seed_42/POOL_CHEMBL5900812_antagonist_seed_42_sample_1_model.cif,92.678
h3/out/pool120/POOL_CHEMBL5900812_antagonist/seed_42/POOL_CHEMBL5900812_antagonist_seed_42_sample_2_model.cif,93.48
h3/out/pool120/POOL_CHEMBL5908482_antagonist/seed_42/POOL_CHEMBL5908482_antagonist_seed_42_sample_1_model.cif,91.958
h3/out/pool120/POOL_CHEMBL5908482_antagonist/seed_42/POOL_CHEMBL5908482_antagonist_seed_42_sample_2_model.cif,93.283
h3/out/pool120/POOL_CHEMBL5934872_antagonist/seed_42/POOL_CHEMBL5934872_antagonist_seed_42_sample_1_model.cif,93.184
h3/out/pool120/POOL_CHEMBL5934872_antagonist/seed_42/POOL_CHEMBL5934872_antagonist_seed_42_sample_2_model.cif,93.167
h3/out/pool120/POOL_CHEMBL5937804_antagonist/seed_42/POOL_CHEMBL5937804_antagonist_seed_42_sample_1_model.cif,92.767
h3/out/pool120/POOL_CHEMBL5937804_antagonist/seed_42/POOL_CHEMBL5937804_antagonist_seed_42_sample_2_model.cif,94.251
h3/out/pool120/POOL_CHEMBL5939878_antagonist/seed_42/POOL_CHEMBL5939878_antagonist_seed_42_sample_1_model.cif,92.417
h3/out/pool120/POOL_CHEMBL5939878_antagonist/seed_42/POOL_CHEMBL5939878_antagonist_seed_42_sample_2_model.cif,93.489
h3/out/pool120/POOL_CHEMBL5943552_antagonist/seed_42/POOL_CHEMBL5943552_antagonist_seed_42_sample_1_model.cif,92.409
h3/out/pool120/POOL_CHEMBL5943552_antagonist/seed_42/POOL_CHEMBL5943552_antagonist_seed_42_sample_2_model.cif,93.555
h3/out/pool120/POOL_CHEMBL5949130_antagonist/seed_42/POOL_CHEMBL5949130_antagonist_seed_42_sample_1_model.cif,93.683
h3/out/pool120/POOL_CHEMBL5949130_antagonist/seed_42/POOL_CHEMBL5949130_antagonist_seed_42_sample_2_model.cif,94.128
h3/out/pool120/POOL_CHEMBL5964745_antagonist/seed_42/POOL_CHEMBL5964745_antagonist_seed_42_sample_1_model.cif,92.832
h3/out/pool120/POOL_CHEMBL5964745_antagonist/seed_42/POOL_CHEMBL5964745_antagonist_seed_42_sample_2_model.cif,93.815
h3/out/pool120/POOL_CHEMBL5973554_antagonist/seed_42/POOL_CHEMBL5973554_antagonist_seed_42_sample_1_model.cif,93.193
h3/out/pool120/POOL_CHEMBL5973554_antagonist/seed_42/POOL_CHEMBL5973554_antagonist_seed_42_sample_2_model.cif,94.037
h3/out/pool120/POOL_CHEMBL5977227_antagonist/seed_42/POOL_CHEMBL5977227_antagonist_seed_42_sample_1_model.cif,92.686
h3/out/pool120/POOL_CHEMBL5977227_antagonist/seed_42/POOL_CHEMBL5977227_antagonist_seed_42_sample_2_model.cif,93.551
h3/out/pool120/POOL_CHEMBL5978464_antagonist/seed_42/POOL_CHEMBL5978464_antagonist_seed_42_sample_1_model.cif,90.226
h3/out/pool120/POOL_CHEMBL5978464_antagonist/seed_42/POOL_CHEMBL5978464_antagonist_seed_42_sample_2_model.cif,90.648
h3/out/pool120/POOL_CHEMBL5984243_antagonist/seed_42/POOL_CHEMBL5984243_antagonist_seed_42_sample_1_model.cif,92.731
h3/out/pool120/POOL_CHEMBL5984243_antagonist/seed_42/POOL_CHEMBL5984243_antagonist_seed_42_sample_2_model.cif,93.459
h3/out/pool120/POOL_CHEMBL5996220_antagonist/seed_42/POOL_CHEMBL5996220_antagonist_seed_42_sample_1_model.cif,92.21
h3/out/pool120/POOL_CHEMBL5996220_antagonist/seed_42/POOL_CHEMBL5996220_antagonist_seed_42_sample_2_model.cif,93.517
h3/out/pool120/POOL_CHEMBL5997076_antagonist/seed_42/POOL_CHEMBL5997076_antagonist_seed_42_sample_1_model.cif,93.784
h3/out/pool120/POOL_CHEMBL5997076_antagonist/seed_42/POOL_CHEMBL5997076_antagonist_seed_42_sample_2_model.cif,93.819
h3/out/pool120/POOL_CHEMBL6004596_antagonist/seed_42/POOL_CHEMBL6004596_antagonist_seed_42_sample_1_model.cif,93.416
h3/out/pool120/POOL_CHEMBL6004596_antagonist/seed_42/POOL_CHEMBL6004596_antagonist_seed_42_sample_2_model.cif,93.574
h3/out/pool120/POOL_CHEMBL6021812_antagonist/seed_42/POOL_CHEMBL6021812_antagonist_seed_42_sample_1_model.cif,92.49
h3/out/pool120/POOL_CHEMBL6021812_antagonist/seed_42/POOL_CHEMBL6021812_antagonist_seed_42_sample_2_model.cif,93.393
h3/out/pool120/POOL_CHEMBL6032768_antagonist/seed_42/POOL_CHEMBL6032768_antagonist_seed_42_sample_1_model.cif,93.18
h3/out/pool120/POOL_CHEMBL6032768_antagonist/seed_42/POOL_CHEMBL6032768_antagonist_seed_42_sample_2_model.cif,93.924
h3/out/pool120/POOL_CHEMBL6034196_antagonist/seed_42/POOL_CHEMBL6034196_antagonist_seed_42_sample_1_model.cif,92.672
h3/out/pool120/POOL_CHEMBL6034196_antagonist/seed_42/POOL_CHEMBL6034196_antagonist_seed_42_sample_2_model.cif,93.666
h3/out/pool120/POOL_CHEMBL6046710_antagonist/seed_42/POOL_CHEMBL6046710_antagonist_seed_42_sample_1_model.cif,92.857
h3/out/pool120/POOL_CHEMBL6046710_antagonist/seed_42/POOL_CHEMBL6046710_antagonist_seed_42_sample_2_model.cif,92.962
h3/out/pool120/POOL_CHEMBL6057772_antagonist/seed_42/POOL_CHEMBL6057772_antagonist_seed_42_sample_1_model.cif,92.529
h3/out/pool120/POOL_CHEMBL6057772_antagonist/seed_42/POOL_CHEMBL6057772_antagonist_seed_42_sample_2_model.cif,93.651
h3/out/pool120/POOL_CHEMBL6062185_antagonist/seed_42/POOL_CHEMBL6062185_antagonist_seed_42_sample_1_model.cif,92.194
h3/out/pool120/POOL_CHEMBL6062185_antagonist/seed_42/POOL_CHEMBL6062185_antagonist_seed_42_sample_2_model.cif,93.364
h3/out/pool120/POOL_CHEMBL6065414_antagonist/seed_42/POOL_CHEMBL6065414_antagonist_seed_42_sample_1_model.cif,93.367
h3/out/pool120/POOL_CHEMBL6065414_antagonist/seed_42/POOL_CHEMBL6065414_antagonist_seed_42_sample_2_model.cif,93.222
h3/out/rand150/RAND_CHEMBL3218918_agonist/seed_42/RAND_CHEMBL3218918_agonist_seed_42_sample_1_model.cif,91.768
h3/out/rand150/RAND_CHEMBL3218918_agonist/seed_42/RAND_CHEMBL3218918_agonist_seed_42_sample_2_model.cif,88.716
h3/out/rand150/RAND_CHEMBL3218918_agonist/seed_42/RAND_CHEMBL3218918_agonist_seed_42_sample_3_model.cif,94.071
h3/out/rand150/RAND_CHEMBL3218918_agonist/seed_42/RAND_CHEMBL3218918_agonist_seed_42_sample_4_model.cif,93.023
h3/out/rand150/RAND_CHEMBL3218918_agonist/seed_42/RAND_CHEMBL3218918_agonist_seed_42_sample_5_model.cif,92.858
h3/out/rand150/RAND_CHEMBL3218919_agonist/seed_42/RAND_CHEMBL3218919_agonist_seed_42_sample_1_model.cif,90.957
h3/out/rand150/RAND_CHEMBL3218919_agonist/seed_42/RAND_CHEMBL3218919_agonist_seed_42_sample_2_model.cif,91.859
h3/out/rand150/RAND_CHEMBL3218919_agonist/seed_42/RAND_CHEMBL3218919_agonist_seed_42_sample_3_model.cif,90.479
h3/out/rand150/RAND_CHEMBL3218919_agonist/seed_42/RAND_CHEMBL3218919_agonist_seed_42_sample_4_model.cif,90.275
h3/out/rand150/RAND_CHEMBL3218919_agonist/seed_42/RAND_CHEMBL3218919_agonist_seed_42_sample_5_model.cif,91.528
h3/out/rand150/RAND_CHEMBL3234252_antagonist/seed_42/RAND_CHEMBL3234252_antagonist_seed_42_sample_1_model.cif,88.916
h3/out/rand150/RAND_CHEMBL3234252_antagonist/seed_42/RAND_CHEMBL3234252_antagonist_seed_42_sample_2_model.cif,89.203
h3/out/rand150/RAND_CHEMBL3234252_antagonist/seed_42/RAND_CHEMBL3234252_antagonist_seed_42_sample_3_model.cif,89.395
h3/out/rand150/RAND_CHEMBL3234252_antagonist/seed_42/RAND_CHEMBL3234252_antagonist_seed_42_sample_4_model.cif,88.743
h3/out/rand150/RAND_CHEMBL3234252_antagonist/seed_42/RAND_CHEMBL3234252_antagonist_seed_42_sample_5_model.cif,89.048
h3/out/rand150/RAND_CHEMBL3313998_agonist/seed_42/RAND_CHEMBL3313998_agonist_seed_42_sample_1_model.cif,89.806
h3/out/rand150/RAND_CHEMBL3313998_agonist/seed_42/RAND_CHEMBL3313998_agonist_seed_42_sample_2_model.cif,88.566
h3/out/rand150/RAND_CHEMBL3313998_agonist/seed_42/RAND_CHEMBL3313998_agonist_seed_42_sample_3_model.cif,87.918
h3/out/rand150/RAND_CHEMBL3313998_agonist/seed_42/RAND_CHEMBL3313998_agonist_seed_42_sample_4_model.cif,88.357
h3/out/rand150/RAND_CHEMBL3313998_agonist/seed_42/RAND_CHEMBL3313998_agonist_seed_42_sample_5_model.cif,88.335
h3/out/rand150/RAND_CHEMBL3317824_antagonist/seed_42/RAND_CHEMBL3317824_antagonist_seed_42_sample_1_model.cif,92.225
h3/out/rand150/RAND_CHEMBL3317824_antagonist/seed_42/RAND_CHEMBL3317824_antagonist_seed_42_sample_2_model.cif,92.829
h3/out/rand150/RAND_CHEMBL3317824_antagonist/seed_42/RAND_CHEMBL3317824_antagonist_seed_42_sample_3_model.cif,91.981
h3/out/rand150/RAND_CHEMBL3317824_antagonist/seed_42/RAND_CHEMBL3317824_antagonist_seed_42_sample_4_model.cif,93.271
h3/out/rand150/RAND_CHEMBL3317824_antagonist/seed_42/RAND_CHEMBL3317824_antagonist_seed_42_sample_5_model.cif,91.932
h3/out/rand150/RAND_CHEMBL3317837_antagonist/seed_42/RAND_CHEMBL3317837_antagonist_seed_42_sample_1_model.cif,91.194
h3/out/rand150/RAND_CHEMBL3317837_antagonist/seed_42/RAND_CHEMBL3317837_antagonist_seed_42_sample_2_model.cif,91.101
h3/out/rand150/RAND_CHEMBL3317837_antagonist/seed_42/RAND_CHEMBL3317837_antagonist_seed_42_sample_3_model.cif,89.992
h3/out/rand150/RAND_CHEMBL3317837_antagonist/seed_42/RAND_CHEMBL3317837_antagonist_seed_42_sample_4_model.cif,90.243
h3/out/rand150/RAND_CHEMBL3317837_antagonist/seed_42/RAND_CHEMBL3317837_antagonist_seed_42_sample_5_model.cif,89.968
h3/out/rand150/RAND_CHEMBL3361027_antagonist/seed_42/RAND_CHEMBL3361027_antagonist_seed_42_sample_1_model.cif,92.146
h3/out/rand150/RAND_CHEMBL3361027_antagonist/seed_42/RAND_CHEMBL3361027_antagonist_seed_42_sample_2_model.cif,92.235
h3/out/rand150/RAND_CHEMBL3361027_antagonist/seed_42/RAND_CHEMBL3361027_antagonist_seed_42_sample_3_model.cif,91.755
h3/out/rand150/RAND_CHEMBL3361027_antagonist/seed_42/RAND_CHEMBL3361027_antagonist_seed_42_sample_4_model.cif,92.336
h3/out/rand150/RAND_CHEMBL3361027_antagonist/seed_42/RAND_CHEMBL3361027_antagonist_seed_42_sample_5_model.cif,91.209
h3/out/rand150/RAND_CHEMBL3581540_agonist/seed_42/RAND_CHEMBL3581540_agonist_seed_42_sample_1_model.cif,92.247
h3/out/rand150/RAND_CHEMBL3581540_agonist/seed_42/RAND_CHEMBL3581540_agonist_seed_42_sample_2_model.cif,92.539
h3/out/rand150/RAND_CHEMBL3581540_agonist/seed_42/RAND_CHEMBL3581540_agonist_seed_42_sample_3_model.cif,91.851
h3/out/rand150/RAND_CHEMBL3581540_agonist/seed_42/RAND_CHEMBL3581540_agonist_seed_42_sample_4_model.cif,92.68
h3/out/rand150/RAND_CHEMBL3581540_agonist/seed_42/RAND_CHEMBL3581540_agonist_seed_42_sample_5_model.cif,91.613
h3/out/rand150/RAND_CHEMBL3581546_agonist/seed_42/RAND_CHEMBL3581546_agonist_seed_42_sample_1_model.cif,94.091
h3/out/rand150/RAND_CHEMBL3581546_agonist/seed_42/RAND_CHEMBL3581546_agonist_seed_42_sample_2_model.cif,94.455
h3/out/rand150/RAND_CHEMBL3581546_agonist/seed_42/RAND_CHEMBL3581546_agonist_seed_42_sample_3_model.cif,93.978
h3/out/rand150/RAND_CHEMBL3581546_agonist/seed_42/RAND_CHEMBL3581546_agonist_seed_42_sample_4_model.cif,94.273
h3/out/rand150/RAND_CHEMBL3581546_agonist/seed_42/RAND_CHEMBL3581546_agonist_seed_42_sample_5_model.cif,94.076
h3/out/rand150/RAND_CHEMBL3596270_antagonist/seed_42/RAND_CHEMBL3596270_antagonist_seed_42_sample_1_model.cif,94.176
h3/out/rand150/RAND_CHEMBL3596270_antagonist/seed_42/RAND_CHEMBL3596270_antagonist_seed_42_sample_2_model.cif,93.81
h3/out/rand150/RAND_CHEMBL3596270_antagonist/seed_42/RAND_CHEMBL3596270_antagonist_seed_42_sample_3_model.cif,94.031
h3/out/rand150/RAND_CHEMBL3596270_antagonist/seed_42/RAND_CHEMBL3596270_antagonist_seed_42_sample_4_model.cif,93.921
h3/out/rand150/RAND_CHEMBL3596270_antagonist/seed_42/RAND_CHEMBL3596270_antagonist_seed_42_sample_5_model.cif,93.902
h3/out/rand150/RAND_CHEMBL3598076_antagonist/seed_42/RAND_CHEMBL3598076_antagonist_seed_42_sample_1_model.cif,91.208
h3/out/rand150/RAND_CHEMBL3598076_antagonist/seed_42/RAND_CHEMBL3598076_antagonist_seed_42_sample_2_model.cif,90.916
h3/out/rand150/RAND_CHEMBL3598076_antagonist/seed_42/RAND_CHEMBL3598076_antagonist_seed_42_sample_3_model.cif,91.095
h3/out/rand150/RAND_CHEMBL3598076_antagonist/seed_42/RAND_CHEMBL3598076_antagonist_seed_42_sample_4_model.cif,91.403
h3/out/rand150/RAND_CHEMBL3598076_antagonist/seed_42/RAND_CHEMBL3598076_antagonist_seed_42_sample_5_model.cif,90.869
h3/out/rand150/RAND_CHEMBL3609385_agonist/seed_42/RAND_CHEMBL3609385_agonist_seed_42_sample_1_model.cif,89.805
h3/out/rand150/RAND_CHEMBL3609385_agonist/seed_42/RAND_CHEMBL3609385_agonist_seed_42_sample_2_model.cif,89.704
h3/out/rand150/RAND_CHEMBL3609385_agonist/seed_42/RAND_CHEMBL3609385_agonist_seed_42_sample_3_model.cif,89.391
h3/out/rand150/RAND_CHEMBL3609385_agonist/seed_42/RAND_CHEMBL3609385_agonist_seed_42_sample_4_model.cif,89.52
h3/out/rand150/RAND_CHEMBL3609385_agonist/seed_42/RAND_CHEMBL3609385_agonist_seed_42_sample_5_model.cif,90.149
h3/out/rand150/RAND_CHEMBL3609388_agonist/seed_42/RAND_CHEMBL3609388_agonist_seed_42_sample_1_model.cif,90.12
h3/out/rand150/RAND_CHEMBL3609388_agonist/seed_42/RAND_CHEMBL3609388_agonist_seed_42_sample_2_model.cif,90.795
h3/out/rand150/RAND_CHEMBL3609388_agonist/seed_42/RAND_CHEMBL3609388_agonist_seed_42_sample_3_model.cif,90.354
h3/out/rand150/RAND_CHEMBL3609388_agonist/seed_42/RAND_CHEMBL3609388_agonist_seed_42_sample_4_model.cif,91.502
h3/out/rand150/RAND_CHEMBL3609388_agonist/seed_42/RAND_CHEMBL3609388_agonist_seed_42_sample_5_model.cif,90.092
h3/out/rand150/RAND_CHEMBL3609400_agonist/seed_42/RAND_CHEMBL3609400_agonist_seed_42_sample_1_model.cif,90.493
h3/out/rand150/RAND_CHEMBL3609400_agonist/seed_42/RAND_CHEMBL3609400_agonist_seed_42_sample_2_model.cif,90.886
h3/out/rand150/RAND_CHEMBL3609400_agonist/seed_42/RAND_CHEMBL3609400_agonist_seed_42_sample_3_model.cif,90.393
h3/out/rand150/RAND_CHEMBL3609400_agonist/seed_42/RAND_CHEMBL3609400_agonist_seed_42_sample_4_model.cif,90.412
h3/out/rand150/RAND_CHEMBL3609400_agonist/seed_42/RAND_CHEMBL3609400_agonist_seed_42_sample_5_model.cif,90.418
h3/out/rand150/RAND_CHEMBL3609412_agonist/seed_42/RAND_CHEMBL3609412_agonist_seed_42_sample_1_model.cif,90.537
h3/out/rand150/RAND_CHEMBL3609412_agonist/seed_42/RAND_CHEMBL3609412_agonist_seed_42_sample_2_model.cif,91.434
h3/out/rand150/RAND_CHEMBL3609412_agonist/seed_42/RAND_CHEMBL3609412_agonist_seed_42_sample_3_model.cif,90.269
h3/out/rand150/RAND_CHEMBL3609412_agonist/seed_42/RAND_CHEMBL3609412_agonist_seed_42_sample_4_model.cif,91.225
h3/out/rand150/RAND_CHEMBL3609412_agonist/seed_42/RAND_CHEMBL3609412_agonist_seed_42_sample_5_model.cif,90.629
h3/out/rand150/RAND_CHEMBL3609414_agonist/seed_42/RAND_CHEMBL3609414_agonist_seed_42_sample_1_model.cif,90.453
h3/out/rand150/RAND_CHEMBL3609414_agonist/seed_42/RAND_CHEMBL3609414_agonist_seed_42_sample_2_model.cif,91.932
h3/out/rand150/RAND_CHEMBL3609414_agonist/seed_42/RAND_CHEMBL3609414_agonist_seed_42_sample_3_model.cif,90.611
h3/out/rand150/RAND_CHEMBL3609414_agonist/seed_42/RAND_CHEMBL3609414_agonist_seed_42_sample_4_model.cif,92.18
h3/out/rand150/RAND_CHEMBL3609414_agonist/seed_42/RAND_CHEMBL3609414_agonist_seed_42_sample_5_model.cif,90.302
h3/out/rand150/RAND_CHEMBL3933290_antagonist/seed_42/RAND_CHEMBL3933290_antagonist_seed_42_sample_1_model.cif,91.862
h3/out/rand150/RAND_CHEMBL3933290_antagonist/seed_42/RAND_CHEMBL3933290_antagonist_seed_42_sample_2_model.cif,91.258
h3/out/rand150/RAND_CHEMBL3933290_antagonist/seed_42/RAND_CHEMBL3933290_antagonist_seed_42_sample_3_model.cif,91.373
h3/out/rand150/RAND_CHEMBL3933290_antagonist/seed_42/RAND_CHEMBL3933290_antagonist_seed_42_sample_4_model.cif,91.251
h3/out/rand150/RAND_CHEMBL3933290_antagonist/seed_42/RAND_CHEMBL3933290_antagonist_seed_42_sample_5_model.cif,90.881
h3/out/rand150/RAND_CHEMBL3962504_antagonist/seed_42/RAND_CHEMBL3962504_antagonist_seed_42_sample_1_model.cif,91.584
h3/out/rand150/RAND_CHEMBL3962504_antagonist/seed_42/RAND_CHEMBL3962504_antagonist_seed_42_sample_2_model.cif,90.684
h3/out/rand150/RAND_CHEMBL3962504_antagonist/seed_42/RAND_CHEMBL3962504_antagonist_seed_42_sample_3_model.cif,90.977
h3/out/rand150/RAND_CHEMBL3962504_antagonist/seed_42/RAND_CHEMBL3962504_antagonist_seed_42_sample_4_model.cif,90.838
h3/out/rand150/RAND_CHEMBL3962504_antagonist/seed_42/RAND_CHEMBL3962504_antagonist_seed_42_sample_5_model.cif,90.659
h3/out/rand150/RAND_CHEMBL4126216_antagonist/seed_42/RAND_CHEMBL4126216_antagonist_seed_42_sample_1_model.cif,92.039
h3/out/rand150/RAND_CHEMBL4126216_antagonist/seed_42/RAND_CHEMBL4126216_antagonist_seed_42_sample_2_model.cif,92.826
h3/out/rand150/RAND_CHEMBL4126216_antagonist/seed_42/RAND_CHEMBL4126216_antagonist_seed_42_sample_3_model.cif,91.502
h3/out/rand150/RAND_CHEMBL4126216_antagonist/seed_42/RAND_CHEMBL4126216_antagonist_seed_42_sample_4_model.cif,91.825
h3/out/rand150/RAND_CHEMBL4126216_antagonist/seed_42/RAND_CHEMBL4126216_antagonist_seed_42_sample_5_model.cif,91.861
h3/out/rand150/RAND_CHEMBL4205062_antagonist/seed_42/RAND_CHEMBL4205062_antagonist_seed_42_sample_1_model.cif,89.193
h3/out/rand150/RAND_CHEMBL4205062_antagonist/seed_42/RAND_CHEMBL4205062_antagonist_seed_42_sample_2_model.cif,89.532
h3/out/rand150/RAND_CHEMBL4205062_antagonist/seed_42/RAND_CHEMBL4205062_antagonist_seed_42_sample_3_model.cif,88.931
h3/out/rand150/RAND_CHEMBL4205062_antagonist/seed_42/RAND_CHEMBL4205062_antagonist_seed_42_sample_4_model.cif,88.847
h3/out/rand150/RAND_CHEMBL4205062_antagonist/seed_42/RAND_CHEMBL4205062_antagonist_seed_42_sample_5_model.cif,89.318
h3/out/rand150/RAND_CHEMBL4206368_antagonist/seed_42/RAND_CHEMBL4206368_antagonist_seed_42_sample_1_model.cif,91.072
h3/out/rand150/RAND_CHEMBL4206368_antagonist/seed_42/RAND_CHEMBL4206368_antagonist_seed_42_sample_2_model.cif,91.262
h3/out/rand150/RAND_CHEMBL4206368_antagonist/seed_42/RAND_CHEMBL4206368_antagonist_seed_42_sample_3_model.cif,89.514
h3/out/rand150/RAND_CHEMBL4206368_antagonist/seed_42/RAND_CHEMBL4206368_antagonist_seed_42_sample_4_model.cif,89.757
h3/out/rand150/RAND_CHEMBL4206368_antagonist/seed_42/RAND_CHEMBL4206368_antagonist_seed_42_sample_5_model.cif,91.37
h3/out/rand150/RAND_CHEMBL4209944_antagonist/seed_42/RAND_CHEMBL4209944_antagonist_seed_42_sample_1_model.cif,89.048
h3/out/rand150/RAND_CHEMBL4209944_antagonist/seed_42/RAND_CHEMBL4209944_antagonist_seed_42_sample_2_model.cif,90.492
h3/out/rand150/RAND_CHEMBL4209944_antagonist/seed_42/RAND_CHEMBL4209944_antagonist_seed_42_sample_3_model.cif,89.506
h3/out/rand150/RAND_CHEMBL4209944_antagonist/seed_42/RAND_CHEMBL4209944_antagonist_seed_42_sample_4_model.cif,90.886
h3/out/rand150/RAND_CHEMBL4209944_antagonist/seed_42/RAND_CHEMBL4209944_antagonist_seed_42_sample_5_model.cif,89.444
h3/out/rand150/RAND_CHEMBL4227729_antagonist/seed_42/RAND_CHEMBL4227729_antagonist_seed_42_sample_1_model.cif,89.485
h3/out/rand150/RAND_CHEMBL4227729_antagonist/seed_42/RAND_CHEMBL4227729_antagonist_seed_42_sample_2_model.cif,90.55
h3/out/rand150/RAND_CHEMBL4227729_antagonist/seed_42/RAND_CHEMBL4227729_antagonist_seed_42_sample_3_model.cif,88.881
h3/out/rand150/RAND_CHEMBL4227729_antagonist/seed_42/RAND_CHEMBL4227729_antagonist_seed_42_sample_4_model.cif,89.429
h3/out/rand150/RAND_CHEMBL4227729_antagonist/seed_42/RAND_CHEMBL4227729_antagonist_seed_42_sample_5_model.cif,89.387
h3/out/rand150/RAND_CHEMBL4279941_antagonist/seed_42/RAND_CHEMBL4279941_antagonist_seed_42_sample_1_model.cif,89.242
h3/out/rand150/RAND_CHEMBL4279941_antagonist/seed_42/RAND_CHEMBL4279941_antagonist_seed_42_sample_2_model.cif,88.287
h3/out/rand150/RAND_CHEMBL4279941_antagonist/seed_42/RAND_CHEMBL4279941_antagonist_seed_42_sample_3_model.cif,88.332
h3/out/rand150/RAND_CHEMBL4279941_antagonist/seed_42/RAND_CHEMBL4279941_antagonist_seed_42_sample_4_model.cif,87.838
h3/out/rand150/RAND_CHEMBL4279941_antagonist/seed_42/RAND_CHEMBL4279941_antagonist_seed_42_sample_5_model.cif,89.242
h3/out/rand150/RAND_CHEMBL4283051_antagonist/seed_42/RAND_CHEMBL4283051_antagonist_seed_42_sample_1_model.cif,90.565
h3/out/rand150/RAND_CHEMBL4283051_antagonist/seed_42/RAND_CHEMBL4283051_antagonist_seed_42_sample_2_model.cif,92.209
h3/out/rand150/RAND_CHEMBL4283051_antagonist/seed_42/RAND_CHEMBL4283051_antagonist_seed_42_sample_3_model.cif,90.931
h3/out/rand150/RAND_CHEMBL4283051_antagonist/seed_42/RAND_CHEMBL4283051_antagonist_seed_42_sample_4_model.cif,90.447
h3/out/rand150/RAND_CHEMBL4283051_antagonist/seed_42/RAND_CHEMBL4283051_antagonist_seed_42_sample_5_model.cif,90.383
h3/out/rand150/RAND_CHEMBL4287715_antagonist/seed_42/RAND_CHEMBL4287715_antagonist_seed_42_sample_1_model.cif,90.248
h3/out/rand150/RAND_CHEMBL4287715_antagonist/seed_42/RAND_CHEMBL4287715_antagonist_seed_42_sample_2_model.cif,89.797
h3/out/rand150/RAND_CHEMBL4287715_antagonist/seed_42/RAND_CHEMBL4287715_antagonist_seed_42_sample_3_model.cif,90.189
h3/out/rand150/RAND_CHEMBL4287715_antagonist/seed_42/RAND_CHEMBL4287715_antagonist_seed_42_sample_4_model.cif,88.946
h3/out/rand150/RAND_CHEMBL4287715_antagonist/seed_42/RAND_CHEMBL4287715_antagonist_seed_42_sample_5_model.cif,90.13
h3/out/rand150/RAND_CHEMBL4292862_antagonist/seed_42/RAND_CHEMBL4292862_antagonist_seed_42_sample_1_model.cif,89.483
h3/out/rand150/RAND_CHEMBL4292862_antagonist/seed_42/RAND_CHEMBL4292862_antagonist_seed_42_sample_2_model.cif,89.572
h3/out/rand150/RAND_CHEMBL4292862_antagonist/seed_42/RAND_CHEMBL4292862_antagonist_seed_42_sample_3_model.cif,89.822
h3/out/rand150/RAND_CHEMBL4292862_antagonist/seed_42/RAND_CHEMBL4292862_antagonist_seed_42_sample_4_model.cif,89.516
h3/out/rand150/RAND_CHEMBL4292862_antagonist/seed_42/RAND_CHEMBL4292862_antagonist_seed_42_sample_5_model.cif,89.418
h3/out/rand150/RAND_CHEMBL4435215_antagonist/seed_42/RAND_CHEMBL4435215_antagonist_seed_42_sample_1_model.cif,91.055
h3/out/rand150/RAND_CHEMBL4435215_antagonist/seed_42/RAND_CHEMBL4435215_antagonist_seed_42_sample_2_model.cif,91.514
h3/out/rand150/RAND_CHEMBL4435215_antagonist/seed_42/RAND_CHEMBL4435215_antagonist_seed_42_sample_3_model.cif,91.759
h3/out/rand150/RAND_CHEMBL4435215_antagonist/seed_42/RAND_CHEMBL4435215_antagonist_seed_42_sample_4_model.cif,92.27
h3/out/rand150/RAND_CHEMBL4435215_antagonist/seed_42/RAND_CHEMBL4435215_antagonist_seed_42_sample_5_model.cif,91.178
h3/out/rand150/RAND_CHEMBL4438967_antagonist/seed_42/RAND_CHEMBL4438967_antagonist_seed_42_sample_1_model.cif,91.609
h3/out/rand150/RAND_CHEMBL4438967_antagonist/seed_42/RAND_CHEMBL4438967_antagonist_seed_42_sample_2_model.cif,92.799
h3/out/rand150/RAND_CHEMBL4438967_antagonist/seed_42/RAND_CHEMBL4438967_antagonist_seed_42_sample_3_model.cif,91.305
h3/out/rand150/RAND_CHEMBL4438967_antagonist/seed_42/RAND_CHEMBL4438967_antagonist_seed_42_sample_4_model.cif,92.068
h3/out/rand150/RAND_CHEMBL4438967_antagonist/seed_42/RAND_CHEMBL4438967_antagonist_seed_42_sample_5_model.cif,92.091
h3/out/rand150/RAND_CHEMBL4452914_agonist/seed_42/RAND_CHEMBL4452914_agonist_seed_42_sample_1_model.cif,93.663
h3/out/rand150/RAND_CHEMBL4452914_agonist/seed_42/RAND_CHEMBL4452914_agonist_seed_42_sample_2_model.cif,93.426
h3/out/rand150/RAND_CHEMBL4452914_agonist/seed_42/RAND_CHEMBL4452914_agonist_seed_42_sample_3_model.cif,87.519
h3/out/rand150/RAND_CHEMBL4452914_agonist/seed_42/RAND_CHEMBL4452914_agonist_seed_42_sample_4_model.cif,93.723
h3/out/rand150/RAND_CHEMBL4452914_agonist/seed_42/RAND_CHEMBL4452914_agonist_seed_42_sample_5_model.cif,93.57
h3/out/rand150/RAND_CHEMBL4457391_antagonist/seed_42/RAND_CHEMBL4457391_antagonist_seed_42_sample_1_model.cif,92.423
h3/out/rand150/RAND_CHEMBL4457391_antagonist/seed_42/RAND_CHEMBL4457391_antagonist_seed_42_sample_2_model.cif,92.973
h3/out/rand150/RAND_CHEMBL4457391_antagonist/seed_42/RAND_CHEMBL4457391_antagonist_seed_42_sample_3_model.cif,91.992
h3/out/rand150/RAND_CHEMBL4457391_antagonist/seed_42/RAND_CHEMBL4457391_antagonist_seed_42_sample_4_model.cif,92.116
h3/out/rand150/RAND_CHEMBL4457391_antagonist/seed_42/RAND_CHEMBL4457391_antagonist_seed_42_sample_5_model.cif,89.666
h3/out/rand150/RAND_CHEMBL4470666_antagonist/seed_42/RAND_CHEMBL4470666_antagonist_seed_42_sample_1_model.cif,90.843
h3/out/rand150/RAND_CHEMBL4470666_antagonist/seed_42/RAND_CHEMBL4470666_antagonist_seed_42_sample_2_model.cif,91.453
h3/out/rand150/RAND_CHEMBL4470666_antagonist/seed_42/RAND_CHEMBL4470666_antagonist_seed_42_sample_3_model.cif,92.0
h3/out/rand150/RAND_CHEMBL4470666_antagonist/seed_42/RAND_CHEMBL4470666_antagonist_seed_42_sample_4_model.cif,92.272
h3/out/rand150/RAND_CHEMBL4470666_antagonist/seed_42/RAND_CHEMBL4470666_antagonist_seed_42_sample_5_model.cif,91.312
h3/out/rand150/RAND_CHEMBL4547336_agonist/seed_42/RAND_CHEMBL4547336_agonist_seed_42_sample_1_model.cif,89.87
h3/out/rand150/RAND_CHEMBL4547336_agonist/seed_42/RAND_CHEMBL4547336_agonist_seed_42_sample_2_model.cif,89.237
h3/out/rand150/RAND_CHEMBL4547336_agonist/seed_42/RAND_CHEMBL4547336_agonist_seed_42_sample_3_model.cif,88.568
h3/out/rand150/RAND_CHEMBL4547336_agonist/seed_42/RAND_CHEMBL4547336_agonist_seed_42_sample_4_model.cif,89.299
h3/out/rand150/RAND_CHEMBL4547336_agonist/seed_42/RAND_CHEMBL4547336_agonist_seed_42_sample_5_model.cif,89.965
h3/out/rand150/RAND_CHEMBL4552142_antagonist/seed_42/RAND_CHEMBL4552142_antagonist_seed_42_sample_1_model.cif,90.24
h3/out/rand150/RAND_CHEMBL4552142_antagonist/seed_42/RAND_CHEMBL4552142_antagonist_seed_42_sample_2_model.cif,90.01
h3/out/rand150/RAND_CHEMBL4552142_antagonist/seed_42/RAND_CHEMBL4552142_antagonist_seed_42_sample_3_model.cif,90.14
h3/out/rand150/RAND_CHEMBL4552142_antagonist/seed_42/RAND_CHEMBL4552142_antagonist_seed_42_sample_4_model.cif,89.639
h3/out/rand150/RAND_CHEMBL4552142_antagonist/seed_42/RAND_CHEMBL4552142_antagonist_seed_42_sample_5_model.cif,90.527
h3/out/rand150/RAND_CHEMBL4576948_agonist/seed_42/RAND_CHEMBL4576948_agonist_seed_42_sample_1_model.cif,92.97
h3/out/rand150/RAND_CHEMBL4576948_agonist/seed_42/RAND_CHEMBL4576948_agonist_seed_42_sample_2_model.cif,93.501
h3/out/rand150/RAND_CHEMBL4576948_agonist/seed_42/RAND_CHEMBL4576948_agonist_seed_42_sample_3_model.cif,92.421
h3/out/rand150/RAND_CHEMBL4576948_agonist/seed_42/RAND_CHEMBL4576948_agonist_seed_42_sample_4_model.cif,92.405
h3/out/rand150/RAND_CHEMBL4576948_agonist/seed_42/RAND_CHEMBL4576948_agonist_seed_42_sample_5_model.cif,90.759
h3/out/rand150/RAND_CHEMBL4648441_antagonist/seed_42/RAND_CHEMBL4648441_antagonist_seed_42_sample_1_model.cif,93.474
h3/out/rand150/RAND_CHEMBL4648441_antagonist/seed_42/RAND_CHEMBL4648441_antagonist_seed_42_sample_2_model.cif,90.735
h3/out/rand150/RAND_CHEMBL4648441_antagonist/seed_42/RAND_CHEMBL4648441_antagonist_seed_42_sample_3_model.cif,93.744
h3/out/rand150/RAND_CHEMBL4648441_antagonist/seed_42/RAND_CHEMBL4648441_antagonist_seed_42_sample_4_model.cif,93.384
h3/out/rand150/RAND_CHEMBL4648441_antagonist/seed_42/RAND_CHEMBL4648441_antagonist_seed_42_sample_5_model.cif,93.55
h3/out/rand150/RAND_CHEMBL4649541_agonist/seed_42/RAND_CHEMBL4649541_agonist_seed_42_sample_1_model.cif,93.639
h3/out/rand150/RAND_CHEMBL4649541_agonist/seed_42/RAND_CHEMBL4649541_agonist_seed_42_sample_2_model.cif,94.218
h3/out/rand150/RAND_CHEMBL4649541_agonist/seed_42/RAND_CHEMBL4649541_agonist_seed_42_sample_3_model.cif,93.764
h3/out/rand150/RAND_CHEMBL4649541_agonist/seed_42/RAND_CHEMBL4649541_agonist_seed_42_sample_4_model.cif,93.303
h3/out/rand150/RAND_CHEMBL4649541_agonist/seed_42/RAND_CHEMBL4649541_agonist_seed_42_sample_5_model.cif,93.813
h3/out/rand150/RAND_CHEMBL4745606_agonist/seed_42/RAND_CHEMBL4745606_agonist_seed_42_sample_1_model.cif,90.291
h3/out/rand150/RAND_CHEMBL4745606_agonist/seed_42/RAND_CHEMBL4745606_agonist_seed_42_sample_2_model.cif,90.629
h3/out/rand150/RAND_CHEMBL4745606_agonist/seed_42/RAND_CHEMBL4745606_agonist_seed_42_sample_3_model.cif,90.305
h3/out/rand150/RAND_CHEMBL4745606_agonist/seed_42/RAND_CHEMBL4745606_agonist_seed_42_sample_4_model.cif,90.398
h3/out/rand150/RAND_CHEMBL4745606_agonist/seed_42/RAND_CHEMBL4745606_agonist_seed_42_sample_5_model.cif,90.422
h3/out/rand150/RAND_CHEMBL4749158_agonist/seed_42/RAND_CHEMBL4749158_agonist_seed_42_sample_1_model.cif,94.435
h3/out/rand150/RAND_CHEMBL4749158_agonist/seed_42/RAND_CHEMBL4749158_agonist_seed_42_sample_2_model.cif,94.399
h3/out/rand150/RAND_CHEMBL4749158_agonist/seed_42/RAND_CHEMBL4749158_agonist_seed_42_sample_3_model.cif,94.1
h3/out/rand150/RAND_CHEMBL4749158_agonist/seed_42/RAND_CHEMBL4749158_agonist_seed_42_sample_4_model.cif,94.432
h3/out/rand150/RAND_CHEMBL4749158_agonist/seed_42/RAND_CHEMBL4749158_agonist_seed_42_sample_5_model.cif,94.108
h3/out/rand150/RAND_CHEMBL4754713_agonist/seed_42/RAND_CHEMBL4754713_agonist_seed_42_sample_1_model.cif,89.817
h3/out/rand150/RAND_CHEMBL4754713_agonist/seed_42/RAND_CHEMBL4754713_agonist_seed_42_sample_2_model.cif,90.445
h3/out/rand150/RAND_CHEMBL4754713_agonist/seed_42/RAND_CHEMBL4754713_agonist_seed_42_sample_3_model.cif,89.741
h3/out/rand150/RAND_CHEMBL4754713_agonist/seed_42/RAND_CHEMBL4754713_agonist_seed_42_sample_4_model.cif,90.725
h3/out/rand150/RAND_CHEMBL4754713_agonist/seed_42/RAND_CHEMBL4754713_agonist_seed_42_sample_5_model.cif,89.924
h3/out/rand150/RAND_CHEMBL4776548_antagonist/seed_42/RAND_CHEMBL4776548_antagonist_seed_42_sample_1_model.cif,89.44
h3/out/rand150/RAND_CHEMBL4776548_antagonist/seed_42/RAND_CHEMBL4776548_antagonist_seed_42_sample_2_model.cif,88.39
h3/out/rand150/RAND_CHEMBL4776548_antagonist/seed_42/RAND_CHEMBL4776548_antagonist_seed_42_sample_3_model.cif,87.636
h3/out/rand150/RAND_CHEMBL4776548_antagonist/seed_42/RAND_CHEMBL4776548_antagonist_seed_42_sample_4_model.cif,87.867
h3/out/rand150/RAND_CHEMBL4776548_antagonist/seed_42/RAND_CHEMBL4776548_antagonist_seed_42_sample_5_model.cif,89.392
h3/out/rand150/RAND_CHEMBL4777002_agonist/seed_42/RAND_CHEMBL4777002_agonist_seed_42_sample_1_model.cif,92.951
h3/out/rand150/RAND_CHEMBL4777002_agonist/seed_42/RAND_CHEMBL4777002_agonist_seed_42_sample_2_model.cif,93.804
h3/out/rand150/RAND_CHEMBL4777002_agonist/seed_42/RAND_CHEMBL4777002_agonist_seed_42_sample_3_model.cif,93.418
h3/out/rand150/RAND_CHEMBL4777002_agonist/seed_42/RAND_CHEMBL4777002_agonist_seed_42_sample_4_model.cif,93.541
h3/out/rand150/RAND_CHEMBL4777002_agonist/seed_42/RAND_CHEMBL4777002_agonist_seed_42_sample_5_model.cif,93.613
h3/out/rand150/RAND_CHEMBL4848879_agonist/seed_42/RAND_CHEMBL4848879_agonist_seed_42_sample_1_model.cif,94.052
h3/out/rand150/RAND_CHEMBL4848879_agonist/seed_42/RAND_CHEMBL4848879_agonist_seed_42_sample_2_model.cif,94.591
h3/out/rand150/RAND_CHEMBL4848879_agonist/seed_42/RAND_CHEMBL4848879_agonist_seed_42_sample_3_model.cif,94.112
h3/out/rand150/RAND_CHEMBL4848879_agonist/seed_42/RAND_CHEMBL4848879_agonist_seed_42_sample_4_model.cif,93.737
h3/out/rand150/RAND_CHEMBL4848879_agonist/seed_42/RAND_CHEMBL4848879_agonist_seed_42_sample_5_model.cif,94.06
h3/out/rand150/RAND_CHEMBL4849995_agonist/seed_42/RAND_CHEMBL4849995_agonist_seed_42_sample_1_model.cif,92.815
h3/out/rand150/RAND_CHEMBL4849995_agonist/seed_42/RAND_CHEMBL4849995_agonist_seed_42_sample_2_model.cif,93.766
h3/out/rand150/RAND_CHEMBL4849995_agonist/seed_42/RAND_CHEMBL4849995_agonist_seed_42_sample_3_model.cif,92.796
h3/out/rand150/RAND_CHEMBL4849995_agonist/seed_42/RAND_CHEMBL4849995_agonist_seed_42_sample_4_model.cif,93.429
h3/out/rand150/RAND_CHEMBL4849995_agonist/seed_42/RAND_CHEMBL4849995_agonist_seed_42_sample_5_model.cif,89.622
h3/out/rand150/RAND_CHEMBL4851088_agonist/seed_42/RAND_CHEMBL4851088_agonist_seed_42_sample_1_model.cif,93.993
h3/out/rand150/RAND_CHEMBL4851088_agonist/seed_42/RAND_CHEMBL4851088_agonist_seed_42_sample_2_model.cif,94.5
h3/out/rand150/RAND_CHEMBL4851088_agonist/seed_42/RAND_CHEMBL4851088_agonist_seed_42_sample_3_model.cif,93.825
h3/out/rand150/RAND_CHEMBL4851088_agonist/seed_42/RAND_CHEMBL4851088_agonist_seed_42_sample_4_model.cif,93.69
h3/out/rand150/RAND_CHEMBL4851088_agonist/seed_42/RAND_CHEMBL4851088_agonist_seed_42_sample_5_model.cif,94.074
h3/out/rand150/RAND_CHEMBL4855243_agonist/seed_42/RAND_CHEMBL4855243_agonist_seed_42_sample_1_model.cif,92.231
h3/out/rand150/RAND_CHEMBL4855243_agonist/seed_42/RAND_CHEMBL4855243_agonist_seed_42_sample_2_model.cif,93.476
h3/out/rand150/RAND_CHEMBL4855243_agonist/seed_42/RAND_CHEMBL4855243_agonist_seed_42_sample_3_model.cif,92.249
h3/out/rand150/RAND_CHEMBL4855243_agonist/seed_42/RAND_CHEMBL4855243_agonist_seed_42_sample_4_model.cif,92.619
h3/out/rand150/RAND_CHEMBL4855243_agonist/seed_42/RAND_CHEMBL4855243_agonist_seed_42_sample_5_model.cif,92.416
h3/out/rand150/RAND_CHEMBL4857191_agonist/seed_42/RAND_CHEMBL4857191_agonist_seed_42_sample_1_model.cif,90.389
h3/out/rand150/RAND_CHEMBL4857191_agonist/seed_42/RAND_CHEMBL4857191_agonist_seed_42_sample_2_model.cif,90.845
h3/out/rand150/RAND_CHEMBL4857191_agonist/seed_42/RAND_CHEMBL4857191_agonist_seed_42_sample_3_model.cif,90.097
h3/out/rand150/RAND_CHEMBL4857191_agonist/seed_42/RAND_CHEMBL4857191_agonist_seed_42_sample_4_model.cif,89.896
h3/out/rand150/RAND_CHEMBL4857191_agonist/seed_42/RAND_CHEMBL4857191_agonist_seed_42_sample_5_model.cif,90.379
h3/out/rand150/RAND_CHEMBL4857658_agonist/seed_42/RAND_CHEMBL4857658_agonist_seed_42_sample_1_model.cif,90.424
h3/out/rand150/RAND_CHEMBL4857658_agonist/seed_42/RAND_CHEMBL4857658_agonist_seed_42_sample_2_model.cif,90.417
h3/out/rand150/RAND_CHEMBL4857658_agonist/seed_42/RAND_CHEMBL4857658_agonist_seed_42_sample_3_model.cif,89.919
h3/out/rand150/RAND_CHEMBL4857658_agonist/seed_42/RAND_CHEMBL4857658_agonist_seed_42_sample_4_model.cif,90.945
h3/out/rand150/RAND_CHEMBL4857658_agonist/seed_42/RAND_CHEMBL4857658_agonist_seed_42_sample_5_model.cif,90.033
h3/out/rand150/RAND_CHEMBL4861529_antagonist/seed_42/RAND_CHEMBL4861529_antagonist_seed_42_sample_1_model.cif,90.766
h3/out/rand150/RAND_CHEMBL4861529_antagonist/seed_42/RAND_CHEMBL4861529_antagonist_seed_42_sample_2_model.cif,90.926
h3/out/rand150/RAND_CHEMBL4861529_antagonist/seed_42/RAND_CHEMBL4861529_antagonist_seed_42_sample_3_model.cif,90.594
h3/out/rand150/RAND_CHEMBL4861529_antagonist/seed_42/RAND_CHEMBL4861529_antagonist_seed_42_sample_4_model.cif,91.084
h3/out/rand150/RAND_CHEMBL4861529_antagonist/seed_42/RAND_CHEMBL4861529_antagonist_seed_42_sample_5_model.cif,91.437
h3/out/rand150/RAND_CHEMBL4863122_agonist/seed_42/RAND_CHEMBL4863122_agonist_seed_42_sample_1_model.cif,92.975
h3/out/rand150/RAND_CHEMBL4863122_agonist/seed_42/RAND_CHEMBL4863122_agonist_seed_42_sample_2_model.cif,93.909
h3/out/rand150/RAND_CHEMBL4863122_agonist/seed_42/RAND_CHEMBL4863122_agonist_seed_42_sample_3_model.cif,92.013
h3/out/rand150/RAND_CHEMBL4863122_agonist/seed_42/RAND_CHEMBL4863122_agonist_seed_42_sample_4_model.cif,92.699
h3/out/rand150/RAND_CHEMBL4863122_agonist/seed_42/RAND_CHEMBL4863122_agonist_seed_42_sample_5_model.cif,93.262
h3/out/rand150/RAND_CHEMBL4866161_agonist/seed_42/RAND_CHEMBL4866161_agonist_seed_42_sample_1_model.cif,90.901
h3/out/rand150/RAND_CHEMBL4866161_agonist/seed_42/RAND_CHEMBL4866161_agonist_seed_42_sample_2_model.cif,90.221
h3/out/rand150/RAND_CHEMBL4866161_agonist/seed_42/RAND_CHEMBL4866161_agonist_seed_42_sample_3_model.cif,89.539
h3/out/rand150/RAND_CHEMBL4866161_agonist/seed_42/RAND_CHEMBL4866161_agonist_seed_42_sample_4_model.cif,89.949
h3/out/rand150/RAND_CHEMBL4866161_agonist/seed_42/RAND_CHEMBL4866161_agonist_seed_42_sample_5_model.cif,89.856
h3/out/rand150/RAND_CHEMBL4868485_agonist/seed_42/RAND_CHEMBL4868485_agonist_seed_42_sample_1_model.cif,92.348
h3/out/rand150/RAND_CHEMBL4868485_agonist/seed_42/RAND_CHEMBL4868485_agonist_seed_42_sample_2_model.cif,93.082
h3/out/rand150/RAND_CHEMBL4868485_agonist/seed_42/RAND_CHEMBL4868485_agonist_seed_42_sample_3_model.cif,91.866
h3/out/rand150/RAND_CHEMBL4868485_agonist/seed_42/RAND_CHEMBL4868485_agonist_seed_42_sample_4_model.cif,92.377
h3/out/rand150/RAND_CHEMBL4868485_agonist/seed_42/RAND_CHEMBL4868485_agonist_seed_42_sample_5_model.cif,92.149
h3/out/rand150/RAND_CHEMBL4869567_agonist/seed_42/RAND_CHEMBL4869567_agonist_seed_42_sample_1_model.cif,91.524
h3/out/rand150/RAND_CHEMBL4869567_agonist/seed_42/RAND_CHEMBL4869567_agonist_seed_42_sample_2_model.cif,91.687
h3/out/rand150/RAND_CHEMBL4869567_agonist/seed_42/RAND_CHEMBL4869567_agonist_seed_42_sample_3_model.cif,92.209
h3/out/rand150/RAND_CHEMBL4869567_agonist/seed_42/RAND_CHEMBL4869567_agonist_seed_42_sample_4_model.cif,92.642
h3/out/rand150/RAND_CHEMBL4869567_agonist/seed_42/RAND_CHEMBL4869567_agonist_seed_42_sample_5_model.cif,92.103
h3/out/rand150/RAND_CHEMBL4871691_agonist/seed_42/RAND_CHEMBL4871691_agonist_seed_42_sample_1_model.cif,92.241
h3/out/rand150/RAND_CHEMBL4871691_agonist/seed_42/RAND_CHEMBL4871691_agonist_seed_42_sample_2_model.cif,92.825
h3/out/rand150/RAND_CHEMBL4871691_agonist/seed_42/RAND_CHEMBL4871691_agonist_seed_42_sample_3_model.cif,91.671
h3/out/rand150/RAND_CHEMBL4871691_agonist/seed_42/RAND_CHEMBL4871691_agonist_seed_42_sample_4_model.cif,92.264
h3/out/rand150/RAND_CHEMBL4871691_agonist/seed_42/RAND_CHEMBL4871691_agonist_seed_42_sample_5_model.cif,92.056
h3/out/rand150/RAND_CHEMBL4874647_agonist/seed_42/RAND_CHEMBL4874647_agonist_seed_42_sample_1_model.cif,93.399
h3/out/rand150/RAND_CHEMBL4874647_agonist/seed_42/RAND_CHEMBL4874647_agonist_seed_42_sample_2_model.cif,93.752
h3/out/rand150/RAND_CHEMBL4874647_agonist/seed_42/RAND_CHEMBL4874647_agonist_seed_42_sample_3_model.cif,93.066
h3/out/rand150/RAND_CHEMBL4874647_agonist/seed_42/RAND_CHEMBL4874647_agonist_seed_42_sample_4_model.cif,93.14
h3/out/rand150/RAND_CHEMBL4874647_agonist/seed_42/RAND_CHEMBL4874647_agonist_seed_42_sample_5_model.cif,93.5
h3/out/rand150/RAND_CHEMBL4876485_agonist/seed_42/RAND_CHEMBL4876485_agonist_seed_42_sample_1_model.cif,90.798
h3/out/rand150/RAND_CHEMBL4876485_agonist/seed_42/RAND_CHEMBL4876485_agonist_seed_42_sample_2_model.cif,90.25
h3/out/rand150/RAND_CHEMBL4876485_agonist/seed_42/RAND_CHEMBL4876485_agonist_seed_42_sample_3_model.cif,89.395
h3/out/rand150/RAND_CHEMBL4876485_agonist/seed_42/RAND_CHEMBL4876485_agonist_seed_42_sample_4_model.cif,89.933
h3/out/rand150/RAND_CHEMBL4876485_agonist/seed_42/RAND_CHEMBL4876485_agonist_seed_42_sample_5_model.cif,89.591
h3/out/rand150/RAND_CHEMBL4877008_agonist/seed_42/RAND_CHEMBL4877008_agonist_seed_42_sample_1_model.cif,93.828
h3/out/rand150/RAND_CHEMBL4877008_agonist/seed_42/RAND_CHEMBL4877008_agonist_seed_42_sample_2_model.cif,94.556
h3/out/rand150/RAND_CHEMBL4877008_agonist/seed_42/RAND_CHEMBL4877008_agonist_seed_42_sample_3_model.cif,94.016
h3/out/rand150/RAND_CHEMBL4877008_agonist/seed_42/RAND_CHEMBL4877008_agonist_seed_42_sample_4_model.cif,93.577
h3/out/rand150/RAND_CHEMBL4877008_agonist/seed_42/RAND_CHEMBL4877008_agonist_seed_42_sample_5_model.cif,93.973
h3/out/rand150/RAND_CHEMBL4878238_agonist/seed_42/RAND_CHEMBL4878238_agonist_seed_42_sample_1_model.cif,93.39
h3/out/rand150/RAND_CHEMBL4878238_agonist/seed_42/RAND_CHEMBL4878238_agonist_seed_42_sample_2_model.cif,94.105
h3/out/rand150/RAND_CHEMBL4878238_agonist/seed_42/RAND_CHEMBL4878238_agonist_seed_42_sample_3_model.cif,92.891
h3/out/rand150/RAND_CHEMBL4878238_agonist/seed_42/RAND_CHEMBL4878238_agonist_seed_42_sample_4_model.cif,93.144
h3/out/rand150/RAND_CHEMBL4878238_agonist/seed_42/RAND_CHEMBL4878238_agonist_seed_42_sample_5_model.cif,93.552
h3/out/rand150/RAND_CHEMBL4878616_agonist/seed_42/RAND_CHEMBL4878616_agonist_seed_42_sample_1_model.cif,90.603
h3/out/rand150/RAND_CHEMBL4878616_agonist/seed_42/RAND_CHEMBL4878616_agonist_seed_42_sample_2_model.cif,90.911
h3/out/rand150/RAND_CHEMBL4878616_agonist/seed_42/RAND_CHEMBL4878616_agonist_seed_42_sample_3_model.cif,90.312
h3/out/rand150/RAND_CHEMBL4878616_agonist/seed_42/RAND_CHEMBL4878616_agonist_seed_42_sample_4_model.cif,90.515
h3/out/rand150/RAND_CHEMBL4878616_agonist/seed_42/RAND_CHEMBL4878616_agonist_seed_42_sample_5_model.cif,90.934
h3/out/rand150/RAND_CHEMBL5075147_agonist/seed_42/RAND_CHEMBL5075147_agonist_seed_42_sample_1_model.cif,91.014
h3/out/rand150/RAND_CHEMBL5075147_agonist/seed_42/RAND_CHEMBL5075147_agonist_seed_42_sample_2_model.cif,91.222
h3/out/rand150/RAND_CHEMBL5075147_agonist/seed_42/RAND_CHEMBL5075147_agonist_seed_42_sample_3_model.cif,90.476
h3/out/rand150/RAND_CHEMBL5075147_agonist/seed_42/RAND_CHEMBL5075147_agonist_seed_42_sample_4_model.cif,91.453
h3/out/rand150/RAND_CHEMBL5075147_agonist/seed_42/RAND_CHEMBL5075147_agonist_seed_42_sample_5_model.cif,90.364
h3/out/rand150/RAND_CHEMBL5082726_agonist/seed_42/RAND_CHEMBL5082726_agonist_seed_42_sample_1_model.cif,94.495
h3/out/rand150/RAND_CHEMBL5082726_agonist/seed_42/RAND_CHEMBL5082726_agonist_seed_42_sample_2_model.cif,94.772
h3/out/rand150/RAND_CHEMBL5082726_agonist/seed_42/RAND_CHEMBL5082726_agonist_seed_42_sample_3_model.cif,94.232
h3/out/rand150/RAND_CHEMBL5082726_agonist/seed_42/RAND_CHEMBL5082726_agonist_seed_42_sample_4_model.cif,94.532
h3/out/rand150/RAND_CHEMBL5082726_agonist/seed_42/RAND_CHEMBL5082726_agonist_seed_42_sample_5_model.cif,94.341
h3/out/rand150/RAND_CHEMBL5085004_agonist/seed_42/RAND_CHEMBL5085004_agonist_seed_42_sample_1_model.cif,93.122
h3/out/rand150/RAND_CHEMBL5085004_agonist/seed_42/RAND_CHEMBL5085004_agonist_seed_42_sample_2_model.cif,93.866
h3/out/rand150/RAND_CHEMBL5085004_agonist/seed_42/RAND_CHEMBL5085004_agonist_seed_42_sample_3_model.cif,92.921
h3/out/rand150/RAND_CHEMBL5085004_agonist/seed_42/RAND_CHEMBL5085004_agonist_seed_42_sample_4_model.cif,92.727
h3/out/rand150/RAND_CHEMBL5085004_agonist/seed_42/RAND_CHEMBL5085004_agonist_seed_42_sample_5_model.cif,92.596
h3/out/rand150/RAND_CHEMBL5086937_agonist/seed_42/RAND_CHEMBL5086937_agonist_seed_42_sample_1_model.cif,91.481
h3/out/rand150/RAND_CHEMBL5086937_agonist/seed_42/RAND_CHEMBL5086937_agonist_seed_42_sample_2_model.cif,93.631
h3/out/rand150/RAND_CHEMBL5086937_agonist/seed_42/RAND_CHEMBL5086937_agonist_seed_42_sample_3_model.cif,92.854
h3/out/rand150/RAND_CHEMBL5086937_agonist/seed_42/RAND_CHEMBL5086937_agonist_seed_42_sample_4_model.cif,93.526
h3/out/rand150/RAND_CHEMBL5086937_agonist/seed_42/RAND_CHEMBL5086937_agonist_seed_42_sample_5_model.cif,93.61
h3/out/rand150/RAND_CHEMBL5090647_agonist/seed_42/RAND_CHEMBL5090647_agonist_seed_42_sample_1_model.cif,90.803
h3/out/rand150/RAND_CHEMBL5090647_agonist/seed_42/RAND_CHEMBL5090647_agonist_seed_42_sample_2_model.cif,90.81
h3/out/rand150/RAND_CHEMBL5090647_agonist/seed_42/RAND_CHEMBL5090647_agonist_seed_42_sample_3_model.cif,90.406
h3/out/rand150/RAND_CHEMBL5090647_agonist/seed_42/RAND_CHEMBL5090647_agonist_seed_42_sample_4_model.cif,90.683
h3/out/rand150/RAND_CHEMBL5090647_agonist/seed_42/RAND_CHEMBL5090647_agonist_seed_42_sample_5_model.cif,90.715
h3/out/rand150/RAND_CHEMBL5091940_agonist/seed_42/RAND_CHEMBL5091940_agonist_seed_42_sample_1_model.cif,91.788
h3/out/rand150/RAND_CHEMBL5091940_agonist/seed_42/RAND_CHEMBL5091940_agonist_seed_42_sample_2_model.cif,91.934
h3/out/rand150/RAND_CHEMBL5091940_agonist/seed_42/RAND_CHEMBL5091940_agonist_seed_42_sample_3_model.cif,91.018
h3/out/rand150/RAND_CHEMBL5091940_agonist/seed_42/RAND_CHEMBL5091940_agonist_seed_42_sample_4_model.cif,92.42
h3/out/rand150/RAND_CHEMBL5091940_agonist/seed_42/RAND_CHEMBL5091940_agonist_seed_42_sample_5_model.cif,91.125
h3/out/rand150/RAND_CHEMBL5177120_antagonist/seed_42/RAND_CHEMBL5177120_antagonist_seed_42_sample_1_model.cif,94.434
h3/out/rand150/RAND_CHEMBL5177120_antagonist/seed_42/RAND_CHEMBL5177120_antagonist_seed_42_sample_2_model.cif,94.004
h3/out/rand150/RAND_CHEMBL5177120_antagonist/seed_42/RAND_CHEMBL5177120_antagonist_seed_42_sample_3_model.cif,94.229
h3/out/rand150/RAND_CHEMBL5177120_antagonist/seed_42/RAND_CHEMBL5177120_antagonist_seed_42_sample_4_model.cif,94.997
h3/out/rand150/RAND_CHEMBL5177120_antagonist/seed_42/RAND_CHEMBL5177120_antagonist_seed_42_sample_5_model.cif,94.315
h3/out/rand150/RAND_CHEMBL5273235_antagonist/seed_42/RAND_CHEMBL5273235_antagonist_seed_42_sample_1_model.cif,91.624
h3/out/rand150/RAND_CHEMBL5273235_antagonist/seed_42/RAND_CHEMBL5273235_antagonist_seed_42_sample_2_model.cif,90.871
h3/out/rand150/RAND_CHEMBL5273235_antagonist/seed_42/RAND_CHEMBL5273235_antagonist_seed_42_sample_3_model.cif,90.441
h3/out/rand150/RAND_CHEMBL5273235_antagonist/seed_42/RAND_CHEMBL5273235_antagonist_seed_42_sample_4_model.cif,90.586
h3/out/rand150/RAND_CHEMBL5273235_antagonist/seed_42/RAND_CHEMBL5273235_antagonist_seed_42_sample_5_model.cif,91.799
h3/out/rand150/RAND_CHEMBL5289748_antagonist/seed_42/RAND_CHEMBL5289748_antagonist_seed_42_sample_1_model.cif,91.129
h3/out/rand150/RAND_CHEMBL5289748_antagonist/seed_42/RAND_CHEMBL5289748_antagonist_seed_42_sample_2_model.cif,91.4
h3/out/rand150/RAND_CHEMBL5289748_antagonist/seed_42/RAND_CHEMBL5289748_antagonist_seed_42_sample_3_model.cif,92.137
h3/out/rand150/RAND_CHEMBL5289748_antagonist/seed_42/RAND_CHEMBL5289748_antagonist_seed_42_sample_4_model.cif,90.074
h3/out/rand150/RAND_CHEMBL5289748_antagonist/seed_42/RAND_CHEMBL5289748_antagonist_seed_42_sample_5_model.cif,91.13
h3/out/rand150/RAND_CHEMBL5410061_agonist/seed_42/RAND_CHEMBL5410061_agonist_seed_42_sample_1_model.cif,89.259
h3/out/rand150/RAND_CHEMBL5410061_agonist/seed_42/RAND_CHEMBL5410061_agonist_seed_42_sample_2_model.cif,89.742
h3/out/rand150/RAND_CHEMBL5410061_agonist/seed_42/RAND_CHEMBL5410061_agonist_seed_42_sample_3_model.cif,89.297
h3/out/rand150/RAND_CHEMBL5410061_agonist/seed_42/RAND_CHEMBL5410061_agonist_seed_42_sample_4_model.cif,89.656
h3/out/rand150/RAND_CHEMBL5410061_agonist/seed_42/RAND_CHEMBL5410061_agonist_seed_42_sample_5_model.cif,89.04
h3/out/rand150/RAND_CHEMBL5410860_antagonist/seed_42/RAND_CHEMBL5410860_antagonist_seed_42_sample_1_model.cif,93.757
h3/out/rand150/RAND_CHEMBL5410860_antagonist/seed_42/RAND_CHEMBL5410860_antagonist_seed_42_sample_2_model.cif,93.874
h3/out/rand150/RAND_CHEMBL5410860_antagonist/seed_42/RAND_CHEMBL5410860_antagonist_seed_42_sample_3_model.cif,93.376
h3/out/rand150/RAND_CHEMBL5410860_antagonist/seed_42/RAND_CHEMBL5410860_antagonist_seed_42_sample_4_model.cif,93.562
h3/out/rand150/RAND_CHEMBL5410860_antagonist/seed_42/RAND_CHEMBL5410860_antagonist_seed_42_sample_5_model.cif,94.313
h3/out/rand150/RAND_CHEMBL5429680_agonist/seed_42/RAND_CHEMBL5429680_agonist_seed_42_sample_1_model.cif,93.893
h3/out/rand150/RAND_CHEMBL5429680_agonist/seed_42/RAND_CHEMBL5429680_agonist_seed_42_sample_2_model.cif,94.39
h3/out/rand150/RAND_CHEMBL5429680_agonist/seed_42/RAND_CHEMBL5429680_agonist_seed_42_sample_3_model.cif,94.227
h3/out/rand150/RAND_CHEMBL5429680_agonist/seed_42/RAND_CHEMBL5429680_agonist_seed_42_sample_4_model.cif,93.436
h3/out/rand150/RAND_CHEMBL5429680_agonist/seed_42/RAND_CHEMBL5429680_agonist_seed_42_sample_5_model.cif,93.683
h3/out/rand150/RAND_CHEMBL5432279_agonist/seed_42/RAND_CHEMBL5432279_agonist_seed_42_sample_1_model.cif,94.724
h3/out/rand150/RAND_CHEMBL5432279_agonist/seed_42/RAND_CHEMBL5432279_agonist_seed_42_sample_2_model.cif,94.507
h3/out/rand150/RAND_CHEMBL5432279_agonist/seed_42/RAND_CHEMBL5432279_agonist_seed_42_sample_3_model.cif,94.395
h3/out/rand150/RAND_CHEMBL5432279_agonist/seed_42/RAND_CHEMBL5432279_agonist_seed_42_sample_4_model.cif,94.361
h3/out/rand150/RAND_CHEMBL5432279_agonist/seed_42/RAND_CHEMBL5432279_agonist_seed_42_sample_5_model.cif,94.409
h3/out/rand150/RAND_CHEMBL5438539_agonist/seed_42/RAND_CHEMBL5438539_agonist_seed_42_sample_1_model.cif,91.365
h3/out/rand150/RAND_CHEMBL5438539_agonist/seed_42/RAND_CHEMBL5438539_agonist_seed_42_sample_2_model.cif,92.386
h3/out/rand150/RAND_CHEMBL5438539_agonist/seed_42/RAND_CHEMBL5438539_agonist_seed_42_sample_3_model.cif,91.902
h3/out/rand150/RAND_CHEMBL5438539_agonist/seed_42/RAND_CHEMBL5438539_agonist_seed_42_sample_4_model.cif,92.786
h3/out/rand150/RAND_CHEMBL5438539_agonist/seed_42/RAND_CHEMBL5438539_agonist_seed_42_sample_5_model.cif,91.704
h3/out/rand150/RAND_CHEMBL5779116_antagonist/seed_42/RAND_CHEMBL5779116_antagonist_seed_42_sample_1_model.cif,93.942
h3/out/rand150/RAND_CHEMBL5779116_antagonist/seed_42/RAND_CHEMBL5779116_antagonist_seed_42_sample_2_model.cif,94.821
h3/out/rand150/RAND_CHEMBL5779116_antagonist/seed_42/RAND_CHEMBL5779116_antagonist_seed_42_sample_3_model.cif,93.475
h3/out/rand150/RAND_CHEMBL5779116_antagonist/seed_42/RAND_CHEMBL5779116_antagonist_seed_42_sample_4_model.cif,93.795
h3/out/rand150/RAND_CHEMBL5779116_antagonist/seed_42/RAND_CHEMBL5779116_antagonist_seed_42_sample_5_model.cif,93.734
h3/out/rand150/RAND_CHEMBL5780772_antagonist/seed_42/RAND_CHEMBL5780772_antagonist_seed_42_sample_1_model.cif,93.054
h3/out/rand150/RAND_CHEMBL5780772_antagonist/seed_42/RAND_CHEMBL5780772_antagonist_seed_42_sample_2_model.cif,93.26
h3/out/rand150/RAND_CHEMBL5780772_antagonist/seed_42/RAND_CHEMBL5780772_antagonist_seed_42_sample_3_model.cif,93.116
h3/out/rand150/RAND_CHEMBL5780772_antagonist/seed_42/RAND_CHEMBL5780772_antagonist_seed_42_sample_4_model.cif,93.868
h3/out/rand150/RAND_CHEMBL5780772_antagonist/seed_42/RAND_CHEMBL5780772_antagonist_seed_42_sample_5_model.cif,93.444
h3/out/rand150/RAND_CHEMBL5785729_agonist/seed_42/RAND_CHEMBL5785729_agonist_seed_42_sample_1_model.cif,89.385
h3/out/rand150/RAND_CHEMBL5785729_agonist/seed_42/RAND_CHEMBL5785729_agonist_seed_42_sample_2_model.cif,89.151
h3/out/rand150/RAND_CHEMBL5785729_agonist/seed_42/RAND_CHEMBL5785729_agonist_seed_42_sample_3_model.cif,89.371
h3/out/rand150/RAND_CHEMBL5785729_agonist/seed_42/RAND_CHEMBL5785729_agonist_seed_42_sample_4_model.cif,90.104
h3/out/rand150/RAND_CHEMBL5785729_agonist/seed_42/RAND_CHEMBL5785729_agonist_seed_42_sample_5_model.cif,90.413
h3/out/rand150/RAND_CHEMBL5794612_antagonist/seed_42/RAND_CHEMBL5794612_antagonist_seed_42_sample_1_model.cif,90.428
h3/out/rand150/RAND_CHEMBL5794612_antagonist/seed_42/RAND_CHEMBL5794612_antagonist_seed_42_sample_2_model.cif,90.556
h3/out/rand150/RAND_CHEMBL5794612_antagonist/seed_42/RAND_CHEMBL5794612_antagonist_seed_42_sample_3_model.cif,89.946
h3/out/rand150/RAND_CHEMBL5794612_antagonist/seed_42/RAND_CHEMBL5794612_antagonist_seed_42_sample_4_model.cif,90.161
h3/out/rand150/RAND_CHEMBL5794612_antagonist/seed_42/RAND_CHEMBL5794612_antagonist_seed_42_sample_5_model.cif,89.765
h3/out/rand150/RAND_CHEMBL5803336_agonist/seed_42/RAND_CHEMBL5803336_agonist_seed_42_sample_1_model.cif,87.963
h3/out/rand150/RAND_CHEMBL5803336_agonist/seed_42/RAND_CHEMBL5803336_agonist_seed_42_sample_2_model.cif,87.41
h3/out/rand150/RAND_CHEMBL5803336_agonist/seed_42/RAND_CHEMBL5803336_agonist_seed_42_sample_3_model.cif,91.537
h3/out/rand150/RAND_CHEMBL5803336_agonist/seed_42/RAND_CHEMBL5803336_agonist_seed_42_sample_4_model.cif,87.682
h3/out/rand150/RAND_CHEMBL5803336_agonist/seed_42/RAND_CHEMBL5803336_agonist_seed_42_sample_5_model.cif,90.458
h3/out/rand150/RAND_CHEMBL5805510_antagonist/seed_42/RAND_CHEMBL5805510_antagonist_seed_42_sample_1_model.cif,90.838
h3/out/rand150/RAND_CHEMBL5805510_antagonist/seed_42/RAND_CHEMBL5805510_antagonist_seed_42_sample_2_model.cif,89.639
h3/out/rand150/RAND_CHEMBL5805510_antagonist/seed_42/RAND_CHEMBL5805510_antagonist_seed_42_sample_3_model.cif,89.189
h3/out/rand150/RAND_CHEMBL5805510_antagonist/seed_42/RAND_CHEMBL5805510_antagonist_seed_42_sample_4_model.cif,89.215
h3/out/rand150/RAND_CHEMBL5805510_antagonist/seed_42/RAND_CHEMBL5805510_antagonist_seed_42_sample_5_model.cif,90.208
h3/out/rand150/RAND_CHEMBL5808033_antagonist/seed_42/RAND_CHEMBL5808033_antagonist_seed_42_sample_1_model.cif,90.945
h3/out/rand150/RAND_CHEMBL5808033_antagonist/seed_42/RAND_CHEMBL5808033_antagonist_seed_42_sample_2_model.cif,90.861
h3/out/rand150/RAND_CHEMBL5808033_antagonist/seed_42/RAND_CHEMBL5808033_antagonist_seed_42_sample_3_model.cif,91.071
h3/out/rand150/RAND_CHEMBL5808033_antagonist/seed_42/RAND_CHEMBL5808033_antagonist_seed_42_sample_4_model.cif,90.587
h3/out/rand150/RAND_CHEMBL5808033_antagonist/seed_42/RAND_CHEMBL5808033_antagonist_seed_42_sample_5_model.cif,91.405
h3/out/rand150/RAND_CHEMBL5813818_antagonist/seed_42/RAND_CHEMBL5813818_antagonist_seed_42_sample_1_model.cif,90.715
h3/out/rand150/RAND_CHEMBL5813818_antagonist/seed_42/RAND_CHEMBL5813818_antagonist_seed_42_sample_2_model.cif,90.978
h3/out/rand150/RAND_CHEMBL5813818_antagonist/seed_42/RAND_CHEMBL5813818_antagonist_seed_42_sample_3_model.cif,89.868
h3/out/rand150/RAND_CHEMBL5813818_antagonist/seed_42/RAND_CHEMBL5813818_antagonist_seed_42_sample_4_model.cif,90.284
h3/out/rand150/RAND_CHEMBL5813818_antagonist/seed_42/RAND_CHEMBL5813818_antagonist_seed_42_sample_5_model.cif,89.775
h3/out/rand150/RAND_CHEMBL5825349_agonist/seed_42/RAND_CHEMBL5825349_agonist_seed_42_sample_1_model.cif,90.859
h3/out/rand150/RAND_CHEMBL5825349_agonist/seed_42/RAND_CHEMBL5825349_agonist_seed_42_sample_2_model.cif,91.105
h3/out/rand150/RAND_CHEMBL5825349_agonist/seed_42/RAND_CHEMBL5825349_agonist_seed_42_sample_3_model.cif,91.032
h3/out/rand150/RAND_CHEMBL5825349_agonist/seed_42/RAND_CHEMBL5825349_agonist_seed_42_sample_4_model.cif,91.361
h3/out/rand150/RAND_CHEMBL5825349_agonist/seed_42/RAND_CHEMBL5825349_agonist_seed_42_sample_5_model.cif,90.746
h3/out/rand150/RAND_CHEMBL5832803_antagonist/seed_42/RAND_CHEMBL5832803_antagonist_seed_42_sample_1_model.cif,93.915
h3/out/rand150/RAND_CHEMBL5832803_antagonist/seed_42/RAND_CHEMBL5832803_antagonist_seed_42_sample_2_model.cif,94.17
h3/out/rand150/RAND_CHEMBL5832803_antagonist/seed_42/RAND_CHEMBL5832803_antagonist_seed_42_sample_3_model.cif,94.082
h3/out/rand150/RAND_CHEMBL5832803_antagonist/seed_42/RAND_CHEMBL5832803_antagonist_seed_42_sample_4_model.cif,93.752
h3/out/rand150/RAND_CHEMBL5832803_antagonist/seed_42/RAND_CHEMBL5832803_antagonist_seed_42_sample_5_model.cif,94.432
h3/out/rand150/RAND_CHEMBL5834289_antagonist/seed_42/RAND_CHEMBL5834289_antagonist_seed_42_sample_1_model.cif,93.904
h3/out/rand150/RAND_CHEMBL5834289_antagonist/seed_42/RAND_CHEMBL5834289_antagonist_seed_42_sample_2_model.cif,94.093
h3/out/rand150/RAND_CHEMBL5834289_antagonist/seed_42/RAND_CHEMBL5834289_antagonist_seed_42_sample_3_model.cif,93.816
h3/out/rand150/RAND_CHEMBL5834289_antagonist/seed_42/RAND_CHEMBL5834289_antagonist_seed_42_sample_4_model.cif,93.9
h3/out/rand150/RAND_CHEMBL5834289_antagonist/seed_42/RAND_CHEMBL5834289_antagonist_seed_42_sample_5_model.cif,94.012
h3/out/rand150/RAND_CHEMBL5836020_antagonist/seed_42/RAND_CHEMBL5836020_antagonist_seed_42_sample_1_model.cif,92.799
h3/out/rand150/RAND_CHEMBL5836020_antagonist/seed_42/RAND_CHEMBL5836020_antagonist_seed_42_sample_2_model.cif,93.989
h3/out/rand150/RAND_CHEMBL5836020_antagonist/seed_42/RAND_CHEMBL5836020_antagonist_seed_42_sample_3_model.cif,91.084
h3/out/rand150/RAND_CHEMBL5836020_antagonist/seed_42/RAND_CHEMBL5836020_antagonist_seed_42_sample_4_model.cif,92.743
h3/out/rand150/RAND_CHEMBL5836020_antagonist/seed_42/RAND_CHEMBL5836020_antagonist_seed_42_sample_5_model.cif,93.839
h3/out/rand150/RAND_CHEMBL5839073_antagonist/seed_42/RAND_CHEMBL5839073_antagonist_seed_42_sample_1_model.cif,90.143
h3/out/rand150/RAND_CHEMBL5839073_antagonist/seed_42/RAND_CHEMBL5839073_antagonist_seed_42_sample_2_model.cif,90.25
h3/out/rand150/RAND_CHEMBL5839073_antagonist/seed_42/RAND_CHEMBL5839073_antagonist_seed_42_sample_3_model.cif,90.161
h3/out/rand150/RAND_CHEMBL5839073_antagonist/seed_42/RAND_CHEMBL5839073_antagonist_seed_42_sample_4_model.cif,89.93
h3/out/rand150/RAND_CHEMBL5839073_antagonist/seed_42/RAND_CHEMBL5839073_antagonist_seed_42_sample_5_model.cif,92.105
h3/out/rand150/RAND_CHEMBL5850461_agonist/seed_42/RAND_CHEMBL5850461_agonist_seed_42_sample_1_model.cif,91.161
h3/out/rand150/RAND_CHEMBL5850461_agonist/seed_42/RAND_CHEMBL5850461_agonist_seed_42_sample_2_model.cif,90.631
h3/out/rand150/RAND_CHEMBL5850461_agonist/seed_42/RAND_CHEMBL5850461_agonist_seed_42_sample_3_model.cif,90.643
h3/out/rand150/RAND_CHEMBL5850461_agonist/seed_42/RAND_CHEMBL5850461_agonist_seed_42_sample_4_model.cif,90.736
h3/out/rand150/RAND_CHEMBL5850461_agonist/seed_42/RAND_CHEMBL5850461_agonist_seed_42_sample_5_model.cif,90.665
h3/out/rand150/RAND_CHEMBL5859429_antagonist/seed_42/RAND_CHEMBL5859429_antagonist_seed_42_sample_1_model.cif,91.213
h3/out/rand150/RAND_CHEMBL5859429_antagonist/seed_42/RAND_CHEMBL5859429_antagonist_seed_42_sample_2_model.cif,91.978
h3/out/rand150/RAND_CHEMBL5859429_antagonist/seed_42/RAND_CHEMBL5859429_antagonist_seed_42_sample_3_model.cif,91.386
h3/out/rand150/RAND_CHEMBL5859429_antagonist/seed_42/RAND_CHEMBL5859429_antagonist_seed_42_sample_4_model.cif,92.061
h3/out/rand150/RAND_CHEMBL5859429_antagonist/seed_42/RAND_CHEMBL5859429_antagonist_seed_42_sample_5_model.cif,91.865
h3/out/rand150/RAND_CHEMBL5867090_antagonist/seed_42/RAND_CHEMBL5867090_antagonist_seed_42_sample_1_model.cif,94.35
h3/out/rand150/RAND_CHEMBL5867090_antagonist/seed_42/RAND_CHEMBL5867090_antagonist_seed_42_sample_2_model.cif,93.85
h3/out/rand150/RAND_CHEMBL5867090_antagonist/seed_42/RAND_CHEMBL5867090_antagonist_seed_42_sample_3_model.cif,94.377
h3/out/rand150/RAND_CHEMBL5867090_antagonist/seed_42/RAND_CHEMBL5867090_antagonist_seed_42_sample_4_model.cif,94.11
h3/out/rand150/RAND_CHEMBL5867090_antagonist/seed_42/RAND_CHEMBL5867090_antagonist_seed_42_sample_5_model.cif,93.89
h3/out/rand150/RAND_CHEMBL5867540_antagonist/seed_42/RAND_CHEMBL5867540_antagonist_seed_42_sample_1_model.cif,92.636
h3/out/rand150/RAND_CHEMBL5867540_antagonist/seed_42/RAND_CHEMBL5867540_antagonist_seed_42_sample_2_model.cif,93.949
h3/out/rand150/RAND_CHEMBL5867540_antagonist/seed_42/RAND_CHEMBL5867540_antagonist_seed_42_sample_3_model.cif,92.163
h3/out/rand150/RAND_CHEMBL5867540_antagonist/seed_42/RAND_CHEMBL5867540_antagonist_seed_42_sample_4_model.cif,92.662
h3/out/rand150/RAND_CHEMBL5867540_antagonist/seed_42/RAND_CHEMBL5867540_antagonist_seed_42_sample_5_model.cif,93.587
h3/out/rand150/RAND_CHEMBL5867825_agonist/seed_42/RAND_CHEMBL5867825_agonist_seed_42_sample_1_model.cif,88.689
h3/out/rand150/RAND_CHEMBL5867825_agonist/seed_42/RAND_CHEMBL5867825_agonist_seed_42_sample_2_model.cif,89.537
h3/out/rand150/RAND_CHEMBL5867825_agonist/seed_42/RAND_CHEMBL5867825_agonist_seed_42_sample_3_model.cif,89.208
h3/out/rand150/RAND_CHEMBL5867825_agonist/seed_42/RAND_CHEMBL5867825_agonist_seed_42_sample_4_model.cif,88.681
h3/out/rand150/RAND_CHEMBL5867825_agonist/seed_42/RAND_CHEMBL5867825_agonist_seed_42_sample_5_model.cif,89.572
h3/out/rand150/RAND_CHEMBL5875081_antagonist/seed_42/RAND_CHEMBL5875081_antagonist_seed_42_sample_1_model.cif,90.066
h3/out/rand150/RAND_CHEMBL5875081_antagonist/seed_42/RAND_CHEMBL5875081_antagonist_seed_42_sample_2_model.cif,90.238
h3/out/rand150/RAND_CHEMBL5875081_antagonist/seed_42/RAND_CHEMBL5875081_antagonist_seed_42_sample_3_model.cif,90.445
h3/out/rand150/RAND_CHEMBL5875081_antagonist/seed_42/RAND_CHEMBL5875081_antagonist_seed_42_sample_4_model.cif,89.906
h3/out/rand150/RAND_CHEMBL5875081_antagonist/seed_42/RAND_CHEMBL5875081_antagonist_seed_42_sample_5_model.cif,90.894
h3/out/rand150/RAND_CHEMBL5875331_antagonist/seed_42/RAND_CHEMBL5875331_antagonist_seed_42_sample_1_model.cif,89.983
h3/out/rand150/RAND_CHEMBL5875331_antagonist/seed_42/RAND_CHEMBL5875331_antagonist_seed_42_sample_2_model.cif,90.612
h3/out/rand150/RAND_CHEMBL5875331_antagonist/seed_42/RAND_CHEMBL5875331_antagonist_seed_42_sample_3_model.cif,88.314
h3/out/rand150/RAND_CHEMBL5875331_antagonist/seed_42/RAND_CHEMBL5875331_antagonist_seed_42_sample_4_model.cif,90.72
h3/out/rand150/RAND_CHEMBL5875331_antagonist/seed_42/RAND_CHEMBL5875331_antagonist_seed_42_sample_5_model.cif,89.837
h3/out/rand150/RAND_CHEMBL5877834_antagonist/seed_42/RAND_CHEMBL5877834_antagonist_seed_42_sample_1_model.cif,93.29
h3/out/rand150/RAND_CHEMBL5877834_antagonist/seed_42/RAND_CHEMBL5877834_antagonist_seed_42_sample_2_model.cif,93.981
h3/out/rand150/RAND_CHEMBL5877834_antagonist/seed_42/RAND_CHEMBL5877834_antagonist_seed_42_sample_3_model.cif,92.742
h3/out/rand150/RAND_CHEMBL5877834_antagonist/seed_42/RAND_CHEMBL5877834_antagonist_seed_42_sample_4_model.cif,93.138
h3/out/rand150/RAND_CHEMBL5877834_antagonist/seed_42/RAND_CHEMBL5877834_antagonist_seed_42_sample_5_model.cif,90.202
h3/out/rand150/RAND_CHEMBL5880263_antagonist/seed_42/RAND_CHEMBL5880263_antagonist_seed_42_sample_1_model.cif,92.664
h3/out/rand150/RAND_CHEMBL5880263_antagonist/seed_42/RAND_CHEMBL5880263_antagonist_seed_42_sample_2_model.cif,92.694
h3/out/rand150/RAND_CHEMBL5880263_antagonist/seed_42/RAND_CHEMBL5880263_antagonist_seed_42_sample_3_model.cif,92.508
h3/out/rand150/RAND_CHEMBL5880263_antagonist/seed_42/RAND_CHEMBL5880263_antagonist_seed_42_sample_4_model.cif,93.418
h3/out/rand150/RAND_CHEMBL5880263_antagonist/seed_42/RAND_CHEMBL5880263_antagonist_seed_42_sample_5_model.cif,92.929
h3/out/rand150/RAND_CHEMBL5880489_antagonist/seed_42/RAND_CHEMBL5880489_antagonist_seed_42_sample_1_model.cif,91.841
h3/out/rand150/RAND_CHEMBL5880489_antagonist/seed_42/RAND_CHEMBL5880489_antagonist_seed_42_sample_2_model.cif,92.142
h3/out/rand150/RAND_CHEMBL5880489_antagonist/seed_42/RAND_CHEMBL5880489_antagonist_seed_42_sample_3_model.cif,91.266
h3/out/rand150/RAND_CHEMBL5880489_antagonist/seed_42/RAND_CHEMBL5880489_antagonist_seed_42_sample_4_model.cif,91.63
h3/out/rand150/RAND_CHEMBL5880489_antagonist/seed_42/RAND_CHEMBL5880489_antagonist_seed_42_sample_5_model.cif,91.952
h3/out/rand150/RAND_CHEMBL5890977_antagonist/seed_42/RAND_CHEMBL5890977_antagonist_seed_42_sample_1_model.cif,89.389
h3/out/rand150/RAND_CHEMBL5890977_antagonist/seed_42/RAND_CHEMBL5890977_antagonist_seed_42_sample_2_model.cif,87.882
h3/out/rand150/RAND_CHEMBL5890977_antagonist/seed_42/RAND_CHEMBL5890977_antagonist_seed_42_sample_3_model.cif,87.343
h3/out/rand150/RAND_CHEMBL5890977_antagonist/seed_42/RAND_CHEMBL5890977_antagonist_seed_42_sample_4_model.cif,87.658
h3/out/rand150/RAND_CHEMBL5890977_antagonist/seed_42/RAND_CHEMBL5890977_antagonist_seed_42_sample_5_model.cif,89.821
h3/out/rand150/RAND_CHEMBL5892069_agonist/seed_42/RAND_CHEMBL5892069_agonist_seed_42_sample_1_model.cif,90.64
h3/out/rand150/RAND_CHEMBL5892069_agonist/seed_42/RAND_CHEMBL5892069_agonist_seed_42_sample_2_model.cif,90.492
h3/out/rand150/RAND_CHEMBL5892069_agonist/seed_42/RAND_CHEMBL5892069_agonist_seed_42_sample_3_model.cif,90.337
h3/out/rand150/RAND_CHEMBL5892069_agonist/seed_42/RAND_CHEMBL5892069_agonist_seed_42_sample_4_model.cif,90.306
h3/out/rand150/RAND_CHEMBL5892069_agonist/seed_42/RAND_CHEMBL5892069_agonist_seed_42_sample_5_model.cif,90.433
h3/out/rand150/RAND_CHEMBL5897451_antagonist/seed_42/RAND_CHEMBL5897451_antagonist_seed_42_sample_1_model.cif,92.771
h3/out/rand150/RAND_CHEMBL5897451_antagonist/seed_42/RAND_CHEMBL5897451_antagonist_seed_42_sample_2_model.cif,94.107
h3/out/rand150/RAND_CHEMBL5897451_antagonist/seed_42/RAND_CHEMBL5897451_antagonist_seed_42_sample_3_model.cif,92.251
h3/out/rand150/RAND_CHEMBL5897451_antagonist/seed_42/RAND_CHEMBL5897451_antagonist_seed_42_sample_4_model.cif,92.924
h3/out/rand150/RAND_CHEMBL5897451_antagonist/seed_42/RAND_CHEMBL5897451_antagonist_seed_42_sample_5_model.cif,93.781
h3/out/rand150/RAND_CHEMBL5898496_antagonist/seed_42/RAND_CHEMBL5898496_antagonist_seed_42_sample_1_model.cif,89.94
h3/out/rand150/RAND_CHEMBL5898496_antagonist/seed_42/RAND_CHEMBL5898496_antagonist_seed_42_sample_2_model.cif,89.738
h3/out/rand150/RAND_CHEMBL5898496_antagonist/seed_42/RAND_CHEMBL5898496_antagonist_seed_42_sample_3_model.cif,89.338
h3/out/rand150/RAND_CHEMBL5898496_antagonist/seed_42/RAND_CHEMBL5898496_antagonist_seed_42_sample_4_model.cif,89.183
h3/out/rand150/RAND_CHEMBL5898496_antagonist/seed_42/RAND_CHEMBL5898496_antagonist_seed_42_sample_5_model.cif,89.576
h3/out/rand150/RAND_CHEMBL5902173_agonist/seed_42/RAND_CHEMBL5902173_agonist_seed_42_sample_1_model.cif,90.129
h3/out/rand150/RAND_CHEMBL5902173_agonist/seed_42/RAND_CHEMBL5902173_agonist_seed_42_sample_2_model.cif,89.913
h3/out/rand150/RAND_CHEMBL5902173_agonist/seed_42/RAND_CHEMBL5902173_agonist_seed_42_sample_3_model.cif,89.499
h3/out/rand150/RAND_CHEMBL5902173_agonist/seed_42/RAND_CHEMBL5902173_agonist_seed_42_sample_4_model.cif,89.861
h3/out/rand150/RAND_CHEMBL5902173_agonist/seed_42/RAND_CHEMBL5902173_agonist_seed_42_sample_5_model.cif,89.81
h3/out/rand150/RAND_CHEMBL5910914_antagonist/seed_42/RAND_CHEMBL5910914_antagonist_seed_42_sample_1_model.cif,91.873
h3/out/rand150/RAND_CHEMBL5910914_antagonist/seed_42/RAND_CHEMBL5910914_antagonist_seed_42_sample_2_model.cif,91.522
h3/out/rand150/RAND_CHEMBL5910914_antagonist/seed_42/RAND_CHEMBL5910914_antagonist_seed_42_sample_3_model.cif,91.543
h3/out/rand150/RAND_CHEMBL5910914_antagonist/seed_42/RAND_CHEMBL5910914_antagonist_seed_42_sample_4_model.cif,91.163
h3/out/rand150/RAND_CHEMBL5910914_antagonist/seed_42/RAND_CHEMBL5910914_antagonist_seed_42_sample_5_model.cif,90.716
h3/out/rand150/RAND_CHEMBL5918239_agonist/seed_42/RAND_CHEMBL5918239_agonist_seed_42_sample_1_model.cif,89.753
h3/out/rand150/RAND_CHEMBL5918239_agonist/seed_42/RAND_CHEMBL5918239_agonist_seed_42_sample_2_model.cif,88.838
h3/out/rand150/RAND_CHEMBL5918239_agonist/seed_42/RAND_CHEMBL5918239_agonist_seed_42_sample_3_model.cif,88.965
h3/out/rand150/RAND_CHEMBL5918239_agonist/seed_42/RAND_CHEMBL5918239_agonist_seed_42_sample_4_model.cif,89.012
h3/out/rand150/RAND_CHEMBL5918239_agonist/seed_42/RAND_CHEMBL5918239_agonist_seed_42_sample_5_model.cif,89.501
h3/out/rand150/RAND_CHEMBL5920888_agonist/seed_42/RAND_CHEMBL5920888_agonist_seed_42_sample_1_model.cif,89.957
h3/out/rand150/RAND_CHEMBL5920888_agonist/seed_42/RAND_CHEMBL5920888_agonist_seed_42_sample_2_model.cif,90.523
h3/out/rand150/RAND_CHEMBL5920888_agonist/seed_42/RAND_CHEMBL5920888_agonist_seed_42_sample_3_model.cif,90.056
h3/out/rand150/RAND_CHEMBL5920888_agonist/seed_42/RAND_CHEMBL5920888_agonist_seed_42_sample_4_model.cif,90.996
h3/out/rand150/RAND_CHEMBL5920888_agonist/seed_42/RAND_CHEMBL5920888_agonist_seed_42_sample_5_model.cif,89.84
h3/out/rand150/RAND_CHEMBL5940583_agonist/seed_42/RAND_CHEMBL5940583_agonist_seed_42_sample_1_model.cif,90.22
h3/out/rand150/RAND_CHEMBL5940583_agonist/seed_42/RAND_CHEMBL5940583_agonist_seed_42_sample_2_model.cif,90.645
h3/out/rand150/RAND_CHEMBL5940583_agonist/seed_42/RAND_CHEMBL5940583_agonist_seed_42_sample_3_model.cif,89.965
h3/out/rand150/RAND_CHEMBL5940583_agonist/seed_42/RAND_CHEMBL5940583_agonist_seed_42_sample_4_model.cif,90.582
h3/out/rand150/RAND_CHEMBL5940583_agonist/seed_42/RAND_CHEMBL5940583_agonist_seed_42_sample_5_model.cif,90.8
h3/out/rand150/RAND_CHEMBL5943144_antagonist/seed_42/RAND_CHEMBL5943144_antagonist_seed_42_sample_1_model.cif,89.158
h3/out/rand150/RAND_CHEMBL5943144_antagonist/seed_42/RAND_CHEMBL5943144_antagonist_seed_42_sample_2_model.cif,89.679
h3/out/rand150/RAND_CHEMBL5943144_antagonist/seed_42/RAND_CHEMBL5943144_antagonist_seed_42_sample_3_model.cif,88.947
h3/out/rand150/RAND_CHEMBL5943144_antagonist/seed_42/RAND_CHEMBL5943144_antagonist_seed_42_sample_4_model.cif,89.474
h3/out/rand150/RAND_CHEMBL5943144_antagonist/seed_42/RAND_CHEMBL5943144_antagonist_seed_42_sample_5_model.cif,89.51
h3/out/rand150/RAND_CHEMBL5943390_agonist/seed_42/RAND_CHEMBL5943390_agonist_seed_42_sample_1_model.cif,90.763
h3/out/rand150/RAND_CHEMBL5943390_agonist/seed_42/RAND_CHEMBL5943390_agonist_seed_42_sample_2_model.cif,90.764
h3/out/rand150/RAND_CHEMBL5943390_agonist/seed_42/RAND_CHEMBL5943390_agonist_seed_42_sample_3_model.cif,90.513
h3/out/rand150/RAND_CHEMBL5943390_agonist/seed_42/RAND_CHEMBL5943390_agonist_seed_42_sample_4_model.cif,90.626
h3/out/rand150/RAND_CHEMBL5943390_agonist/seed_42/RAND_CHEMBL5943390_agonist_seed_42_sample_5_model.cif,90.676
h3/out/rand150/RAND_CHEMBL5944112_antagonist/seed_42/RAND_CHEMBL5944112_antagonist_seed_42_sample_1_model.cif,91.669
h3/out/rand150/RAND_CHEMBL5944112_antagonist/seed_42/RAND_CHEMBL5944112_antagonist_seed_42_sample_2_model.cif,91.616
h3/out/rand150/RAND_CHEMBL5944112_antagonist/seed_42/RAND_CHEMBL5944112_antagonist_seed_42_sample_3_model.cif,91.468
h3/out/rand150/RAND_CHEMBL5944112_antagonist/seed_42/RAND_CHEMBL5944112_antagonist_seed_42_sample_4_model.cif,91.412
h3/out/rand150/RAND_CHEMBL5944112_antagonist/seed_42/RAND_CHEMBL5944112_antagonist_seed_42_sample_5_model.cif,90.812
h3/out/rand150/RAND_CHEMBL5951176_agonist/seed_42/RAND_CHEMBL5951176_agonist_seed_42_sample_1_model.cif,90.309
h3/out/rand150/RAND_CHEMBL5951176_agonist/seed_42/RAND_CHEMBL5951176_agonist_seed_42_sample_2_model.cif,90.408
h3/out/rand150/RAND_CHEMBL5951176_agonist/seed_42/RAND_CHEMBL5951176_agonist_seed_42_sample_3_model.cif,90.074
h3/out/rand150/RAND_CHEMBL5951176_agonist/seed_42/RAND_CHEMBL5951176_agonist_seed_42_sample_4_model.cif,90.418
h3/out/rand150/RAND_CHEMBL5951176_agonist/seed_42/RAND_CHEMBL5951176_agonist_seed_42_sample_5_model.cif,90.048
h3/out/rand150/RAND_CHEMBL5953210_agonist/seed_42/RAND_CHEMBL5953210_agonist_seed_42_sample_1_model.cif,90.055
h3/out/rand150/RAND_CHEMBL5953210_agonist/seed_42/RAND_CHEMBL5953210_agonist_seed_42_sample_2_model.cif,90.768
h3/out/rand150/RAND_CHEMBL5953210_agonist/seed_42/RAND_CHEMBL5953210_agonist_seed_42_sample_3_model.cif,90.745
h3/out/rand150/RAND_CHEMBL5953210_agonist/seed_42/RAND_CHEMBL5953210_agonist_seed_42_sample_4_model.cif,90.776
h3/out/rand150/RAND_CHEMBL5953210_agonist/seed_42/RAND_CHEMBL5953210_agonist_seed_42_sample_5_model.cif,90.876
h3/out/rand150/RAND_CHEMBL5962887_antagonist/seed_42/RAND_CHEMBL5962887_antagonist_seed_42_sample_1_model.cif,88.805
h3/out/rand150/RAND_CHEMBL5962887_antagonist/seed_42/RAND_CHEMBL5962887_antagonist_seed_42_sample_2_model.cif,91.274
h3/out/rand150/RAND_CHEMBL5962887_antagonist/seed_42/RAND_CHEMBL5962887_antagonist_seed_42_sample_3_model.cif,90.624
h3/out/rand150/RAND_CHEMBL5962887_antagonist/seed_42/RAND_CHEMBL5962887_antagonist_seed_42_sample_4_model.cif,88.235
h3/out/rand150/RAND_CHEMBL5962887_antagonist/seed_42/RAND_CHEMBL5962887_antagonist_seed_42_sample_5_model.cif,90.461
h3/out/rand150/RAND_CHEMBL5965241_antagonist/seed_42/RAND_CHEMBL5965241_antagonist_seed_42_sample_1_model.cif,92.224
h3/out/rand150/RAND_CHEMBL5965241_antagonist/seed_42/RAND_CHEMBL5965241_antagonist_seed_42_sample_2_model.cif,91.06
h3/out/rand150/RAND_CHEMBL5965241_antagonist/seed_42/RAND_CHEMBL5965241_antagonist_seed_42_sample_3_model.cif,92.375
h3/out/rand150/RAND_CHEMBL5965241_antagonist/seed_42/RAND_CHEMBL5965241_antagonist_seed_42_sample_4_model.cif,91.708
h3/out/rand150/RAND_CHEMBL5965241_antagonist/seed_42/RAND_CHEMBL5965241_antagonist_seed_42_sample_5_model.cif,92.196
h3/out/rand150/RAND_CHEMBL5972735_antagonist/seed_42/RAND_CHEMBL5972735_antagonist_seed_42_sample_1_model.cif,90.914
h3/out/rand150/RAND_CHEMBL5972735_antagonist/seed_42/RAND_CHEMBL5972735_antagonist_seed_42_sample_2_model.cif,90.515
h3/out/rand150/RAND_CHEMBL5972735_antagonist/seed_42/RAND_CHEMBL5972735_antagonist_seed_42_sample_3_model.cif,90.734
h3/out/rand150/RAND_CHEMBL5972735_antagonist/seed_42/RAND_CHEMBL5972735_antagonist_seed_42_sample_4_model.cif,90.369
h3/out/rand150/RAND_CHEMBL5972735_antagonist/seed_42/RAND_CHEMBL5972735_antagonist_seed_42_sample_5_model.cif,90.746
h3/out/rand150/RAND_CHEMBL5974193_agonist/seed_42/RAND_CHEMBL5974193_agonist_seed_42_sample_1_model.cif,90.76
h3/out/rand150/RAND_CHEMBL5974193_agonist/seed_42/RAND_CHEMBL5974193_agonist_seed_42_sample_2_model.cif,90.709
h3/out/rand150/RAND_CHEMBL5974193_agonist/seed_42/RAND_CHEMBL5974193_agonist_seed_42_sample_3_model.cif,90.561
h3/out/rand150/RAND_CHEMBL5974193_agonist/seed_42/RAND_CHEMBL5974193_agonist_seed_42_sample_4_model.cif,91.086
h3/out/rand150/RAND_CHEMBL5974193_agonist/seed_42/RAND_CHEMBL5974193_agonist_seed_42_sample_5_model.cif,90.53
h3/out/rand150/RAND_CHEMBL5984085_antagonist/seed_42/RAND_CHEMBL5984085_antagonist_seed_42_sample_1_model.cif,90.342
h3/out/rand150/RAND_CHEMBL5984085_antagonist/seed_42/RAND_CHEMBL5984085_antagonist_seed_42_sample_2_model.cif,89.061
h3/out/rand150/RAND_CHEMBL5984085_antagonist/seed_42/RAND_CHEMBL5984085_antagonist_seed_42_sample_3_model.cif,88.815
h3/out/rand150/RAND_CHEMBL5984085_antagonist/seed_42/RAND_CHEMBL5984085_antagonist_seed_42_sample_4_model.cif,88.945
h3/out/rand150/RAND_CHEMBL5984085_antagonist/seed_42/RAND_CHEMBL5984085_antagonist_seed_42_sample_5_model.cif,90.44
h3/out/rand150/RAND_CHEMBL5986130_agonist/seed_42/RAND_CHEMBL5986130_agonist_seed_42_sample_1_model.cif,89.026
h3/out/rand150/RAND_CHEMBL5986130_agonist/seed_42/RAND_CHEMBL5986130_agonist_seed_42_sample_2_model.cif,89.355
h3/out/rand150/RAND_CHEMBL5986130_agonist/seed_42/RAND_CHEMBL5986130_agonist_seed_42_sample_3_model.cif,89.532
h3/out/rand150/RAND_CHEMBL5986130_agonist/seed_42/RAND_CHEMBL5986130_agonist_seed_42_sample_4_model.cif,89.727
h3/out/rand150/RAND_CHEMBL5986130_agonist/seed_42/RAND_CHEMBL5986130_agonist_seed_42_sample_5_model.cif,90.423
h3/out/rand150/RAND_CHEMBL5990020_antagonist/seed_42/RAND_CHEMBL5990020_antagonist_seed_42_sample_1_model.cif,90.9
h3/out/rand150/RAND_CHEMBL5990020_antagonist/seed_42/RAND_CHEMBL5990020_antagonist_seed_42_sample_2_model.cif,91.492
h3/out/rand150/RAND_CHEMBL5990020_antagonist/seed_42/RAND_CHEMBL5990020_antagonist_seed_42_sample_3_model.cif,90.751
h3/out/rand150/RAND_CHEMBL5990020_antagonist/seed_42/RAND_CHEMBL5990020_antagonist_seed_42_sample_4_model.cif,91.524
h3/out/rand150/RAND_CHEMBL5990020_antagonist/seed_42/RAND_CHEMBL5990020_antagonist_seed_42_sample_5_model.cif,91.149
h3/out/rand150/RAND_CHEMBL5993128_agonist/seed_42/RAND_CHEMBL5993128_agonist_seed_42_sample_1_model.cif,90.066
h3/out/rand150/RAND_CHEMBL5993128_agonist/seed_42/RAND_CHEMBL5993128_agonist_seed_42_sample_2_model.cif,90.14
h3/out/rand150/RAND_CHEMBL5993128_agonist/seed_42/RAND_CHEMBL5993128_agonist_seed_42_sample_3_model.cif,89.966
h3/out/rand150/RAND_CHEMBL5993128_agonist/seed_42/RAND_CHEMBL5993128_agonist_seed_42_sample_4_model.cif,89.947
h3/out/rand150/RAND_CHEMBL5993128_agonist/seed_42/RAND_CHEMBL5993128_agonist_seed_42_sample_5_model.cif,90.954
h3/out/rand150/RAND_CHEMBL5998039_antagonist/seed_42/RAND_CHEMBL5998039_antagonist_seed_42_sample_1_model.cif,89.227
h3/out/rand150/RAND_CHEMBL5998039_antagonist/seed_42/RAND_CHEMBL5998039_antagonist_seed_42_sample_2_model.cif,88.832
h3/out/rand150/RAND_CHEMBL5998039_antagonist/seed_42/RAND_CHEMBL5998039_antagonist_seed_42_sample_3_model.cif,89.176
h3/out/rand150/RAND_CHEMBL5998039_antagonist/seed_42/RAND_CHEMBL5998039_antagonist_seed_42_sample_4_model.cif,88.883
h3/out/rand150/RAND_CHEMBL5998039_antagonist/seed_42/RAND_CHEMBL5998039_antagonist_seed_42_sample_5_model.cif,91.19
h3/out/rand150/RAND_CHEMBL5998057_antagonist/seed_42/RAND_CHEMBL5998057_antagonist_seed_42_sample_1_model.cif,90.852
h3/out/rand150/RAND_CHEMBL5998057_antagonist/seed_42/RAND_CHEMBL5998057_antagonist_seed_42_sample_2_model.cif,90.184
h3/out/rand150/RAND_CHEMBL5998057_antagonist/seed_42/RAND_CHEMBL5998057_antagonist_seed_42_sample_3_model.cif,89.927
h3/out/rand150/RAND_CHEMBL5998057_antagonist/seed_42/RAND_CHEMBL5998057_antagonist_seed_42_sample_4_model.cif,89.895
h3/out/rand150/RAND_CHEMBL5998057_antagonist/seed_42/RAND_CHEMBL5998057_antagonist_seed_42_sample_5_model.cif,91.114
h3/out/rand150/RAND_CHEMBL6001168_agonist/seed_42/RAND_CHEMBL6001168_agonist_seed_42_sample_1_model.cif,89.585
h3/out/rand150/RAND_CHEMBL6001168_agonist/seed_42/RAND_CHEMBL6001168_agonist_seed_42_sample_2_model.cif,89.972
h3/out/rand150/RAND_CHEMBL6001168_agonist/seed_42/RAND_CHEMBL6001168_agonist_seed_42_sample_3_model.cif,89.739
h3/out/rand150/RAND_CHEMBL6001168_agonist/seed_42/RAND_CHEMBL6001168_agonist_seed_42_sample_4_model.cif,90.027
h3/out/rand150/RAND_CHEMBL6001168_agonist/seed_42/RAND_CHEMBL6001168_agonist_seed_42_sample_5_model.cif,89.471
h3/out/rand150/RAND_CHEMBL6003966_antagonist/seed_42/RAND_CHEMBL6003966_antagonist_seed_42_sample_1_model.cif,89.172
h3/out/rand150/RAND_CHEMBL6003966_antagonist/seed_42/RAND_CHEMBL6003966_antagonist_seed_42_sample_2_model.cif,89.327
h3/out/rand150/RAND_CHEMBL6003966_antagonist/seed_42/RAND_CHEMBL6003966_antagonist_seed_42_sample_3_model.cif,88.412
h3/out/rand150/RAND_CHEMBL6003966_antagonist/seed_42/RAND_CHEMBL6003966_antagonist_seed_42_sample_4_model.cif,88.685
h3/out/rand150/RAND_CHEMBL6003966_antagonist/seed_42/RAND_CHEMBL6003966_antagonist_seed_42_sample_5_model.cif,89.424
h3/out/rand150/RAND_CHEMBL6007121_antagonist/seed_42/RAND_CHEMBL6007121_antagonist_seed_42_sample_1_model.cif,93.838
h3/out/rand150/RAND_CHEMBL6007121_antagonist/seed_42/RAND_CHEMBL6007121_antagonist_seed_42_sample_2_model.cif,94.016
h3/out/rand150/RAND_CHEMBL6007121_antagonist/seed_42/RAND_CHEMBL6007121_antagonist_seed_42_sample_3_model.cif,93.801
h3/out/rand150/RAND_CHEMBL6007121_antagonist/seed_42/RAND_CHEMBL6007121_antagonist_seed_42_sample_4_model.cif,93.421
h3/out/rand150/RAND_CHEMBL6007121_antagonist/seed_42/RAND_CHEMBL6007121_antagonist_seed_42_sample_5_model.cif,94.017
h3/out/rand150/RAND_CHEMBL6011105_agonist/seed_42/RAND_CHEMBL6011105_agonist_seed_42_sample_1_model.cif,90.314
h3/out/rand150/RAND_CHEMBL6011105_agonist/seed_42/RAND_CHEMBL6011105_agonist_seed_42_sample_2_model.cif,90.398
h3/out/rand150/RAND_CHEMBL6011105_agonist/seed_42/RAND_CHEMBL6011105_agonist_seed_42_sample_3_model.cif,89.78
h3/out/rand150/RAND_CHEMBL6011105_agonist/seed_42/RAND_CHEMBL6011105_agonist_seed_42_sample_4_model.cif,91.101
h3/out/rand150/RAND_CHEMBL6011105_agonist/seed_42/RAND_CHEMBL6011105_agonist_seed_42_sample_5_model.cif,90.374
h3/out/rand150/RAND_CHEMBL6016295_agonist/seed_42/RAND_CHEMBL6016295_agonist_seed_42_sample_1_model.cif,89.601
h3/out/rand150/RAND_CHEMBL6016295_agonist/seed_42/RAND_CHEMBL6016295_agonist_seed_42_sample_2_model.cif,90.21
h3/out/rand150/RAND_CHEMBL6016295_agonist/seed_42/RAND_CHEMBL6016295_agonist_seed_42_sample_3_model.cif,89.409
h3/out/rand150/RAND_CHEMBL6016295_agonist/seed_42/RAND_CHEMBL6016295_agonist_seed_42_sample_4_model.cif,89.725
h3/out/rand150/RAND_CHEMBL6016295_agonist/seed_42/RAND_CHEMBL6016295_agonist_seed_42_sample_5_model.cif,89.294
h3/out/rand150/RAND_CHEMBL6016819_agonist/seed_42/RAND_CHEMBL6016819_agonist_seed_42_sample_1_model.cif,89.941
h3/out/rand150/RAND_CHEMBL6016819_agonist/seed_42/RAND_CHEMBL6016819_agonist_seed_42_sample_2_model.cif,90.364
h3/out/rand150/RAND_CHEMBL6016819_agonist/seed_42/RAND_CHEMBL6016819_agonist_seed_42_sample_3_model.cif,89.882
h3/out/rand150/RAND_CHEMBL6016819_agonist/seed_42/RAND_CHEMBL6016819_agonist_seed_42_sample_4_model.cif,89.966
h3/out/rand150/RAND_CHEMBL6016819_agonist/seed_42/RAND_CHEMBL6016819_agonist_seed_42_sample_5_model.cif,89.583
h3/out/rand150/RAND_CHEMBL6023400_agonist/seed_42/RAND_CHEMBL6023400_agonist_seed_42_sample_1_model.cif,88.991
h3/out/rand150/RAND_CHEMBL6023400_agonist/seed_42/RAND_CHEMBL6023400_agonist_seed_42_sample_2_model.cif,89.579
h3/out/rand150/RAND_CHEMBL6023400_agonist/seed_42/RAND_CHEMBL6023400_agonist_seed_42_sample_3_model.cif,89.373
h3/out/rand150/RAND_CHEMBL6023400_agonist/seed_42/RAND_CHEMBL6023400_agonist_seed_42_sample_4_model.cif,89.744
h3/out/rand150/RAND_CHEMBL6023400_agonist/seed_42/RAND_CHEMBL6023400_agonist_seed_42_sample_5_model.cif,89.202
h3/out/rand150/RAND_CHEMBL6023459_agonist/seed_42/RAND_CHEMBL6023459_agonist_seed_42_sample_1_model.cif,90.482
h3/out/rand150/RAND_CHEMBL6023459_agonist/seed_42/RAND_CHEMBL6023459_agonist_seed_42_sample_2_model.cif,91.321
h3/out/rand150/RAND_CHEMBL6023459_agonist/seed_42/RAND_CHEMBL6023459_agonist_seed_42_sample_3_model.cif,90.082
h3/out/rand150/RAND_CHEMBL6023459_agonist/seed_42/RAND_CHEMBL6023459_agonist_seed_42_sample_4_model.cif,90.512
h3/out/rand150/RAND_CHEMBL6023459_agonist/seed_42/RAND_CHEMBL6023459_agonist_seed_42_sample_5_model.cif,91.401
h3/out/rand150/RAND_CHEMBL6028453_antagonist/seed_42/RAND_CHEMBL6028453_antagonist_seed_42_sample_1_model.cif,91.652
h3/out/rand150/RAND_CHEMBL6028453_antagonist/seed_42/RAND_CHEMBL6028453_antagonist_seed_42_sample_2_model.cif,91.623
h3/out/rand150/RAND_CHEMBL6028453_antagonist/seed_42/RAND_CHEMBL6028453_antagonist_seed_42_sample_3_model.cif,91.829
h3/out/rand150/RAND_CHEMBL6028453_antagonist/seed_42/RAND_CHEMBL6028453_antagonist_seed_42_sample_4_model.cif,90.918
h3/out/rand150/RAND_CHEMBL6028453_antagonist/seed_42/RAND_CHEMBL6028453_antagonist_seed_42_sample_5_model.cif,92.361
h3/out/rand150/RAND_CHEMBL6031221_antagonist/seed_42/RAND_CHEMBL6031221_antagonist_seed_42_sample_1_model.cif,91.418
h3/out/rand150/RAND_CHEMBL6031221_antagonist/seed_42/RAND_CHEMBL6031221_antagonist_seed_42_sample_2_model.cif,90.126
h3/out/rand150/RAND_CHEMBL6031221_antagonist/seed_42/RAND_CHEMBL6031221_antagonist_seed_42_sample_3_model.cif,89.753
h3/out/rand150/RAND_CHEMBL6031221_antagonist/seed_42/RAND_CHEMBL6031221_antagonist_seed_42_sample_4_model.cif,89.888
h3/out/rand150/RAND_CHEMBL6031221_antagonist/seed_42/RAND_CHEMBL6031221_antagonist_seed_42_sample_5_model.cif,91.074
h3/out/rand150/RAND_CHEMBL6034054_antagonist/seed_42/RAND_CHEMBL6034054_antagonist_seed_42_sample_1_model.cif,90.597
h3/out/rand150/RAND_CHEMBL6034054_antagonist/seed_42/RAND_CHEMBL6034054_antagonist_seed_42_sample_2_model.cif,90.809
h3/out/rand150/RAND_CHEMBL6034054_antagonist/seed_42/RAND_CHEMBL6034054_antagonist_seed_42_sample_3_model.cif,90.781
h3/out/rand150/RAND_CHEMBL6034054_antagonist/seed_42/RAND_CHEMBL6034054_antagonist_seed_42_sample_4_model.cif,90.119
h3/out/rand150/RAND_CHEMBL6034054_antagonist/seed_42/RAND_CHEMBL6034054_antagonist_seed_42_sample_5_model.cif,90.432
h3/out/rand150/RAND_CHEMBL6052651_antagonist/seed_42/RAND_CHEMBL6052651_antagonist_seed_42_sample_1_model.cif,89.798
h3/out/rand150/RAND_CHEMBL6052651_antagonist/seed_42/RAND_CHEMBL6052651_antagonist_seed_42_sample_2_model.cif,89.933
h3/out/rand150/RAND_CHEMBL6052651_antagonist/seed_42/RAND_CHEMBL6052651_antagonist_seed_42_sample_3_model.cif,90.01
h3/out/rand150/RAND_CHEMBL6052651_antagonist/seed_42/RAND_CHEMBL6052651_antagonist_seed_42_sample_4_model.cif,89.869
h3/out/rand150/RAND_CHEMBL6052651_antagonist/seed_42/RAND_CHEMBL6052651_antagonist_seed_42_sample_5_model.cif,90.425
h3/out/rand150/RAND_CHEMBL6053001_antagonist/seed_42/RAND_CHEMBL6053001_antagonist_seed_42_sample_1_model.cif,91.547
h3/out/rand150/RAND_CHEMBL6053001_antagonist/seed_42/RAND_CHEMBL6053001_antagonist_seed_42_sample_2_model.cif,91.014
h3/out/rand150/RAND_CHEMBL6053001_antagonist/seed_42/RAND_CHEMBL6053001_antagonist_seed_42_sample_3_model.cif,91.636
h3/out/rand150/RAND_CHEMBL6053001_antagonist/seed_42/RAND_CHEMBL6053001_antagonist_seed_42_sample_4_model.cif,90.841
h3/out/rand150/RAND_CHEMBL6053001_antagonist/seed_42/RAND_CHEMBL6053001_antagonist_seed_42_sample_5_model.cif,90.763
h3/out/rand150/RAND_CHEMBL6055423_agonist/seed_42/RAND_CHEMBL6055423_agonist_seed_42_sample_1_model.cif,90.827
h3/out/rand150/RAND_CHEMBL6055423_agonist/seed_42/RAND_CHEMBL6055423_agonist_seed_42_sample_2_model.cif,90.671
h3/out/rand150/RAND_CHEMBL6055423_agonist/seed_42/RAND_CHEMBL6055423_agonist_seed_42_sample_3_model.cif,90.486
h3/out/rand150/RAND_CHEMBL6055423_agonist/seed_42/RAND_CHEMBL6055423_agonist_seed_42_sample_4_model.cif,90.778
h3/out/rand150/RAND_CHEMBL6055423_agonist/seed_42/RAND_CHEMBL6055423_agonist_seed_42_sample_5_model.cif,91.025
h3/out/rand150/RAND_CHEMBL6060615_antagonist/seed_42/RAND_CHEMBL6060615_antagonist_seed_42_sample_1_model.cif,92.226
h3/out/rand150/RAND_CHEMBL6060615_antagonist/seed_42/RAND_CHEMBL6060615_antagonist_seed_42_sample_2_model.cif,92.441
h3/out/rand150/RAND_CHEMBL6060615_antagonist/seed_42/RAND_CHEMBL6060615_antagonist_seed_42_sample_3_model.cif,92.132
h3/out/rand150/RAND_CHEMBL6060615_antagonist/seed_42/RAND_CHEMBL6060615_antagonist_seed_42_sample_4_model.cif,92.266
h3/out/rand150/RAND_CHEMBL6060615_antagonist/seed_42/RAND_CHEMBL6060615_antagonist_seed_42_sample_5_model.cif,92.46
h3/out/rand150/RAND_CHEMBL6063063_antagonist/seed_42/RAND_CHEMBL6063063_antagonist_seed_42_sample_1_model.cif,92.084
h3/out/rand150/RAND_CHEMBL6063063_antagonist/seed_42/RAND_CHEMBL6063063_antagonist_seed_42_sample_2_model.cif,92.751
h3/out/rand150/RAND_CHEMBL6063063_antagonist/seed_42/RAND_CHEMBL6063063_antagonist_seed_42_sample_3_model.cif,91.227
h3/out/rand150/RAND_CHEMBL6063063_antagonist/seed_42/RAND_CHEMBL6063063_antagonist_seed_42_sample_4_model.cif,91.47
h3/out/rand150/RAND_CHEMBL6063063_antagonist/seed_42/RAND_CHEMBL6063063_antagonist_seed_42_sample_5_model.cif,90.722
h3/out/rand150/RAND_CHEMBL6063921_agonist/seed_42/RAND_CHEMBL6063921_agonist_seed_42_sample_1_model.cif,89.581
h3/out/rand150/RAND_CHEMBL6063921_agonist/seed_42/RAND_CHEMBL6063921_agonist_seed_42_sample_2_model.cif,90.591
h3/out/rand150/RAND_CHEMBL6063921_agonist/seed_42/RAND_CHEMBL6063921_agonist_seed_42_sample_3_model.cif,89.803
h3/out/rand150/RAND_CHEMBL6063921_agonist/seed_42/RAND_CHEMBL6063921_agonist_seed_42_sample_4_model.cif,90.622
h3/out/rand150/RAND_CHEMBL6063921_agonist/seed_42/RAND_CHEMBL6063921_agonist_seed_42_sample_5_model.cif,90.006
h3/out/rand150/RAND_CHEMBL6064848_antagonist/seed_42/RAND_CHEMBL6064848_antagonist_seed_42_sample_1_model.cif,90.302
h3/out/rand150/RAND_CHEMBL6064848_antagonist/seed_42/RAND_CHEMBL6064848_antagonist_seed_42_sample_2_model.cif,90.065
h3/out/rand150/RAND_CHEMBL6064848_antagonist/seed_42/RAND_CHEMBL6064848_antagonist_seed_42_sample_3_model.cif,90.123
h3/out/rand150/RAND_CHEMBL6064848_antagonist/seed_42/RAND_CHEMBL6064848_antagonist_seed_42_sample_4_model.cif,89.975
h3/out/rand150/RAND_CHEMBL6064848_antagonist/seed_42/RAND_CHEMBL6064848_antagonist_seed_42_sample_5_model.cif,90.275
