relative_path,size_bytes,sha256
h2/out/depth_128/H2_msa_titration/seed_42/H2_msa_titration_seed_42_sample_10_scores.json,1078002,589be464e975a0b946fcc6a6284fc354e6e58e3960174d18c0726a2ea77bd5b9
h2/out/depth_128/H2_msa_titration/seed_42/H2_msa_titration_seed_42_sample_1_scores.json,1077663,5c756c24e884dbf443f811e7bc369c645475e5b94f9e99af9d83398b2138980d
h2/out/depth_128/H2_msa_titration/seed_42/H2_msa_titration_seed_42_sample_2_scores.json,1077507,6e9985a09c829c50632fcb54c01bdc1f4d3c2864b435985b27e18489a11b251f
h2/out/depth_128/H2_msa_titration/seed_42/H2_msa_titration_seed_42_sample_3_scores.json,1077695,27f0ea8d54195d669a184122b3d4bbc4f9dc45bfe806efc576e8c08a2032aa2e
h2/out/depth_128/H2_msa_titration/seed_42/H2_msa_titration_seed_42_sample_4_scores.json,1078008,fe883764814d926a85c393bad7c72982537d76e4a3fd466ccc1852654e0ff230
h2/out/depth_128/H2_msa_titration/seed_42/H2_msa_titration_seed_42_sample_5_scores.json,1077473,e799bf03b6d324ac140d940e64f22e34bed17b73e339e793f553caef987fcc9a
h2/out/depth_128/H2_msa_titration/seed_42/H2_msa_titration_seed_42_sample_6_scores.json,1077448,65018cacfac061f1eedcd2262ce82fd4b13cf08acde13af8f8aa31527c99270e
h2/out/depth_128/H2_msa_titration/seed_42/H2_msa_titration_seed_42_sample_7_scores.json,1077725,ada0ef721c6eea63d876a26ad887478c63223f23264b142fda02789c02a4d868
h2/out/depth_128/H2_msa_titration/seed_42/H2_msa_titration_seed_42_sample_8_scores.json,1077689,d1d965e234acc71958a1c3e6b88c02507eddb464083d80108c8e8ecd5fc3bd9e
h2/out/depth_128/H2_msa_titration/seed_42/H2_msa_titration_seed_42_sample_9_scores.json,1077690,0f332aa5b080e82e842d64921beb52a58255521f8bf55927f6bfc3e019676adb
h2/out/depth_128/H2_msa_titration/seed_43/H2_msa_titration_seed_43_sample_10_scores.json,1078079,575a716f5ffc5b92a5024a63c13428a9497000328aea7d8218e45f3b1c03f8d8
h2/out/depth_128/H2_msa_titration/seed_43/H2_msa_titration_seed_43_sample_1_scores.json,1077202,e3f0e1e0262b8339fa2ac92586e0422d91a05ee2ecb69306516164efe35637cf
h2/out/depth_128/H2_msa_titration/seed_43/H2_msa_titration_seed_43_sample_2_scores.json,1077547,ba3c9e1bb4c047a4ba254a37884fbcf2c193d0ae274d5b6d252119866ddf4f54
h2/out/depth_128/H2_msa_titration/seed_43/H2_msa_titration_seed_43_sample_3_scores.json,1077209,dbb152347026e7578f5ca4ac05128893c5a4b87f51f4eed8ca385b431705c898
h2/out/depth_128/H2_msa_titration/seed_43/H2_msa_titration_seed_43_sample_4_scores.json,1077558,b6f483b4c1baf1a5f6d074265ec65a0989f2693175ab4fae7cf5a79e9669c1ce
h2/out/depth_128/H2_msa_titration/seed_43/H2_msa_titration_seed_43_sample_5_scores.json,1077595,f1003e170d2c0e21046ee8b41629deccd2356526b716baeabcd62a36515634f5
h2/out/depth_128/H2_msa_titration/seed_43/H2_msa_titration_seed_43_sample_6_scores.json,1077651,d1622dcb5250a98b680a95e688c98ccfe5ae31c1d8ac4cdc484eea95e6991719
h2/out/depth_128/H2_msa_titration/seed_43/H2_msa_titration_seed_43_sample_7_scores.json,1077597,599823de9e5ef262e68001e946c1874b870cc0b66bb80cefea7ee56dabc11290
h2/out/depth_128/H2_msa_titration/seed_43/H2_msa_titration_seed_43_sample_8_scores.json,1077569,65201812eede7b5b3a04d63cb3cd4519939f6527a7d3342e439c36102d30bab6
h2/out/depth_128/H2_msa_titration/seed_43/H2_msa_titration_seed_43_sample_9_scores.json,1077946,1c38d0849b8b6eb94f09cabb0620b7ed777c47efceb7aca777acb191206e1cbe
h2/out/depth_128/H2_msa_titration/seed_44/H2_msa_titration_seed_44_sample_10_scores.json,1078176,ed1644c230a9ca2091bc91d642873ed0b29a79d8482385cb4d438e79f3af241a
h2/out/depth_128/H2_msa_titration/seed_44/H2_msa_titration_seed_44_sample_1_scores.json,1078042,c3c1929e83f2c50ef93b8b71cd12d06b6a520e14850a71804f0c3c57d3ba53f4
h2/out/depth_128/H2_msa_titration/seed_44/H2_msa_titration_seed_44_sample_2_scores.json,1077938,d5281dceceaf92f4c97693144749a48898de703551957ea9d8a5861c4b0df1d7
h2/out/depth_128/H2_msa_titration/seed_44/H2_msa_titration_seed_44_sample_3_scores.json,1077899,8f3ca80e241c1b2fb862215ed348a31cd1a94921db5c257d179578ee51438c59
h2/out/depth_128/H2_msa_titration/seed_44/H2_msa_titration_seed_44_sample_4_scores.json,1077606,1cb99ccaca1754afa97eea208142f4640c31046a0641e922110cd4434c5c9052
h2/out/depth_128/H2_msa_titration/seed_44/H2_msa_titration_seed_44_sample_5_scores.json,1077905,c1f3650ced1c5f5e5cf12791ceb4aa1897168ad124aa714c08635edf159aa14a
h2/out/depth_128/H2_msa_titration/seed_44/H2_msa_titration_seed_44_sample_6_scores.json,1077486,b8af4ec3669b882ff7f7fee193eee7603026c41b2e30781b0148e2011d7de312
h2/out/depth_128/H2_msa_titration/seed_44/H2_msa_titration_seed_44_sample_7_scores.json,1078064,e1a7e723372f852c336f684d7799ad46a839afaffacae72df59bc596156524b2
h2/out/depth_128/H2_msa_titration/seed_44/H2_msa_titration_seed_44_sample_8_scores.json,1078118,06c778a4e9667663b28371fc6d256faf0a67c2574de5a57edfb00e36e349ed78
h2/out/depth_128/H2_msa_titration/seed_44/H2_msa_titration_seed_44_sample_9_scores.json,1077977,34620912ce1e24ef1d872b319ce2cf793acfd51529438ee922c6eefa129a5fec
h2/out/depth_128/H2_msa_titration/seed_45/H2_msa_titration_seed_45_sample_10_scores.json,1077899,ca6ceb616f27cad0770884b250b0b3e3f67c284bfb7d281d10baf71e1465e97b
h2/out/depth_128/H2_msa_titration/seed_45/H2_msa_titration_seed_45_sample_1_scores.json,1077447,25a3f662c39e345cb654aa36ecbf6540ab236e2266d739f0d2aa7a0d702f0f0e
h2/out/depth_128/H2_msa_titration/seed_45/H2_msa_titration_seed_45_sample_2_scores.json,1077584,379fd5c7906807ce00d21ba771a22bbdf2e30de6b63407c71d3b1d6ace761dfd
h2/out/depth_128/H2_msa_titration/seed_45/H2_msa_titration_seed_45_sample_3_scores.json,1077559,5192ac107a2fd2ca7c9fe4e6b06609e1e2e29c4b903b304773e4454b6fd724bd
h2/out/depth_128/H2_msa_titration/seed_45/H2_msa_titration_seed_45_sample_4_scores.json,1077349,c9e15ac1789e53a500e60858c1d301a70422ac94e1badfbd9f449b93bdad947b
h2/out/depth_128/H2_msa_titration/seed_45/H2_msa_titration_seed_45_sample_5_scores.json,1077617,6687e2d6b53a7ad3930b4b99d6f58d64d668049f4e82950f6819a7304eeaf1c3
h2/out/depth_128/H2_msa_titration/seed_45/H2_msa_titration_seed_45_sample_6_scores.json,1077452,ee90e9437342446531e8370536f88f96fa69818545bbafe45b9b82ee671c9d51
h2/out/depth_128/H2_msa_titration/seed_45/H2_msa_titration_seed_45_sample_7_scores.json,1077400,e9490a65de3fe1242c3e794900b4646cf2f7020672b2f5ab980ec147163cba47
h2/out/depth_128/H2_msa_titration/seed_45/H2_msa_titration_seed_45_sample_8_scores.json,1077555,8b41a753e323f167ffb6c0fddb51e6b0440e5fa08eb737ff0a8803c039415af9
h2/out/depth_128/H2_msa_titration/seed_45/H2_msa_titration_seed_45_sample_9_scores.json,1077421,e458dafed34e0544e75906f3e34eb0b1d2bb54f029cc9b0cf0e7007b36c7cdbb
h2/out/depth_128/H2_msa_titration/seed_46/H2_msa_titration_seed_46_sample_10_scores.json,1077312,d6c28108d31f5a455edf2dacf0bc3783eb21b968e089e3aa2b1e9ad5c72a0e80
h2/out/depth_128/H2_msa_titration/seed_46/H2_msa_titration_seed_46_sample_1_scores.json,1077958,d9daa7b10626ec211f82b455ec373976b8a1190056a646d7fa9f597397dd73da
h2/out/depth_128/H2_msa_titration/seed_46/H2_msa_titration_seed_46_sample_2_scores.json,1078150,3354233f323b6df8c48035b44fe1e36f1697f9b67c4aecba8489b1ca261f2df8
h2/out/depth_128/H2_msa_titration/seed_46/H2_msa_titration_seed_46_sample_3_scores.json,1077625,7383b1c5386bce0e25c7e8dbe765db3c6567b896e88feca1913baa2325de2f2e
h2/out/depth_128/H2_msa_titration/seed_46/H2_msa_titration_seed_46_sample_4_scores.json,1077462,e96ebcd74c3fc688fcbb1be0e5bc458847860fa314efb9b73e0e6e86bd3f008e
h2/out/depth_128/H2_msa_titration/seed_46/H2_msa_titration_seed_46_sample_5_scores.json,1077612,be21fed62a905cece9123cd5903079a8f37197b1bd62f13dc606985ddf0a09f7
h2/out/depth_128/H2_msa_titration/seed_46/H2_msa_titration_seed_46_sample_6_scores.json,1077746,d560b14ac1515d4d79916d3b3553b89ebee93b685027135a29012c49f25d97d8
h2/out/depth_128/H2_msa_titration/seed_46/H2_msa_titration_seed_46_sample_7_scores.json,1077256,00868416da57ccdfaebe0f0c76c7a4e87ff3cbaa19bfdaff698d627c4b8d111e
h2/out/depth_128/H2_msa_titration/seed_46/H2_msa_titration_seed_46_sample_8_scores.json,1077714,c287917baecb5273e62f39448383666c8117e65bf509151b945ad7a6503ea933
h2/out/depth_128/H2_msa_titration/seed_46/H2_msa_titration_seed_46_sample_9_scores.json,1077793,9f72545ea4e1ff1e51aeb95b0d885921aaba162913294fadee1f7b9301ca4f2e
h2/out/depth_32/H2_msa_titration/seed_42/H2_msa_titration_seed_42_sample_10_scores.json,1144722,2e391f08748d99c0bb6836fd76bb16d6a21bc632d20e3f3eafee50d6675be7b8
h2/out/depth_32/H2_msa_titration/seed_42/H2_msa_titration_seed_42_sample_1_scores.json,1144166,38ec8b365d368ca37cf2208f98920eea983ed866ea6be120ff7c7af60d07d1f9
h2/out/depth_32/H2_msa_titration/seed_42/H2_msa_titration_seed_42_sample_2_scores.json,1148535,409dc345e16182a406c8fc6dd87a3d3463bb3b26b045d0b5d00aefd183373db3
h2/out/depth_32/H2_msa_titration/seed_42/H2_msa_titration_seed_42_sample_3_scores.json,1149110,05ffd2ef23000a8957c1049b4a9a2113cf9a19f9760510e787f098677c075ce3
h2/out/depth_32/H2_msa_titration/seed_42/H2_msa_titration_seed_42_sample_4_scores.json,1165933,23c01a0eba98999a14b301d00ee08657f1d3a5f2c34bc1c85942d96703a98b85
h2/out/depth_32/H2_msa_titration/seed_42/H2_msa_titration_seed_42_sample_5_scores.json,1161568,5d205e44e69522f222545fe7e9aba1efe3ddb485967fab3b3380e27c58906278
h2/out/depth_32/H2_msa_titration/seed_42/H2_msa_titration_seed_42_sample_6_scores.json,1142175,bac59096c94b5c5d94572d8eaf6fe38e072cfe486ccd3da2f95fe1357d5a8e69
h2/out/depth_32/H2_msa_titration/seed_42/H2_msa_titration_seed_42_sample_7_scores.json,1162859,a26ab9de8582ae72f941d9b1fa6087295008d8f499441dc178bd00e8bd794a2e
h2/out/depth_32/H2_msa_titration/seed_42/H2_msa_titration_seed_42_sample_8_scores.json,1148379,a1426a91234edda06a0ebeea9ede067336de26a592572be55282df64ec86bae2
h2/out/depth_32/H2_msa_titration/seed_42/H2_msa_titration_seed_42_sample_9_scores.json,1150357,5aa1b6004058e42f2376eaa1e88c27ebbe73a8d3dbc7dc14e8892c09cfc14e0d
h2/out/depth_32/H2_msa_titration/seed_43/H2_msa_titration_seed_43_sample_10_scores.json,1145641,49a7a7579ce0a0882d8d954fe9567e02b8a0e34d1dbc90917c0d8e183df2b433
h2/out/depth_32/H2_msa_titration/seed_43/H2_msa_titration_seed_43_sample_1_scores.json,1143823,8f6d6cc393f062f8ce183681255eff371a97219c7b8d9ecc58b8149df83049e4
h2/out/depth_32/H2_msa_titration/seed_43/H2_msa_titration_seed_43_sample_2_scores.json,1153126,4febe49d534bb2e867893efd4251dde833644c18f5694695482762bc4cb2622d
h2/out/depth_32/H2_msa_titration/seed_43/H2_msa_titration_seed_43_sample_3_scores.json,1153628,dc2437be4927bdef89252979db028ca05d7852d9d9ff4e62abbc92a72ea4ad02
h2/out/depth_32/H2_msa_titration/seed_43/H2_msa_titration_seed_43_sample_4_scores.json,1148857,2f36f446779e2fd7659f41bd6b51de8ffa8391cbeacc895d322f93d15a9b62ec
h2/out/depth_32/H2_msa_titration/seed_43/H2_msa_titration_seed_43_sample_5_scores.json,1146180,9975d2792d219fb229c86212aec3521b7ed45b30184bc095347221d2c1f9bf39
h2/out/depth_32/H2_msa_titration/seed_43/H2_msa_titration_seed_43_sample_6_scores.json,1147277,0b5a728c60161a29a4f4a824442f36cd2d10c55638e131ee402ce52b83685721
h2/out/depth_32/H2_msa_titration/seed_43/H2_msa_titration_seed_43_sample_7_scores.json,1165205,b17727a05d3594c4597f0846844bb9d51549b53aefcf1ff11d535d446249a313
h2/out/depth_32/H2_msa_titration/seed_43/H2_msa_titration_seed_43_sample_8_scores.json,1161050,5d478f643a5a18315764c0cbb33f45c500a864c3fb23197eb766a8c2ff6930d0
h2/out/depth_32/H2_msa_titration/seed_43/H2_msa_titration_seed_43_sample_9_scores.json,1152344,589ace9a4ad0664d3b069bc62f10a790cbf7d80dd89cc798b29df06bd3e2e3b0
h2/out/depth_32/H2_msa_titration/seed_44/H2_msa_titration_seed_44_sample_10_scores.json,1164819,3221dacf449b71ad512c629e335e30d67f4b6159fd87ce0ca49eaa8ee9d9d1a9
h2/out/depth_32/H2_msa_titration/seed_44/H2_msa_titration_seed_44_sample_1_scores.json,1155393,56cc95d102cf90b070b6b2696769b19f13de0c8bb334979f495d22dea25fcbab
h2/out/depth_32/H2_msa_titration/seed_44/H2_msa_titration_seed_44_sample_2_scores.json,1155318,1e1b5e74433373a5c2da00677f6367bf8facf2d8a08abc05b9b9c812fb290e0b
h2/out/depth_32/H2_msa_titration/seed_44/H2_msa_titration_seed_44_sample_3_scores.json,1150624,edf0731cddaef0dad6fa3a260450d9e729b3ba6cd506445f2958d7417b0b5c38
h2/out/depth_32/H2_msa_titration/seed_44/H2_msa_titration_seed_44_sample_4_scores.json,1143025,67df9b4ef2c20291d8d5a309a46d6dc94813fddfb8514cc5d4de4c1d1e796fb1
h2/out/depth_32/H2_msa_titration/seed_44/H2_msa_titration_seed_44_sample_5_scores.json,1152491,9346198a816a5abba335b591d91dea910729eff7deecf6987fe392e878e8cd0c
h2/out/depth_32/H2_msa_titration/seed_44/H2_msa_titration_seed_44_sample_6_scores.json,1142445,269c65b27109134f6675d24661b637ab8d7c4e19463a7c9a108903232ec0c2eb
h2/out/depth_32/H2_msa_titration/seed_44/H2_msa_titration_seed_44_sample_7_scores.json,1147125,2b786b89a53bbcc0b9db7199ab4f49f0a0b3004df998d2a448a2634c02a3d075
h2/out/depth_32/H2_msa_titration/seed_44/H2_msa_titration_seed_44_sample_8_scores.json,1144645,89bd2fa5af4fc0a5e9e1e10eda79a52409d18b6f1304f057ff1b85748edc49d4
h2/out/depth_32/H2_msa_titration/seed_44/H2_msa_titration_seed_44_sample_9_scores.json,1166723,6af9715638bcb0d061cde8449f93088e5b82e20b697727e7b0d05b7e79a137be
h2/out/depth_32/H2_msa_titration/seed_45/H2_msa_titration_seed_45_sample_10_scores.json,1148314,4df4bc2f6f78244fb01e4db4178ed306d33212c238c7aa5675f0c78129553399
h2/out/depth_32/H2_msa_titration/seed_45/H2_msa_titration_seed_45_sample_1_scores.json,1158958,18ef338197da10a09150cd8e7a7fb421d89c2e68bb19d3c51877f1ec4e3b3b15
h2/out/depth_32/H2_msa_titration/seed_45/H2_msa_titration_seed_45_sample_2_scores.json,1152358,bb6add87b10a9c92f1bbc5fdf96ceba0fad07de66293d0afab519b66386abe2c
h2/out/depth_32/H2_msa_titration/seed_45/H2_msa_titration_seed_45_sample_3_scores.json,1146992,4918fb6bc8e8c164efddad5060ccd8f0205716e57b5e2bbeb2cdbc68cd27eb01
h2/out/depth_32/H2_msa_titration/seed_45/H2_msa_titration_seed_45_sample_4_scores.json,1148406,96f3ff39ef828d00caae74d7513e1dbea4450a6195249dc0f411e2cfa7cfffc9
h2/out/depth_32/H2_msa_titration/seed_45/H2_msa_titration_seed_45_sample_5_scores.json,1150017,a2fc5b6dd097e039f02ff5aff1da63ccc1bb6d2d6c88ce3bde67f7d54fc5754d
h2/out/depth_32/H2_msa_titration/seed_45/H2_msa_titration_seed_45_sample_6_scores.json,1158830,f0fc1396603f3f241efd7490f84fdc921cc4dc0c145a9c401f7fd5432c3f63c7
h2/out/depth_32/H2_msa_titration/seed_45/H2_msa_titration_seed_45_sample_7_scores.json,1159841,2c95ace4b97a1d964356ddae34cdcbb46397fa5f87abfa7c095d7e7d25fb6834
h2/out/depth_32/H2_msa_titration/seed_45/H2_msa_titration_seed_45_sample_8_scores.json,1164146,5de02c82c651724ad678830097ad9ba00f7759ea4dce86c27c98df9ae9d9b7cd
h2/out/depth_32/H2_msa_titration/seed_45/H2_msa_titration_seed_45_sample_9_scores.json,1142740,739ff91ed10769532887cbc4b3cc4ddd584de5ecd20cd0aad1c6e4624900ce56
h2/out/depth_32/H2_msa_titration/seed_46/H2_msa_titration_seed_46_sample_10_scores.json,1139600,ecfd2cd48cba74bb18476d1c6fd37d64d8265f6c51d994c839642882ef27bb6c
h2/out/depth_32/H2_msa_titration/seed_46/H2_msa_titration_seed_46_sample_1_scores.json,1143220,655d9338ebaf53b6d7ea16abbac885cd96401593e1ca8b7cb83a1c1a7674ea86
h2/out/depth_32/H2_msa_titration/seed_46/H2_msa_titration_seed_46_sample_2_scores.json,1147568,78eb3301287f85dc8d41160b022cf28aafb039488687b25c6829caa66aec16c4
h2/out/depth_32/H2_msa_titration/seed_46/H2_msa_titration_seed_46_sample_3_scores.json,1146756,948b0736b90032adc0e6c1f97eeba4ce0716edd3defa21e8260236a0e344934d
h2/out/depth_32/H2_msa_titration/seed_46/H2_msa_titration_seed_46_sample_4_scores.json,1154856,a76b65a4bf7af5e6c54aab9d2886ad14ee495ab69ce7b61b64c9a6131bd3d67f
h2/out/depth_32/H2_msa_titration/seed_46/H2_msa_titration_seed_46_sample_5_scores.json,1147015,25b1eb34e253a7efe991f482e1bc003c5a23e10ff9b11b159bc78565feb82320
h2/out/depth_32/H2_msa_titration/seed_46/H2_msa_titration_seed_46_sample_6_scores.json,1147131,107bb810e12814e80750c16f731195edef8cc4fafa50ecfd33b76c78e7d6714b
h2/out/depth_32/H2_msa_titration/seed_46/H2_msa_titration_seed_46_sample_7_scores.json,1145690,b4abe31351c5315ef259ef8d745074be449c9a92372037b5a0492183565e58b9
h2/out/depth_32/H2_msa_titration/seed_46/H2_msa_titration_seed_46_sample_8_scores.json,1140084,28d37eb7a93aa6e8247517ed20b0c2b598fbdb9c5c7eb9305f53773997c6be10
h2/out/depth_32/H2_msa_titration/seed_46/H2_msa_titration_seed_46_sample_9_scores.json,1162471,d4f7cb22348131f4af9dbbc7b013650397e81ae0119e27e95306eb91b87208cc
h2/out/depth_512/H2_msa_titration/seed_42/H2_msa_titration_seed_42_sample_10_scores.json,1078023,5012a241ae69f917aea556ea65526468e1d790b821a470c1a4fc9b3149890cb3
h2/out/depth_512/H2_msa_titration/seed_42/H2_msa_titration_seed_42_sample_1_scores.json,1078087,026cec07bab7a9e3af51444de54f5c606601d87f6faea09e70a3e247dcf99989
h2/out/depth_512/H2_msa_titration/seed_42/H2_msa_titration_seed_42_sample_2_scores.json,1077524,c72390b45ea1ae5e9b97abe03698bc6f3cfc885cae2211e93171c6104ff35304
h2/out/depth_512/H2_msa_titration/seed_42/H2_msa_titration_seed_42_sample_3_scores.json,1077702,7576cee60c32674295ae9868e114b2d7210be5dbb4c9fa9d5eee1cc86e1cabb6
h2/out/depth_512/H2_msa_titration/seed_42/H2_msa_titration_seed_42_sample_4_scores.json,1077899,8b9727f862a2315abd33e03102a6b13fd3f1ad56535a214d07a18980adf92186
h2/out/depth_512/H2_msa_titration/seed_42/H2_msa_titration_seed_42_sample_5_scores.json,1077875,406991351ad42a84b6b1fd8956ebaf8fcc6f15f6e9ee375394d1539728f865b7
h2/out/depth_512/H2_msa_titration/seed_42/H2_msa_titration_seed_42_sample_6_scores.json,1077751,2d7df0644773920e18669072e32361916f1615334c2b9c3387d7d7f25b7b2ad8
h2/out/depth_512/H2_msa_titration/seed_42/H2_msa_titration_seed_42_sample_7_scores.json,1078012,73a240271858e14405fc459665282043265ce2f0a781154d5288fd1bceda6a6b
h2/out/depth_512/H2_msa_titration/seed_42/H2_msa_titration_seed_42_sample_8_scores.json,1077958,b43564cc6a81e4f4e8f7aeed7552451b71740fa6edcd3a210a909564dade69b8
h2/out/depth_512/H2_msa_titration/seed_42/H2_msa_titration_seed_42_sample_9_scores.json,1078027,d45f09cb69fa348eda1066f2bae987d0c71ba94d2d44c3f9363bb25c9efb68d7
h2/out/depth_512/H2_msa_titration/seed_43/H2_msa_titration_seed_43_sample_10_scores.json,1077979,97f9ee2ddff3f2c08501a6d803d6e6d83d26a9bbae199a2dfc042643dda6d2d2
h2/out/depth_512/H2_msa_titration/seed_43/H2_msa_titration_seed_43_sample_1_scores.json,1078043,8152347d7d641de26935da2cf10232532239e6cafbd0dcedc65f71481b967f2c
h2/out/depth_512/H2_msa_titration/seed_43/H2_msa_titration_seed_43_sample_2_scores.json,1077592,ad744f9f764481ee4d66910de23a1ece3d6ea989edb92515aafb6239dd1cd6e5
h2/out/depth_512/H2_msa_titration/seed_43/H2_msa_titration_seed_43_sample_3_scores.json,1078062,59e0619f427a0f3975e77a7be2f4db9bc38f9a62aade95de1abf4da2dddc77a8
h2/out/depth_512/H2_msa_titration/seed_43/H2_msa_titration_seed_43_sample_4_scores.json,1078107,80afbc4774ebb23f4e2cd536a135953797a24f0153f9d41a28c524f769646799
h2/out/depth_512/H2_msa_titration/seed_43/H2_msa_titration_seed_43_sample_5_scores.json,1078025,bb5a16890e75f85559c92a2b2105fa5d6e3222260ff613c24034dbbd7650d81a
h2/out/depth_512/H2_msa_titration/seed_43/H2_msa_titration_seed_43_sample_6_scores.json,1077900,a37457ef3326cf934cc580e6ecf1530cc4dda618b4a0d44d9ed43cd2bf31e1a4
h2/out/depth_512/H2_msa_titration/seed_43/H2_msa_titration_seed_43_sample_7_scores.json,1077978,5262a914389bc3c5c52495119858f612b509c2a879881fe785fa94e74496c278
h2/out/depth_512/H2_msa_titration/seed_43/H2_msa_titration_seed_43_sample_8_scores.json,1078059,15ba8e77c9eda98017766b0310e15fe739cabd3f59b1318031c1b0397c88266c
h2/out/depth_512/H2_msa_titration/seed_43/H2_msa_titration_seed_43_sample_9_scores.json,1078108,99b77061eed63bb377d496602a2e638e034221eb74fc0d98f909b5a8336aee93
h2/out/depth_512/H2_msa_titration/seed_44/H2_msa_titration_seed_44_sample_10_scores.json,1078418,2dd7dca9b866bea3fd8723f0f16cafbfaec7c0a51d67d4a220da444a1e363731
h2/out/depth_512/H2_msa_titration/seed_44/H2_msa_titration_seed_44_sample_1_scores.json,1078267,7afcc49dd4c47ccb82a3afe717bb5a33e145f5a0b84325d3980b38ee9046a43d
h2/out/depth_512/H2_msa_titration/seed_44/H2_msa_titration_seed_44_sample_2_scores.json,1078136,3e23773e94c6c4d691ec9d000a7393e9e083de1f855cf33df297c67812ae746a
h2/out/depth_512/H2_msa_titration/seed_44/H2_msa_titration_seed_44_sample_3_scores.json,1078054,721035f0a7aab206481b75a8b12619fbde5bed023573e8b88a20610f3d226dc9
h2/out/depth_512/H2_msa_titration/seed_44/H2_msa_titration_seed_44_sample_4_scores.json,1077936,348ccead88231270bae7c246ba6391c2a24c1ed3e82a1ad6bc8719748c50125c
h2/out/depth_512/H2_msa_titration/seed_44/H2_msa_titration_seed_44_sample_5_scores.json,1078013,e1ffc0d26912a08157681cc5237b8186f910ca212b96af24f000fb76ffa124c9
h2/out/depth_512/H2_msa_titration/seed_44/H2_msa_titration_seed_44_sample_6_scores.json,1077936,71449cfcdb1af1608557dc248b8e531bea8d2fe7de3d07030683d771aa033e65
h2/out/depth_512/H2_msa_titration/seed_44/H2_msa_titration_seed_44_sample_7_scores.json,1077317,04235c4486c33b3e03e516e187b9460906a6430a644d75e6476f9238cfcf7137
h2/out/depth_512/H2_msa_titration/seed_44/H2_msa_titration_seed_44_sample_8_scores.json,1077815,26e12f3cc3cb86ce9790e557893f13c37b11d7786426961bb4b60c3e34e2fdf9
h2/out/depth_512/H2_msa_titration/seed_44/H2_msa_titration_seed_44_sample_9_scores.json,1077415,f036b9a7def169170e50dbb775f7cba64f53fa6e60b303baa46053beda5ee763
h2/out/depth_512/H2_msa_titration/seed_45/H2_msa_titration_seed_45_sample_10_scores.json,1077973,13ca1356f2fb343c639586ad93070bc4c61ac306a6d0f88ca49f8765840709ff
h2/out/depth_512/H2_msa_titration/seed_45/H2_msa_titration_seed_45_sample_1_scores.json,1078230,d176cce11622305c860a00e9058c0420cadce0441a465f6a6cf735455d4a7e03
h2/out/depth_512/H2_msa_titration/seed_45/H2_msa_titration_seed_45_sample_2_scores.json,1077945,c3794c3b0ffe1087fc568eefefabd8060ebb202e3641293798c6770d33476dcd
h2/out/depth_512/H2_msa_titration/seed_45/H2_msa_titration_seed_45_sample_3_scores.json,1077822,0e8dd9c5702deb45688d8d8d0c5dcb5d29e2418aa7c931f2796b69a8ede43aae
h2/out/depth_512/H2_msa_titration/seed_45/H2_msa_titration_seed_45_sample_4_scores.json,1077589,0800a8c6ee92b0a82bf263886c22c7368511850038ff3755c87cac5746705458
h2/out/depth_512/H2_msa_titration/seed_45/H2_msa_titration_seed_45_sample_5_scores.json,1078660,93ccfe44ac5000f57ac087da4ed9caa05d169b24859cfb5b39c17a0699714480
h2/out/depth_512/H2_msa_titration/seed_45/H2_msa_titration_seed_45_sample_6_scores.json,1077837,706e55012f0cb851aab5f624a5d750c59bb93fbea3328b6312ed05c5d677a4f8
h2/out/depth_512/H2_msa_titration/seed_45/H2_msa_titration_seed_45_sample_7_scores.json,1077907,5cdb799c01ba0dfa2669d38c139fe10578cacb81183d7705c2dac7e1238c269b
h2/out/depth_512/H2_msa_titration/seed_45/H2_msa_titration_seed_45_sample_8_scores.json,1077669,bd3fd59203f423849afa01dc78973087243b734729957e9014732e573b094af0
h2/out/depth_512/H2_msa_titration/seed_45/H2_msa_titration_seed_45_sample_9_scores.json,1077901,960a51fe91d8419437b298a5903287eeecc174b07730ce16e918c4cc6041329f
h2/out/depth_512/H2_msa_titration/seed_46/H2_msa_titration_seed_46_sample_10_scores.json,1077701,b799792eee693d9ac82a29384edcb31a8e53caa06da65fb91f0d3d593412ce84
h2/out/depth_512/H2_msa_titration/seed_46/H2_msa_titration_seed_46_sample_1_scores.json,1077966,98c52b813c778aaf8321cf0228f1b59e0e617a7739becebb4b9bf3ad2d734e07
h2/out/depth_512/H2_msa_titration/seed_46/H2_msa_titration_seed_46_sample_2_scores.json,1078587,77c6030a55199f63421853537c757df9fd94b2a577049eb9d3fc919a927a5e1f
h2/out/depth_512/H2_msa_titration/seed_46/H2_msa_titration_seed_46_sample_3_scores.json,1077855,c8bf9929d112154b4e77533cde9ab75cbc927c011c147038a0396f7a11a2a7cf
h2/out/depth_512/H2_msa_titration/seed_46/H2_msa_titration_seed_46_sample_4_scores.json,1078131,8a044c98018b3bec0820f7f07190ae4f7b322aa0b3543926fcbef5c113004eca
h2/out/depth_512/H2_msa_titration/seed_46/H2_msa_titration_seed_46_sample_5_scores.json,1078103,5e18903384d5ee5a8921f30e0149eb098aab545c0cc948daff66772bfb978ae4
h2/out/depth_512/H2_msa_titration/seed_46/H2_msa_titration_seed_46_sample_6_scores.json,1078066,cee3c7ead3d6d3f9f1506a0758be7f6b6a532efa28e2dc6ff47e8e8cc0658b53
h2/out/depth_512/H2_msa_titration/seed_46/H2_msa_titration_seed_46_sample_7_scores.json,1077818,9f70eb55c26fe2c95e16a9c5609a00bdb017e65c7b526928303403f894e2b128
h2/out/depth_512/H2_msa_titration/seed_46/H2_msa_titration_seed_46_sample_8_scores.json,1078008,daa9cb254a0d1f31cd7c9ed82dc2ebb876c4baceaa2d26efd62156c7985e5c72
h2/out/depth_512/H2_msa_titration/seed_46/H2_msa_titration_seed_46_sample_9_scores.json,1078178,cada4ae1e54859c4b17da68dcf315b4951cdbfdb2e21a9ae54a35e70a1e8938a
h2/out/depth_8/H2_msa_titration/seed_42/H2_msa_titration_seed_42_sample_10_scores.json,1135619,a6905e7890964a0135fbb5998a110ef320a1fd38c5aef2558eea5b83b2920cb8
h2/out/depth_8/H2_msa_titration/seed_42/H2_msa_titration_seed_42_sample_1_scores.json,1135339,97e803cb45571233817c335673c3f8577f456da2470385366d2075bb84d8bbd0
h2/out/depth_8/H2_msa_titration/seed_42/H2_msa_titration_seed_42_sample_2_scores.json,1159814,0c83de494a7cbb6996a636a3010eb49e4420f24be27db314b93d3df7d1ed8029
h2/out/depth_8/H2_msa_titration/seed_42/H2_msa_titration_seed_42_sample_3_scores.json,1155554,70488c7f9588eca057edafdee69422e47b9350819c344ddf09e7ec16f219962b
h2/out/depth_8/H2_msa_titration/seed_42/H2_msa_titration_seed_42_sample_4_scores.json,1136761,827840331c6917db4c6174ecf663eeaede108187f528d83dcc053fb1044571c2
h2/out/depth_8/H2_msa_titration/seed_42/H2_msa_titration_seed_42_sample_5_scores.json,1152331,129f4fb6eee72b52b0fd8f333044d4bbebdb03e92787048064984065e0276842
h2/out/depth_8/H2_msa_titration/seed_42/H2_msa_titration_seed_42_sample_6_scores.json,1149528,00cfdabd1dcf2c1a1f7b3ab6123e69c194ff924c56980f1bcce30cf2e2e2d905
h2/out/depth_8/H2_msa_titration/seed_42/H2_msa_titration_seed_42_sample_7_scores.json,1141554,3ee4dbe6e3822ba798686de765b3ea95e553017d3df9afe191e1d343afed31ba
h2/out/depth_8/H2_msa_titration/seed_42/H2_msa_titration_seed_42_sample_8_scores.json,1141364,93d32eb04dda05f82a8c3e3f8c900164cf20a94c1e6073687e8560173da5edcb
h2/out/depth_8/H2_msa_titration/seed_42/H2_msa_titration_seed_42_sample_9_scores.json,1143221,61562858fbf7ec373d2d55ed4c9a557083c7f3d71378fd744fb05e7611c10842
h2/out/depth_8/H2_msa_titration/seed_43/H2_msa_titration_seed_43_sample_10_scores.json,1134898,d273c2148c832772ded1c0c60be65b2690460470797bdf54afc7b3a5b10221c3
h2/out/depth_8/H2_msa_titration/seed_43/H2_msa_titration_seed_43_sample_1_scores.json,1153493,133f5415b2e02670a369000f4b41e13fc56a8b41583e2973946e96773fd7bf4f
h2/out/depth_8/H2_msa_titration/seed_43/H2_msa_titration_seed_43_sample_2_scores.json,1147810,a32dec043a5131355715fd23ce4811631360e00f74959ee32a87cf1504bbe99b
h2/out/depth_8/H2_msa_titration/seed_43/H2_msa_titration_seed_43_sample_3_scores.json,1144611,93a5a5041b2db8b27a5a984be70e70ebd97efa9a025832d9f82d2373ea7f9114
h2/out/depth_8/H2_msa_titration/seed_43/H2_msa_titration_seed_43_sample_4_scores.json,1147754,e0852079dcd58869cc9fba5145bce4ea614474bc0dc0d5ebe1f52cb4f3b3114e
h2/out/depth_8/H2_msa_titration/seed_43/H2_msa_titration_seed_43_sample_5_scores.json,1154390,ec0f6eb86891a9157b144725bed30cffadad5b30ed71f9afb5b88b2c9c786982
h2/out/depth_8/H2_msa_titration/seed_43/H2_msa_titration_seed_43_sample_6_scores.json,1155037,2214d0750f3950e98524a5979788bc140fa7d243208d80d961e40fab58265305
h2/out/depth_8/H2_msa_titration/seed_43/H2_msa_titration_seed_43_sample_7_scores.json,1146517,c102c754fd19877eeec1684661650f4f0beade08b27e73806847e88e4d21fb5b
h2/out/depth_8/H2_msa_titration/seed_43/H2_msa_titration_seed_43_sample_8_scores.json,1141550,b51a52367425bdf3a7ee1c35f4006a68125794dad7d6a0820d543bd75beb0c66
h2/out/depth_8/H2_msa_titration/seed_43/H2_msa_titration_seed_43_sample_9_scores.json,1134351,02babf0092efd020e7702c48ab4a715ea1c6af7080e1861b2726d4f4a536627c
h2/out/depth_8/H2_msa_titration/seed_44/H2_msa_titration_seed_44_sample_10_scores.json,1140175,c1ba46d9d549cb98e2543b705b755ec654294384202ccbafbe37e3f1043d556d
h2/out/depth_8/H2_msa_titration/seed_44/H2_msa_titration_seed_44_sample_1_scores.json,1159101,d4bcd2aa862d517e696962536a7717426822d2029590f85922e5c489c3d337a7
h2/out/depth_8/H2_msa_titration/seed_44/H2_msa_titration_seed_44_sample_2_scores.json,1152114,c859e36dbd0c1408b9d935724b2809649e77befdd6e6fa7f77a5a3db494264f4
h2/out/depth_8/H2_msa_titration/seed_44/H2_msa_titration_seed_44_sample_3_scores.json,1138608,94067a48177f31c55a4037960f6d3dcb467196b7e4eaeb5baecb2960f3795214
h2/out/depth_8/H2_msa_titration/seed_44/H2_msa_titration_seed_44_sample_4_scores.json,1137792,599d6f7d318cce5d4bbb0da2241685fdacf8fd9db4905296c42fcc4bdff44156
h2/out/depth_8/H2_msa_titration/seed_44/H2_msa_titration_seed_44_sample_5_scores.json,1141759,088a7e90cb6c08d54a5d4c42e65be3c3f26906b32e912df62c178b8e3d5d967e
h2/out/depth_8/H2_msa_titration/seed_44/H2_msa_titration_seed_44_sample_6_scores.json,1162395,438bb42afac3db08f90b32ae2b8a740998b45a52464879102843ee87c3ff98cc
h2/out/depth_8/H2_msa_titration/seed_44/H2_msa_titration_seed_44_sample_7_scores.json,1149959,780df4e08b15d1523931e7f851ea75f10571e0985f180ed42b494c3e933cfbe9
h2/out/depth_8/H2_msa_titration/seed_44/H2_msa_titration_seed_44_sample_8_scores.json,1155622,aff9df97d2f4604a11dadc17f86f02403e3d2eb370bd5d2f33a9dfb4148c6b0e
h2/out/depth_8/H2_msa_titration/seed_44/H2_msa_titration_seed_44_sample_9_scores.json,1132865,5a130920b70dcf56d253686efba6db56713861dab67dd9b2364438b0e5b4f088
h2/out/depth_8/H2_msa_titration/seed_45/H2_msa_titration_seed_45_sample_10_scores.json,1136315,d908602cd7821707940ef01ebaefe545f8d1d8f21be770bcef806502781f3d39
h2/out/depth_8/H2_msa_titration/seed_45/H2_msa_titration_seed_45_sample_1_scores.json,1147775,16e5521e74d79f111e9784bc9dcbb581d2ca41158a47d56778db78abd006ac8c
h2/out/depth_8/H2_msa_titration/seed_45/H2_msa_titration_seed_45_sample_2_scores.json,1136217,e931ee19edadc4c512fcecd6060affbafe1f83ed8e8e2eeff91713608352daa7
h2/out/depth_8/H2_msa_titration/seed_45/H2_msa_titration_seed_45_sample_3_scores.json,1152248,548dfdd5be50ddfa558c6fcf97af7f55bb6766cf1322df840b10429b341fb8cd
h2/out/depth_8/H2_msa_titration/seed_45/H2_msa_titration_seed_45_sample_4_scores.json,1145174,027bab8130cb6c97ddb4beb37cba42194a4c048a70537be0a679a590d51ae576
h2/out/depth_8/H2_msa_titration/seed_45/H2_msa_titration_seed_45_sample_5_scores.json,1152193,a1fa46168fcc400673443f96b41c672a5d59e3f64f8028cbec0c52ba960c8466
h2/out/depth_8/H2_msa_titration/seed_45/H2_msa_titration_seed_45_sample_6_scores.json,1140471,9d2a3965af263fea0a2a965d27ffdc5642abfa5c45ba46c6eab7393c2c35329f
h2/out/depth_8/H2_msa_titration/seed_45/H2_msa_titration_seed_45_sample_7_scores.json,1149413,60eba05e5bada6019cc9cf3c84711a07e6aaad81551a18500fd69099cc87889c
h2/out/depth_8/H2_msa_titration/seed_45/H2_msa_titration_seed_45_sample_8_scores.json,1136602,d95b967f20734e4d33e35ba67bf79ae4f98d3a541d7576e133b87968300f65bc
h2/out/depth_8/H2_msa_titration/seed_45/H2_msa_titration_seed_45_sample_9_scores.json,1135361,3db79e8a4f49c8179044f5fed237d8b0ea22654e87a74991977118ae65818a4e
h2/out/depth_8/H2_msa_titration/seed_46/H2_msa_titration_seed_46_sample_10_scores.json,1152443,6dfd2486d63f9841dd1aa998ea1717e3726fe6b53b5d15d71979789a0a268f0f
h2/out/depth_8/H2_msa_titration/seed_46/H2_msa_titration_seed_46_sample_1_scores.json,1156276,43ba18619d573df749bbf3630caf59fdc909e07889ca90047cdac4628e9e2220
h2/out/depth_8/H2_msa_titration/seed_46/H2_msa_titration_seed_46_sample_2_scores.json,1147257,48b90a31c5133b0bf4c9841f901a0f439343953c079103ede2145172e7bb64c8
h2/out/depth_8/H2_msa_titration/seed_46/H2_msa_titration_seed_46_sample_3_scores.json,1150144,eb0172ab62dc35836c16c7d851338b6bbfef70b0552ba93a045d60987792a4fa
h2/out/depth_8/H2_msa_titration/seed_46/H2_msa_titration_seed_46_sample_4_scores.json,1146143,fd7d23c58a1cfa8b206d1f08af83e31ef861120d39271b6fe500c564cd3203be
h2/out/depth_8/H2_msa_titration/seed_46/H2_msa_titration_seed_46_sample_5_scores.json,1153797,f1934dd9b6e9a3ea8c6a0a0586b21cc0a81d4b6e63e3b90f82502996e1c0dfa3
h2/out/depth_8/H2_msa_titration/seed_46/H2_msa_titration_seed_46_sample_6_scores.json,1160806,3d204f7a412ba8758de340f4e171945c33deda1bbee123d5962dd5020bdf3aa2
h2/out/depth_8/H2_msa_titration/seed_46/H2_msa_titration_seed_46_sample_7_scores.json,1151894,d6002889e381fa71d4de28955343e0c6d82e7d98c6aa50f5d668189cc0e54f96
h2/out/depth_8/H2_msa_titration/seed_46/H2_msa_titration_seed_46_sample_8_scores.json,1146482,a601d379fa5f44d1633342e96461bba86021cd8babc266f39e6542559746880c
h2/out/depth_8/H2_msa_titration/seed_46/H2_msa_titration_seed_46_sample_9_scores.json,1145944,659dd60102cd06e77e21ee7db59cc0df30edf6b6bfa998859bb11300b837801c
h2_posthoc/out/coactivator/H2_coactivator_cofold/seed_42/H2_coactivator_cofold_seed_42_sample_10_scores.json,1168891,9ef41f727362764dea2578ecac55cee1f14f8d3aed995410d3bf171c865ee4f8
h2_posthoc/out/coactivator/H2_coactivator_cofold/seed_42/H2_coactivator_cofold_seed_42_sample_1_scores.json,1168627,8b8cad77ea680f5604eba91648aa13532ba92750db9e1aff8d923729649ed9b0
h2_posthoc/out/coactivator/H2_coactivator_cofold/seed_42/H2_coactivator_cofold_seed_42_sample_2_scores.json,1168336,454d06a3805618b8a248fad563ea646e4117ae70dc86304ec74a5131ab0fc7b9
h2_posthoc/out/coactivator/H2_coactivator_cofold/seed_42/H2_coactivator_cofold_seed_42_sample_3_scores.json,1169525,59384e4ce525f6e894301328ea69c6f0ac21bdf30c91bec4523674b80e1db3a8
h2_posthoc/out/coactivator/H2_coactivator_cofold/seed_42/H2_coactivator_cofold_seed_42_sample_4_scores.json,1168653,36bcb38f2f85fc8c57488ff943b479c509d596bca582bacb3a35325fcbadf80d
h2_posthoc/out/coactivator/H2_coactivator_cofold/seed_42/H2_coactivator_cofold_seed_42_sample_5_scores.json,1168664,6af02afd19e9a0b01248ed98acd016da84a8343096327f7833e54b1a3df891e5
h2_posthoc/out/coactivator/H2_coactivator_cofold/seed_42/H2_coactivator_cofold_seed_42_sample_6_scores.json,1168828,54d65c76f6c5e57c24fbb540e3e4f4d3efb526a1b25ec8fc81d73d46b33d2519
h2_posthoc/out/coactivator/H2_coactivator_cofold/seed_42/H2_coactivator_cofold_seed_42_sample_7_scores.json,1168852,0322dc4f4a57156ddd1cbfdf79b65607e80711c5cfed1f3d301d9a72daf03ef8
h2_posthoc/out/coactivator/H2_coactivator_cofold/seed_42/H2_coactivator_cofold_seed_42_sample_8_scores.json,1168917,1ec9e04cbc6335618d676635b0263189581ad1f7b7976b2d7336998790f81ba9
h2_posthoc/out/coactivator/H2_coactivator_cofold/seed_42/H2_coactivator_cofold_seed_42_sample_9_scores.json,1168929,5121189eaa499a29787dae38f721e96a0c1901099be7385532c7260753b844cd
h2_posthoc/out/coactivator/H2_coactivator_cofold/seed_43/H2_coactivator_cofold_seed_43_sample_10_scores.json,1168145,80cd0b15db38a7c0e46338d10953855f89c9cfd4d5cf06d4b8c59930f2a3b900
h2_posthoc/out/coactivator/H2_coactivator_cofold/seed_43/H2_coactivator_cofold_seed_43_sample_1_scores.json,1168671,4c64910e19dbeb69fd26a021e573bffe6a5916332c57fa3ec66747f2d25e46c9
h2_posthoc/out/coactivator/H2_coactivator_cofold/seed_43/H2_coactivator_cofold_seed_43_sample_2_scores.json,1168374,f39eb015b258339bb676bf66e267230cdf0e9022c9e989955a327bd3b4b45be1
h2_posthoc/out/coactivator/H2_coactivator_cofold/seed_43/H2_coactivator_cofold_seed_43_sample_3_scores.json,1168376,d6cb997941566f3386b0d65cf74c77605bda962b5ce7df9fcfe9e82e5534a200
h2_posthoc/out/coactivator/H2_coactivator_cofold/seed_43/H2_coactivator_cofold_seed_43_sample_4_scores.json,1168464,29f2dd6b73d9e21a6c8ef798625ddb5670286db1587d23330377c26c4f184cf6
h2_posthoc/out/coactivator/H2_coactivator_cofold/seed_43/H2_coactivator_cofold_seed_43_sample_5_scores.json,1168269,e7b27d5338aea1d6c5c340361631d4164b25e160040efb9882b4d4ce900e870b
h2_posthoc/out/coactivator/H2_coactivator_cofold/seed_43/H2_coactivator_cofold_seed_43_sample_6_scores.json,1168652,cdb1fba89ba7128ba8765a2458b4f048bbbd70713f86b0e28b1d39b2591813ce
h2_posthoc/out/coactivator/H2_coactivator_cofold/seed_43/H2_coactivator_cofold_seed_43_sample_7_scores.json,1168805,fb2ea28c2096c157d46e53581b04aa777a99e3ff49dffb132d56dbcd449aa144
h2_posthoc/out/coactivator/H2_coactivator_cofold/seed_43/H2_coactivator_cofold_seed_43_sample_8_scores.json,1168059,68b4f59b64a41bfc1aa09de408693fc2dfa2c761f998da25ebe06cf92b4edbc1
h2_posthoc/out/coactivator/H2_coactivator_cofold/seed_43/H2_coactivator_cofold_seed_43_sample_9_scores.json,1168056,9a5ad32d55af7b4173e65c1e60d81eb37e03aef141a770bca47302a5e1d5e605
h2_posthoc/out/coactivator/H2_coactivator_cofold/seed_44/H2_coactivator_cofold_seed_44_sample_10_scores.json,1168228,bd25406e2fd45a91ef42bd3afb6fd10c403c71a6e320fe7918afed8e861233bf
h2_posthoc/out/coactivator/H2_coactivator_cofold/seed_44/H2_coactivator_cofold_seed_44_sample_1_scores.json,1167907,de3ed4ebada6ae21b7de8f1f04ea7582f1a9e6a397bebf9beb0668028d357189
h2_posthoc/out/coactivator/H2_coactivator_cofold/seed_44/H2_coactivator_cofold_seed_44_sample_2_scores.json,1168540,3b1b3d1fc64875e05cf8b2fe6f24582df0999a21be630469a31845bb53f1eb92
h2_posthoc/out/coactivator/H2_coactivator_cofold/seed_44/H2_coactivator_cofold_seed_44_sample_3_scores.json,1168270,204d698f3629bce1725f1560933b8b305e9ce73f931b2b2dc118531ba547b2cf
h2_posthoc/out/coactivator/H2_coactivator_cofold/seed_44/H2_coactivator_cofold_seed_44_sample_4_scores.json,1168240,183153605409439879ef88f2bdd703682ca83a598295bc57b8dda093393d2b47
h2_posthoc/out/coactivator/H2_coactivator_cofold/seed_44/H2_coactivator_cofold_seed_44_sample_5_scores.json,1168101,ade462379506ef403cbbd90445986116859624d571871b0f82ec92345d46956a
h2_posthoc/out/coactivator/H2_coactivator_cofold/seed_44/H2_coactivator_cofold_seed_44_sample_6_scores.json,1168533,f94029395e07901a6c078135cfb5ea455c740ad69b89baa8de7c98bc2ec2e955
h2_posthoc/out/coactivator/H2_coactivator_cofold/seed_44/H2_coactivator_cofold_seed_44_sample_7_scores.json,1168140,9290a020efd9e08332ebd94f67bad76f3fe695bb2fcf6321b25f194934dafaa2
h2_posthoc/out/coactivator/H2_coactivator_cofold/seed_44/H2_coactivator_cofold_seed_44_sample_8_scores.json,1168255,fda3f9746582ce9556099c5329ea0cd66dc18cb11481a0e227d697b172ea9c63
h2_posthoc/out/coactivator/H2_coactivator_cofold/seed_44/H2_coactivator_cofold_seed_44_sample_9_scores.json,1167979,36ed720b0ce9c619e08caa1b33d80612185ea1205866279bf4cb48ad2831f57c
h2_posthoc/out/coactivator/H2_coactivator_cofold/seed_45/H2_coactivator_cofold_seed_45_sample_10_scores.json,1168685,04f94840d4257958f667a6584c730f16744d78462e56e4e547212c079eb3e432
h2_posthoc/out/coactivator/H2_coactivator_cofold/seed_45/H2_coactivator_cofold_seed_45_sample_1_scores.json,1168504,d062648616bc9dfdcc41cdee64bb2e1cdb55cd9f1134f8389cc9041f7f6b9501
h2_posthoc/out/coactivator/H2_coactivator_cofold/seed_45/H2_coactivator_cofold_seed_45_sample_2_scores.json,1168802,48854a5c8ac021bd68314119a9556db7173d3a1d4eac637be49c7f7a1081a48b
h2_posthoc/out/coactivator/H2_coactivator_cofold/seed_45/H2_coactivator_cofold_seed_45_sample_3_scores.json,1168861,9d8c65e5997700058b6cf02b9c9740964be4346c4662b625dc0bbd5f6649274b
h2_posthoc/out/coactivator/H2_coactivator_cofold/seed_45/H2_coactivator_cofold_seed_45_sample_4_scores.json,1168982,9814f2eedc86f07798d97f9aac7b5af7cd1876499653ce7ec388d2da5e40af86
h2_posthoc/out/coactivator/H2_coactivator_cofold/seed_45/H2_coactivator_cofold_seed_45_sample_5_scores.json,1168920,b24fd925b35184632fe676aaca5f4f74524b506fba82c4da652d176a00081872
h2_posthoc/out/coactivator/H2_coactivator_cofold/seed_45/H2_coactivator_cofold_seed_45_sample_6_scores.json,1168630,077bf2df1ca3ba2c6917e405ee5c08129125f017a2ddf231994b4b588abfd78d
h2_posthoc/out/coactivator/H2_coactivator_cofold/seed_45/H2_coactivator_cofold_seed_45_sample_7_scores.json,1168352,31a72e61198d4470b990946346c3362049ce9dc7b5ca84c7b8a7130f64ffa25f
h2_posthoc/out/coactivator/H2_coactivator_cofold/seed_45/H2_coactivator_cofold_seed_45_sample_8_scores.json,1168662,73d1900cb6db30e63668d6345dba3ebfe180900154be9662d7c3a4974dc7ac55
h2_posthoc/out/coactivator/H2_coactivator_cofold/seed_45/H2_coactivator_cofold_seed_45_sample_9_scores.json,1168447,f8d786402f96c9fc2f36b7008b65ed98ffbea57cb2bca844ee4f748b820b1f55
h2_posthoc/out/coactivator/H2_coactivator_cofold/seed_46/H2_coactivator_cofold_seed_46_sample_10_scores.json,1168363,0bd9c38c68b19542b389ac017e084ebc8cda2287f449b099f81eb5ecb8ec07ef
h2_posthoc/out/coactivator/H2_coactivator_cofold/seed_46/H2_coactivator_cofold_seed_46_sample_1_scores.json,1168371,5fdf64fab40053e7b3d98c9b0b1fb7fa505e64f3cb71c0aeb5eb465e5f14c009
h2_posthoc/out/coactivator/H2_coactivator_cofold/seed_46/H2_coactivator_cofold_seed_46_sample_2_scores.json,1167972,e0acdefc8c4d22a1b63b960491d881523569c1f0b9b8bc8bb824e209076644c1
h2_posthoc/out/coactivator/H2_coactivator_cofold/seed_46/H2_coactivator_cofold_seed_46_sample_3_scores.json,1167963,649502d02a68a3d62ece565a2ae46e36c4a73240f067a49402811421978e666a
h2_posthoc/out/coactivator/H2_coactivator_cofold/seed_46/H2_coactivator_cofold_seed_46_sample_4_scores.json,1168158,9146bc0b697237996c66d4dee67b14abdd2b2b4a27d6baaf657b5544f0e19e75
h2_posthoc/out/coactivator/H2_coactivator_cofold/seed_46/H2_coactivator_cofold_seed_46_sample_5_scores.json,1168339,8d54209d14300874e6639946fa8be092fa137647300ca0fef088eed7e6d0c785
h2_posthoc/out/coactivator/H2_coactivator_cofold/seed_46/H2_coactivator_cofold_seed_46_sample_6_scores.json,1168186,f6ce602810130c36da03fe2c0d77e2fc038afae1557423585597a80b7d00acdd
h2_posthoc/out/coactivator/H2_coactivator_cofold/seed_46/H2_coactivator_cofold_seed_46_sample_7_scores.json,1168417,8b67ee9d241c154a138b45970e4537e187563193f3ce515f549a44607ed73ec2
h2_posthoc/out/coactivator/H2_coactivator_cofold/seed_46/H2_coactivator_cofold_seed_46_sample_8_scores.json,1168587,40231462272eaaec00f177223469997ab905b77b169dcfae1fedd4d34af21803
h2_posthoc/out/coactivator/H2_coactivator_cofold/seed_46/H2_coactivator_cofold_seed_46_sample_9_scores.json,1168508,a09f76b4a5d9fcb8f4f8df3be320225aca8c0a4786b5b11d0f5966ce541d23fe
h2_posthoc/out/coactivator_d1/H4_D1_coactivator_agonist_HC2/seed_42/H4_D1_coactivator_agonist_HC2_seed_42_sample_10_scores.json,1234822,d4fda30aa090d8fd2f9ec4d4e9db899bd35c3acf5c702ff78b45f4243e3f06c0
h2_posthoc/out/coactivator_d1/H4_D1_coactivator_agonist_HC2/seed_42/H4_D1_coactivator_agonist_HC2_seed_42_sample_1_scores.json,1244016,87327fa5f491fa185403db9968b9274b62961690522aba209bf0b69bf9d356df
h2_posthoc/out/coactivator_d1/H4_D1_coactivator_agonist_HC2/seed_42/H4_D1_coactivator_agonist_HC2_seed_42_sample_2_scores.json,1240622,2390e352bb83d13b736e96081ba2b4057bb11be390027bc54412ddec5ebb170b
h2_posthoc/out/coactivator_d1/H4_D1_coactivator_agonist_HC2/seed_42/H4_D1_coactivator_agonist_HC2_seed_42_sample_3_scores.json,1249685,84c95fea820284761f138a02ce45eec33837f9345df9cd9ddb13f81b63304503
h2_posthoc/out/coactivator_d1/H4_D1_coactivator_agonist_HC2/seed_42/H4_D1_coactivator_agonist_HC2_seed_42_sample_4_scores.json,1239783,9a61148b313fac4208186ab7a869a19b2a4f97ca16c645b738d22b520ee097c9
h2_posthoc/out/coactivator_d1/H4_D1_coactivator_agonist_HC2/seed_42/H4_D1_coactivator_agonist_HC2_seed_42_sample_5_scores.json,1245464,8b051476d700e5b664bd9d33563ffd93ffc59aad8c62c8c2f8ca9cfa056ff407
h2_posthoc/out/coactivator_d1/H4_D1_coactivator_agonist_HC2/seed_42/H4_D1_coactivator_agonist_HC2_seed_42_sample_6_scores.json,1242433,a284c7b14704f66edd4ac4769fedbea2156b3c75e8918214f0b5598b5654abe6
h2_posthoc/out/coactivator_d1/H4_D1_coactivator_agonist_HC2/seed_42/H4_D1_coactivator_agonist_HC2_seed_42_sample_7_scores.json,1240519,8608f05186ab967b917db1f90ee062d4ed742567f8206e160bae349f5a1e15ce
h2_posthoc/out/coactivator_d1/H4_D1_coactivator_agonist_HC2/seed_42/H4_D1_coactivator_agonist_HC2_seed_42_sample_8_scores.json,1241766,6aebce6ce4fa14c16f0a29da19360f2a1187e7dc58f246347739cd14f5183e4b
h2_posthoc/out/coactivator_d1/H4_D1_coactivator_agonist_HC2/seed_42/H4_D1_coactivator_agonist_HC2_seed_42_sample_9_scores.json,1238619,497ea733dbd7938b9261916338aeb510f1df52899503a1d8c804051300426943
h2_posthoc/out/coactivator_d1/H4_D1_coactivator_agonist_HC2/seed_43/H4_D1_coactivator_agonist_HC2_seed_43_sample_10_scores.json,1244585,12a48df41aece6b92a6e86a56c3d3aa4ebd89a5ae510ad768276a2c3e3918adf
h2_posthoc/out/coactivator_d1/H4_D1_coactivator_agonist_HC2/seed_43/H4_D1_coactivator_agonist_HC2_seed_43_sample_1_scores.json,1245602,bc68e2ab1f0d5d1c0d68f3f8cda46c1a65419fab1e3e6e50d7f8721d9ef46b92
h2_posthoc/out/coactivator_d1/H4_D1_coactivator_agonist_HC2/seed_43/H4_D1_coactivator_agonist_HC2_seed_43_sample_2_scores.json,1243802,34db77f39c4d1e9151404754511f718518a6bcddfcb31c60ceb73503e009ba97
h2_posthoc/out/coactivator_d1/H4_D1_coactivator_agonist_HC2/seed_43/H4_D1_coactivator_agonist_HC2_seed_43_sample_3_scores.json,1246094,611ef40dca865320bbd28bec8e3f76d3cf58eaaadf2f094e106dd1bd6c454ab6
h2_posthoc/out/coactivator_d1/H4_D1_coactivator_agonist_HC2/seed_43/H4_D1_coactivator_agonist_HC2_seed_43_sample_4_scores.json,1235153,80dc273f0cb39b5f898f542e999d503a0031696c1f1def91cf8febca69be8efb
h2_posthoc/out/coactivator_d1/H4_D1_coactivator_agonist_HC2/seed_43/H4_D1_coactivator_agonist_HC2_seed_43_sample_5_scores.json,1230380,7c680e3192233487b318bd505d8d83bc6ccde2217acd1bbde039d06ded065d73
h2_posthoc/out/coactivator_d1/H4_D1_coactivator_agonist_HC2/seed_43/H4_D1_coactivator_agonist_HC2_seed_43_sample_6_scores.json,1237604,9ff57f86d2c2a136217f24ca22a7c5bd8bf5a4bd920613d6a1e85ec52cc1df56
h2_posthoc/out/coactivator_d1/H4_D1_coactivator_agonist_HC2/seed_43/H4_D1_coactivator_agonist_HC2_seed_43_sample_7_scores.json,1245595,3a75a91022482df6c9a59e8ab8ea13ac2e073e395d4005b6c1bfc39d20e768cd
h2_posthoc/out/coactivator_d1/H4_D1_coactivator_agonist_HC2/seed_43/H4_D1_coactivator_agonist_HC2_seed_43_sample_8_scores.json,1236026,56f1d7e5198bc7b3d0edf1319bbe9d1de228854afeffd6785c4e5010fc7ea84a
h2_posthoc/out/coactivator_d1/H4_D1_coactivator_agonist_HC2/seed_43/H4_D1_coactivator_agonist_HC2_seed_43_sample_9_scores.json,1247607,651a9ce507195b3669cf06a9255b0a4abf0f3b4dae0ea60e0a4bd24abc0d30b2
h2_posthoc/out/coactivator_d1/H4_D1_coactivator_agonist_HC2/seed_44/H4_D1_coactivator_agonist_HC2_seed_44_sample_10_scores.json,1241679,252e08996732c0330badd37e08f2deb6cc55e2a606887c9ebd7e0514b8556f3c
h2_posthoc/out/coactivator_d1/H4_D1_coactivator_agonist_HC2/seed_44/H4_D1_coactivator_agonist_HC2_seed_44_sample_1_scores.json,1239058,0f4d3a6146359373c03cf547271028884800b90910263cc09f3607aed2336112
h2_posthoc/out/coactivator_d1/H4_D1_coactivator_agonist_HC2/seed_44/H4_D1_coactivator_agonist_HC2_seed_44_sample_2_scores.json,1240161,1f97b2d1ec5b0e417466bd89121d0c8aca6b5cac785cb3d86b039fa5a938a251
h2_posthoc/out/coactivator_d1/H4_D1_coactivator_agonist_HC2/seed_44/H4_D1_coactivator_agonist_HC2_seed_44_sample_3_scores.json,1231877,0de989383ea978392a87c4c96b52cd46fc820822a4d9b95d7e4684119962c145
h2_posthoc/out/coactivator_d1/H4_D1_coactivator_agonist_HC2/seed_44/H4_D1_coactivator_agonist_HC2_seed_44_sample_4_scores.json,1243925,9f7d056d3dbe62444d116769a5ac0fae3265076188f7ad8f5f5f0304e3135afc
h2_posthoc/out/coactivator_d1/H4_D1_coactivator_agonist_HC2/seed_44/H4_D1_coactivator_agonist_HC2_seed_44_sample_5_scores.json,1232572,35fbc68e20df9dfdbfd7f37103f0a067c5ff449c8477dc137ae613dac2bc222b
h2_posthoc/out/coactivator_d1/H4_D1_coactivator_agonist_HC2/seed_44/H4_D1_coactivator_agonist_HC2_seed_44_sample_6_scores.json,1240872,0642c3c379ba2a9341bb158003de606146b2d4e7e35193039d1727a53136040d
h2_posthoc/out/coactivator_d1/H4_D1_coactivator_agonist_HC2/seed_44/H4_D1_coactivator_agonist_HC2_seed_44_sample_7_scores.json,1237678,eda20516296ea29bfc198c50b740bbb4644aac3c9cd4a7fb537dc3cfd8885f5a
h2_posthoc/out/coactivator_d1/H4_D1_coactivator_agonist_HC2/seed_44/H4_D1_coactivator_agonist_HC2_seed_44_sample_8_scores.json,1245858,bb8c146b706f4d0b4f1277b3f61816c06d652c0803acb90693325ff88431a59d
h2_posthoc/out/coactivator_d1/H4_D1_coactivator_agonist_HC2/seed_44/H4_D1_coactivator_agonist_HC2_seed_44_sample_9_scores.json,1238681,8f30f3ee5b30c9ac02b6d50abdb9d0167d29cdced4c0271b69e83c6a54767c9a
h2_posthoc/out/coactivator_d1/H4_D1_coactivator_agonist_HC2/seed_45/H4_D1_coactivator_agonist_HC2_seed_45_sample_10_scores.json,1234979,eac7ac57a1dd62a4f28e86852a61cde1e2ecaf02ce108a055c7816d6b02f782d
h2_posthoc/out/coactivator_d1/H4_D1_coactivator_agonist_HC2/seed_45/H4_D1_coactivator_agonist_HC2_seed_45_sample_1_scores.json,1247434,8ffe381596b474768bb4e2329ba8c3ba9c3e8fcef1faaedce0e16d31815f8e03
h2_posthoc/out/coactivator_d1/H4_D1_coactivator_agonist_HC2/seed_45/H4_D1_coactivator_agonist_HC2_seed_45_sample_2_scores.json,1241693,dd441c108288d80b8c9626597a5f6a51cc4a13441f7f9e4fc559ab244a158560
h2_posthoc/out/coactivator_d1/H4_D1_coactivator_agonist_HC2/seed_45/H4_D1_coactivator_agonist_HC2_seed_45_sample_3_scores.json,1247504,e75c8fb0a84fe545631c94a31eef863649d67b48b6f7b69f2ba069dc20e3f082
h2_posthoc/out/coactivator_d1/H4_D1_coactivator_agonist_HC2/seed_45/H4_D1_coactivator_agonist_HC2_seed_45_sample_4_scores.json,1241392,1f76d4337b2833b8a8f0b2ae26f50aa20ee2d989a83e5bc479931d23839b0613
h2_posthoc/out/coactivator_d1/H4_D1_coactivator_agonist_HC2/seed_45/H4_D1_coactivator_agonist_HC2_seed_45_sample_5_scores.json,1235206,51fdcb863057a7a85eec292ee68c662d7818799c71dbf26116c02f923c13a94b
h2_posthoc/out/coactivator_d1/H4_D1_coactivator_agonist_HC2/seed_45/H4_D1_coactivator_agonist_HC2_seed_45_sample_6_scores.json,1237740,594cb04e360d08c173b0560ff1199429d5261452377cc466a855b49e9c5988b2
h2_posthoc/out/coactivator_d1/H4_D1_coactivator_agonist_HC2/seed_45/H4_D1_coactivator_agonist_HC2_seed_45_sample_7_scores.json,1243569,4873f201d7d76b70d12189bc8f879a4678db1a9ea63d0a151de4a76d9ba21e0e
h2_posthoc/out/coactivator_d1/H4_D1_coactivator_agonist_HC2/seed_45/H4_D1_coactivator_agonist_HC2_seed_45_sample_8_scores.json,1241136,225b90657795371f701af3014253f8d9b2b61f3b9dfcb280a04a3fcbb945c849
h2_posthoc/out/coactivator_d1/H4_D1_coactivator_agonist_HC2/seed_45/H4_D1_coactivator_agonist_HC2_seed_45_sample_9_scores.json,1236625,8888d58cfed4f32f651a604a09c7af1d8fe81f9a894aed772eca723ddf46ee81
h2_posthoc/out/coactivator_d1/H4_D1_coactivator_agonist_HC2/seed_46/H4_D1_coactivator_agonist_HC2_seed_46_sample_10_scores.json,1228733,be36a174fdcf9d6a4a5e5b1cb8be3a35dd067010ed1b18fba57bc05224f40478
h2_posthoc/out/coactivator_d1/H4_D1_coactivator_agonist_HC2/seed_46/H4_D1_coactivator_agonist_HC2_seed_46_sample_1_scores.json,1254737,3c20ea8ce396d8191d0ada0b22e8775de810c5ec601e1492fdbea56dc3f3122c
h2_posthoc/out/coactivator_d1/H4_D1_coactivator_agonist_HC2/seed_46/H4_D1_coactivator_agonist_HC2_seed_46_sample_2_scores.json,1240578,e70017021bb0624fa9cebe33490e5d85e923bf6c5cf0fb40688da362a98255b3
h2_posthoc/out/coactivator_d1/H4_D1_coactivator_agonist_HC2/seed_46/H4_D1_coactivator_agonist_HC2_seed_46_sample_3_scores.json,1241335,73243830fe27ef6292a068f07085a2318dedc825bfc0ab5d218bceec954480cf
h2_posthoc/out/coactivator_d1/H4_D1_coactivator_agonist_HC2/seed_46/H4_D1_coactivator_agonist_HC2_seed_46_sample_4_scores.json,1243454,49120ba3884767e190ae6c910d6202503d7dd41234c18530d625c7fb386143b1
h2_posthoc/out/coactivator_d1/H4_D1_coactivator_agonist_HC2/seed_46/H4_D1_coactivator_agonist_HC2_seed_46_sample_5_scores.json,1233171,52906f6640d1d147ad62e3cf626b1d59513b73d90d18536c832bf528eea08ce3
h2_posthoc/out/coactivator_d1/H4_D1_coactivator_agonist_HC2/seed_46/H4_D1_coactivator_agonist_HC2_seed_46_sample_6_scores.json,1235128,aae4d1c5eb9fd97a9e5b874960d68fd7a68de160a06c440a7ffd60d6cec59e8a
h2_posthoc/out/coactivator_d1/H4_D1_coactivator_agonist_HC2/seed_46/H4_D1_coactivator_agonist_HC2_seed_46_sample_7_scores.json,1234500,7b48d849a2cb81d65f45aead52c4522de89399e508bcef3b85c5c7627ea57ecd
h2_posthoc/out/coactivator_d1/H4_D1_coactivator_agonist_HC2/seed_46/H4_D1_coactivator_agonist_HC2_seed_46_sample_8_scores.json,1240834,5020c7e097181c3ae07d11af4176e27364d1a75a8d34fc8f6a8df4648239fa20
h2_posthoc/out/coactivator_d1/H4_D1_coactivator_agonist_HC2/seed_46/H4_D1_coactivator_agonist_HC2_seed_46_sample_9_scores.json,1231788,88f427b3aadaab79bcaea0b7a63d3fd7a79a1c172af2e4d963357c2dbe23bdfe
h2_posthoc/out/depth_48/H2_msa_titration/seed_42/H2_msa_titration_seed_42_sample_10_scores.json,1117702,70c72ea7f11befc83435c1871fb3af3acbef76a5339b614a087a59c0326845c3
h2_posthoc/out/depth_48/H2_msa_titration/seed_42/H2_msa_titration_seed_42_sample_1_scores.json,1128731,4bb869913ef67bbeb1741c6b8827369c51e4656ad2f87ade4508d74aeab120d7
h2_posthoc/out/depth_48/H2_msa_titration/seed_42/H2_msa_titration_seed_42_sample_2_scores.json,1117126,e54acafbe051dcd342776923156a886af1bfd08daaeadd33358109bdb5adb161
h2_posthoc/out/depth_48/H2_msa_titration/seed_42/H2_msa_titration_seed_42_sample_3_scores.json,1122929,30413da2c7486e3f7fee967e3d81c7f98c8c5c0b18b4daaed255e8179d3a2ebe
h2_posthoc/out/depth_48/H2_msa_titration/seed_42/H2_msa_titration_seed_42_sample_4_scores.json,1117457,c081c2754620fd62396dbcd5f31ccbe12c9e7cbad75ffed25477f5e5f4092610
h2_posthoc/out/depth_48/H2_msa_titration/seed_42/H2_msa_titration_seed_42_sample_5_scores.json,1123223,4c47fb3d47eb2f482cab21d78b06b7c21c7a34de9933eeb9b29c3af63321f9e1
h2_posthoc/out/depth_48/H2_msa_titration/seed_42/H2_msa_titration_seed_42_sample_6_scores.json,1116568,45d41cfc50442c84ded10b25c792809ce5bb23afef2e44817af340acd7ecd3f5
h2_posthoc/out/depth_48/H2_msa_titration/seed_42/H2_msa_titration_seed_42_sample_7_scores.json,1124103,d5f421cc124ae0cb99dcd6ecb58311a4d3b2ddb0e1eb2047ba0ea47a9bef4a3f
h2_posthoc/out/depth_48/H2_msa_titration/seed_42/H2_msa_titration_seed_42_sample_8_scores.json,1121550,93712b460a95bea5af4d7647996c98e581dd7456f0b38850499edb5d1df6275a
h2_posthoc/out/depth_48/H2_msa_titration/seed_42/H2_msa_titration_seed_42_sample_9_scores.json,1116982,db1c61051ad67b02f5e045094c6edfbf9070a1b16fd361b220311d1810f703cd
h2_posthoc/out/depth_48/H2_msa_titration/seed_43/H2_msa_titration_seed_43_sample_10_scores.json,1137134,aac3c89c52530b309404b0444ad2606c32699ed618c7fa95677e3349085f993a
h2_posthoc/out/depth_48/H2_msa_titration/seed_43/H2_msa_titration_seed_43_sample_1_scores.json,1115802,dde7739860f9d69c61c138e0ff99a3ac59a32d5ba30b9939dfb56e8b21af7028
h2_posthoc/out/depth_48/H2_msa_titration/seed_43/H2_msa_titration_seed_43_sample_2_scores.json,1121067,b1c74f37cddcfb15e2412109d018b8446f80698a1e63d4bb595b431f8ea19fba
h2_posthoc/out/depth_48/H2_msa_titration/seed_43/H2_msa_titration_seed_43_sample_3_scores.json,1122051,7523118fc20ac377fe6875d46041891bad71d58d44111f3422ff9b9797414905
h2_posthoc/out/depth_48/H2_msa_titration/seed_43/H2_msa_titration_seed_43_sample_4_scores.json,1117973,7acf37bd0f43c27850214c8c6ed69644becf33df156d0ea0ace325b40b3484dc
h2_posthoc/out/depth_48/H2_msa_titration/seed_43/H2_msa_titration_seed_43_sample_5_scores.json,1128687,4f60fb6aa3b46d0b0034383efddbca0f68ce81e29478587b24963a934bf8000d
h2_posthoc/out/depth_48/H2_msa_titration/seed_43/H2_msa_titration_seed_43_sample_6_scores.json,1124573,dd7b5f45093684d580671798b4e28662522846cb7468fcc59c8286b6cf45b3c9
h2_posthoc/out/depth_48/H2_msa_titration/seed_43/H2_msa_titration_seed_43_sample_7_scores.json,1119272,3c3c2c760614d3fbcd803e8483b2fd813669464f7b8be6071174355adf143d4c
h2_posthoc/out/depth_48/H2_msa_titration/seed_43/H2_msa_titration_seed_43_sample_8_scores.json,1122260,e17fc6f2e3fb58229934e88378ac29c2694d3b0a89f45082a215f30ab8682214
h2_posthoc/out/depth_48/H2_msa_titration/seed_43/H2_msa_titration_seed_43_sample_9_scores.json,1110056,01e051215713d84e94a9d17e28c20ebc80e5f599af7b008ad8efd7ab7023c03a
h2_posthoc/out/depth_48/H2_msa_titration/seed_44/H2_msa_titration_seed_44_sample_10_scores.json,1124048,f14bb8361a272d77ae1e8c411bd46931bab967966724ac1354ff18cd6ed66e5e
h2_posthoc/out/depth_48/H2_msa_titration/seed_44/H2_msa_titration_seed_44_sample_1_scores.json,1125315,e2f95b61cc5fbba61ba02ebfa8c100feb9fef7501be419d72a0efcdfe0581181
h2_posthoc/out/depth_48/H2_msa_titration/seed_44/H2_msa_titration_seed_44_sample_2_scores.json,1124616,6dd9c06bfcedbb58bd5b19c2914a4b77ab0665cc9cbe37066c34ac8bc6eb68b1
h2_posthoc/out/depth_48/H2_msa_titration/seed_44/H2_msa_titration_seed_44_sample_3_scores.json,1116354,3b1a8b75163b75ae41952626d43774c601a62b82211f2280f2466f7d05e72f8f
h2_posthoc/out/depth_48/H2_msa_titration/seed_44/H2_msa_titration_seed_44_sample_4_scores.json,1139719,1051ea544c48e555e9287b1a0eb47a3e61954b212188bd1a0d0374a71575b15f
h2_posthoc/out/depth_48/H2_msa_titration/seed_44/H2_msa_titration_seed_44_sample_5_scores.json,1121724,82ab35a5e743e3fbb72204dd7fe9c461f3384d94c82c444ca3605cdccb868323
h2_posthoc/out/depth_48/H2_msa_titration/seed_44/H2_msa_titration_seed_44_sample_6_scores.json,1131103,172c3878aa7e1f9bd0963a2bb474759c74abe052470a845d10299369f13f6de4
h2_posthoc/out/depth_48/H2_msa_titration/seed_44/H2_msa_titration_seed_44_sample_7_scores.json,1127038,877922db1d86662b17d06e95ac091d125defbe7a9c30cc7ad72b0405ebde525f
h2_posthoc/out/depth_48/H2_msa_titration/seed_44/H2_msa_titration_seed_44_sample_8_scores.json,1139943,29dc2ae753abda18ac100a34c6eef5c68060c63118ca8bcf1a4e0e45fd8160e8
h2_posthoc/out/depth_48/H2_msa_titration/seed_44/H2_msa_titration_seed_44_sample_9_scores.json,1132153,fa8efa3556dc9c9cb7be3e32ec6983b0626eb6baad14bd8c42973b7859d0cb7a
h2_posthoc/out/depth_48/H2_msa_titration/seed_45/H2_msa_titration_seed_45_sample_10_scores.json,1123327,d2f1b0c0eb22a030aa48cfcaf788e62d02bb11ef8e53eca3b3baf042bf6e5df8
h2_posthoc/out/depth_48/H2_msa_titration/seed_45/H2_msa_titration_seed_45_sample_1_scores.json,1126220,9a7733e8b56c15f290aedf90797b864041ae9e17c1ead7eeeccf4975935769c5
h2_posthoc/out/depth_48/H2_msa_titration/seed_45/H2_msa_titration_seed_45_sample_2_scores.json,1123812,9a194def7ed0b1784420f4ea255755382a800f8fdf609eaabc96582df65f18aa
h2_posthoc/out/depth_48/H2_msa_titration/seed_45/H2_msa_titration_seed_45_sample_3_scores.json,1122209,3f2094ca76f2eff400e5807e5334f49aeb15569249b8388e99eb493d2712a146
h2_posthoc/out/depth_48/H2_msa_titration/seed_45/H2_msa_titration_seed_45_sample_4_scores.json,1126199,554add05a92bd3f04a45f318082cc6d2a83cebca79ffb94c6ebd04c3db2c2e62
h2_posthoc/out/depth_48/H2_msa_titration/seed_45/H2_msa_titration_seed_45_sample_5_scores.json,1125985,fd6524b1c1f21a352c5390a1ab466b49976b24721160cf9b0df14eb392bb8e68
h2_posthoc/out/depth_48/H2_msa_titration/seed_45/H2_msa_titration_seed_45_sample_6_scores.json,1115958,45e9a3c603403113b92441de032b4c40f006a5f98fc83c762c72a448f98ca66d
h2_posthoc/out/depth_48/H2_msa_titration/seed_45/H2_msa_titration_seed_45_sample_7_scores.json,1122797,b4d7f18b4ab9258c434514cf43c35d20fca4a829e656f2d6e67c2e1c5b25ba3a
h2_posthoc/out/depth_48/H2_msa_titration/seed_45/H2_msa_titration_seed_45_sample_8_scores.json,1119941,118fc56d0b99bc4d442b40c77b66f8383b248e29daa37d7ef5bd0deae62e9737
h2_posthoc/out/depth_48/H2_msa_titration/seed_45/H2_msa_titration_seed_45_sample_9_scores.json,1119233,c1ce3e7c3bca134a7de8baa3ca72bf0c47f4d8fc7c05479c793bed579361e043
h2_posthoc/out/depth_48/H2_msa_titration/seed_46/H2_msa_titration_seed_46_sample_10_scores.json,1124164,1d28b9552fe617d0cfaf54f0666f7c6f387ee148c6459897f9cac5a5df62548d
h2_posthoc/out/depth_48/H2_msa_titration/seed_46/H2_msa_titration_seed_46_sample_1_scores.json,1121628,13ebb7a6f12c813421e1b6f8bd0a62bde869be3a000f70cb08f0b147f28d1c8c
h2_posthoc/out/depth_48/H2_msa_titration/seed_46/H2_msa_titration_seed_46_sample_2_scores.json,1125349,25bbf1fa8fc64391624550c9161e4e0276162636ecdafb2590c5efc149b48e31
h2_posthoc/out/depth_48/H2_msa_titration/seed_46/H2_msa_titration_seed_46_sample_3_scores.json,1125210,efaad50cc06c6ec6a9e11d5bdb75c3a6f7ac06ba8fe53add10b0d7acd5b67c1b
h2_posthoc/out/depth_48/H2_msa_titration/seed_46/H2_msa_titration_seed_46_sample_4_scores.json,1122949,a69bb9da654c06f35a3d7c2c9046efa60da61238e19ab556312c40f97016c7fa
h2_posthoc/out/depth_48/H2_msa_titration/seed_46/H2_msa_titration_seed_46_sample_5_scores.json,1119574,e1dcd8dff513c12f207ba5a8c1a0ff7ed25032061ecf03b3616560747a5c39af
h2_posthoc/out/depth_48/H2_msa_titration/seed_46/H2_msa_titration_seed_46_sample_6_scores.json,1123301,c67bd8729657e54868bba356ba5ac5a14c12c8d08b01b34f934e445fa61a138f
h2_posthoc/out/depth_48/H2_msa_titration/seed_46/H2_msa_titration_seed_46_sample_7_scores.json,1130445,e5d3053462c4b968c4b485c74ef9944f05b1657f247969146a55b8f2ab281c7d
h2_posthoc/out/depth_48/H2_msa_titration/seed_46/H2_msa_titration_seed_46_sample_8_scores.json,1128712,1543eb76b32ba788df3161ca2c89e45e628c721beaea2fef5137e30601f2c65a
h2_posthoc/out/depth_48/H2_msa_titration/seed_46/H2_msa_titration_seed_46_sample_9_scores.json,1126233,6f262bcf3c017585adde6973e23d38443239764a4b86fcde8fd394d6ee38bcae
h2_posthoc/out/depth_64/H2_msa_titration/seed_42/H2_msa_titration_seed_42_sample_10_scores.json,1096010,99ea7e9c6c757942e3163253af5cb73b78c6ce51d4b24df097783093f5c07c46
h2_posthoc/out/depth_64/H2_msa_titration/seed_42/H2_msa_titration_seed_42_sample_1_scores.json,1109156,6a671df79e32ed4e0563f638b5128adec048795e57cce5cb353537ebc706f127
h2_posthoc/out/depth_64/H2_msa_titration/seed_42/H2_msa_titration_seed_42_sample_2_scores.json,1096760,db6bb6846c982f0f63efc1df10d44f27dd104700acee16343fd2f6a82f517bc7
h2_posthoc/out/depth_64/H2_msa_titration/seed_42/H2_msa_titration_seed_42_sample_3_scores.json,1097284,b6d2b1d86ab51f90cba2a2672aefe7c440c3f8908590bf9b4613b0acf13f73e8
h2_posthoc/out/depth_64/H2_msa_titration/seed_42/H2_msa_titration_seed_42_sample_4_scores.json,1098191,b2f6d94bc50a860057a37201b08ecbe7cda51935b6a8ea8003ceb766c890f018
h2_posthoc/out/depth_64/H2_msa_titration/seed_42/H2_msa_titration_seed_42_sample_5_scores.json,1113970,3f96c5344f12af36b6c8365021725b6dbe9f4d1bb834b7af73907c614f4890a0
h2_posthoc/out/depth_64/H2_msa_titration/seed_42/H2_msa_titration_seed_42_sample_6_scores.json,1098266,2c93a3f4d0f64694cd81c1eb8a9c3842fd4ce8128d6ed742d666cf249bb33dd7
h2_posthoc/out/depth_64/H2_msa_titration/seed_42/H2_msa_titration_seed_42_sample_7_scores.json,1104369,26c3e08bd22792b93a7ea0a8ceeadf68416b8c5d6654e4c747ae201882eb2cb3
h2_posthoc/out/depth_64/H2_msa_titration/seed_42/H2_msa_titration_seed_42_sample_8_scores.json,1118010,d35a0ef037a98b0a04ac6ff0859f5ffb25af2b20fb69bea40c40b692fb52d4a9
h2_posthoc/out/depth_64/H2_msa_titration/seed_42/H2_msa_titration_seed_42_sample_9_scores.json,1085815,54a607d68d0dc4bed9a270f61b5324d764e7d3d0ddf69939772a3a416f6cb3c8
h2_posthoc/out/depth_64/H2_msa_titration/seed_43/H2_msa_titration_seed_43_sample_10_scores.json,1118038,758075c5f8477e79389ba5bebfd28cbb98e4600108c7e310b991e1c59ddbcf7d
h2_posthoc/out/depth_64/H2_msa_titration/seed_43/H2_msa_titration_seed_43_sample_1_scores.json,1114995,a4c2c07e60c978303ad762f44f94c68349d01813f216b978061bbffdd5c66f56
h2_posthoc/out/depth_64/H2_msa_titration/seed_43/H2_msa_titration_seed_43_sample_2_scores.json,1104994,7d4ed06e920eb60fd0796039d0a7335a2d9d0cb9dee061123b6d4e78713a2468
h2_posthoc/out/depth_64/H2_msa_titration/seed_43/H2_msa_titration_seed_43_sample_3_scores.json,1099801,57034950ac66aff162eef032b5c6c7972e4435b6695dfffed80f2fadb81526de
h2_posthoc/out/depth_64/H2_msa_titration/seed_43/H2_msa_titration_seed_43_sample_4_scores.json,1101836,c2b54dace224dad2bde569112f632a7266251c12f80500706869fc3b6cfc1807
h2_posthoc/out/depth_64/H2_msa_titration/seed_43/H2_msa_titration_seed_43_sample_5_scores.json,1108327,0e2cd9393d2d4dd16f2b9d43357965f1a99f5f65b7a329754eec3875dfba7067
h2_posthoc/out/depth_64/H2_msa_titration/seed_43/H2_msa_titration_seed_43_sample_6_scores.json,1103033,e957b3a8d586dbe610be2060c4ff6384b274bbfd038a6cf4439822e397a081bc
h2_posthoc/out/depth_64/H2_msa_titration/seed_43/H2_msa_titration_seed_43_sample_7_scores.json,1118205,e13d2272ea8b876d94655f4058ea81eb40e7621dc00ffd7add5f0dcaaf4d5eb9
h2_posthoc/out/depth_64/H2_msa_titration/seed_43/H2_msa_titration_seed_43_sample_8_scores.json,1111087,04660da86b3f70bb9853dff1fb0bd7d476535735baca93f630931d5d14e0accc
h2_posthoc/out/depth_64/H2_msa_titration/seed_43/H2_msa_titration_seed_43_sample_9_scores.json,1100099,fe28761deaeb286648e701f9445c2e39a49802831a98fc2cd9faf1173a1091f4
h2_posthoc/out/depth_64/H2_msa_titration/seed_44/H2_msa_titration_seed_44_sample_10_scores.json,1115463,82fbb1a1aa21c0c1f00346c7df77a849db88ddd9ef4e7a717257afc2d108e72c
h2_posthoc/out/depth_64/H2_msa_titration/seed_44/H2_msa_titration_seed_44_sample_1_scores.json,1106864,4dbc9fee03dcf28c7f06e14ad136ede259ff703ea8d4b744a76f3874c3a5b9f1
h2_posthoc/out/depth_64/H2_msa_titration/seed_44/H2_msa_titration_seed_44_sample_2_scores.json,1112185,e9ddee612c0eaab987e29247ab709ba679f414d045da9d34364c73792dc77d7f
h2_posthoc/out/depth_64/H2_msa_titration/seed_44/H2_msa_titration_seed_44_sample_3_scores.json,1107974,de30c0ea6e8f6b3853083c9b69a9cfe987e0513ec9a236f26e8d01aa42f2e959
h2_posthoc/out/depth_64/H2_msa_titration/seed_44/H2_msa_titration_seed_44_sample_4_scores.json,1104177,bc9c3c2996cbd5262f896291d623d8649c349b3f9e15693fe244b15d6e841723
h2_posthoc/out/depth_64/H2_msa_titration/seed_44/H2_msa_titration_seed_44_sample_5_scores.json,1115528,1dd0d1e4a3b24adbeac3db68e078c7d3fc39d36e9e2eb88e7a52b4ead86dc25c
h2_posthoc/out/depth_64/H2_msa_titration/seed_44/H2_msa_titration_seed_44_sample_6_scores.json,1117702,e1cf4c7e5304dad05c04b596f0f13f76ae1ae3aaf34fa0468443cefc654d6906
h2_posthoc/out/depth_64/H2_msa_titration/seed_44/H2_msa_titration_seed_44_sample_7_scores.json,1118125,396df2442505845d31ddd6b1538f4ec8dbcf2ad2146b0ec3c33c0148b90066a2
h2_posthoc/out/depth_64/H2_msa_titration/seed_44/H2_msa_titration_seed_44_sample_8_scores.json,1109185,9dc35b6b5c706bd461611cd9480408b2f4896962177a2d61b6dd26f05eaec639
h2_posthoc/out/depth_64/H2_msa_titration/seed_44/H2_msa_titration_seed_44_sample_9_scores.json,1104528,bfc53b9e3b8347f88fbcc64023b328bd23364a9732e629c8a4c62de0600ce422
h2_posthoc/out/depth_64/H2_msa_titration/seed_45/H2_msa_titration_seed_45_sample_10_scores.json,1104856,744a33ecb22eb2e897a906b57d5b0519b420b312f25630a0920e204e566b4ab7
h2_posthoc/out/depth_64/H2_msa_titration/seed_45/H2_msa_titration_seed_45_sample_1_scores.json,1094752,829e74529dc2c92ad91d3f237c028c43fd078bc461c7fb5c2fd31ac753a16b88
h2_posthoc/out/depth_64/H2_msa_titration/seed_45/H2_msa_titration_seed_45_sample_2_scores.json,1108244,c88a55e6548ae76cecc9df00b17fb10718ff6f433f136876a9beb0ea54bdaa97
h2_posthoc/out/depth_64/H2_msa_titration/seed_45/H2_msa_titration_seed_45_sample_3_scores.json,1099583,e45d24279c58fd90570ece2b0b126014d781f9594529aa9892394848d8961af9
h2_posthoc/out/depth_64/H2_msa_titration/seed_45/H2_msa_titration_seed_45_sample_4_scores.json,1085514,7f301812fbf39a84aab78d7e7a78281d8ffec73f22b92482970af59d72a901be
h2_posthoc/out/depth_64/H2_msa_titration/seed_45/H2_msa_titration_seed_45_sample_5_scores.json,1107766,5fad42d05372027ba27c0e91861a91af964b1b14bc05247357ec4f109313f843
h2_posthoc/out/depth_64/H2_msa_titration/seed_45/H2_msa_titration_seed_45_sample_6_scores.json,1112620,f339f82b9bae20de710e574b09445b7f57d6fc228b49b0227d241f9d59a92196
h2_posthoc/out/depth_64/H2_msa_titration/seed_45/H2_msa_titration_seed_45_sample_7_scores.json,1084927,7855c7df6817a503be6cd5244064ca9128c4ac2c94f70eabe8337624a0419b95
h2_posthoc/out/depth_64/H2_msa_titration/seed_45/H2_msa_titration_seed_45_sample_8_scores.json,1098045,5990a47f447f23ba6665c5ddacb59a34b3bd2e147ce15828ad5a0d7d8d0ec979
h2_posthoc/out/depth_64/H2_msa_titration/seed_45/H2_msa_titration_seed_45_sample_9_scores.json,1109056,4db4fff17380a3f45953c46abe7cc0f27a3382ca6a8a73e7be453e93cc0143d8
h2_posthoc/out/depth_64/H2_msa_titration/seed_46/H2_msa_titration_seed_46_sample_10_scores.json,1121007,3df3608613175553d405f04904028a8a7eb49fe1754d7c3ddd51284a7d0aea25
h2_posthoc/out/depth_64/H2_msa_titration/seed_46/H2_msa_titration_seed_46_sample_1_scores.json,1110691,bdd8667ea4ecc3a664e898614e071806aa2238bb5da377e5add938e3620b4e67
h2_posthoc/out/depth_64/H2_msa_titration/seed_46/H2_msa_titration_seed_46_sample_2_scores.json,1114687,aff403c410562b0724005e911e8d146e4835007eb5922ebce38dbd4b5a082234
h2_posthoc/out/depth_64/H2_msa_titration/seed_46/H2_msa_titration_seed_46_sample_3_scores.json,1091316,e71b5a12a7719dde6e5f6fd64fb676d05989ee32bbd7294b98fcabbab5c26abf
h2_posthoc/out/depth_64/H2_msa_titration/seed_46/H2_msa_titration_seed_46_sample_4_scores.json,1107507,77e489a8ef774a3f5583aeedd73d8edb4158fd4457aa1eed60a1051fb88ff3a3
h2_posthoc/out/depth_64/H2_msa_titration/seed_46/H2_msa_titration_seed_46_sample_5_scores.json,1090786,e2dfd90413b6b32fe7608877bc5d3017e436da08714188190cc64328103eec07
h2_posthoc/out/depth_64/H2_msa_titration/seed_46/H2_msa_titration_seed_46_sample_6_scores.json,1111731,3d8abcabbac10769d3d17779983585c7d02d4ccc6c8b2fe18a459ee3c427ea28
h2_posthoc/out/depth_64/H2_msa_titration/seed_46/H2_msa_titration_seed_46_sample_7_scores.json,1107688,70c492a1a606277a965d615654517cb88ccb28b3e968f076d183200d7de27064
h2_posthoc/out/depth_64/H2_msa_titration/seed_46/H2_msa_titration_seed_46_sample_8_scores.json,1110461,74e3e53b82336e591f4f20e8bdbf898a7354f856e2601bb2b3dba83238ae9b3d
h2_posthoc/out/depth_64/H2_msa_titration/seed_46/H2_msa_titration_seed_46_sample_9_scores.json,1116363,9f00663561a7aa762904d007789d9b49d017ff7f98fb0465178fce316f3385fe
h2_posthoc/out/depth_96/H2_msa_titration/seed_42/H2_msa_titration_seed_42_sample_10_scores.json,1081609,5bae7cc1df2a3cc4625890003319fee7e43eb5d80788e083238d6c3d04694fa1
h2_posthoc/out/depth_96/H2_msa_titration/seed_42/H2_msa_titration_seed_42_sample_1_scores.json,1082089,11f7d3708c88c4c8c318dd3ba545b278a44d6c5dacf20ca7037c80ab0d609849
h2_posthoc/out/depth_96/H2_msa_titration/seed_42/H2_msa_titration_seed_42_sample_2_scores.json,1084684,ed3d330403d30486b225c34aa09ad180a66f607e4c626f58b787f173760f098e
h2_posthoc/out/depth_96/H2_msa_titration/seed_42/H2_msa_titration_seed_42_sample_3_scores.json,1082217,59440b712972e1719dbd66b7bae032a1bb3fcf38c326e70be43cef963cff074d
h2_posthoc/out/depth_96/H2_msa_titration/seed_42/H2_msa_titration_seed_42_sample_4_scores.json,1084559,caa4ae79d3a1dbdda24f0016be8bb44cc4ac1148e543658acd3104677163037e
h2_posthoc/out/depth_96/H2_msa_titration/seed_42/H2_msa_titration_seed_42_sample_5_scores.json,1083658,fb4779debb2572e1827b0cd5d765f8cdb1c46782751ffabc5450eacff14e68c2
h2_posthoc/out/depth_96/H2_msa_titration/seed_42/H2_msa_titration_seed_42_sample_6_scores.json,1081559,2f1096f91cd26aa01fd96718656bb45aece9f3986c23b8d2b53f38416ca1df5d
h2_posthoc/out/depth_96/H2_msa_titration/seed_42/H2_msa_titration_seed_42_sample_7_scores.json,1083102,f42962a57aa285093eb061518d0d7f20327a4746ac5cfe1b0bc1f3a6896f5549
h2_posthoc/out/depth_96/H2_msa_titration/seed_42/H2_msa_titration_seed_42_sample_8_scores.json,1085938,42d61a32e37f2405fbe10f29cab69004abcd5bf41b7d7c518cdbdd23a1e64f1b
h2_posthoc/out/depth_96/H2_msa_titration/seed_42/H2_msa_titration_seed_42_sample_9_scores.json,1080711,6cac208dc37f99367bfb1237c73c5b5bbd60c0033ee9f9d2f9af8fe1d6a3f13a
h2_posthoc/out/depth_96/H2_msa_titration/seed_43/H2_msa_titration_seed_43_sample_10_scores.json,1083647,e3679edfbfad54f76b4ce0afa576da4beddbd2bd03eecb2932bca7447f20a8f0
h2_posthoc/out/depth_96/H2_msa_titration/seed_43/H2_msa_titration_seed_43_sample_1_scores.json,1083510,e0743c239e8dd444a2b7a5c0b44ab6143dfef17a8a30ce64c8819a636d0d679b
h2_posthoc/out/depth_96/H2_msa_titration/seed_43/H2_msa_titration_seed_43_sample_2_scores.json,1083172,32165f2621868168e43c735f4ed6315dbff0a4f6b146574f2ab0f728a6d97b1e
h2_posthoc/out/depth_96/H2_msa_titration/seed_43/H2_msa_titration_seed_43_sample_3_scores.json,1082566,c867940923457f7116bfaebec871f2b67a0e2cbe334ef0b6437fe11870f5b1b2
h2_posthoc/out/depth_96/H2_msa_titration/seed_43/H2_msa_titration_seed_43_sample_4_scores.json,1081923,c849bc9fca1eeff87fa3bf859584c9e477c96476be92073a29ff49bf3002292c
h2_posthoc/out/depth_96/H2_msa_titration/seed_43/H2_msa_titration_seed_43_sample_5_scores.json,1082747,5532408d06da32064fc2ba1dbb35b2ae91a4e28d61da5f71c80eb84bc66147d7
h2_posthoc/out/depth_96/H2_msa_titration/seed_43/H2_msa_titration_seed_43_sample_6_scores.json,1082241,0b17f55658d091da3dd0883730586f649992bfb118a37f1ca183c1fd84a9a371
h2_posthoc/out/depth_96/H2_msa_titration/seed_43/H2_msa_titration_seed_43_sample_7_scores.json,1082624,3766290d8f2be030564bf66378266d53ec93a1d2b255500cc62ff50bfe18faaa
h2_posthoc/out/depth_96/H2_msa_titration/seed_43/H2_msa_titration_seed_43_sample_8_scores.json,1084194,4ca248cb6ce7099c0bdfab0bcfa1572741895a502fefc1512c748f330027a288
h2_posthoc/out/depth_96/H2_msa_titration/seed_43/H2_msa_titration_seed_43_sample_9_scores.json,1085581,b46a75ea5bb18788528a46b76d569185d423357cace139c6e99118e0b233226b
h2_posthoc/out/depth_96/H2_msa_titration/seed_44/H2_msa_titration_seed_44_sample_10_scores.json,1086498,90f6b32c3a3db6f2389153d6c22c5723e076cc259c1474dbe338e1ca912a2f86
h2_posthoc/out/depth_96/H2_msa_titration/seed_44/H2_msa_titration_seed_44_sample_1_scores.json,1086804,c21e4b5fb7dc9fd6e12ab34cb63ecec7425fe4dd9286cfe4689063b9bf5184a9
h2_posthoc/out/depth_96/H2_msa_titration/seed_44/H2_msa_titration_seed_44_sample_2_scores.json,1084337,4c982e613bcc9177b9498ed510a7374cd5fea239efd3b015b0f2e7481501f168
h2_posthoc/out/depth_96/H2_msa_titration/seed_44/H2_msa_titration_seed_44_sample_3_scores.json,1085540,42f46aa4f6fdc0061342d9bd1ee48f2cbbfbe617dc29372516b5f29ce1b2f7c8
h2_posthoc/out/depth_96/H2_msa_titration/seed_44/H2_msa_titration_seed_44_sample_4_scores.json,1087213,181053657f467c9e97a4879d73cc3e2a23379b6cc8388a9693d7aca5cbdbfcd9
h2_posthoc/out/depth_96/H2_msa_titration/seed_44/H2_msa_titration_seed_44_sample_5_scores.json,1087786,f40183ab801f348f42a92ae1daf1ea27a09d9db0419fe0ea5d9158a753b9f74c
h2_posthoc/out/depth_96/H2_msa_titration/seed_44/H2_msa_titration_seed_44_sample_6_scores.json,1090195,36e0cdb73f1faac8afba7363db981f423efcbc7d92f727d9a8b0e8844fd955f7
h2_posthoc/out/depth_96/H2_msa_titration/seed_44/H2_msa_titration_seed_44_sample_7_scores.json,1096766,2fa7b04db47a7a3474af04d215b4bbc7bd21ed18051510c9883860e94d6eeba3
h2_posthoc/out/depth_96/H2_msa_titration/seed_44/H2_msa_titration_seed_44_sample_8_scores.json,1086927,b8ae3a23c6792de374d127135b7332bea3a3a244bebc8e0d4cd085aa1a7fdb02
h2_posthoc/out/depth_96/H2_msa_titration/seed_44/H2_msa_titration_seed_44_sample_9_scores.json,1085326,91e7a12fb760e455c844ab45ec120a171c7ac34c95890af64ba5fa0e7fe92c71
h2_posthoc/out/depth_96/H2_msa_titration/seed_45/H2_msa_titration_seed_45_sample_10_scores.json,1089009,4a00f1bd140f99e770c1f68588af1da4a8f68d3afda463709ecf2a440e645dcf
h2_posthoc/out/depth_96/H2_msa_titration/seed_45/H2_msa_titration_seed_45_sample_1_scores.json,1090219,7467ae8b63acbd91efb11a3f61e4d82c6d34b4aee7ec0311bdfd9d0d54142850
h2_posthoc/out/depth_96/H2_msa_titration/seed_45/H2_msa_titration_seed_45_sample_2_scores.json,1093303,8992f495aa87c0d5852a7d41a4f108dc1292ea40ba1c2db08faf2382ceca14aa
h2_posthoc/out/depth_96/H2_msa_titration/seed_45/H2_msa_titration_seed_45_sample_3_scores.json,1090894,a8f264b2d357f6fd2ae2ffd3aa247c6cea4897109d05673122e5123efc501a9e
h2_posthoc/out/depth_96/H2_msa_titration/seed_45/H2_msa_titration_seed_45_sample_4_scores.json,1087706,d32c53a06ae03918b98a78c06fedcdfc1aa09291d9d956d6951efe8a2f237115
h2_posthoc/out/depth_96/H2_msa_titration/seed_45/H2_msa_titration_seed_45_sample_5_scores.json,1089845,1200a942956f4d652c0d31d746b347c605085754e5260061f8c9021edddb07e3
h2_posthoc/out/depth_96/H2_msa_titration/seed_45/H2_msa_titration_seed_45_sample_6_scores.json,1089694,ac6af0fe144895db73c349bcf58a05c92d27178e2f58d269c7e794f1e9402336
h2_posthoc/out/depth_96/H2_msa_titration/seed_45/H2_msa_titration_seed_45_sample_7_scores.json,1091969,c291c74f2f936875abb97653a975731b9ce5089cde578be58ad8cf54174ec7e2
h2_posthoc/out/depth_96/H2_msa_titration/seed_45/H2_msa_titration_seed_45_sample_8_scores.json,1091791,c8ecdd441b4dbd5996225f49b4f23324c6264a21462b45bd73ae9f2ec8cab255
h2_posthoc/out/depth_96/H2_msa_titration/seed_45/H2_msa_titration_seed_45_sample_9_scores.json,1089487,3afaa8f55caaedda6fc04f6ce0a2b302abd0c583372eaf95410edfc42b0cb36a
h2_posthoc/out/depth_96/H2_msa_titration/seed_46/H2_msa_titration_seed_46_sample_10_scores.json,1087206,cb1f5e26c51c6c471d9c7bd76d1c4b957d0339554c4bdd88f8616c558881db09
h2_posthoc/out/depth_96/H2_msa_titration/seed_46/H2_msa_titration_seed_46_sample_1_scores.json,1083498,d35c7df651256829bbdc2e6e86e95863076d93f5024c182fb20fe7f2bcb4f2b9
h2_posthoc/out/depth_96/H2_msa_titration/seed_46/H2_msa_titration_seed_46_sample_2_scores.json,1088716,fec84e5218d53d87eadca71dee6333be8b12a3c136672e2bfcf8abc8f02a61f1
h2_posthoc/out/depth_96/H2_msa_titration/seed_46/H2_msa_titration_seed_46_sample_3_scores.json,1085288,81156d074484e647ae208b2d3277ffbb515f28b5828ec245f993c2f0a4639230
h2_posthoc/out/depth_96/H2_msa_titration/seed_46/H2_msa_titration_seed_46_sample_4_scores.json,1091852,7436c63d9cb5c8b51641eca28e0591438f7fd8bfc77e18496a0c7ba96e00eca8
h2_posthoc/out/depth_96/H2_msa_titration/seed_46/H2_msa_titration_seed_46_sample_5_scores.json,1087760,5c5b489f0da720273aac94bba3f2e482f86bccaff79cc4516f98ad757a1a5333
h2_posthoc/out/depth_96/H2_msa_titration/seed_46/H2_msa_titration_seed_46_sample_6_scores.json,1083293,da59149f35fb034b4c70b672170fb75d28b1eaa7ff423c2363dca023cba8d272
h2_posthoc/out/depth_96/H2_msa_titration/seed_46/H2_msa_titration_seed_46_sample_7_scores.json,1083233,8eb1eb525094c76ec1b3ca0fdbfb819c4324ecb8f46055ccf5232a2ef2f9a55e
h2_posthoc/out/depth_96/H2_msa_titration/seed_46/H2_msa_titration_seed_46_sample_8_scores.json,1086371,7c3eefd8faf6cba0abe54da48368c1eab5305ab3abd698e2d4d58d75fb0ec139
h2_posthoc/out/depth_96/H2_msa_titration/seed_46/H2_msa_titration_seed_46_sample_9_scores.json,1083372,766cb22f3e0e01ae8958c559cb3973af6b27c6eac29909f10c39e06d000ec481
h2_posthoc/out/template_3kyt/H2_msa_titration/seed_42/H2_msa_titration_seed_42_sample_10_scores.json,1076107,ce9ea0cd4a665f52962b3387d1ff046923f2c2f8ed46bfb20ac93b5943bff426
h2_posthoc/out/template_3kyt/H2_msa_titration/seed_42/H2_msa_titration_seed_42_sample_1_scores.json,1075135,32ac35252c7e29b678e3680dff0f79c8f3cd81d55d893a213fe73cecdb4c963a
h2_posthoc/out/template_3kyt/H2_msa_titration/seed_42/H2_msa_titration_seed_42_sample_2_scores.json,1076909,ff14fa9ef4566d6bb36e689124a341c4ed35fa7e4d2c50e86fefcefef4e7ecfd
h2_posthoc/out/template_3kyt/H2_msa_titration/seed_42/H2_msa_titration_seed_42_sample_3_scores.json,1076368,6d40dd68d07b443a60ee001e768368f31fe04f42a8899ebb34208204e0a4bc3c
h2_posthoc/out/template_3kyt/H2_msa_titration/seed_42/H2_msa_titration_seed_42_sample_4_scores.json,1075854,3cdedd1326713be94360cc948364d51f4048101ac9a8a15406ab764d5ac98a2f
h2_posthoc/out/template_3kyt/H2_msa_titration/seed_42/H2_msa_titration_seed_42_sample_5_scores.json,1076335,1057adecbdb473cddbc57249371e3ffedded77c01f845ae89f0a764c220a622c
h2_posthoc/out/template_3kyt/H2_msa_titration/seed_42/H2_msa_titration_seed_42_sample_6_scores.json,1076863,bb3066998b1ab87897b57c574f743814a8e968955766239494958ded908793d6
h2_posthoc/out/template_3kyt/H2_msa_titration/seed_42/H2_msa_titration_seed_42_sample_7_scores.json,1076509,b90de9f938627a50932c6bee64dbf329f44a361e44e3782ebfdaf613a1af1a24
h2_posthoc/out/template_3kyt/H2_msa_titration/seed_42/H2_msa_titration_seed_42_sample_8_scores.json,1076225,21c9e250edf5288ff39dd4f3af5c56911568c9bde9c55974063afa65ccae6932
h2_posthoc/out/template_3kyt/H2_msa_titration/seed_42/H2_msa_titration_seed_42_sample_9_scores.json,1075752,df35ba4c5354df36b7deec11c1600230386b08af39e4e96a06d29bffd922b5e5
h2_posthoc/out/template_3kyt/H2_msa_titration/seed_43/H2_msa_titration_seed_43_sample_10_scores.json,1075923,badda1b34ddf0a833ffc4fbc4c20e35cbf566d3ae4d9b08ddf510cc30911021a
h2_posthoc/out/template_3kyt/H2_msa_titration/seed_43/H2_msa_titration_seed_43_sample_1_scores.json,1075268,475cc0cf1449a2ba6e39024fadb8b8b7eb062b96f24f5035563bcc67b7c5f095
h2_posthoc/out/template_3kyt/H2_msa_titration/seed_43/H2_msa_titration_seed_43_sample_2_scores.json,1075621,8712260b98b9242e5058f22670136feb9378609cf62ff1db8883142432938385
h2_posthoc/out/template_3kyt/H2_msa_titration/seed_43/H2_msa_titration_seed_43_sample_3_scores.json,1076223,ca89a3ca2a512ecd1002f03f3b50ac801f0aa4748ef9e59ff816d04a964111b7
h2_posthoc/out/template_3kyt/H2_msa_titration/seed_43/H2_msa_titration_seed_43_sample_4_scores.json,1076167,9db6a2534679e35d811d1bcbf2abc91bd029ea9a88f5f70a3f025ea6d07bd7ee
h2_posthoc/out/template_3kyt/H2_msa_titration/seed_43/H2_msa_titration_seed_43_sample_5_scores.json,1077037,78f4832a8a1f9d326deab276cda6529a53b8fccc5d6da61a9db780c5cfd5a7da
h2_posthoc/out/template_3kyt/H2_msa_titration/seed_43/H2_msa_titration_seed_43_sample_6_scores.json,1075038,4ef6bcc50a14b6776a67239d44f642d932a3e539cc3f0e6f0a9bdf723a6b5fee
h2_posthoc/out/template_3kyt/H2_msa_titration/seed_43/H2_msa_titration_seed_43_sample_7_scores.json,1076868,63aca8fe1ca7d7f00f3fd59d30901152177ec1c8ae4abf3bf2caf95d29354ff0
h2_posthoc/out/template_3kyt/H2_msa_titration/seed_43/H2_msa_titration_seed_43_sample_8_scores.json,1076061,35f19cb8d18182925cc2233eb7abb992ad52921c9ea09241d56626d5702e38b9
h2_posthoc/out/template_3kyt/H2_msa_titration/seed_43/H2_msa_titration_seed_43_sample_9_scores.json,1075473,aef7e59281ea53dd51f6fb47dd3d4a7c929569932b9aa9a03279ed0aa3388664
h2_posthoc/out/template_3kyt/H2_msa_titration/seed_44/H2_msa_titration_seed_44_sample_10_scores.json,1075437,7dc0caf6a21865238b13bb7ce9b9689ea0b4a6f267fb502f2bdb399e4eceec96
h2_posthoc/out/template_3kyt/H2_msa_titration/seed_44/H2_msa_titration_seed_44_sample_1_scores.json,1076938,1be8a3c61f6ce68d9b696f8a4123f5442741abb7471b3b6ab3b26599053baa24
h2_posthoc/out/template_3kyt/H2_msa_titration/seed_44/H2_msa_titration_seed_44_sample_2_scores.json,1075453,e2d1a22384cee9183b233e9a3c7b4a8a61009d40834fef8ce2b735c255e6b526
h2_posthoc/out/template_3kyt/H2_msa_titration/seed_44/H2_msa_titration_seed_44_sample_3_scores.json,1075069,9ad86ed9ff72f88ed3f85d354932705e7b836939660d2528ee24ce6559747e9a
h2_posthoc/out/template_3kyt/H2_msa_titration/seed_44/H2_msa_titration_seed_44_sample_4_scores.json,1076292,6ea1e553c1ce36b9d26d161fbd14ea21194964ae222edd795fcedd12ef6fa44d
h2_posthoc/out/template_3kyt/H2_msa_titration/seed_44/H2_msa_titration_seed_44_sample_5_scores.json,1074790,92c64342545396d9f408aead0e2abbd24bb9df26ce3727e1629dd05dbc3ac9e4
h2_posthoc/out/template_3kyt/H2_msa_titration/seed_44/H2_msa_titration_seed_44_sample_6_scores.json,1075654,477247c0a91d23087e7e990959e54e23d893361366ca418834022c149cf4e41d
h2_posthoc/out/template_3kyt/H2_msa_titration/seed_44/H2_msa_titration_seed_44_sample_7_scores.json,1076812,f576692351f51b55ba72845f21cd3410606237d1ba4916c093df691fa09834ac
h2_posthoc/out/template_3kyt/H2_msa_titration/seed_44/H2_msa_titration_seed_44_sample_8_scores.json,1076691,145e1cf966ba55330970a57761ebcf3c76d6a890d03acfaea5f4844f6122884a
h2_posthoc/out/template_3kyt/H2_msa_titration/seed_44/H2_msa_titration_seed_44_sample_9_scores.json,1076386,18a6bb0e59275bd0a104da81a014ae03339fb87856b5031589b996ddabbdcef6
h2_posthoc/out/template_3kyt/H2_msa_titration/seed_45/H2_msa_titration_seed_45_sample_10_scores.json,1076238,54617f4a3bd02f14bb03bbbe6e5d020947de7a7330ed3315d4394c8bb39a1819
h2_posthoc/out/template_3kyt/H2_msa_titration/seed_45/H2_msa_titration_seed_45_sample_1_scores.json,1076307,c38c3c301a1752559caa81e5e55b671c33684c73edcd173544baceae3c17b7aa
h2_posthoc/out/template_3kyt/H2_msa_titration/seed_45/H2_msa_titration_seed_45_sample_2_scores.json,1075835,ae6cf63654222479086dd94a88ae74f8180e0ebbb1c6ce9f6a972a1af7f84fe5
h2_posthoc/out/template_3kyt/H2_msa_titration/seed_45/H2_msa_titration_seed_45_sample_3_scores.json,1077373,35e37462a50d8b7b8f43a4dcfb1ffe669816e8e16e8d24c32519747e5c94aec6
h2_posthoc/out/template_3kyt/H2_msa_titration/seed_45/H2_msa_titration_seed_45_sample_4_scores.json,1074702,04bbd8fc6bfea59067b09ef2a14990b39ba349c47746d1657ee7bfa85b61319a
h2_posthoc/out/template_3kyt/H2_msa_titration/seed_45/H2_msa_titration_seed_45_sample_5_scores.json,1076477,65d1f0185bef6d00fdd9bf5304636b0542981871b836fa049a526afcbc691241
h2_posthoc/out/template_3kyt/H2_msa_titration/seed_45/H2_msa_titration_seed_45_sample_6_scores.json,1076384,aea62fbaf4e05a1dbc044e467c14cbcb48cab3e7205533cfc550ed5c2d4555a7
h2_posthoc/out/template_3kyt/H2_msa_titration/seed_45/H2_msa_titration_seed_45_sample_7_scores.json,1076169,00265bb5145f4b916b6d815194e14fb93c121c1741d36c29cbfa04d5b6235270
h2_posthoc/out/template_3kyt/H2_msa_titration/seed_45/H2_msa_titration_seed_45_sample_8_scores.json,1076717,10a40df0092bb51d8ac0390720daa6855843ff4bdc5ee24ef62963cace3824b3
h2_posthoc/out/template_3kyt/H2_msa_titration/seed_45/H2_msa_titration_seed_45_sample_9_scores.json,1074980,64fe766c1ed92009ed9ddab64f9cb1afafd8caecd4ce5ca52c032e429a4a94cd
h2_posthoc/out/template_3kyt/H2_msa_titration/seed_46/H2_msa_titration_seed_46_sample_10_scores.json,1075867,856c33519eeac2961121ed9d2afd9cc65771c33140e0232f0493f6914ae14224
h2_posthoc/out/template_3kyt/H2_msa_titration/seed_46/H2_msa_titration_seed_46_sample_1_scores.json,1076383,92246bc2043e10558624537b4a1914481a324a027508bde35330ac0943ce31c0
h2_posthoc/out/template_3kyt/H2_msa_titration/seed_46/H2_msa_titration_seed_46_sample_2_scores.json,1076216,20f1a4f9928a9eb52fe7d2e2699ffb7d2cf58807282b5aea27735d757909bd19
h2_posthoc/out/template_3kyt/H2_msa_titration/seed_46/H2_msa_titration_seed_46_sample_3_scores.json,1076565,fc1ae2cb410a8403c50b2b8f14378cb327d569618317aa68892528f52c2e1051
h2_posthoc/out/template_3kyt/H2_msa_titration/seed_46/H2_msa_titration_seed_46_sample_4_scores.json,1075759,86d403eabc39e1ab36039b08140d20d86e917432c274d09a09759ac72c7e5c36
h2_posthoc/out/template_3kyt/H2_msa_titration/seed_46/H2_msa_titration_seed_46_sample_5_scores.json,1075686,ed6ffbed4f0dc3243ce0dbd3b2d073495c8f21d48e6bfa749e206710f45e6d2e
h2_posthoc/out/template_3kyt/H2_msa_titration/seed_46/H2_msa_titration_seed_46_sample_6_scores.json,1076256,aa8312520f0e06b5ba7ae7a86d0576a99e8043c973774cfee3d280f763b2cb34
h2_posthoc/out/template_3kyt/H2_msa_titration/seed_46/H2_msa_titration_seed_46_sample_7_scores.json,1075582,476c59fd401223d4e95861f64f721df3e60f0d511c807507ca823d3361b6902c
h2_posthoc/out/template_3kyt/H2_msa_titration/seed_46/H2_msa_titration_seed_46_sample_8_scores.json,1076898,ffb1bb5b24d182d1791598a2737393fdf32a54702a7e76c1543cd2927c5fbda5
h2_posthoc/out/template_3kyt/H2_msa_titration/seed_46/H2_msa_titration_seed_46_sample_9_scores.json,1076643,10d9b0fecea823acb6bbb93a1ab393fe64f7d248f1be803e694645a73695df6d
h2_posthoc/out/template_4zjw/H2_msa_titration/seed_42/H2_msa_titration_seed_42_sample_10_scores.json,1073690,e009fbc5dfdfcecb219d5ad09d8d288201704e97e716e6c77bdd5f4b13c4127e
h2_posthoc/out/template_4zjw/H2_msa_titration/seed_42/H2_msa_titration_seed_42_sample_1_scores.json,1073690,a3bb7b7babd74f61e7bcb1f2984e54e52475c3a60c6e3d1822def94434701ee6
h2_posthoc/out/template_4zjw/H2_msa_titration/seed_42/H2_msa_titration_seed_42_sample_2_scores.json,1078048,f4b0b00611ee38dc701e025a1867487f4aff2ce61da2d7e943521d7352bf42e2
h2_posthoc/out/template_4zjw/H2_msa_titration/seed_42/H2_msa_titration_seed_42_sample_3_scores.json,1076427,d049bd0017ca63b8df2479bac94642657b1cab7a521d7cfa8772144859dab70e
h2_posthoc/out/template_4zjw/H2_msa_titration/seed_42/H2_msa_titration_seed_42_sample_4_scores.json,1077356,4703d13de21b1f73371faf74e863234483d80ce2873b62fa1bd6390e490de1ea
h2_posthoc/out/template_4zjw/H2_msa_titration/seed_42/H2_msa_titration_seed_42_sample_5_scores.json,1077115,02261c8774ffb5e7ce7e3979fd191c62010f3223ce50ec460857d9189c99c81b
h2_posthoc/out/template_4zjw/H2_msa_titration/seed_42/H2_msa_titration_seed_42_sample_6_scores.json,1077157,5c877bd411d5c7a7681d4b4568b790b09ab1b705fb5276690c99c09a8aa6c4e9
h2_posthoc/out/template_4zjw/H2_msa_titration/seed_42/H2_msa_titration_seed_42_sample_7_scores.json,1077841,e82e8a2e51e224664b34b4273ff7ae2136433c23054908e3fc1d23733dc1e40d
h2_posthoc/out/template_4zjw/H2_msa_titration/seed_42/H2_msa_titration_seed_42_sample_8_scores.json,1076914,514810d6e6f331a10943ab974333117cc8abfc7b842cccc1eae26973b1cad2f8
h2_posthoc/out/template_4zjw/H2_msa_titration/seed_42/H2_msa_titration_seed_42_sample_9_scores.json,1077202,6e97da0719c4419564649c71fb0b6efb6d999b2f6b387dccd47942c8e69edcc1
h2_posthoc/out/template_4zjw/H2_msa_titration/seed_43/H2_msa_titration_seed_43_sample_10_scores.json,1077562,ab4658fb11676168eff2de71d8d59960f01daa686d8f2209e63921db668f1d09
h2_posthoc/out/template_4zjw/H2_msa_titration/seed_43/H2_msa_titration_seed_43_sample_1_scores.json,1077426,9048a46cd971c04238a3241e84d334d41276b9887038dbca3621c6f22b7db582
h2_posthoc/out/template_4zjw/H2_msa_titration/seed_43/H2_msa_titration_seed_43_sample_2_scores.json,1077075,49ac08a04cd92e8ac5ca67116c8c69ff0e065bba2d03b9beb4e4ddb750739f2b
h2_posthoc/out/template_4zjw/H2_msa_titration/seed_43/H2_msa_titration_seed_43_sample_3_scores.json,1077469,0679d694eedb440a940207934f52dc604954691358a03b43826781d9314a88cb
h2_posthoc/out/template_4zjw/H2_msa_titration/seed_43/H2_msa_titration_seed_43_sample_4_scores.json,1077106,8d85b04fc2985f3b628fb4d9be4a4da333fb76276cb2a145f537e6ab24cb2baf
h2_posthoc/out/template_4zjw/H2_msa_titration/seed_43/H2_msa_titration_seed_43_sample_5_scores.json,1077461,3a6375d317289c48ac88f3d17b9dbfc68bf0f20c83ad3ede209d73808659efe7
h2_posthoc/out/template_4zjw/H2_msa_titration/seed_43/H2_msa_titration_seed_43_sample_6_scores.json,1073661,5cfd49c534fdb264c136724ab552d747b17f5df2108d8204395e906ce81ae971
h2_posthoc/out/template_4zjw/H2_msa_titration/seed_43/H2_msa_titration_seed_43_sample_7_scores.json,1076863,b174d79bed4ad32e4ce5a298588146a55a765dc2910194dc4858891776b82ca3
h2_posthoc/out/template_4zjw/H2_msa_titration/seed_43/H2_msa_titration_seed_43_sample_8_scores.json,1074135,153a5ae0b4e38693886be98c4a765f5292969bc3a55798fdc912b0fca0746d88
h2_posthoc/out/template_4zjw/H2_msa_titration/seed_43/H2_msa_titration_seed_43_sample_9_scores.json,1077479,4d1fedc464cb9e0b29830c9a4854d912e2d9fa3070204e9aa148789c78ce0bb8
h2_posthoc/out/template_4zjw/H2_msa_titration/seed_44/H2_msa_titration_seed_44_sample_10_scores.json,1076671,a128ed11f7553041ee9f96ef387b72eff131963bd30819e4dcc96a0c327d4d71
h2_posthoc/out/template_4zjw/H2_msa_titration/seed_44/H2_msa_titration_seed_44_sample_1_scores.json,1077294,92dc491aa90e8ced69c2309eef7970ee5bea5c561ca74fdf4e1bad64e3743614
h2_posthoc/out/template_4zjw/H2_msa_titration/seed_44/H2_msa_titration_seed_44_sample_2_scores.json,1077465,dc9d0dc510a56c8cb770b776a7935eca5f0fc4c9a5e1f428542b4acc74ab6a71
h2_posthoc/out/template_4zjw/H2_msa_titration/seed_44/H2_msa_titration_seed_44_sample_3_scores.json,1077232,a5f9be5a53605b0fe740013210daa1799702f0c006891b25ce3a2b1f368081c4
h2_posthoc/out/template_4zjw/H2_msa_titration/seed_44/H2_msa_titration_seed_44_sample_4_scores.json,1076808,940ca749b5be736b348f2dc73db16de2b9c3c833ca77ac93cd2377f34be0b0b6
h2_posthoc/out/template_4zjw/H2_msa_titration/seed_44/H2_msa_titration_seed_44_sample_5_scores.json,1077152,94f860452272538bab0746833d492100daee3bf8870bd73d245ef3110b28a226
h2_posthoc/out/template_4zjw/H2_msa_titration/seed_44/H2_msa_titration_seed_44_sample_6_scores.json,1077051,77dc7fd98d3968245f364459a690140c97d4518f92d78d75eca17d1ad6f803c4
h2_posthoc/out/template_4zjw/H2_msa_titration/seed_44/H2_msa_titration_seed_44_sample_7_scores.json,1077429,e639f8a60ea451f68524908729d142e846ccc9b62b3d4b86aa70ab1de6b789fb
h2_posthoc/out/template_4zjw/H2_msa_titration/seed_44/H2_msa_titration_seed_44_sample_8_scores.json,1076938,a501d4c9c48e7adafe829a67932ebcde8d4ad60b2a672cc1f344854a7eaec43e
h2_posthoc/out/template_4zjw/H2_msa_titration/seed_44/H2_msa_titration_seed_44_sample_9_scores.json,1077764,6d38b62ace10973719964c48c47f0654257da959f0e4749785903220d542a0d6
h2_posthoc/out/template_4zjw/H2_msa_titration/seed_45/H2_msa_titration_seed_45_sample_10_scores.json,1077921,ea1806b6731223a62af0230d19e8a4305b0b871bdfa3dfee24eb75d27c10ef97
h2_posthoc/out/template_4zjw/H2_msa_titration/seed_45/H2_msa_titration_seed_45_sample_1_scores.json,1077360,3bd41f5c45506613e85ebd308835b588ff95c6962c1d2416cd3ac495d9320159
h2_posthoc/out/template_4zjw/H2_msa_titration/seed_45/H2_msa_titration_seed_45_sample_2_scores.json,1073996,62420d39e544bf6d3fc1955fa34aed3d29cacc78399f513207bbf8cfafdd7b44
h2_posthoc/out/template_4zjw/H2_msa_titration/seed_45/H2_msa_titration_seed_45_sample_3_scores.json,1077581,79b42fbdfd1c18e706c9cbea0d0a39fd88f349535d33974b0065c52e97df2f87
h2_posthoc/out/template_4zjw/H2_msa_titration/seed_45/H2_msa_titration_seed_45_sample_4_scores.json,1077174,e10e5814505d54ee7384841a197d6347b5a9e1b4ec07c0a8df75e60dd088fd43
h2_posthoc/out/template_4zjw/H2_msa_titration/seed_45/H2_msa_titration_seed_45_sample_5_scores.json,1077311,42f12b8e947a7301fe7351611d455cfad30915d14cf05f85fae306917d3b3224
h2_posthoc/out/template_4zjw/H2_msa_titration/seed_45/H2_msa_titration_seed_45_sample_6_scores.json,1077690,678154a11f44904c42b848f155b9a2ae474e406b5c5396809f064a623939194c
h2_posthoc/out/template_4zjw/H2_msa_titration/seed_45/H2_msa_titration_seed_45_sample_7_scores.json,1077601,e565aa92172fbc365abb2fe4695db057d6189740c516fdd30c0d6c4e212f4cc9
h2_posthoc/out/template_4zjw/H2_msa_titration/seed_45/H2_msa_titration_seed_45_sample_8_scores.json,1076667,aba0dba8243b7900a18e1b3f4166783ff6edf177944f52408ff8878ee80deaf0
h2_posthoc/out/template_4zjw/H2_msa_titration/seed_45/H2_msa_titration_seed_45_sample_9_scores.json,1074128,a6f054cf70e0050147c17d14dfc44e501db50f932cb05cbab8d2a8d25ef5af1f
h2_posthoc/out/template_4zjw/H2_msa_titration/seed_46/H2_msa_titration_seed_46_sample_10_scores.json,1077168,4be84705d656a8aa3e69ef9b42967911ba811ffa549a524beb4bac77a57fe468
h2_posthoc/out/template_4zjw/H2_msa_titration/seed_46/H2_msa_titration_seed_46_sample_1_scores.json,1077576,04df384189b9a76426b09efa338ea15a7ecc860dea3c54769e0fd7850fe82a84
h2_posthoc/out/template_4zjw/H2_msa_titration/seed_46/H2_msa_titration_seed_46_sample_2_scores.json,1077263,028888bc329f3d5282a074a286c1bc88f4a4386b95ed3510a1bfbd5a7b08a1dc
h2_posthoc/out/template_4zjw/H2_msa_titration/seed_46/H2_msa_titration_seed_46_sample_3_scores.json,1074099,1d54ca0abacff7789bb64c3cef9c4628a34cd00cfa9be0a314b340d2a7412a5f
h2_posthoc/out/template_4zjw/H2_msa_titration/seed_46/H2_msa_titration_seed_46_sample_4_scores.json,1076828,5ffba2f2ddaf80c2038087370d84e160f3d10eade7521b5168b0e4eaf40039cc
h2_posthoc/out/template_4zjw/H2_msa_titration/seed_46/H2_msa_titration_seed_46_sample_5_scores.json,1077693,b40b322597f701aec47b1da63ca92f3a394be1b33342bff32de4169b55bc07c3
h2_posthoc/out/template_4zjw/H2_msa_titration/seed_46/H2_msa_titration_seed_46_sample_6_scores.json,1077136,9b8c6a47e398a7a98ed9df820e4bb36fb8a02141dd0184eaa223367eb3f3b1c2
h2_posthoc/out/template_4zjw/H2_msa_titration/seed_46/H2_msa_titration_seed_46_sample_7_scores.json,1077099,71ce3d532de8f66e361df6c8283a2e85151d873d907c8177dff56148e8e1b96a
h2_posthoc/out/template_4zjw/H2_msa_titration/seed_46/H2_msa_titration_seed_46_sample_8_scores.json,1076850,702ca18e8cee31d669d87fe07256bf4a389aada4b512e169ac64926490a22f78
h2_posthoc/out/template_4zjw/H2_msa_titration/seed_46/H2_msa_titration_seed_46_sample_9_scores.json,1077304,0e180850202596bdf0c90904162435162c67d92d53750174944232e88818fddd
h2_posthoc/out/template_5c4o/H2_msa_titration/seed_42/H2_msa_titration_seed_42_sample_10_scores.json,1076051,3e1b53b3fa62d6fbc123d2af70d855079252647257cb411e616d40422a2582e7
h2_posthoc/out/template_5c4o/H2_msa_titration/seed_42/H2_msa_titration_seed_42_sample_1_scores.json,1076541,f6e629147f1e3df4e330e4e8721c4d9f57751fee36e6c0ded45700cd977d59e6
h2_posthoc/out/template_5c4o/H2_msa_titration/seed_42/H2_msa_titration_seed_42_sample_2_scores.json,1076422,9c6114d7a72e6c20ad1f42827e0e033b4018028cf42cea60a955d374c8db4090
h2_posthoc/out/template_5c4o/H2_msa_titration/seed_42/H2_msa_titration_seed_42_sample_3_scores.json,1076154,6cf7609a5139e4b419a88887eaddf8479784ac2f50d530a95ef6554ac03c9161
h2_posthoc/out/template_5c4o/H2_msa_titration/seed_42/H2_msa_titration_seed_42_sample_4_scores.json,1076106,e32bd912713878894d582ef3f88cf33c3acc7f7daf91a50c639db8860aa41ff2
h2_posthoc/out/template_5c4o/H2_msa_titration/seed_42/H2_msa_titration_seed_42_sample_5_scores.json,1076056,1ee58fcad6a17527b9620d297e0e8c17348520506eba32d8fc1db5a2181d9aa1
h2_posthoc/out/template_5c4o/H2_msa_titration/seed_42/H2_msa_titration_seed_42_sample_6_scores.json,1076389,41803af6dc661a38d8558b22d310ff2432ac8b3bcbe81c6aefe87c6ff6edec44
h2_posthoc/out/template_5c4o/H2_msa_titration/seed_42/H2_msa_titration_seed_42_sample_7_scores.json,1076243,8c5a0f1d4948cf773ab31c3d0384a135ae24607821e72a3a81b8a750d8a0a242
h2_posthoc/out/template_5c4o/H2_msa_titration/seed_42/H2_msa_titration_seed_42_sample_8_scores.json,1076299,9a5dcfc334a1f417011c84dcafa8b66da9d4e024df956709e6ef7e715ed6f052
h2_posthoc/out/template_5c4o/H2_msa_titration/seed_42/H2_msa_titration_seed_42_sample_9_scores.json,1076446,e1967a810532ca0e8389606d0be87877001bc84540f5daf92017cdec342cd537
h2_posthoc/out/template_5c4o/H2_msa_titration/seed_43/H2_msa_titration_seed_43_sample_10_scores.json,1075944,7800989abec17cf0961efe65f22b55bb4dbf679805d019c5b07d8f584306a52f
h2_posthoc/out/template_5c4o/H2_msa_titration/seed_43/H2_msa_titration_seed_43_sample_1_scores.json,1076194,bee6f90946e693a6497be93a27a54befd359e31fa3d2160a4fe91105824449b4
h2_posthoc/out/template_5c4o/H2_msa_titration/seed_43/H2_msa_titration_seed_43_sample_2_scores.json,1076476,328a3de3b73d645e78c20f294b2f5e90394e08bc634916fdb2cc5aa5605b5263
h2_posthoc/out/template_5c4o/H2_msa_titration/seed_43/H2_msa_titration_seed_43_sample_3_scores.json,1076369,b98af49f569f8cd50ba59ad65a3457862e50131fdcea7b566c8fd0397ec039a3
h2_posthoc/out/template_5c4o/H2_msa_titration/seed_43/H2_msa_titration_seed_43_sample_4_scores.json,1076370,ce0a1b75039dbb3521b329af29a0a0db59e19da3a20a7b81769d45c28c1ee523
h2_posthoc/out/template_5c4o/H2_msa_titration/seed_43/H2_msa_titration_seed_43_sample_5_scores.json,1076572,43a884899b03269ea795c462c4085aec1a8f2cd933f7056a549f7c28d3109f48
h2_posthoc/out/template_5c4o/H2_msa_titration/seed_43/H2_msa_titration_seed_43_sample_6_scores.json,1076392,29876c4a134c7dbeb80d49de098ece23f29e26d9f1a816518e8d0386be8f25e0
h2_posthoc/out/template_5c4o/H2_msa_titration/seed_43/H2_msa_titration_seed_43_sample_7_scores.json,1076542,f9a7fdf76fc709f2fd4a40f349294785e44d9605c743418878d382b97bb4031f
h2_posthoc/out/template_5c4o/H2_msa_titration/seed_43/H2_msa_titration_seed_43_sample_8_scores.json,1076340,3f2933c4a7b35cafd7435703eafce6da7f326a41bac6d450a313c345f7ed286d
h2_posthoc/out/template_5c4o/H2_msa_titration/seed_43/H2_msa_titration_seed_43_sample_9_scores.json,1076318,2264d5b0ebbe2536e7a98c98af3c192d43042b13241d2abab622da2d6c3f8ca3
h2_posthoc/out/template_5c4o/H2_msa_titration/seed_44/H2_msa_titration_seed_44_sample_10_scores.json,1075520,e604db467367200c80422c2de3d210d2ca712a881be76fd9fe4f259e2c86e670
h2_posthoc/out/template_5c4o/H2_msa_titration/seed_44/H2_msa_titration_seed_44_sample_1_scores.json,1076255,a653c0f89fe27d8bb22a6bc09ae33a92e8a8447e2adeab01685c354be627d932
h2_posthoc/out/template_5c4o/H2_msa_titration/seed_44/H2_msa_titration_seed_44_sample_2_scores.json,1076118,02855f03c661bc001cf9b83c1e872054d2c4181085bc9867175282dcf262b1c1
h2_posthoc/out/template_5c4o/H2_msa_titration/seed_44/H2_msa_titration_seed_44_sample_3_scores.json,1076124,af50f4cb8d7aaa3c590973151d42a66ef9c2d54cee1ce1c7288352ca7bf53b97
h2_posthoc/out/template_5c4o/H2_msa_titration/seed_44/H2_msa_titration_seed_44_sample_4_scores.json,1075800,6c96a836873fb3a9e02c8c6fff30b39934ea9bc98d98b6e5e170c9b80a281749
h2_posthoc/out/template_5c4o/H2_msa_titration/seed_44/H2_msa_titration_seed_44_sample_5_scores.json,1076351,2149f988742837331eac8db4ecb55074e628d508079c50807ba4b0e292c2e970
h2_posthoc/out/template_5c4o/H2_msa_titration/seed_44/H2_msa_titration_seed_44_sample_6_scores.json,1076283,ba32a889fa55e642beaaa670242d09510c2ecc60016078dc5a45fc2a34e4e60e
h2_posthoc/out/template_5c4o/H2_msa_titration/seed_44/H2_msa_titration_seed_44_sample_7_scores.json,1076472,e64230686145cc8e6e551aebabaa43ab19ea59e17ac39eb172a7163b316a8d0f
h2_posthoc/out/template_5c4o/H2_msa_titration/seed_44/H2_msa_titration_seed_44_sample_8_scores.json,1076166,dbf02269351471b0512afaf3a13288b5f9631e50da3fcb43bf798913e79bf123
h2_posthoc/out/template_5c4o/H2_msa_titration/seed_44/H2_msa_titration_seed_44_sample_9_scores.json,1076388,edd685da43a32718aa2662820b89b6c0b0479a6bcfcd82b38a14e5735b37927c
h2_posthoc/out/template_5c4o/H2_msa_titration/seed_45/H2_msa_titration_seed_45_sample_10_scores.json,1075908,8424585c6502f2ecedd7e62b388dfbfbbc8fa8669024435261f70bfa036ac144
h2_posthoc/out/template_5c4o/H2_msa_titration/seed_45/H2_msa_titration_seed_45_sample_1_scores.json,1076392,9d9eace9140880534e7e632fe8e51efea4fe4d298c0f35589ed0d1a359955dee
h2_posthoc/out/template_5c4o/H2_msa_titration/seed_45/H2_msa_titration_seed_45_sample_2_scores.json,1076088,937e90b3febe84824d0d915203fab1475baa98313387516f9469540e37224375
h2_posthoc/out/template_5c4o/H2_msa_titration/seed_45/H2_msa_titration_seed_45_sample_3_scores.json,1076385,7eaba78b63d4882b7a12091f8717f2a7d245ebe45787d3407c5bba5ccce9fd46
h2_posthoc/out/template_5c4o/H2_msa_titration/seed_45/H2_msa_titration_seed_45_sample_4_scores.json,1076281,e4687da1b8d07fad49fd000ca67aa1fe12cea71fee98e408ed2d7960ad532024
h2_posthoc/out/template_5c4o/H2_msa_titration/seed_45/H2_msa_titration_seed_45_sample_5_scores.json,1075829,3d0078bc7c1d07deb16cedb50f888e7a489cda6cc23b04ad5e615c6fde67f9dd
h2_posthoc/out/template_5c4o/H2_msa_titration/seed_45/H2_msa_titration_seed_45_sample_6_scores.json,1076389,e13a8d8fb94fc630ba3b7b337863a9c23de9c27372c27e47836603aefe86d650
h2_posthoc/out/template_5c4o/H2_msa_titration/seed_45/H2_msa_titration_seed_45_sample_7_scores.json,1076364,b72d5f00c373296e4e3cc0ff2a82c359c6a7c1e4f4dca67376b76297c582e0c4
h2_posthoc/out/template_5c4o/H2_msa_titration/seed_45/H2_msa_titration_seed_45_sample_8_scores.json,1075816,96b98cf2e0f364f91da5530d56fcf160d6cc41cc308b694711b86808a333209f
h2_posthoc/out/template_5c4o/H2_msa_titration/seed_45/H2_msa_titration_seed_45_sample_9_scores.json,1076120,1c573cee8e4c3bf00cb99faeb90e73bcc1e88beb36a46f8fba9c4071718817b6
h2_posthoc/out/template_5c4o/H2_msa_titration/seed_46/H2_msa_titration_seed_46_sample_10_scores.json,1076048,58151761d483eda7a4df752c014bf2b0163c47bc63f27ab94785ec76a4204373
h2_posthoc/out/template_5c4o/H2_msa_titration/seed_46/H2_msa_titration_seed_46_sample_1_scores.json,1075973,348b753fe776a3f7f886dbc39385e6d67cf97e649f63a7446cd62d917493faf5
h2_posthoc/out/template_5c4o/H2_msa_titration/seed_46/H2_msa_titration_seed_46_sample_2_scores.json,1076479,107151e16af41102768da11d38e1860baed167452ce21b01adc56a7f04cd1a14
h2_posthoc/out/template_5c4o/H2_msa_titration/seed_46/H2_msa_titration_seed_46_sample_3_scores.json,1076495,7ff2d6d9db94c3af552e2d7b792a72f836606cc4d58af39d20da1382e825738d
h2_posthoc/out/template_5c4o/H2_msa_titration/seed_46/H2_msa_titration_seed_46_sample_4_scores.json,1075834,a27a34206892ed61b514119926ab51ba3b472055864268392f605ce3ffe12c0f
h2_posthoc/out/template_5c4o/H2_msa_titration/seed_46/H2_msa_titration_seed_46_sample_5_scores.json,1076486,ccc086050c7407441655454ce30426d9baa042f496ba9ab7f802487d92823768
h2_posthoc/out/template_5c4o/H2_msa_titration/seed_46/H2_msa_titration_seed_46_sample_6_scores.json,1076198,b1854daa56a962626e28bcd25ae25fae6c541915bb3a4c11d13946bf6f5a9b84
h2_posthoc/out/template_5c4o/H2_msa_titration/seed_46/H2_msa_titration_seed_46_sample_7_scores.json,1076343,c1bbedb1109988fe148663895c1c40ba77ff3934306df80eecc130e047cd4b62
h2_posthoc/out/template_5c4o/H2_msa_titration/seed_46/H2_msa_titration_seed_46_sample_8_scores.json,1076457,4a6e5c6b0c7a0c0df9b9143c3757dfd09ffb22e22a04761ece2271b3a4881d4d
h2_posthoc/out/template_5c4o/H2_msa_titration/seed_46/H2_msa_titration_seed_46_sample_9_scores.json,1076365,fef375d848733ae9126c33148935a10465a001ad202829e6c675a210a0c81757
h3/out/apo/H3_apo/seed_42/H3_apo_seed_42_sample_10_scores.json,844917,3b9d2008b3c8d85ccaa4a5bcc123bd14955e4685dd35a9db77de9a81e120d019
h3/out/apo/H3_apo/seed_42/H3_apo_seed_42_sample_1_scores.json,844828,8ab054b1f1a3f18d521103e47fdbe57e5c195febb0764048e2a3b3de02368b4c
h3/out/apo/H3_apo/seed_42/H3_apo_seed_42_sample_2_scores.json,844888,09dc060034e6a552691123c555c44979a85b452ad7860a51adb00eef84e3835c
h3/out/apo/H3_apo/seed_42/H3_apo_seed_42_sample_3_scores.json,845313,5bfa3d71cf93cee2e01de50708c4158a69cb2d5a7be6369ac7ba3d31e8047a39
h3/out/apo/H3_apo/seed_42/H3_apo_seed_42_sample_4_scores.json,844794,03b01cf63e63d2c0e5a06338bd5a246542a4c64107dcfe2583659d4011833ecc
h3/out/apo/H3_apo/seed_42/H3_apo_seed_42_sample_5_scores.json,845060,ad306f265297a6d177b366f6c012d1605d99692fa5291aec1ffb848c54bd6866
h3/out/apo/H3_apo/seed_42/H3_apo_seed_42_sample_6_scores.json,844956,b176b3860e9f7d06095923ef1db8f1e705b54ae74c822d5dc2d52fd70b0962c6
h3/out/apo/H3_apo/seed_42/H3_apo_seed_42_sample_7_scores.json,844664,24d4a7649f1d532db4b361fa2617197730d49093cb7f0791203678b47e3f2a10
h3/out/apo/H3_apo/seed_42/H3_apo_seed_42_sample_8_scores.json,844961,a69e7c7dcb24e27278b97eee43971c3bddcc70eea7d9fcfecd42421c43db4d17
h3/out/apo/H3_apo/seed_42/H3_apo_seed_42_sample_9_scores.json,844829,bd74ede2a1a9a41a7064d48e99dd3813ec99314c3e4fcfd76e8daadf9e3e7442
h3/out/apo/H3_apo/seed_43/H3_apo_seed_43_sample_10_scores.json,844816,3431ca4c0135075dc962b0584648870cfbee0e7bc01e67ccb3086f087a874754
h3/out/apo/H3_apo/seed_43/H3_apo_seed_43_sample_1_scores.json,844858,6b5bfd03f701b03ffc5faac01b55ba39b5351e06714e8b507a0ddbea6d0f5185
h3/out/apo/H3_apo/seed_43/H3_apo_seed_43_sample_2_scores.json,844989,a732dd64cad89ade1a2b61fd2f2a6f35ff7ac200d1f14889a99b2c725980e4cc
h3/out/apo/H3_apo/seed_43/H3_apo_seed_43_sample_3_scores.json,844772,f29ddeba3a457a277d4b61c863c05e82830a6d854e462d730dacb5ab618c3ff4
h3/out/apo/H3_apo/seed_43/H3_apo_seed_43_sample_4_scores.json,844701,180f840090ae3a89502921849f4e8a33fdc226c28b66e6acea8457acb0d8f6e7
h3/out/apo/H3_apo/seed_43/H3_apo_seed_43_sample_5_scores.json,845168,6d71476083bd53ac51a2bdab1f5bd30e1b5676d6613204f786c26d43ada5a4ed
h3/out/apo/H3_apo/seed_43/H3_apo_seed_43_sample_6_scores.json,844831,f5cb013f574888db380ac6e5596b4895a7b7ec9cd53903606a5166c576135c8f
h3/out/apo/H3_apo/seed_43/H3_apo_seed_43_sample_7_scores.json,844792,1a8ffcefdade8916e2c6f7ffe80095128e0938139c28ce0f49db80421b8fe9d8
h3/out/apo/H3_apo/seed_43/H3_apo_seed_43_sample_8_scores.json,845030,cc318a999747b7d95da86c18cd183f5e859bbce197af037205b63a4e8abfb878
h3/out/apo/H3_apo/seed_43/H3_apo_seed_43_sample_9_scores.json,844816,f2b45e3922acd9564152509b6efcd0732cac5b85c85442df73dfa8220903924c
h3/out/apo/H3_apo/seed_44/H3_apo_seed_44_sample_10_scores.json,844815,4cad89fb941a2c29195652a93fc59089bb1e0cf954b8f6f3075e2572070f695e
h3/out/apo/H3_apo/seed_44/H3_apo_seed_44_sample_1_scores.json,844732,c72f9775db717444942d31ffd4d228f335e47b2d59b0969726af3329f3433f6f
h3/out/apo/H3_apo/seed_44/H3_apo_seed_44_sample_2_scores.json,844761,35e9fdb9b9fddd0d3bab5e4db5b33886c444e3a0f82f5f75287d4ccfba9dbff6
h3/out/apo/H3_apo/seed_44/H3_apo_seed_44_sample_3_scores.json,845052,f9b3cdd83e249a1456278272fe690000a283656abcd588467ec468d30d966403
h3/out/apo/H3_apo/seed_44/H3_apo_seed_44_sample_4_scores.json,844795,5da253a2e2762cbd3c9419d3fc63b3c9f0ac696221125d2b9e044c7234380ebd
h3/out/apo/H3_apo/seed_44/H3_apo_seed_44_sample_5_scores.json,844968,7c8c7a7a09b0b45878c3645c3d2b0c252fe90d4cccb25384bf2ae74b7102f6b8
h3/out/apo/H3_apo/seed_44/H3_apo_seed_44_sample_6_scores.json,844854,70ccc5b1eb269c39d9208c6b6730db5b65b628d815116029bc5692ab79391866
h3/out/apo/H3_apo/seed_44/H3_apo_seed_44_sample_7_scores.json,844724,acb667a99fe2df2057fbe78d057dbaedeea5fe25ec3cd701b58cdb2b766a6aeb
h3/out/apo/H3_apo/seed_44/H3_apo_seed_44_sample_8_scores.json,844900,8357704f86584d79349a283c5969dc1bcd7b450b1f46a528f845086df756a6f3
h3/out/apo/H3_apo/seed_44/H3_apo_seed_44_sample_9_scores.json,844838,27c5dab6f67204ef93ccde1c5064cca4da05380250ebec54ceefaf0274054301
h3/out/apo/H3_apo/seed_45/H3_apo_seed_45_sample_10_scores.json,844695,4f5a34d3d85b8aff8e5f393465e0ec90f8b44db5ab1ad3a92d402b414d2e5e92
h3/out/apo/H3_apo/seed_45/H3_apo_seed_45_sample_1_scores.json,844785,e4a08e4a9b7545a648eb1e46d1e6192d2c0b293099bfbb515d91a93c8dbc5d5e
h3/out/apo/H3_apo/seed_45/H3_apo_seed_45_sample_2_scores.json,844613,baaf43ad868795ba2e6572cb9dcc14c21f3486dd72e1482ccf8fb70daabf30ce
h3/out/apo/H3_apo/seed_45/H3_apo_seed_45_sample_3_scores.json,844802,37eeb58fcb99287faf8b4b6a17d3705a5c6d2a540316da7dfe2a2f1a983672a7
h3/out/apo/H3_apo/seed_45/H3_apo_seed_45_sample_4_scores.json,845109,4616a3698ca945972d2e86418248106c7313dda4d57c72ffd5e8d08e1b14bc25
h3/out/apo/H3_apo/seed_45/H3_apo_seed_45_sample_5_scores.json,844802,04e87c5925b2ce57ddd5412f52195b55db53a6b954d63a92652c85e87a303fe2
h3/out/apo/H3_apo/seed_45/H3_apo_seed_45_sample_6_scores.json,844718,9785a1fbcb78071b5b95dc6b77270cac2575ba97f46992b27a66949c3c000c2d
h3/out/apo/H3_apo/seed_45/H3_apo_seed_45_sample_7_scores.json,844657,d254b1db3cd34f87a45e66500bf5f7a2f675d3d3b5165e61ee05b169d37448db
h3/out/apo/H3_apo/seed_45/H3_apo_seed_45_sample_8_scores.json,844981,7c2c3d285e23dbc276928a6be8e340b1da4ff92cef93dc95e7c0ac6dd506a011
h3/out/apo/H3_apo/seed_45/H3_apo_seed_45_sample_9_scores.json,844713,ee8ed41dd28fd623b2b95bc9f0ca47e3a0b94bf7872758661eb0d2779dad8399
h3/out/apo/H3_apo/seed_46/H3_apo_seed_46_sample_10_scores.json,844907,ddecfd4520fe599fa5a9cbf8637084b56c56154f143e070408956b09b64dfacf
h3/out/apo/H3_apo/seed_46/H3_apo_seed_46_sample_1_scores.json,844812,5bbf05d892b30ac76b03bf0485e2af1cf932752eed51614964e7ded30518c5cc
h3/out/apo/H3_apo/seed_46/H3_apo_seed_46_sample_2_scores.json,844863,e085ab27e4317126bafc215f912a9a6c4e73f14f106a7e54aa1dbb5ee6c4b616
h3/out/apo/H3_apo/seed_46/H3_apo_seed_46_sample_3_scores.json,844915,950e2f4a2815152a1f1894ce358f84d847a07cd3b02df347204ded1552cf1ce8
h3/out/apo/H3_apo/seed_46/H3_apo_seed_46_sample_4_scores.json,844732,04aebc077af6012033e1ad8da579613b12fac520e6cd4987bfd377a7acd80d22
h3/out/apo/H3_apo/seed_46/H3_apo_seed_46_sample_5_scores.json,844817,18c6b62535c8c36672fc0f4dec1e29698b6d95e15d8465f954c4366b09751677
h3/out/apo/H3_apo/seed_46/H3_apo_seed_46_sample_6_scores.json,845043,ef8430d48b383851f9cf773c7845c45e4a9187a90b30f062b5c018d23b1259a8
h3/out/apo/H3_apo/seed_46/H3_apo_seed_46_sample_7_scores.json,844870,46d9bc9701d88529b3852e189e8e3ce8d90ed3af2090df4bc02f4fda1430ab4d
h3/out/apo/H3_apo/seed_46/H3_apo_seed_46_sample_8_scores.json,844795,2fd7c53e842a4e7ffdf9542918456a208bb58a8428ca7a0b3b5a2a6957f7c433
h3/out/apo/H3_apo/seed_46/H3_apo_seed_46_sample_9_scores.json,844942,6f1ed9eb6cd259f8f97eeace63d5ac0c62cb27dfd22bd5cb2e133bd68fbd7402
h3/out/c1/H3_C1_agonist_HC2/seed_42/H3_C1_agonist_HC2_seed_42_sample_10_scores.json,1064865,8687d7eeb7401d0b6f5420a8c985b840c5deaaf586f0495105b56f00b1cf89f1
h3/out/c1/H3_C1_agonist_HC2/seed_42/H3_C1_agonist_HC2_seed_42_sample_1_scores.json,1064423,17f918de3628b4a5e182597d27aa92cda048b1c7050423ab972f4d04b06fabf7
h3/out/c1/H3_C1_agonist_HC2/seed_42/H3_C1_agonist_HC2_seed_42_sample_2_scores.json,1064600,7714290edc36859d2d789c300fba1809d897aadb73bb9dd29124919a73b87066
h3/out/c1/H3_C1_agonist_HC2/seed_42/H3_C1_agonist_HC2_seed_42_sample_3_scores.json,1064812,acb18e638a2102f29a13167a3c1eb032f7beb8c8fbe34a2c0a55397acb4ae4e8
h3/out/c1/H3_C1_agonist_HC2/seed_42/H3_C1_agonist_HC2_seed_42_sample_4_scores.json,1064524,f2b1a068f58d5d500f50e7263f5e3a4f80d4e6244fdcf58e01c5fa0ace76263d
h3/out/c1/H3_C1_agonist_HC2/seed_42/H3_C1_agonist_HC2_seed_42_sample_5_scores.json,1063923,fd72d00ba8ba957ca49fa3db517606c6ae00b8b684a2e103433c3a51ed4e5ccb
h3/out/c1/H3_C1_agonist_HC2/seed_42/H3_C1_agonist_HC2_seed_42_sample_6_scores.json,1064522,970dad141377398b38538f5922a95fb2293156b13f0c90b25c653c48602bcf0e
h3/out/c1/H3_C1_agonist_HC2/seed_42/H3_C1_agonist_HC2_seed_42_sample_7_scores.json,1064484,d572da37898f0f29cfff62ed27e739afa7441d78f9895d141756b58f71be8662
h3/out/c1/H3_C1_agonist_HC2/seed_42/H3_C1_agonist_HC2_seed_42_sample_8_scores.json,1064789,bde03fdd1a2133d148fabfe266d44fa0821575d6da78c04b13c70b79defee15c
h3/out/c1/H3_C1_agonist_HC2/seed_42/H3_C1_agonist_HC2_seed_42_sample_9_scores.json,1061723,77bfa33c945db2ca8871ad2ba8d114aa3fd5846ff03294ad0631478343e49d88
h3/out/c1/H3_C1_agonist_HC2/seed_43/H3_C1_agonist_HC2_seed_43_sample_10_scores.json,1063296,3e67fe416dcd7d66700fafd813dce6d070ea435a9564e745f14f4d62f15cb169
h3/out/c1/H3_C1_agonist_HC2/seed_43/H3_C1_agonist_HC2_seed_43_sample_1_scores.json,1063437,c1a0c280f5db6c1ed4dbf059ec32a3de11513214905134157c45ab8d2feb4fbf
h3/out/c1/H3_C1_agonist_HC2/seed_43/H3_C1_agonist_HC2_seed_43_sample_2_scores.json,1063051,1c1a1ad17cdbd6ac83430d0dbfa2b6da8fb912e4ab7feedfa64cb7a2aabd5e6d
h3/out/c1/H3_C1_agonist_HC2/seed_43/H3_C1_agonist_HC2_seed_43_sample_3_scores.json,1062855,902d733fa370df0d998d2cb26a95681c77691632d182a6eafa6cf93facd04259
h3/out/c1/H3_C1_agonist_HC2/seed_43/H3_C1_agonist_HC2_seed_43_sample_4_scores.json,1063327,0c6744c1e911aa6d445b103702475ba825aa31f066c4368789e22cc75e5c724f
h3/out/c1/H3_C1_agonist_HC2/seed_43/H3_C1_agonist_HC2_seed_43_sample_5_scores.json,1063600,3a2b5224cfaf8cfca1990832cfbb7c6ee18e57bad0f8b6a590abc893185d26ce
h3/out/c1/H3_C1_agonist_HC2/seed_43/H3_C1_agonist_HC2_seed_43_sample_6_scores.json,1062935,9666e704e7e5e94211d0edc3949284dde2605421a060fad0a7b9b7de2333181f
h3/out/c1/H3_C1_agonist_HC2/seed_43/H3_C1_agonist_HC2_seed_43_sample_7_scores.json,1063043,9cfe94b16168ddd3e1b7f541c14a6268fde0268f60157ffb622db3f135fd214d
h3/out/c1/H3_C1_agonist_HC2/seed_43/H3_C1_agonist_HC2_seed_43_sample_8_scores.json,1063177,00a6837c44fcf2acfa0ebedf7f9af81b765b0e3b3879213df861c35c92ccd2ba
h3/out/c1/H3_C1_agonist_HC2/seed_43/H3_C1_agonist_HC2_seed_43_sample_9_scores.json,1063137,3ef29ca4c0acac3303416d50ea566ad89651f55c8af18bb8b6f2b968fd290fb2
h3/out/c1/H3_C1_agonist_HC2/seed_44/H3_C1_agonist_HC2_seed_44_sample_10_scores.json,1063546,e58d6d4bf5ffc0daa4787594a0a5b16ecfe1510d8400b2ea503c6ac3395ba01c
h3/out/c1/H3_C1_agonist_HC2/seed_44/H3_C1_agonist_HC2_seed_44_sample_1_scores.json,1063524,f68af26b6b331b1a21be4804f91a3e3db0b99effb375ea7ef8a81343f0c24492
h3/out/c1/H3_C1_agonist_HC2/seed_44/H3_C1_agonist_HC2_seed_44_sample_2_scores.json,1063784,004342c4c8eb439e0026342a351c31195845b435367b902a194a8b0ed3df48ff
h3/out/c1/H3_C1_agonist_HC2/seed_44/H3_C1_agonist_HC2_seed_44_sample_3_scores.json,1064157,84c14e40f76282963234cdb9fa003931bc54f6428976ef65fe07c3c1b9c20624
h3/out/c1/H3_C1_agonist_HC2/seed_44/H3_C1_agonist_HC2_seed_44_sample_4_scores.json,1063890,63ff6e17f400f3661d2a5dafbb6d2386f09f53e01124554308b3d6f7e32ceae2
h3/out/c1/H3_C1_agonist_HC2/seed_44/H3_C1_agonist_HC2_seed_44_sample_5_scores.json,1063706,748a1b4602849c05d933845982cbd48cb0955aa485c79a1ed40db951dac1fd42
h3/out/c1/H3_C1_agonist_HC2/seed_44/H3_C1_agonist_HC2_seed_44_sample_6_scores.json,1063845,5b101a0f899da3cd64105c82365cd59cdae486718172e57d9785fad8ee2d5605
h3/out/c1/H3_C1_agonist_HC2/seed_44/H3_C1_agonist_HC2_seed_44_sample_7_scores.json,1064279,ec654c415442f0e0ccbb2ca401f2bbf95c60c0ff7982e9e287e638c2f2323c0d
h3/out/c1/H3_C1_agonist_HC2/seed_44/H3_C1_agonist_HC2_seed_44_sample_8_scores.json,1063883,5e1abb70ff4f0b8aba502f634c77cd4392fd4ca994c8afdd1aee76c4eb507934
h3/out/c1/H3_C1_agonist_HC2/seed_44/H3_C1_agonist_HC2_seed_44_sample_9_scores.json,1064381,b4054f43742e4e0c26dd9baf65c8bcd4876a846413076a6775d7bd6544910143
h3/out/c1/H3_C1_agonist_HC2/seed_45/H3_C1_agonist_HC2_seed_45_sample_10_scores.json,1063558,6c2957e2ddd7194b3b0d8b7756d87ccd44551887ff5c4b0c1035d8ccde2d2c59
h3/out/c1/H3_C1_agonist_HC2/seed_45/H3_C1_agonist_HC2_seed_45_sample_1_scores.json,1063477,50b49e7aaa55cbe6c048699adc4598d710e3414f35a887d7d54616925205344c
h3/out/c1/H3_C1_agonist_HC2/seed_45/H3_C1_agonist_HC2_seed_45_sample_2_scores.json,1063124,6c8ca3ffc13de6f458d6c0f83301e3b9c7b5270048a4a4a9dcc1cb3f68c0fb7e
h3/out/c1/H3_C1_agonist_HC2/seed_45/H3_C1_agonist_HC2_seed_45_sample_3_scores.json,1063156,daf9e714b9c5bb0d869a5a0cf08a65a5b0f36464c56ac66130b384dc63eb0f14
h3/out/c1/H3_C1_agonist_HC2/seed_45/H3_C1_agonist_HC2_seed_45_sample_4_scores.json,1063544,8f413aac18cd3cd995037b47e12e910d01a2dae087af7daa343f8cf6fe4b6d80
h3/out/c1/H3_C1_agonist_HC2/seed_45/H3_C1_agonist_HC2_seed_45_sample_5_scores.json,1063278,d5561820baecda7a7dca0502e9852c71299f4f236f68b6ad70b231e306006b89
h3/out/c1/H3_C1_agonist_HC2/seed_45/H3_C1_agonist_HC2_seed_45_sample_6_scores.json,1063568,476db3f3016d2596cc4ee56e8aaa0a593c0f9aab522c179389486b897d057596
h3/out/c1/H3_C1_agonist_HC2/seed_45/H3_C1_agonist_HC2_seed_45_sample_7_scores.json,1063259,934a5780dac92663acdfb2fcc66571b6189f46b71502cca2b5cf3b2de8fd4035
h3/out/c1/H3_C1_agonist_HC2/seed_45/H3_C1_agonist_HC2_seed_45_sample_8_scores.json,1063350,f835945eeb05dea4e26e4dee3a4ee40f8e2332519e23921bd72eb2f3fc21b745
h3/out/c1/H3_C1_agonist_HC2/seed_45/H3_C1_agonist_HC2_seed_45_sample_9_scores.json,1063161,4884c9e07b77edf65977f5d674b8997bf4ace73df49c9a3272ee42e3c6a1d736
h3/out/c1/H3_C1_agonist_HC2/seed_46/H3_C1_agonist_HC2_seed_46_sample_10_scores.json,1064604,04ae7df304b1f79a1a650001c0a782aa7c212ff7afb4a73c431970a2e2c0e5cd
h3/out/c1/H3_C1_agonist_HC2/seed_46/H3_C1_agonist_HC2_seed_46_sample_1_scores.json,1064230,7020d1e7111e5a0b8816db0692e9212d2c9af65f02ea335e5a5061ddd6f64a42
h3/out/c1/H3_C1_agonist_HC2/seed_46/H3_C1_agonist_HC2_seed_46_sample_2_scores.json,1065231,149344cafa4bcff5c581a856737ff3bc712119482cee1325fcf4b075084952dc
h3/out/c1/H3_C1_agonist_HC2/seed_46/H3_C1_agonist_HC2_seed_46_sample_3_scores.json,1064371,a1b7e00ce9837299e375119b2c23e43cb26bb55db8b05d33760127bbeea4ec6b
h3/out/c1/H3_C1_agonist_HC2/seed_46/H3_C1_agonist_HC2_seed_46_sample_4_scores.json,1065015,951b8611d2bd27d70d8b97c15fad352ade0b133d9f466db56f7c57c59916a865
h3/out/c1/H3_C1_agonist_HC2/seed_46/H3_C1_agonist_HC2_seed_46_sample_5_scores.json,1063681,213151dc3d1dad78455e4534bd52a65c313c9ed7a63be2490215585252fe5d9d
h3/out/c1/H3_C1_agonist_HC2/seed_46/H3_C1_agonist_HC2_seed_46_sample_6_scores.json,1064258,34de2bcc4e8bf7b66589a51a151a448ec13222278a34f70ae3bda2b0307aec6f
h3/out/c1/H3_C1_agonist_HC2/seed_46/H3_C1_agonist_HC2_seed_46_sample_7_scores.json,1065154,8f185e54c3856c691f40d8de3bf386136778a91101eb982eefb1638a89d9af23
h3/out/c1/H3_C1_agonist_HC2/seed_46/H3_C1_agonist_HC2_seed_46_sample_8_scores.json,1063978,e611709fc136a14d321f74a07aba80da957c24c61075533a1f4371bc25eca152
h3/out/c1/H3_C1_agonist_HC2/seed_46/H3_C1_agonist_HC2_seed_46_sample_9_scores.json,1064947,64a814c334ae9564a969d5874b3d089b8667794b99e5ce09118e8f370c5ec20f
h3/out/c2/H3_C2_invago_4P1/seed_42/H3_C2_invago_4P1_seed_42_sample_10_scores.json,1075806,9f8247396bff30c59383d77cce7775c7f3785d9dbefe5458cd505cf3e672b475
h3/out/c2/H3_C2_invago_4P1/seed_42/H3_C2_invago_4P1_seed_42_sample_1_scores.json,1073241,8cb39779225c1c3b9f4c635a83d37aa692ac0537e0beb752e0983355f66e000a
h3/out/c2/H3_C2_invago_4P1/seed_42/H3_C2_invago_4P1_seed_42_sample_2_scores.json,1075610,42aee6a73529aebff27f169768c00b16c0fde3495316c0fa7a023573b5e221f5
h3/out/c2/H3_C2_invago_4P1/seed_42/H3_C2_invago_4P1_seed_42_sample_3_scores.json,1075541,c27e9f623d5e2d2ecee83449b5323114eba1edef0cffdb9615168a78d16a022a
h3/out/c2/H3_C2_invago_4P1/seed_42/H3_C2_invago_4P1_seed_42_sample_4_scores.json,1075765,1bbdec77aa7da366d0dd6c6b8b5933cdab77fce8fb3f5884bf878ac2bce4a20c
h3/out/c2/H3_C2_invago_4P1/seed_42/H3_C2_invago_4P1_seed_42_sample_5_scores.json,1073348,810c9b3700d48d29f297277ef275f5f3d61d118722f7dc78f8498ed1a49642dd
h3/out/c2/H3_C2_invago_4P1/seed_42/H3_C2_invago_4P1_seed_42_sample_6_scores.json,1073298,29562befa9654a17993f94e83558d000ec17399c604aa2a8932c6d0972b4e40f
h3/out/c2/H3_C2_invago_4P1/seed_42/H3_C2_invago_4P1_seed_42_sample_7_scores.json,1073100,8c5d4466dab0662c12484d9b57dc725edbb82c51931ce1b4746daab06efcee33
h3/out/c2/H3_C2_invago_4P1/seed_42/H3_C2_invago_4P1_seed_42_sample_8_scores.json,1073633,2b0e64a9b1eb31d1f9e49a3be6908f4eb0aeee8687b68e278ff7e791506a906e
h3/out/c2/H3_C2_invago_4P1/seed_42/H3_C2_invago_4P1_seed_42_sample_9_scores.json,1074069,12516a5e7fa4e12de9e2ec0e62eb02836f1ea3dcaf8c4ac2f573b08dd467a082
h3/out/c2/H3_C2_invago_4P1/seed_43/H3_C2_invago_4P1_seed_43_sample_10_scores.json,1078716,2f79274e7897c7e1437f6dd64f7c19ff8eaee0e82478731c2edbcfce3fb4b1ab
h3/out/c2/H3_C2_invago_4P1/seed_43/H3_C2_invago_4P1_seed_43_sample_1_scores.json,1075608,19ee6118ace0a4e66fa9814e72af1b4691c4ff93ca61db347054e1e1b034231a
h3/out/c2/H3_C2_invago_4P1/seed_43/H3_C2_invago_4P1_seed_43_sample_2_scores.json,1075923,5f248f5b7282f2a9c3dfda439cad60b32b8632079840ffc6f7ce979bc71627e8
h3/out/c2/H3_C2_invago_4P1/seed_43/H3_C2_invago_4P1_seed_43_sample_3_scores.json,1075350,e7bae794dfcf9f93bb68a44d6a3457d286ff64fbece5778d45f0445df0ee5562
h3/out/c2/H3_C2_invago_4P1/seed_43/H3_C2_invago_4P1_seed_43_sample_4_scores.json,1075570,f2447fa50652d7ee601c381288527648cc886ae3d259d364128a9d4263a9d0d1
h3/out/c2/H3_C2_invago_4P1/seed_43/H3_C2_invago_4P1_seed_43_sample_5_scores.json,1073510,c5807de8c7911618cd94372bc2f28129159903923369b723be65bb5bf3e8136a
h3/out/c2/H3_C2_invago_4P1/seed_43/H3_C2_invago_4P1_seed_43_sample_6_scores.json,1076356,6fa5259c7af34a970ec679e4192ea2d4edcdd1ee338313dd753f35f3752afeb1
h3/out/c2/H3_C2_invago_4P1/seed_43/H3_C2_invago_4P1_seed_43_sample_7_scores.json,1074240,bbcb88a83c9f8a0b3399e0cfa877eca0716280b3bf52e361d4582b7159b84a4f
h3/out/c2/H3_C2_invago_4P1/seed_43/H3_C2_invago_4P1_seed_43_sample_8_scores.json,1078711,e9c757c7f59a2fbb44bae733fc6b663a3428bf7aa15fcb618c664c22bb53fc13
h3/out/c2/H3_C2_invago_4P1/seed_43/H3_C2_invago_4P1_seed_43_sample_9_scores.json,1076169,a39446df0219c3f7ce2726328536b8d34fa122e19f51aa9f4eecf63ab9506d83
h3/out/c2/H3_C2_invago_4P1/seed_44/H3_C2_invago_4P1_seed_44_sample_10_scores.json,1075865,4021f56255eb6c76885c85c9cfe01372b9094f36ad31f7299fb64d109746c14d
h3/out/c2/H3_C2_invago_4P1/seed_44/H3_C2_invago_4P1_seed_44_sample_1_scores.json,1078869,5ec95c01b601cfffbef4733f4a4cce9ebd6b55f91eeb03e3d6d0b8975dbe49ad
h3/out/c2/H3_C2_invago_4P1/seed_44/H3_C2_invago_4P1_seed_44_sample_2_scores.json,1075530,56cb398190413b3bd55300578b8e49242dcb3c9b80b5a29189005e9e4875c869
h3/out/c2/H3_C2_invago_4P1/seed_44/H3_C2_invago_4P1_seed_44_sample_3_scores.json,1073417,963c6a3780f43767cab914ecbde24c3fbaee792d3b2ca9b288007713f7c0aad5
h3/out/c2/H3_C2_invago_4P1/seed_44/H3_C2_invago_4P1_seed_44_sample_4_scores.json,1075982,fc1f69c819ce3473210c05cc3ab6c9eab8935169fc460f3441574475685ab4af
h3/out/c2/H3_C2_invago_4P1/seed_44/H3_C2_invago_4P1_seed_44_sample_5_scores.json,1075250,03077b7a4c81b4b4b35950ea0ca2b9a66f7cd3f8f5e106a13b014fed36782c84
h3/out/c2/H3_C2_invago_4P1/seed_44/H3_C2_invago_4P1_seed_44_sample_6_scores.json,1073554,111c8e75e2dd843c4f707f6da54185354dd68e5573580d340077f9169f10689b
h3/out/c2/H3_C2_invago_4P1/seed_44/H3_C2_invago_4P1_seed_44_sample_7_scores.json,1078670,d274bc0bbe10d7205a7a2e4099a4977d496f18837cc415ff7bfbd96e556c26a4
h3/out/c2/H3_C2_invago_4P1/seed_44/H3_C2_invago_4P1_seed_44_sample_8_scores.json,1076291,ec4777e76ede7c7a34b069b5d814577e07d8529f391327aecf07c134073acc07
h3/out/c2/H3_C2_invago_4P1/seed_44/H3_C2_invago_4P1_seed_44_sample_9_scores.json,1076124,e6828de49c272487a8d8feb70f78e3ba85b29ef172adcf035d63222a57ab3011
h3/out/c2/H3_C2_invago_4P1/seed_45/H3_C2_invago_4P1_seed_45_sample_10_scores.json,1073747,1293fe6f2b8c6c0d28e29d29ff1b7699733ac9d14b5739ba5d0319c80c389f3e
h3/out/c2/H3_C2_invago_4P1/seed_45/H3_C2_invago_4P1_seed_45_sample_1_scores.json,1073553,8424c2d188b30f7d2e781cb09f08f3921bce986e21283ae3d27a89c96cbccde2
h3/out/c2/H3_C2_invago_4P1/seed_45/H3_C2_invago_4P1_seed_45_sample_2_scores.json,1075910,fccf2f243e8c027a5668e160affe7c90af45e227d20dab41014a09640693c6c5
h3/out/c2/H3_C2_invago_4P1/seed_45/H3_C2_invago_4P1_seed_45_sample_3_scores.json,1078626,fc95ec515f8f2ac0c5ce5962eaf51b8872b2108928c12c27545b59e000a2a865
h3/out/c2/H3_C2_invago_4P1/seed_45/H3_C2_invago_4P1_seed_45_sample_4_scores.json,1073567,1d7a4906d9cdf78f2be9c219ea4783cec6ecb5d31fbc9419752586196cade7d1
h3/out/c2/H3_C2_invago_4P1/seed_45/H3_C2_invago_4P1_seed_45_sample_5_scores.json,1077152,5a6a3a3b98e862a79074cb302cbdc13ce91d5640ee7d111bd124fa4fd6bca975
h3/out/c2/H3_C2_invago_4P1/seed_45/H3_C2_invago_4P1_seed_45_sample_6_scores.json,1074978,d68f0798e403dd660fb4d31ff3646468dcf2f4b2a5a7edc8019567c9b2b5ee05
h3/out/c2/H3_C2_invago_4P1/seed_45/H3_C2_invago_4P1_seed_45_sample_7_scores.json,1074102,c763cc3799a127397be2bc03d79cdab631e2635c7bc059fa40b68049e551f796
h3/out/c2/H3_C2_invago_4P1/seed_45/H3_C2_invago_4P1_seed_45_sample_8_scores.json,1075553,a95256d5df2be7c2d6d95610935ec1cce51a6d6b4d835fe897996e641ed369be
h3/out/c2/H3_C2_invago_4P1/seed_45/H3_C2_invago_4P1_seed_45_sample_9_scores.json,1073998,ad71e16ed473ee998bd85f9a727f10e6cfccd3785b0ebf402b4eac9de6efd114
h3/out/c2/H3_C2_invago_4P1/seed_46/H3_C2_invago_4P1_seed_46_sample_10_scores.json,1076565,320df381d1859dd721e26a311552672c3a06c562291efe87b373e033ed4ea505
h3/out/c2/H3_C2_invago_4P1/seed_46/H3_C2_invago_4P1_seed_46_sample_1_scores.json,1073788,a6e2db9ef725129076b5aa0cc65aae7b6bf1fa42cbebb16d92b9578b6d3651f3
h3/out/c2/H3_C2_invago_4P1/seed_46/H3_C2_invago_4P1_seed_46_sample_2_scores.json,1075416,82402f546bfa239503a3be609400ed16c65f35013e8b4ceb3207ca9a3aa58562
h3/out/c2/H3_C2_invago_4P1/seed_46/H3_C2_invago_4P1_seed_46_sample_3_scores.json,1073483,c1807e24c402b99c1f475f404bc6b78452a7b0e4f9f2092f0e63e02339fc8212
h3/out/c2/H3_C2_invago_4P1/seed_46/H3_C2_invago_4P1_seed_46_sample_4_scores.json,1075160,fc39b00379d773eb06edf437e969d1d6d11f112f0b1c28d266405ecc3770e870
h3/out/c2/H3_C2_invago_4P1/seed_46/H3_C2_invago_4P1_seed_46_sample_5_scores.json,1076073,30cc352ee33df04a0bd30752c921c75ae2d89fdcffad38a87d2a076e4458858a
h3/out/c2/H3_C2_invago_4P1/seed_46/H3_C2_invago_4P1_seed_46_sample_6_scores.json,1073310,53647a94304ca5d12faaf47f2dcd8a74ec862586a27d558eed09268ad31f6d45
h3/out/c2/H3_C2_invago_4P1/seed_46/H3_C2_invago_4P1_seed_46_sample_7_scores.json,1073506,38424c66b4d5c3b045ba847887225ac8a50fd5beb30b899ee943820f5bcfd56b
h3/out/c2/H3_C2_invago_4P1/seed_46/H3_C2_invago_4P1_seed_46_sample_8_scores.json,1076027,77a20d61d9d23901082e79acf87de006f69e31e8f5bca7bb2b3a72ef0beeba70
h3/out/c2/H3_C2_invago_4P1/seed_46/H3_C2_invago_4P1_seed_46_sample_9_scores.json,1075008,a22f1391c782b53f5274cee9f64c89080247e7476ca4e49d8e2c64a27678497e
h3/out/c3/H3_C3_agonist_BIO592/seed_42/H3_C3_agonist_BIO592_seed_42_sample_10_scores.json,1073136,843c529194c27ee701c2e653c67ef0762fd5b93bd1351157cac50abfa51fb365
h3/out/c3/H3_C3_agonist_BIO592/seed_42/H3_C3_agonist_BIO592_seed_42_sample_1_scores.json,1069114,f6c8d101046996620bbd616f87e7b5ba08ed882a877900a3948208932f13cb4f
h3/out/c3/H3_C3_agonist_BIO592/seed_42/H3_C3_agonist_BIO592_seed_42_sample_2_scores.json,1072600,04f648a554553b90fd93d7e3182e68a8a5040df9cc32be765f50803fb2f6e798
h3/out/c3/H3_C3_agonist_BIO592/seed_42/H3_C3_agonist_BIO592_seed_42_sample_3_scores.json,1067099,320ecc701598741cff6f369d1035956b1eef1cd0f7aac21bf21951a0b84cb686
h3/out/c3/H3_C3_agonist_BIO592/seed_42/H3_C3_agonist_BIO592_seed_42_sample_4_scores.json,1072826,0bb566463536f097c8679fa5ba7460ba1a2bc724493c3810a1cd530a3b8105aa
h3/out/c3/H3_C3_agonist_BIO592/seed_42/H3_C3_agonist_BIO592_seed_42_sample_5_scores.json,1067439,b3b34d4df3a9f6649414765b176e2e73b54ce91d2880c3e16a40a0e7ca0eda60
h3/out/c3/H3_C3_agonist_BIO592/seed_42/H3_C3_agonist_BIO592_seed_42_sample_6_scores.json,1073224,f2887a050ec01c950f5b0d5a7cd513b5caf8c6019b0cf221b786a06d9149f5f1
h3/out/c3/H3_C3_agonist_BIO592/seed_42/H3_C3_agonist_BIO592_seed_42_sample_7_scores.json,1072827,eeb48be9c3b37075efcbb63bc79487ba4d6ebfcf9fa2afcb18e60989ff039ae1
h3/out/c3/H3_C3_agonist_BIO592/seed_42/H3_C3_agonist_BIO592_seed_42_sample_8_scores.json,1073262,cca097d2c89af1d2a15736b961d1b14f6a62abfcbf2d99b32c5c3a108a1d9454
h3/out/c3/H3_C3_agonist_BIO592/seed_42/H3_C3_agonist_BIO592_seed_42_sample_9_scores.json,1067201,773b9a12c33aff9931c39b8dee6e4c96285f8b8538315a973306e58ee02a009e
h3/out/c3/H3_C3_agonist_BIO592/seed_43/H3_C3_agonist_BIO592_seed_43_sample_10_scores.json,1067722,4345bc20857ea504b10f34d6377ea7d5bbc0a4404f2b21317f253a8d8ce9a03b
h3/out/c3/H3_C3_agonist_BIO592/seed_43/H3_C3_agonist_BIO592_seed_43_sample_1_scores.json,1073108,e587a0f12ea91098b3e6d3e387a96ca07ffde58d7e17876bc7b0a46aefff9114
h3/out/c3/H3_C3_agonist_BIO592/seed_43/H3_C3_agonist_BIO592_seed_43_sample_2_scores.json,1072733,530a2eb661ad86f029578a534873b7bd13da7f5f5424a7f7b657b46587ccab8a
h3/out/c3/H3_C3_agonist_BIO592/seed_43/H3_C3_agonist_BIO592_seed_43_sample_3_scores.json,1066510,4feb48374fa4d880d8be892fb37dbf2312f908543cf323fcaa1e8ab91c93124e
h3/out/c3/H3_C3_agonist_BIO592/seed_43/H3_C3_agonist_BIO592_seed_43_sample_4_scores.json,1072713,e6959958550a9fc22a6e4f9b8375a9ff643852a96a205dbd4f12ad948f51f3e9
h3/out/c3/H3_C3_agonist_BIO592/seed_43/H3_C3_agonist_BIO592_seed_43_sample_5_scores.json,1066819,b8b73db4268cf12583ac056bf627d04a4443685d09d6abaf0fed8d7bc5056f10
h3/out/c3/H3_C3_agonist_BIO592/seed_43/H3_C3_agonist_BIO592_seed_43_sample_6_scores.json,1066806,76c88e7c82c0efe9d123941d8a731c02b5361f1d4a02d5e1d19471ac18375ae4
h3/out/c3/H3_C3_agonist_BIO592/seed_43/H3_C3_agonist_BIO592_seed_43_sample_7_scores.json,1072921,44b34be8c397cc6b6eaaef3afe72f2e36552d5194e27f1bbc83310c9bbbb5cc0
h3/out/c3/H3_C3_agonist_BIO592/seed_43/H3_C3_agonist_BIO592_seed_43_sample_8_scores.json,1072885,f5b62698c4af5468bea0813925897c6bbfe8a315a08e43be40f0a4c14e05aca2
h3/out/c3/H3_C3_agonist_BIO592/seed_43/H3_C3_agonist_BIO592_seed_43_sample_9_scores.json,1073068,f7e596fe446a7a2d9c63b0b69c42273efe5877d4bc52b0d8af6e2be100e310fe
h3/out/c3/H3_C3_agonist_BIO592/seed_44/H3_C3_agonist_BIO592_seed_44_sample_10_scores.json,1072977,745cc3413d2e34352ee9cd563c1e1a8e60c4ac90586892b3b3a3ac6446264090
h3/out/c3/H3_C3_agonist_BIO592/seed_44/H3_C3_agonist_BIO592_seed_44_sample_1_scores.json,1072339,d40131961480963dab4e95e3a02e89365f347629959cdbaee63e329fdb49f0b1
h3/out/c3/H3_C3_agonist_BIO592/seed_44/H3_C3_agonist_BIO592_seed_44_sample_2_scores.json,1072704,9cb0209a63bf9502e508d7cf9537bbb993ca5174a8efa66e0061dedfdb5288e1
h3/out/c3/H3_C3_agonist_BIO592/seed_44/H3_C3_agonist_BIO592_seed_44_sample_3_scores.json,1072678,87fa4ee9f503d61f8cb4a1d07a30a4f094ebc4fb2a530b697f4cfaa3a0b37a98
h3/out/c3/H3_C3_agonist_BIO592/seed_44/H3_C3_agonist_BIO592_seed_44_sample_4_scores.json,1073148,553799f6e784a81762f6512bbb5fb3cb1e3228c350aa636e9f066dc7cab8593d
h3/out/c3/H3_C3_agonist_BIO592/seed_44/H3_C3_agonist_BIO592_seed_44_sample_5_scores.json,1072861,36255b13beee96bc83269b8f67d074091c9a05630c3afb8bc2af312fde311f54
h3/out/c3/H3_C3_agonist_BIO592/seed_44/H3_C3_agonist_BIO592_seed_44_sample_6_scores.json,1072661,3cad84f0e0576f17b155360cd1c400c7eec1228f59a4a4d3387b1934804c1524
h3/out/c3/H3_C3_agonist_BIO592/seed_44/H3_C3_agonist_BIO592_seed_44_sample_7_scores.json,1072523,da37ada781ceb41d5e5da3f0e9ee8b8841ae541cf32b3754331e9cc204d36f87
h3/out/c3/H3_C3_agonist_BIO592/seed_44/H3_C3_agonist_BIO592_seed_44_sample_8_scores.json,1072661,7f670c1c51852306b3aee0e4286d8f70c8d251641ed3e8cb0f7b6123820dcdef
h3/out/c3/H3_C3_agonist_BIO592/seed_44/H3_C3_agonist_BIO592_seed_44_sample_9_scores.json,1073049,3b31369c08114c97f08c52302b83c3e58842f5a32225db2f45180c6b8cfe192a
h3/out/c3/H3_C3_agonist_BIO592/seed_45/H3_C3_agonist_BIO592_seed_45_sample_10_scores.json,1069057,afd12638dde1bf33afd8d2a3e8414cc86864bde0f83bca3ac1a73f8670d10390
h3/out/c3/H3_C3_agonist_BIO592/seed_45/H3_C3_agonist_BIO592_seed_45_sample_1_scores.json,1067611,ebd470ed6753fc6db083642478e36f6a190e87c0ad7dd44aa01c7c44f6fb76ff
h3/out/c3/H3_C3_agonist_BIO592/seed_45/H3_C3_agonist_BIO592_seed_45_sample_2_scores.json,1067130,b3d5bff392294ea75e1188b5cf31112c243efac8f90804f62552f0e40c465752
h3/out/c3/H3_C3_agonist_BIO592/seed_45/H3_C3_agonist_BIO592_seed_45_sample_3_scores.json,1068027,7deaa052b1c574cfab578eccf4f6e78f8e092e71f9deead7c23918fe02283490
h3/out/c3/H3_C3_agonist_BIO592/seed_45/H3_C3_agonist_BIO592_seed_45_sample_4_scores.json,1067602,ecfa0b723d25f3ddcdb100bbcf2f6727f9d0d014af37d8928a9430fdbecd794c
h3/out/c3/H3_C3_agonist_BIO592/seed_45/H3_C3_agonist_BIO592_seed_45_sample_5_scores.json,1067996,99fc255ce2e4aec5bfa9465f89f8bf2d18e99d40834ccabd262926ce33631dbd
h3/out/c3/H3_C3_agonist_BIO592/seed_45/H3_C3_agonist_BIO592_seed_45_sample_6_scores.json,1068913,24778bce75b37aac5b47d8213bf3a7608093584ca00f09a7588c76497b5bc4a6
h3/out/c3/H3_C3_agonist_BIO592/seed_45/H3_C3_agonist_BIO592_seed_45_sample_7_scores.json,1067183,07b714cc39719f457ca09595fdceb47ebbb9b21f7ea303f29510af7c7f340ea4
h3/out/c3/H3_C3_agonist_BIO592/seed_45/H3_C3_agonist_BIO592_seed_45_sample_8_scores.json,1069121,4f3bc3c95908c8c280292b099cfe190fb1d4dc64cfbff8fa08ac2905dc9e1502
h3/out/c3/H3_C3_agonist_BIO592/seed_45/H3_C3_agonist_BIO592_seed_45_sample_9_scores.json,1068585,1339d17cf902e3f006343020b19b25961cd87104f612497d5e07b16504d690bb
h3/out/c3/H3_C3_agonist_BIO592/seed_46/H3_C3_agonist_BIO592_seed_46_sample_10_scores.json,1067631,8b88ec611cdd8df0189f674e2c851b422c041db447105ee16cf05abac572546f
h3/out/c3/H3_C3_agonist_BIO592/seed_46/H3_C3_agonist_BIO592_seed_46_sample_1_scores.json,1073275,c0e83dc6529799b3e37adf0f6ca06fa77e593c1d3b6bb2bf617a2f222e5e2577
h3/out/c3/H3_C3_agonist_BIO592/seed_46/H3_C3_agonist_BIO592_seed_46_sample_2_scores.json,1073255,b7603fe30d5c8d7fe1ece702c4a2c7fd530788de0d482e024c8a94d13061aa42
h3/out/c3/H3_C3_agonist_BIO592/seed_46/H3_C3_agonist_BIO592_seed_46_sample_3_scores.json,1073559,72d19dbe3aaab4e3942d2c63894d46be16b4c756b5c501aab833bc99920b0fe3
h3/out/c3/H3_C3_agonist_BIO592/seed_46/H3_C3_agonist_BIO592_seed_46_sample_4_scores.json,1072590,1eb4089c0697eca3368984b05563820e4e9353af4e990c5be65c2301a95b86f3
h3/out/c3/H3_C3_agonist_BIO592/seed_46/H3_C3_agonist_BIO592_seed_46_sample_5_scores.json,1073244,6f7effcce5f75c86e4750c8b23a7805998a7eb75d532205d6ba58446ea1d5232
h3/out/c3/H3_C3_agonist_BIO592/seed_46/H3_C3_agonist_BIO592_seed_46_sample_6_scores.json,1070249,18c0a7e642f92e5f4d70c8bbcbac5cbce395f6bc67aec460705a36591724c622
h3/out/c3/H3_C3_agonist_BIO592/seed_46/H3_C3_agonist_BIO592_seed_46_sample_7_scores.json,1073407,a8f85df1a8ae131537d9b28dbbe277f8536ec243951620cba6916b780762343e
h3/out/c3/H3_C3_agonist_BIO592/seed_46/H3_C3_agonist_BIO592_seed_46_sample_8_scores.json,1072832,538f0d898efa6e4e1f2ad7cd0a28f738f76a67eadb62df771cea1894de6f7295
h3/out/c3/H3_C3_agonist_BIO592/seed_46/H3_C3_agonist_BIO592_seed_46_sample_9_scores.json,1073341,76971ddbc746b27d7572de96d6d8bbf008365f3fbd1d31b7ec2ab630f16489b5
h3/out/c4/H3_C4_invago_6EW_BIO399/seed_42/H3_C4_invago_6EW_BIO399_seed_42_sample_10_scores.json,1096841,80de3f02752169e3db9f3eded7e3f6b2e2ac3cfedbf992d4f8307de717e3a6d8
h3/out/c4/H3_C4_invago_6EW_BIO399/seed_42/H3_C4_invago_6EW_BIO399_seed_42_sample_1_scores.json,1090766,3616bed8df3e49c0a788d8df39e3cfbbbdc38800f6d464ad7f52102b3eb7bf75
h3/out/c4/H3_C4_invago_6EW_BIO399/seed_42/H3_C4_invago_6EW_BIO399_seed_42_sample_2_scores.json,1096111,84280733a2d9f0d1c9354cbea60c42f833bb678162fd286cbdbe1db6fd41264b
h3/out/c4/H3_C4_invago_6EW_BIO399/seed_42/H3_C4_invago_6EW_BIO399_seed_42_sample_3_scores.json,1096402,6a3094f3190e947427b5a8d83525af4dfc4277e917f9824765991056bd5f6bfc
h3/out/c4/H3_C4_invago_6EW_BIO399/seed_42/H3_C4_invago_6EW_BIO399_seed_42_sample_4_scores.json,1096616,f44659c82eec0ce97eaf0798086faf5e030dbc923f3310f7c685b046bd415c36
h3/out/c4/H3_C4_invago_6EW_BIO399/seed_42/H3_C4_invago_6EW_BIO399_seed_42_sample_5_scores.json,1090045,f19ee3bbbdce5ae15c25084e681094596e7e4c288604f2d6b3aa78da6c75976d
h3/out/c4/H3_C4_invago_6EW_BIO399/seed_42/H3_C4_invago_6EW_BIO399_seed_42_sample_6_scores.json,1090661,08f536b0035b08c5a6c685392b8e5c535b5055de4828d5d8766f8012c102499a
h3/out/c4/H3_C4_invago_6EW_BIO399/seed_42/H3_C4_invago_6EW_BIO399_seed_42_sample_7_scores.json,1096160,a183fc775d9a016ed251ea5abe7b83312b088545928e715d66b408bced77274a
h3/out/c4/H3_C4_invago_6EW_BIO399/seed_42/H3_C4_invago_6EW_BIO399_seed_42_sample_8_scores.json,1089254,2a1af7ca9a94f8521058051bc894c11262de9c19520b22937941c7bb0088df7c
h3/out/c4/H3_C4_invago_6EW_BIO399/seed_42/H3_C4_invago_6EW_BIO399_seed_42_sample_9_scores.json,1096896,cf5d074356da5884df0a08d4297308b079ef96929a0f8a59abb3e4f0d8ae6d8a
h3/out/c4/H3_C4_invago_6EW_BIO399/seed_43/H3_C4_invago_6EW_BIO399_seed_43_sample_10_scores.json,1096165,7c6cf4430ba8bb98a983d4ec6e7e1dade36a5959a411a3810426fb2848a7889d
h3/out/c4/H3_C4_invago_6EW_BIO399/seed_43/H3_C4_invago_6EW_BIO399_seed_43_sample_1_scores.json,1097701,c273765e3ebcf36712a1781d374a8d29107b4b61dc092f9a55bf307ea9f69462
h3/out/c4/H3_C4_invago_6EW_BIO399/seed_43/H3_C4_invago_6EW_BIO399_seed_43_sample_2_scores.json,1096044,e7d5bb7a490879a7c509bf82fd61d5634e8fff4b57f809292678bfcfad0902be
h3/out/c4/H3_C4_invago_6EW_BIO399/seed_43/H3_C4_invago_6EW_BIO399_seed_43_sample_3_scores.json,1096613,cd97e4db77564091fb5da4a793a2063a362bad8c99134da6c743705b1b8a2132
h3/out/c4/H3_C4_invago_6EW_BIO399/seed_43/H3_C4_invago_6EW_BIO399_seed_43_sample_4_scores.json,1096311,130b2f62c2c5db2714223120b5993a10f2544794c907c65bf5309dfbd0878eb9
h3/out/c4/H3_C4_invago_6EW_BIO399/seed_43/H3_C4_invago_6EW_BIO399_seed_43_sample_5_scores.json,1096609,235a2aae680b2ad4fe58997909df4e875b736cf6617590ff836959e952ffc878
h3/out/c4/H3_C4_invago_6EW_BIO399/seed_43/H3_C4_invago_6EW_BIO399_seed_43_sample_6_scores.json,1096190,a3b1e4d1fe276f5f9082d7d44f43ee1d5e0bca47af700b50b69041c41ff4be1c
h3/out/c4/H3_C4_invago_6EW_BIO399/seed_43/H3_C4_invago_6EW_BIO399_seed_43_sample_7_scores.json,1095925,93323acdf9b23512ed668bf3573672513a7c5c9dee701e0ceec42aaa4f80c4bc
h3/out/c4/H3_C4_invago_6EW_BIO399/seed_43/H3_C4_invago_6EW_BIO399_seed_43_sample_8_scores.json,1096188,862d0b4349926b9165d4e70e95e2067af8caea0b4d74338e90b50b76a38dc0ed
h3/out/c4/H3_C4_invago_6EW_BIO399/seed_43/H3_C4_invago_6EW_BIO399_seed_43_sample_9_scores.json,1097546,4488597a7b4b4a856f43734e908a0e2ee53ae7ed15b48d90f77ddc9b8ac43aa2
h3/out/c4/H3_C4_invago_6EW_BIO399/seed_44/H3_C4_invago_6EW_BIO399_seed_44_sample_10_scores.json,1096815,5385e31c60caf9f5667322690fd8a66aff1d94418603df334f5a9dd17166cde8
h3/out/c4/H3_C4_invago_6EW_BIO399/seed_44/H3_C4_invago_6EW_BIO399_seed_44_sample_1_scores.json,1095876,a7da0646dec70a4854f646496fc43191c45fca1412c14d3b99e2c23e16601c04
h3/out/c4/H3_C4_invago_6EW_BIO399/seed_44/H3_C4_invago_6EW_BIO399_seed_44_sample_2_scores.json,1095894,f172419d502aa956aea4669865b95ef71a474d0631d056d19bbaa1d5904d50fb
h3/out/c4/H3_C4_invago_6EW_BIO399/seed_44/H3_C4_invago_6EW_BIO399_seed_44_sample_3_scores.json,1095695,7cedf37eaa2fce56a0b7cc7e4fc309d14cda00b19e5d81da283e4eab23efd4e2
h3/out/c4/H3_C4_invago_6EW_BIO399/seed_44/H3_C4_invago_6EW_BIO399_seed_44_sample_4_scores.json,1096230,73694c01738a336856f7b57cec201393d21d82c9bc5b17fa4e520f3cf0716417
h3/out/c4/H3_C4_invago_6EW_BIO399/seed_44/H3_C4_invago_6EW_BIO399_seed_44_sample_5_scores.json,1096187,74d9f6564aafb8f8eb090180289fdd9c10b098892aea3e5d3fede0482e63cf08
h3/out/c4/H3_C4_invago_6EW_BIO399/seed_44/H3_C4_invago_6EW_BIO399_seed_44_sample_6_scores.json,1096013,8e146ec76a0ad23b2aa3826e8e56c823dda6d970ea2342e7ef9eb4c5755d5e69
h3/out/c4/H3_C4_invago_6EW_BIO399/seed_44/H3_C4_invago_6EW_BIO399_seed_44_sample_7_scores.json,1096221,17c285101e6ceb71c297e9c552278b068e2b5ff2bde4dea96227f5820600d1e6
h3/out/c4/H3_C4_invago_6EW_BIO399/seed_44/H3_C4_invago_6EW_BIO399_seed_44_sample_8_scores.json,1096810,372c8970123c26ce9b92e9d7f8be33fbe54f95205f274e7cd41b090cd4ab3df5
h3/out/c4/H3_C4_invago_6EW_BIO399/seed_44/H3_C4_invago_6EW_BIO399_seed_44_sample_9_scores.json,1096144,5b146f88c467d475b93899bfd02d484c3550bd857a9040f519ccd67f9c6f63d8
h3/out/c4/H3_C4_invago_6EW_BIO399/seed_45/H3_C4_invago_6EW_BIO399_seed_45_sample_10_scores.json,1096333,9e6c76d2240133a2947253f54e3b1118aeb9ccfb6640225085c19031316b5df8
h3/out/c4/H3_C4_invago_6EW_BIO399/seed_45/H3_C4_invago_6EW_BIO399_seed_45_sample_1_scores.json,1090114,100075082a095bd2016803bd3675ad4ba4506a6ec9ae764807ae51f9114daa59
h3/out/c4/H3_C4_invago_6EW_BIO399/seed_45/H3_C4_invago_6EW_BIO399_seed_45_sample_2_scores.json,1090625,55248330b32484553512798227c79a0fdb1da57dc6db6c7a2f40232e19fb1560
h3/out/c4/H3_C4_invago_6EW_BIO399/seed_45/H3_C4_invago_6EW_BIO399_seed_45_sample_3_scores.json,1090622,d5293e4848fbab97da99cd8508557ecb9f3c9ec756e899fb8a11154ee90953c3
h3/out/c4/H3_C4_invago_6EW_BIO399/seed_45/H3_C4_invago_6EW_BIO399_seed_45_sample_4_scores.json,1091614,95eb0827cf9817304cc59b0e7c095127732f98ca129219164fe720f663af9524
h3/out/c4/H3_C4_invago_6EW_BIO399/seed_45/H3_C4_invago_6EW_BIO399_seed_45_sample_5_scores.json,1089963,bc4c6ad08f2e87b81cd0c25b039aefb5e6a63a181d1aa05b941ee84d67e8e67c
h3/out/c4/H3_C4_invago_6EW_BIO399/seed_45/H3_C4_invago_6EW_BIO399_seed_45_sample_6_scores.json,1089963,09dda69ce7a7518b52fbdbaaed2185b9268febbd300e2bbb8cb22be14a9e3007
h3/out/c4/H3_C4_invago_6EW_BIO399/seed_45/H3_C4_invago_6EW_BIO399_seed_45_sample_7_scores.json,1096415,ded4f4882f367733d20a99c8b34dacec93bbdf0027a77dfd29507f353cb40b61
h3/out/c4/H3_C4_invago_6EW_BIO399/seed_45/H3_C4_invago_6EW_BIO399_seed_45_sample_8_scores.json,1089934,62e2647d8ac6baed67d88b4f892a06f706642be3d1c6111686f1b49efcfca3e2
h3/out/c4/H3_C4_invago_6EW_BIO399/seed_45/H3_C4_invago_6EW_BIO399_seed_45_sample_9_scores.json,1090204,a84f1f749fc12579431ba9e4e508587aa681290f886cd7b90706f9e229cacac1
h3/out/c4/H3_C4_invago_6EW_BIO399/seed_46/H3_C4_invago_6EW_BIO399_seed_46_sample_10_scores.json,1091060,fdfb641946af26204b3cb89a17202c816297e2cc78b7273db1f10729316ff214
h3/out/c4/H3_C4_invago_6EW_BIO399/seed_46/H3_C4_invago_6EW_BIO399_seed_46_sample_1_scores.json,1096627,f5ee086e8a334649451e510e4aaf5bdee293b59573456ecdf7bef0610bb9c237
h3/out/c4/H3_C4_invago_6EW_BIO399/seed_46/H3_C4_invago_6EW_BIO399_seed_46_sample_2_scores.json,1098089,02780fb72d14087dcd510f45be2d63363d099292a5028d28800ff001228b4656
h3/out/c4/H3_C4_invago_6EW_BIO399/seed_46/H3_C4_invago_6EW_BIO399_seed_46_sample_3_scores.json,1089690,810401dc2d4838c70f89ce6075f9b5c7d9d7dc72a1e03db75f736e250f8b6734
h3/out/c4/H3_C4_invago_6EW_BIO399/seed_46/H3_C4_invago_6EW_BIO399_seed_46_sample_4_scores.json,1096698,d2b15aa7b2d6a14359ac4cddd7e9701fb3738d3252e3eba4477928611463c077
h3/out/c4/H3_C4_invago_6EW_BIO399/seed_46/H3_C4_invago_6EW_BIO399_seed_46_sample_5_scores.json,1096607,d7b2d67515c3da41c8f9776a1563d1eea272631acd79ff28e43b179b922c856b
h3/out/c4/H3_C4_invago_6EW_BIO399/seed_46/H3_C4_invago_6EW_BIO399_seed_46_sample_6_scores.json,1096034,05b16aa0438360c9478ceaf71399c53e98f09f801d08be365b553c0837ee6be8
h3/out/c4/H3_C4_invago_6EW_BIO399/seed_46/H3_C4_invago_6EW_BIO399_seed_46_sample_7_scores.json,1089662,8fb756eabbcd3aaba58b4906ec6f9715b30444e42ed3766bab4bc79a542a1f35
h3/out/c4/H3_C4_invago_6EW_BIO399/seed_46/H3_C4_invago_6EW_BIO399_seed_46_sample_8_scores.json,1096478,4ac57c28c6041e75d8e094bbd7cf286635dccb2a1b9b3580e832a47c7735265a
h3/out/c4/H3_C4_invago_6EW_BIO399/seed_46/H3_C4_invago_6EW_BIO399_seed_46_sample_9_scores.json,1096515,e4e4686ccae1d847267c87fefef36f45d5b67877258947886ce8848cbe2a9431
h3/out/c5/H3_C5_invago_99N/seed_42/H3_C5_invago_99N_seed_42_sample_10_scores.json,1209434,102bd850a7576b725ea1c15cb9928bdd868c6bf253ec866e2d8a4f3af673741e
h3/out/c5/H3_C5_invago_99N/seed_42/H3_C5_invago_99N_seed_42_sample_1_scores.json,1209551,9a573c7925efdde11bdde0b2b8631517ff3fd2e6b427c11cb4b72fe98fdf8e8c
h3/out/c5/H3_C5_invago_99N/seed_42/H3_C5_invago_99N_seed_42_sample_2_scores.json,1209374,ea9e2e5ad1d4faf6c990e94358262d96cda944d924fc4c724c5cb1d8648d9179
h3/out/c5/H3_C5_invago_99N/seed_42/H3_C5_invago_99N_seed_42_sample_3_scores.json,1211329,0b3fed7eba5f24bdf05a61adec387b7e1a29532345582ee4b94d8f2985a31590
h3/out/c5/H3_C5_invago_99N/seed_42/H3_C5_invago_99N_seed_42_sample_4_scores.json,1209615,0e61d350ddee7b9e98209a2c360ff90c4314643152ae70fbbbc8408d0fb1895a
h3/out/c5/H3_C5_invago_99N/seed_42/H3_C5_invago_99N_seed_42_sample_5_scores.json,1210676,a8599344ccba6ff7691cd199ddb22534a030fb1f32c85ca059de17d623efdd50
h3/out/c5/H3_C5_invago_99N/seed_42/H3_C5_invago_99N_seed_42_sample_6_scores.json,1211029,5327edd6afdc573fc570fd515f6bf61e801a70d137e1f035a77755f3b9f8218d
h3/out/c5/H3_C5_invago_99N/seed_42/H3_C5_invago_99N_seed_42_sample_7_scores.json,1209554,446c93d19ce38ed10f17d4174addf54af23ca3cd210a184fb7fd152e9434a0dc
h3/out/c5/H3_C5_invago_99N/seed_42/H3_C5_invago_99N_seed_42_sample_8_scores.json,1208420,abb883897645ef375542d1369c7d2c4e04fdee835f8aedc0f78921a7f7508c53
h3/out/c5/H3_C5_invago_99N/seed_42/H3_C5_invago_99N_seed_42_sample_9_scores.json,1210717,7c5f8c611d96c34d61abcc03eda81b02c936cbbe8b622549ee01cd706e82e24e
h3/out/c5/H3_C5_invago_99N/seed_43/H3_C5_invago_99N_seed_43_sample_10_scores.json,1212966,b3bb74b3c7ea755846bc12ada4bf396824979ac516d6bf297ea8ed42c9639aa3
h3/out/c5/H3_C5_invago_99N/seed_43/H3_C5_invago_99N_seed_43_sample_1_scores.json,1208995,61eeeaf1640c71013ada82791303892cb8250b491f1aa93659097edf207434a5
h3/out/c5/H3_C5_invago_99N/seed_43/H3_C5_invago_99N_seed_43_sample_2_scores.json,1208523,1c5e70c41f0d2eccaa1f744aaf6a69073fce1420c666fa7515dcac2badb6e52a
h3/out/c5/H3_C5_invago_99N/seed_43/H3_C5_invago_99N_seed_43_sample_3_scores.json,1210152,56b899ed56ca3877ea5f3e77bec3a18f7254f717e2748a6ad043e12320706629
h3/out/c5/H3_C5_invago_99N/seed_43/H3_C5_invago_99N_seed_43_sample_4_scores.json,1210539,4a04d6165bf44d8ff0e5bf4d9e9d50425538af35b4b98cc3a4fb8227321963bc
h3/out/c5/H3_C5_invago_99N/seed_43/H3_C5_invago_99N_seed_43_sample_5_scores.json,1209589,7065a181b98c2ac21055bd53ad7270f19724451b76ec369e0d5f02c296283dc7
h3/out/c5/H3_C5_invago_99N/seed_43/H3_C5_invago_99N_seed_43_sample_6_scores.json,1213737,c4ff493f29c91c1e23ea53c13fb12ed797a263c78ebe90546128fd6c6d5919a8
h3/out/c5/H3_C5_invago_99N/seed_43/H3_C5_invago_99N_seed_43_sample_7_scores.json,1211123,0e8eb7f353ba6aa462c238c1395b92d1b7a889ea5835a14d31a8ec14b4575ecb
h3/out/c5/H3_C5_invago_99N/seed_43/H3_C5_invago_99N_seed_43_sample_8_scores.json,1210552,5dd9f3f677044792777a2d38a026a22d1e64150757b707763abe6af932a025b1
h3/out/c5/H3_C5_invago_99N/seed_43/H3_C5_invago_99N_seed_43_sample_9_scores.json,1213011,8a7e896f3a14fd92e9cc6b46464d64fd6ad1a170974372bac219a1c4796ad031
h3/out/c5/H3_C5_invago_99N/seed_44/H3_C5_invago_99N_seed_44_sample_10_scores.json,1211683,b5455da34d52df43404d4a2ea4a1d632590acda729c0c76a981b6934550e4f9a
h3/out/c5/H3_C5_invago_99N/seed_44/H3_C5_invago_99N_seed_44_sample_1_scores.json,1212803,707f43ba52902cb040b5c86e4b1908d2c487dccfd57409ada0c509f15831b2ae
h3/out/c5/H3_C5_invago_99N/seed_44/H3_C5_invago_99N_seed_44_sample_2_scores.json,1211467,fcdbcdfd6f3f08af547a2af03fb379d0a6c49966d800bc2efdec7eff89eea25a
h3/out/c5/H3_C5_invago_99N/seed_44/H3_C5_invago_99N_seed_44_sample_3_scores.json,1212981,9405ccb8ab4c7f81f1716b159c464663a2e2f4fffeeaca6490513354bfce912c
h3/out/c5/H3_C5_invago_99N/seed_44/H3_C5_invago_99N_seed_44_sample_4_scores.json,1210989,3f3efc9e01f6f54340f414822c1bd424a907cf463938dd91dca7a3b2ce911020
h3/out/c5/H3_C5_invago_99N/seed_44/H3_C5_invago_99N_seed_44_sample_5_scores.json,1214677,e42259801eccca65dc1a440db2d8a6dec68ee1ed07e996ebadda0cb58c72fabe
h3/out/c5/H3_C5_invago_99N/seed_44/H3_C5_invago_99N_seed_44_sample_6_scores.json,1212459,6fd9e51711416757f4045e682e0becc2372f943de14611fde239a44ad73bea3a
h3/out/c5/H3_C5_invago_99N/seed_44/H3_C5_invago_99N_seed_44_sample_7_scores.json,1213012,96ab977b8d06fe27051008f410733588d12dbdf7643eb3b2c3f2581be85be4c4
h3/out/c5/H3_C5_invago_99N/seed_44/H3_C5_invago_99N_seed_44_sample_8_scores.json,1213102,0ce7c7b8c547347499255ddc9cc7a35344051bf013af2c4c49173c02cc3b6992
h3/out/c5/H3_C5_invago_99N/seed_44/H3_C5_invago_99N_seed_44_sample_9_scores.json,1215657,b7f28f30d37da50221850d2a768efe12a091f2e8445f2c74f1c196cf033b3e0f
h3/out/c5/H3_C5_invago_99N/seed_45/H3_C5_invago_99N_seed_45_sample_10_scores.json,1213604,9202c4a80d5bdf89c1900b3f0ae79e563fc530a391fb5587145a0af51a235588
h3/out/c5/H3_C5_invago_99N/seed_45/H3_C5_invago_99N_seed_45_sample_1_scores.json,1210950,f47a1767461efa9b0c912ca70ec3ed1c0283526979c37ffbdbf1cd2a9558f25c
h3/out/c5/H3_C5_invago_99N/seed_45/H3_C5_invago_99N_seed_45_sample_2_scores.json,1206799,e910a66b82acb46778eb36fb6f0de63cdff5e542dcc83025cd9fcb62071e4889
h3/out/c5/H3_C5_invago_99N/seed_45/H3_C5_invago_99N_seed_45_sample_3_scores.json,1212780,f427d7b1e0e1b7f99b13a026353249d8fc92ddd589946f5e360e2b77866b8fb9
h3/out/c5/H3_C5_invago_99N/seed_45/H3_C5_invago_99N_seed_45_sample_4_scores.json,1210970,9c18594a7f75648d8f76647631ec4b0b6f882fc9660adb07dc2029eb8bf89405
h3/out/c5/H3_C5_invago_99N/seed_45/H3_C5_invago_99N_seed_45_sample_5_scores.json,1215095,f29b91510ccd2de4a56f2545c43b988ab4fc2781f15799c8e6c0059b2d09f548
h3/out/c5/H3_C5_invago_99N/seed_45/H3_C5_invago_99N_seed_45_sample_6_scores.json,1209743,b895e776ad9fd1d8fbaf119cc4a65f7bd761724440137b75b830f742be995c2f
h3/out/c5/H3_C5_invago_99N/seed_45/H3_C5_invago_99N_seed_45_sample_7_scores.json,1209744,369ae056377a0ab5a495f4a736eb33990fae94785564cc510a5dfb6b567a886f
h3/out/c5/H3_C5_invago_99N/seed_45/H3_C5_invago_99N_seed_45_sample_8_scores.json,1210867,42dff26120f9597947a67600a69d675c16e3b737b3477755edf587e82abfe200
h3/out/c5/H3_C5_invago_99N/seed_45/H3_C5_invago_99N_seed_45_sample_9_scores.json,1210509,32941d2e863b2d53109b2c0d17d0eba001fa9a739b5cb0bd07169ca105a696ab
h3/out/c5/H3_C5_invago_99N/seed_46/H3_C5_invago_99N_seed_46_sample_10_scores.json,1211405,d706f49c14d02f5d31c62e8530d964b32cc520aa57fc55b4055eab55c539c651
h3/out/c5/H3_C5_invago_99N/seed_46/H3_C5_invago_99N_seed_46_sample_1_scores.json,1210928,1bac76c21406545d3083cb7ce90cceaaaec84c49f8f51142cc3a2534c971cc26
h3/out/c5/H3_C5_invago_99N/seed_46/H3_C5_invago_99N_seed_46_sample_2_scores.json,1211536,c1a5bc65a8aca15543794b6296e07abf7ff131b387f51fa4961deb95769a7aea
h3/out/c5/H3_C5_invago_99N/seed_46/H3_C5_invago_99N_seed_46_sample_3_scores.json,1210669,be8af73efcb63281ac776e7b0b2529e4062bd06f6bcee3da815b55ee2706fe5b
h3/out/c5/H3_C5_invago_99N/seed_46/H3_C5_invago_99N_seed_46_sample_4_scores.json,1210295,51808b61f52588f21f08a9782f98a65f48984f694be2e9a643ea582abc153529
h3/out/c5/H3_C5_invago_99N/seed_46/H3_C5_invago_99N_seed_46_sample_5_scores.json,1210702,a59da57382ea73428468ac34d21f9380059c69d7d00c08ba23ee86c7b41b0fcd
h3/out/c5/H3_C5_invago_99N/seed_46/H3_C5_invago_99N_seed_46_sample_6_scores.json,1209513,b0f5f3cace34b52dad557c4d8376cfa6a63556470d9f91c3ae1e86c989d594f7
h3/out/c5/H3_C5_invago_99N/seed_46/H3_C5_invago_99N_seed_46_sample_7_scores.json,1210330,61c094531a727987cf198e37903b4d5606e6f10a9b021621e12f557961dd9285
h3/out/c5/H3_C5_invago_99N/seed_46/H3_C5_invago_99N_seed_46_sample_8_scores.json,1211049,32d446d60240fc151e66e1c79091d4cb7982ce79d9e21549917cbffa2f4b6812
h3/out/c5/H3_C5_invago_99N/seed_46/H3_C5_invago_99N_seed_46_sample_9_scores.json,1212604,be1db8c5e00c37c26356dd7affb34f1804fba813e4401b0094efdbbc25e2920e
h3/out/c6/H3_C6_invago_4P3/seed_42/H3_C6_invago_4P3_seed_42_sample_10_scores.json,1101988,9f590d0bc4ab386e6ddbec11858921c0660382d5b0a1fd281278b5cc2436fd7e
h3/out/c6/H3_C6_invago_4P3/seed_42/H3_C6_invago_4P3_seed_42_sample_1_scores.json,1101867,f0f3c6011ec699cc6998a8fb873c2f622fd50adc9b6b85a92122e40ad205f9b0
h3/out/c6/H3_C6_invago_4P3/seed_42/H3_C6_invago_4P3_seed_42_sample_2_scores.json,1101142,a90f8ac851a1d68409dcc785c0579430fb7ccf1d689e00795cc9a14a80ea0639
h3/out/c6/H3_C6_invago_4P3/seed_42/H3_C6_invago_4P3_seed_42_sample_3_scores.json,1101848,690a0e64c324e96d286ba1417907c42c7e3aa0e0310e5289479c95364049d554
h3/out/c6/H3_C6_invago_4P3/seed_42/H3_C6_invago_4P3_seed_42_sample_4_scores.json,1101543,0daf1cb47dde923b95fb51822bb851811d9029b1f1f1438094186ccaa9de1152
h3/out/c6/H3_C6_invago_4P3/seed_42/H3_C6_invago_4P3_seed_42_sample_5_scores.json,1098243,eae5b1075f6ea092210965f58323e62b225b67ca4dfb9a3a2a230f82efdcfd3a
h3/out/c6/H3_C6_invago_4P3/seed_42/H3_C6_invago_4P3_seed_42_sample_6_scores.json,1098602,2ca8c4a1f927f64164d529fa61852f21cecefc6b8cf114f20deb4531a545540e
h3/out/c6/H3_C6_invago_4P3/seed_42/H3_C6_invago_4P3_seed_42_sample_7_scores.json,1098809,022cc17155b9e0723566fe71dfcad841c44531996b60749d5e0c89e3e9f03065
h3/out/c6/H3_C6_invago_4P3/seed_42/H3_C6_invago_4P3_seed_42_sample_8_scores.json,1101527,439e76e9b06e6f3060b188f13f001485f6acd0b2c475f10d2303f5ca95dede38
h3/out/c6/H3_C6_invago_4P3/seed_42/H3_C6_invago_4P3_seed_42_sample_9_scores.json,1099059,3fcace976c4af86164db794e3dfdb101d90cd3c2f1dc2c6b558278a72af902f2
h3/out/c6/H3_C6_invago_4P3/seed_43/H3_C6_invago_4P3_seed_43_sample_10_scores.json,1098317,93e374c85359b153955f270d0f7c1c8f45e217dc8b4ade8f07bd27c3df4b4913
h3/out/c6/H3_C6_invago_4P3/seed_43/H3_C6_invago_4P3_seed_43_sample_1_scores.json,1101439,bbb4618c4d50bd4b7c0f5ffe71a3bee527d026cadd37fe39baca4ef8f7fac0e6
h3/out/c6/H3_C6_invago_4P3/seed_43/H3_C6_invago_4P3_seed_43_sample_2_scores.json,1098074,496b1adf9e4df23fa56478562376b0694328b7609309030efbeb4c4ddf7b5e67
h3/out/c6/H3_C6_invago_4P3/seed_43/H3_C6_invago_4P3_seed_43_sample_3_scores.json,1098033,7248e434c5149a8908e71ce4e63c3a452ea545364035fd8005238179d17970fc
h3/out/c6/H3_C6_invago_4P3/seed_43/H3_C6_invago_4P3_seed_43_sample_4_scores.json,1098269,dbbfe86579baa430bca4d73c0dc207675c3f73f6ab61b8fb10a341de523d00f9
h3/out/c6/H3_C6_invago_4P3/seed_43/H3_C6_invago_4P3_seed_43_sample_5_scores.json,1097341,1022b366c873f407384ea504514ae4a3bf15222241d4d1eaf3ee997d829d17ab
h3/out/c6/H3_C6_invago_4P3/seed_43/H3_C6_invago_4P3_seed_43_sample_6_scores.json,1101013,2655de575193c52c507b71a90f1427346184c432251f9a83c9dc9117f865e629
h3/out/c6/H3_C6_invago_4P3/seed_43/H3_C6_invago_4P3_seed_43_sample_7_scores.json,1100675,f79a05168a2439a8be39dba81c796cbecea79c37b30bf8fb9efb1b2613b66992
h3/out/c6/H3_C6_invago_4P3/seed_43/H3_C6_invago_4P3_seed_43_sample_8_scores.json,1100640,a663f5155b983082888a59a1a1ef81d0954850335dbdd8eaa0f67d02f3d7eaef
h3/out/c6/H3_C6_invago_4P3/seed_43/H3_C6_invago_4P3_seed_43_sample_9_scores.json,1101103,7903be87bab0470f9ef86cef5f8571dcde9200997a86510237efe8bcd4570ccb
h3/out/c6/H3_C6_invago_4P3/seed_44/H3_C6_invago_4P3_seed_44_sample_10_scores.json,1101158,4cf6191c5ac439309e8d128add5abe879a463ae5cc2422dd2b99945159a4bcde
h3/out/c6/H3_C6_invago_4P3/seed_44/H3_C6_invago_4P3_seed_44_sample_1_scores.json,1100869,3285cf06b8149c618f97109f58ab9304fa5991aed748f2bfb702c7b5a892dcdf
h3/out/c6/H3_C6_invago_4P3/seed_44/H3_C6_invago_4P3_seed_44_sample_2_scores.json,1097530,8d212fea0e85abd7e09e0817fdfa5924db7459457d74ec4729ed1c31d4b2e7b2
h3/out/c6/H3_C6_invago_4P3/seed_44/H3_C6_invago_4P3_seed_44_sample_3_scores.json,1100552,c01c212c5c99f62057e16058802869ec3b9977143516d0d24c69854ab48aa122
h3/out/c6/H3_C6_invago_4P3/seed_44/H3_C6_invago_4P3_seed_44_sample_4_scores.json,1100725,ea7038f357054796f471f054a09c16001422c205cfcd4b90217f6f6cc465256a
h3/out/c6/H3_C6_invago_4P3/seed_44/H3_C6_invago_4P3_seed_44_sample_5_scores.json,1101087,397339d4cdfbad196a0f2a8001de5c1946c4baa6f0a0bdbde69e96caabae31dc
h3/out/c6/H3_C6_invago_4P3/seed_44/H3_C6_invago_4P3_seed_44_sample_6_scores.json,1100549,536f75a963536d3ab3cbae795cf1668211b3e33423c180743b6ba5ee54d31373
h3/out/c6/H3_C6_invago_4P3/seed_44/H3_C6_invago_4P3_seed_44_sample_7_scores.json,1100507,2de769e59066204842bc134c746a7f2c11b5c756c4f66655c9eb1fd3110de08e
h3/out/c6/H3_C6_invago_4P3/seed_44/H3_C6_invago_4P3_seed_44_sample_8_scores.json,1100706,c40cf3576a76c9a75313ec6fa27e9af66039c6d5dd576608e035c90c693e81d4
h3/out/c6/H3_C6_invago_4P3/seed_44/H3_C6_invago_4P3_seed_44_sample_9_scores.json,1100711,ea7abc163d6b6df02ae11dfb9ceb51aa3c6bc30e9487a59df7fbc80f985ff2e3
h3/out/c6/H3_C6_invago_4P3/seed_45/H3_C6_invago_4P3_seed_45_sample_10_scores.json,1100929,94887769cd1d04a5d56aa03d893f6d8e28a54c39a961f5a84c8a93e524ca4b67
h3/out/c6/H3_C6_invago_4P3/seed_45/H3_C6_invago_4P3_seed_45_sample_1_scores.json,1098814,bcd78a0126ea206c0396fdea8cb7f70fbf06c275db4ba2dd6a8578e86b585099
h3/out/c6/H3_C6_invago_4P3/seed_45/H3_C6_invago_4P3_seed_45_sample_2_scores.json,1100910,52d7b568053ee697e5d8c1ad2c21a31928555604fc8c9d61558ca0dda1719019
h3/out/c6/H3_C6_invago_4P3/seed_45/H3_C6_invago_4P3_seed_45_sample_3_scores.json,1101114,4f7f08cff2c08244f5f69c6ce1b4ab547c806fc0d42547adb471968032d50bb9
h3/out/c6/H3_C6_invago_4P3/seed_45/H3_C6_invago_4P3_seed_45_sample_4_scores.json,1098326,485db0284eccb2f066e9006c1d2c8ca2caf3602171e45b43684b9d52b57a2e86
h3/out/c6/H3_C6_invago_4P3/seed_45/H3_C6_invago_4P3_seed_45_sample_5_scores.json,1098728,f26df0429220f4cbefc3a445e0a3c870ad3d59ac0f15114c2f1089b3df3f3117
h3/out/c6/H3_C6_invago_4P3/seed_45/H3_C6_invago_4P3_seed_45_sample_6_scores.json,1098581,4a19010bb634df3aeb009b8299d333e33a896e80f278d91e12a37550ad56f02d
h3/out/c6/H3_C6_invago_4P3/seed_45/H3_C6_invago_4P3_seed_45_sample_7_scores.json,1100652,3fc012e2dc3e632de81b248c68971de033c0e8ae1855bbc2582da1f5809f85be
h3/out/c6/H3_C6_invago_4P3/seed_45/H3_C6_invago_4P3_seed_45_sample_8_scores.json,1101447,a2ae8b7c914d376e815c23b19dcc65a06c3476102536a04ca56a478b424b469a
h3/out/c6/H3_C6_invago_4P3/seed_45/H3_C6_invago_4P3_seed_45_sample_9_scores.json,1098497,6eea6e3c14853825c0713f3f50d87f195623ff2b6ccf337f26b044a593dafeb7
h3/out/c6/H3_C6_invago_4P3/seed_46/H3_C6_invago_4P3_seed_46_sample_10_scores.json,1098529,e6aa1118ee0f74437a0a4d8127b401248c0384d4f9a05fd6069e590f58807b76
h3/out/c6/H3_C6_invago_4P3/seed_46/H3_C6_invago_4P3_seed_46_sample_1_scores.json,1101140,ce9114776f642ec17a2552326e824e1af73c3a49513df83bc520e5cbc233dec0
h3/out/c6/H3_C6_invago_4P3/seed_46/H3_C6_invago_4P3_seed_46_sample_2_scores.json,1097805,f39481793df29aba4254b05a8cd6c8e833a7e4ea0c21fb828a0a3f6079b479af
h3/out/c6/H3_C6_invago_4P3/seed_46/H3_C6_invago_4P3_seed_46_sample_3_scores.json,1101826,944f3fa23f6448d2df76185641d38e3d97662d76c830fc73da83699916d50b8e
h3/out/c6/H3_C6_invago_4P3/seed_46/H3_C6_invago_4P3_seed_46_sample_4_scores.json,1100825,cf259f2df2b3498f4ae6f13be38af1325c65f2da872c4b7e771ab9be520319b3
h3/out/c6/H3_C6_invago_4P3/seed_46/H3_C6_invago_4P3_seed_46_sample_5_scores.json,1101561,c3055a56f57a42b85b6b86699b6f9145ceb9739b02f9ef342d4861d4d88c3103
h3/out/c6/H3_C6_invago_4P3/seed_46/H3_C6_invago_4P3_seed_46_sample_6_scores.json,1100968,f79ee73745adfecbbbff8bff2b6732a582d7161a591bf16f32e760cd7f722ac0
h3/out/c6/H3_C6_invago_4P3/seed_46/H3_C6_invago_4P3_seed_46_sample_7_scores.json,1101596,a93f0c87426b6dc66dc6f903b91a336eb062f8015400fa5fd46d01a27eac5778
h3/out/c6/H3_C6_invago_4P3/seed_46/H3_C6_invago_4P3_seed_46_sample_8_scores.json,1102036,0c964982e93d6e7dcae45811308a89886ee85d345b3fe61861d7a05f49b9f4e4
h3/out/c6/H3_C6_invago_4P3/seed_46/H3_C6_invago_4P3_seed_46_sample_9_scores.json,1102136,ffd39cf7ce39fcb5e3d0d60b7bc561923f5b47fcff2f6c708dc1df5d038dda98
h3/out/pool120/POOL_CHEMBL3217768_agonist/seed_42/POOL_CHEMBL3217768_agonist_seed_42_sample_1_scores.json,1062825,1b4678f926226180ca089fefa05813054f01216471cfe2a51c01069607a66a57
h3/out/pool120/POOL_CHEMBL3217768_agonist/seed_42/POOL_CHEMBL3217768_agonist_seed_42_sample_2_scores.json,1062756,59db1456e74909330be17381db0744cc8e05fa5e34123c88cba9d5b4bdf2fda3
h3/out/pool120/POOL_CHEMBL3313999_agonist/seed_42/POOL_CHEMBL3313999_agonist_seed_42_sample_1_scores.json,1154917,8b8cf7ff345136da3d506f42c3475a2fc69358aae426be5428c51df7f0edb6de
h3/out/pool120/POOL_CHEMBL3313999_agonist/seed_42/POOL_CHEMBL3313999_agonist_seed_42_sample_2_scores.json,1155324,74bc7b34cdea761ea3a59e2ae3d116e020e60b566f6ad7eb860b1c32b7f2f335
h3/out/pool120/POOL_CHEMBL3314000_agonist/seed_42/POOL_CHEMBL3314000_agonist_seed_42_sample_1_scores.json,1178862,572a3cb057c2bd5c0793c98f48f724785420d91c2ca84976334e088ab4fa9a4c
h3/out/pool120/POOL_CHEMBL3314000_agonist/seed_42/POOL_CHEMBL3314000_agonist_seed_42_sample_2_scores.json,1176969,7d8b6affb239c08f88547d229efb870e8e6f46c0fc6b224f27396e3cd465ad6e
h3/out/pool120/POOL_CHEMBL3314023_antagonist/seed_42/POOL_CHEMBL3314023_antagonist_seed_42_sample_1_scores.json,1116935,d60b19f17697169a4ed69d6479a51adf9fe5b90484b194ece4249edc33b1d6c7
h3/out/pool120/POOL_CHEMBL3314023_antagonist/seed_42/POOL_CHEMBL3314023_antagonist_seed_42_sample_2_scores.json,1114692,0742044074cfc75ce1ad2d1948e62da49c0d9870da4bb7bf681da295d95d3756
h3/out/pool120/POOL_CHEMBL3314025_antagonist/seed_42/POOL_CHEMBL3314025_antagonist_seed_42_sample_1_scores.json,1107632,6c57a85931f14832b7e3ec987ae043bac4866be2d90bd5f651c665f06fb64d47
h3/out/pool120/POOL_CHEMBL3314025_antagonist/seed_42/POOL_CHEMBL3314025_antagonist_seed_42_sample_2_scores.json,1113366,964ad4a5dcc55f13464b9b7df326ff963f7ff4d623f5cb48c1c0eeab3290b953
h3/out/pool120/POOL_CHEMBL3314026_antagonist/seed_42/POOL_CHEMBL3314026_antagonist_seed_42_sample_1_scores.json,1112912,447b4bf6967c0dd180caba82ef2d6135b1a03fb9f9b19f92f1de7bdb20b5f1f4
h3/out/pool120/POOL_CHEMBL3314026_antagonist/seed_42/POOL_CHEMBL3314026_antagonist_seed_42_sample_2_scores.json,1118857,0ede829b4a0d233d65fddf97c149ee053ce180ea13e6b634ee4b248b04978691
h3/out/pool120/POOL_CHEMBL3314027_antagonist/seed_42/POOL_CHEMBL3314027_antagonist_seed_42_sample_1_scores.json,1149483,44c53ee224a6c56c60ed315626b33a136e5ea22e293de9a727944b8495c45403
h3/out/pool120/POOL_CHEMBL3314027_antagonist/seed_42/POOL_CHEMBL3314027_antagonist_seed_42_sample_2_scores.json,1147900,4e4bd10164021f16589be9d807f9fa781b45f99a4edc7ee98142357d086a139d
h3/out/pool120/POOL_CHEMBL3314028_antagonist/seed_42/POOL_CHEMBL3314028_antagonist_seed_42_sample_1_scores.json,1126476,c08213908d39328ced15af5268891a408fdb3a916087e8f044dc46d33c5ba594
h3/out/pool120/POOL_CHEMBL3314028_antagonist/seed_42/POOL_CHEMBL3314028_antagonist_seed_42_sample_2_scores.json,1126381,a560d31783b069938ea5b6b9a7922accf9725c06d307aa70cb87f4b76fbca76f
h3/out/pool120/POOL_CHEMBL3581543_agonist/seed_42/POOL_CHEMBL3581543_agonist_seed_42_sample_1_scores.json,1087979,288332b4ff167543fec9c04558958b76c465f9784cac2a4cd9437570500d38a9
h3/out/pool120/POOL_CHEMBL3581543_agonist/seed_42/POOL_CHEMBL3581543_agonist_seed_42_sample_2_scores.json,1088148,54d34cb6264a67b2d46e4ba7c4437532e460d6d13907549752d7793e8fc2a3ed
h3/out/pool120/POOL_CHEMBL3609403_agonist/seed_42/POOL_CHEMBL3609403_agonist_seed_42_sample_1_scores.json,1121226,b1d89e9294f74d0513ac14483cb6cf5b486db659a2e1b7d3f54b005d42973701
h3/out/pool120/POOL_CHEMBL3609403_agonist/seed_42/POOL_CHEMBL3609403_agonist_seed_42_sample_2_scores.json,1121433,f65de4bbe10356457c578a69bb98f0494335bde467a6f47f5d11823904e6fb69
h3/out/pool120/POOL_CHEMBL3609404_agonist/seed_42/POOL_CHEMBL3609404_agonist_seed_42_sample_1_scores.json,1130898,81b56a7b2270a110a2c87a4dea2be443d9f8e8d65df4ef1dfa6b08b667f7cac3
h3/out/pool120/POOL_CHEMBL3609404_agonist/seed_42/POOL_CHEMBL3609404_agonist_seed_42_sample_2_scores.json,1128920,e0d3853d5305d2f799b6142151fcd8dc2ee832ce34e9b8de2e21a0a0db00b117
h3/out/pool120/POOL_CHEMBL3609409_agonist/seed_42/POOL_CHEMBL3609409_agonist_seed_42_sample_1_scores.json,1091489,dd039b46a9a0b9a5ad328bb85fda1fc276af5028b98aaeff8811c82207e20a44
h3/out/pool120/POOL_CHEMBL3609409_agonist/seed_42/POOL_CHEMBL3609409_agonist_seed_42_sample_2_scores.json,1091466,5e884558cee6cafbe2469bdcbce9a1f7089b0f94963a1c2d885d5be2e4e05813
h3/out/pool120/POOL_CHEMBL4125757_antagonist/seed_42/POOL_CHEMBL4125757_antagonist_seed_42_sample_1_scores.json,1141875,ba4d59bfc4c0904508785a06ae6aa9ab4e13e6846115e5c1eafd842ef46d154d
h3/out/pool120/POOL_CHEMBL4125757_antagonist/seed_42/POOL_CHEMBL4125757_antagonist_seed_42_sample_2_scores.json,1141580,432ad7d10a2c3aedec0f4848676763d02de57753ac2c081545edc4734b048c64
h3/out/pool120/POOL_CHEMBL4126317_antagonist/seed_42/POOL_CHEMBL4126317_antagonist_seed_42_sample_1_scores.json,1140419,cdac2ff4d3ae18caf87e585ac9509c5edcc3ce4cea3883b0df66bccf8cc50132
h3/out/pool120/POOL_CHEMBL4126317_antagonist/seed_42/POOL_CHEMBL4126317_antagonist_seed_42_sample_2_scores.json,1140694,63571f2e36b3d46796dbc6d92e3d8835d3bba6ac619e3438d8b4f7c3421b4b90
h3/out/pool120/POOL_CHEMBL4126366_antagonist/seed_42/POOL_CHEMBL4126366_antagonist_seed_42_sample_1_scores.json,1151417,2ff143d011a58c9633cc25427e11e8884fd3c7ebd725977336218612340809b0
h3/out/pool120/POOL_CHEMBL4126366_antagonist/seed_42/POOL_CHEMBL4126366_antagonist_seed_42_sample_2_scores.json,1151331,e8d0f6e5a83b5cd08a37381446071c43c8572aa6e493be5924417896a25470a5
h3/out/pool120/POOL_CHEMBL4127127_antagonist/seed_42/POOL_CHEMBL4127127_antagonist_seed_42_sample_1_scores.json,1150141,ce789e79e78976b50e15b251f5fc88e2fc308203c33d4c2941a5e5eed2b4603e
h3/out/pool120/POOL_CHEMBL4127127_antagonist/seed_42/POOL_CHEMBL4127127_antagonist_seed_42_sample_2_scores.json,1150390,ba6b80c612885001baa816dd279d43c39760d7513f2e7fba0d4025afc35904af
h3/out/pool120/POOL_CHEMBL4127932_antagonist/seed_42/POOL_CHEMBL4127932_antagonist_seed_42_sample_1_scores.json,1138269,c99111e49f5194cb48bcf7a4fc7eb1d23bbecf5fbc8e5276a8c9e77849816982
h3/out/pool120/POOL_CHEMBL4127932_antagonist/seed_42/POOL_CHEMBL4127932_antagonist_seed_42_sample_2_scores.json,1137030,89bfc4687ebe1feaa4f08e61908de8596219fea4ea3e05d8861e22e0da92d719
h3/out/pool120/POOL_CHEMBL4128363_antagonist/seed_42/POOL_CHEMBL4128363_antagonist_seed_42_sample_1_scores.json,1142625,a7496eeeea8c1b36ed51f6fba621a818413d6315adb499762f3e2fa0eace014d
h3/out/pool120/POOL_CHEMBL4128363_antagonist/seed_42/POOL_CHEMBL4128363_antagonist_seed_42_sample_2_scores.json,1143420,197e1224b71288e8f7fbaffa594d60a48299b72a3ebb00041ec8ef8931ef4a02
h3/out/pool120/POOL_CHEMBL4128575_antagonist/seed_42/POOL_CHEMBL4128575_antagonist_seed_42_sample_1_scores.json,1158063,e5071cafecc8948536a6e60ddf2a4018e2bbc0a5c871f8dd7c18dcc182d858de
h3/out/pool120/POOL_CHEMBL4128575_antagonist/seed_42/POOL_CHEMBL4128575_antagonist_seed_42_sample_2_scores.json,1158177,7cffd21f03764a379216b5bf989b4199a96086f18459eabe10ecd56d9b2d6d68
h3/out/pool120/POOL_CHEMBL4129494_antagonist/seed_42/POOL_CHEMBL4129494_antagonist_seed_42_sample_1_scores.json,1140733,f74df8ad08f5ca1e6032b95af22dbd5f730cedba2e3a5de63755cc94d337454e
h3/out/pool120/POOL_CHEMBL4129494_antagonist/seed_42/POOL_CHEMBL4129494_antagonist_seed_42_sample_2_scores.json,1140441,857bca3633d218f72cc57bbb990fd7e6a501c9abf4a7a87ee6ea7574ea197bae
h3/out/pool120/POOL_CHEMBL4434744_agonist/seed_42/POOL_CHEMBL4434744_agonist_seed_42_sample_1_scores.json,1129987,797c86b249189612e8107899a66cc2b5c897efd546d8e60397e0588418d85589
h3/out/pool120/POOL_CHEMBL4434744_agonist/seed_42/POOL_CHEMBL4434744_agonist_seed_42_sample_2_scores.json,1132696,a64cdb1eb88e45cc244570208cdd7b9b43c1d7fe1c8b80b1dc99c01b55895bb6
h3/out/pool120/POOL_CHEMBL4446140_agonist/seed_42/POOL_CHEMBL4446140_agonist_seed_42_sample_1_scores.json,1160264,1a61809cd5635386346352fd2876b991f67a24af8ed36ea849bf673e809aeb61
h3/out/pool120/POOL_CHEMBL4446140_agonist/seed_42/POOL_CHEMBL4446140_agonist_seed_42_sample_2_scores.json,1160336,b377f7f7b0213b3f8ee79581ccbac6d5a400c57f9bf6e7b5c5bb50c82c65f09f
h3/out/pool120/POOL_CHEMBL4459436_agonist/seed_42/POOL_CHEMBL4459436_agonist_seed_42_sample_1_scores.json,1131094,58be6add2fcfa5dfe278c5a115e792b9943800abce6132ced215a2a26b33bb5c
h3/out/pool120/POOL_CHEMBL4459436_agonist/seed_42/POOL_CHEMBL4459436_agonist_seed_42_sample_2_scores.json,1134726,6924047b31ffc440db02b29b83d7b680e20177e8d169916993cbe90db552c40f
h3/out/pool120/POOL_CHEMBL4543504_agonist/seed_42/POOL_CHEMBL4543504_agonist_seed_42_sample_1_scores.json,1113143,d672cc302927606c906168f4108203aae83ac00bab2e56055f8db96c595131c2
h3/out/pool120/POOL_CHEMBL4543504_agonist/seed_42/POOL_CHEMBL4543504_agonist_seed_42_sample_2_scores.json,1112563,ce48fc0be69e9a56632e484f8c933f5c57f65fbe0164dc1618bd93f1624a8e65
h3/out/pool120/POOL_CHEMBL4578385_antagonist/seed_42/POOL_CHEMBL4578385_antagonist_seed_42_sample_1_scores.json,1057491,f5acb8fbaefc1adc61574b913013f1a617b8d0f3512cbd2f348579a2a2f47c36
h3/out/pool120/POOL_CHEMBL4578385_antagonist/seed_42/POOL_CHEMBL4578385_antagonist_seed_42_sample_2_scores.json,1057797,c07625ed99b632ef733d8606e44e5bacf66e2886adbe3100106b3caa932f937c
h3/out/pool120/POOL_CHEMBL4634701_agonist/seed_42/POOL_CHEMBL4634701_agonist_seed_42_sample_1_scores.json,1216462,48fc782fe99d1da778bd6a031c6b1cf192abf757261979d1db9c9e4cc5f7193b
h3/out/pool120/POOL_CHEMBL4634701_agonist/seed_42/POOL_CHEMBL4634701_agonist_seed_42_sample_2_scores.json,1216910,7b457244ebebd9e48b2d08c9206727210edfbf97ef33e65bd412218581d8c1a7
h3/out/pool120/POOL_CHEMBL4642011_agonist/seed_42/POOL_CHEMBL4642011_agonist_seed_42_sample_1_scores.json,1200794,997052823c786d7e0960f7a7d9027d8d8898ad4c8e08d19a1aaa59b588d85ec0
h3/out/pool120/POOL_CHEMBL4642011_agonist/seed_42/POOL_CHEMBL4642011_agonist_seed_42_sample_2_scores.json,1200288,52568781929bac9a4aed04a18f75e6d3fc9af15c3c4b2729e96769b51db9fd81
h3/out/pool120/POOL_CHEMBL4644213_agonist/seed_42/POOL_CHEMBL4644213_agonist_seed_42_sample_1_scores.json,1217061,35591d4ac0ac8871df4e8d5e1afabb90b9b980dd3837c62a5566c01b2b1e67d1
h3/out/pool120/POOL_CHEMBL4644213_agonist/seed_42/POOL_CHEMBL4644213_agonist_seed_42_sample_2_scores.json,1217267,b038365cfd3b198f04501819ca2aab9342d176f390464dfd3d0a0ec8c01bed5b
h3/out/pool120/POOL_CHEMBL4645125_agonist/seed_42/POOL_CHEMBL4645125_agonist_seed_42_sample_1_scores.json,1200364,c9212bbb4cd7e147f5802b3f1c4682eca7c4ed1f277d93318a0da427b49193c6
h3/out/pool120/POOL_CHEMBL4645125_agonist/seed_42/POOL_CHEMBL4645125_agonist_seed_42_sample_2_scores.json,1200508,a627f9fa249730d39d92224fb31c9aa52f46645f1c0d4786a77bc29269eb6055
h3/out/pool120/POOL_CHEMBL4648410_agonist/seed_42/POOL_CHEMBL4648410_agonist_seed_42_sample_1_scores.json,1192089,0f350271d605d7b6b12c71d4ad1571d0c5288501c106ce49b3ab11946ad42063
h3/out/pool120/POOL_CHEMBL4648410_agonist/seed_42/POOL_CHEMBL4648410_agonist_seed_42_sample_2_scores.json,1192400,69b72f9bc2bd93ac9e1ca2d76a94a1217198dbfd04e8c7ce25acd0dfbdae1b1e
h3/out/pool120/POOL_CHEMBL4777230_agonist/seed_42/POOL_CHEMBL4777230_agonist_seed_42_sample_1_scores.json,1101061,a6b152ac74f5867f38753480776621695c968c458a051d1f7b040a4fa153ae10
h3/out/pool120/POOL_CHEMBL4777230_agonist/seed_42/POOL_CHEMBL4777230_agonist_seed_42_sample_2_scores.json,1100776,55038cea1ec8162232900ede344e49f76cfa38d8b08aef71cf41552f83171e87
h3/out/pool120/POOL_CHEMBL4777967_agonist/seed_42/POOL_CHEMBL4777967_agonist_seed_42_sample_1_scores.json,1084437,02ca009d33b50b44b4edb1729ac3812e332933f65c4787049fad7109bfeb4067
h3/out/pool120/POOL_CHEMBL4777967_agonist/seed_42/POOL_CHEMBL4777967_agonist_seed_42_sample_2_scores.json,1082704,5639f06b71f38fd515623ff5035b795a8e01a90b688e4525ef32d35bb13d5bcd
h3/out/pool120/POOL_CHEMBL4783854_agonist/seed_42/POOL_CHEMBL4783854_agonist_seed_42_sample_1_scores.json,1096357,9ad30da343feedb78522aadd65bdaffbdc9c05b255a48e89f3423d1265cbe7a2
h3/out/pool120/POOL_CHEMBL4783854_agonist/seed_42/POOL_CHEMBL4783854_agonist_seed_42_sample_2_scores.json,1096139,4b78305b82817db330090b0d479e9d03df88e9d5b6fe638017475d113e15b1ab
h3/out/pool120/POOL_CHEMBL4848024_antagonist/seed_42/POOL_CHEMBL4848024_antagonist_seed_42_sample_1_scores.json,1174316,c0d0d45a315a093e5e58d177003454c5ea165dd1155d310f01a9930fefe4e1ed
h3/out/pool120/POOL_CHEMBL4848024_antagonist/seed_42/POOL_CHEMBL4848024_antagonist_seed_42_sample_2_scores.json,1173893,5d39acf85d55098e6c043cd41495f7f29fcefb93e38b02da9cdc4c14bf5b0b54
h3/out/pool120/POOL_CHEMBL4849340_agonist/seed_42/POOL_CHEMBL4849340_agonist_seed_42_sample_1_scores.json,1132192,d0c51f53993b799270a67d237dc25f1b275c2b708ba0e35c62bf0369ce757c2e
h3/out/pool120/POOL_CHEMBL4849340_agonist/seed_42/POOL_CHEMBL4849340_agonist_seed_42_sample_2_scores.json,1130750,e8dd470f85d69f43089bd6d8e954401e3baaf5155678f0e4e935264ce832c1ac
h3/out/pool120/POOL_CHEMBL4851155_agonist/seed_42/POOL_CHEMBL4851155_agonist_seed_42_sample_1_scores.json,1092006,fe3a4d29cc82a5164593cef80d3de0ca0d1890d2e70254860b500191e357ae8d
h3/out/pool120/POOL_CHEMBL4851155_agonist/seed_42/POOL_CHEMBL4851155_agonist_seed_42_sample_2_scores.json,1093416,3264c92633747d878230234a4638252a52b6d25beb847f7e4ef1b749271f7467
h3/out/pool120/POOL_CHEMBL4851214_agonist/seed_42/POOL_CHEMBL4851214_agonist_seed_42_sample_1_scores.json,1104797,0c0915f154c98cca3b8c682642ae0791ccec71a97d04b4c640bdaa4d4b9d34a2
h3/out/pool120/POOL_CHEMBL4851214_agonist/seed_42/POOL_CHEMBL4851214_agonist_seed_42_sample_2_scores.json,1104921,664d722f13954ff5eb7d57133d62be7b870eba8a56d25a8844d6865b71a50806
h3/out/pool120/POOL_CHEMBL4856642_agonist/seed_42/POOL_CHEMBL4856642_agonist_seed_42_sample_1_scores.json,1164341,d6b8e54920b5b028ef50aa30a5da5f31b73e4b397502e26082b006c24c5a72ef
h3/out/pool120/POOL_CHEMBL4856642_agonist/seed_42/POOL_CHEMBL4856642_agonist_seed_42_sample_2_scores.json,1164234,916309090966cb8626992728ca60b7229dc07f6711bba64b694f7096caa8fd4a
h3/out/pool120/POOL_CHEMBL4863222_agonist/seed_42/POOL_CHEMBL4863222_agonist_seed_42_sample_1_scores.json,1129524,d769facab0c567f642eb985581db901fa24be011b5ec4bafe2c22c21ea784945
h3/out/pool120/POOL_CHEMBL4863222_agonist/seed_42/POOL_CHEMBL4863222_agonist_seed_42_sample_2_scores.json,1128547,e28a3a10a44f6d43aec2fa8fe3b64279312897182e8858a53c3ef809a1fff678
h3/out/pool120/POOL_CHEMBL4863518_agonist/seed_42/POOL_CHEMBL4863518_agonist_seed_42_sample_1_scores.json,1120230,c1843b324f860a91f001454166c923b9ec6e722d6de7622c4f629017f153b809
h3/out/pool120/POOL_CHEMBL4863518_agonist/seed_42/POOL_CHEMBL4863518_agonist_seed_42_sample_2_scores.json,1119251,312068c666619cfef38db25bf53bb7d65cf97c583ee32f7d56ea9f4e4642a9a4
h3/out/pool120/POOL_CHEMBL4865740_agonist/seed_42/POOL_CHEMBL4865740_agonist_seed_42_sample_1_scores.json,1122246,87436c12e8ebea71de51ca8c6ad3605e82e8f3834c83caef5b63e69e865456be
h3/out/pool120/POOL_CHEMBL4865740_agonist/seed_42/POOL_CHEMBL4865740_agonist_seed_42_sample_2_scores.json,1121502,ed5fb92835712f428684e8b032fa8228575801954473a5bbd242b251cae045ad
h3/out/pool120/POOL_CHEMBL4868437_agonist/seed_42/POOL_CHEMBL4868437_agonist_seed_42_sample_1_scores.json,1151848,c82e6bb8961f19c1039d2132cf14949b4c1eead67532cd304157dd0eb28eacac
h3/out/pool120/POOL_CHEMBL4868437_agonist/seed_42/POOL_CHEMBL4868437_agonist_seed_42_sample_2_scores.json,1152149,93af15aa18827021443d01a09d22bf1a725f7667090fe99a0bed0d3c590483b9
h3/out/pool120/POOL_CHEMBL4868594_agonist/seed_42/POOL_CHEMBL4868594_agonist_seed_42_sample_1_scores.json,1132084,259a9a72272f7159b6a3fee2de31f16709f7885604b1ed00de335eac43b45b80
h3/out/pool120/POOL_CHEMBL4868594_agonist/seed_42/POOL_CHEMBL4868594_agonist_seed_42_sample_2_scores.json,1131756,8bdbf71c2a1788352e714a0f8dc6f6f4b9eebc2d797eee17ffcf5547f7ad91d9
h3/out/pool120/POOL_CHEMBL4870621_agonist/seed_42/POOL_CHEMBL4870621_agonist_seed_42_sample_1_scores.json,1113593,c535039607d8d2ffcedb070b934fcc442b0bf87256dfc8bae611f06129c678f0
h3/out/pool120/POOL_CHEMBL4870621_agonist/seed_42/POOL_CHEMBL4870621_agonist_seed_42_sample_2_scores.json,1113715,71e066ee7a446ea5944d2e6eac1253e48c19f427dafdc97cdf710f032abd252d
h3/out/pool120/POOL_CHEMBL4870796_agonist/seed_42/POOL_CHEMBL4870796_agonist_seed_42_sample_1_scores.json,1114579,97c5d64098f1b4c1efeba05046c372137fb015830402c4a430b720d12d0cb716
h3/out/pool120/POOL_CHEMBL4870796_agonist/seed_42/POOL_CHEMBL4870796_agonist_seed_42_sample_2_scores.json,1113080,7b03874035071bdbaa5275660ed320fb86d064038652c27eeaa4699ef8ddec5b
h3/out/pool120/POOL_CHEMBL4871865_agonist/seed_42/POOL_CHEMBL4871865_agonist_seed_42_sample_1_scores.json,1120855,8e8fa9b2a8beb67ac8e401345de25a0f6ab5f41889c3819386ea7d6e15f41a6b
h3/out/pool120/POOL_CHEMBL4871865_agonist/seed_42/POOL_CHEMBL4871865_agonist_seed_42_sample_2_scores.json,1119808,eb4652f985c27832dca490b843e17e20eaafb581b27a1c5e35996ee7ef037184
h3/out/pool120/POOL_CHEMBL4874284_agonist/seed_42/POOL_CHEMBL4874284_agonist_seed_42_sample_1_scores.json,1119750,b62a977206f7a17ee7e65bb14cf760547c19600d1c6c86bdfd5f7cffb3863377
h3/out/pool120/POOL_CHEMBL4874284_agonist/seed_42/POOL_CHEMBL4874284_agonist_seed_42_sample_2_scores.json,1119022,935583dc133cb59864f2aae825c83e39d7fae9c1b89bc9a090eff54c69611bc9
h3/out/pool120/POOL_CHEMBL4875075_agonist/seed_42/POOL_CHEMBL4875075_agonist_seed_42_sample_1_scores.json,1131100,bf097565b714b13e160980970f44c8e508a2bd3ead98e32281c816bb4393c6d0
h3/out/pool120/POOL_CHEMBL4875075_agonist/seed_42/POOL_CHEMBL4875075_agonist_seed_42_sample_2_scores.json,1129282,9fd24f79e09fa53457da46559b74c47a435af1da2a5df2bc7d5fbef4000fd83d
h3/out/pool120/POOL_CHEMBL4875850_agonist/seed_42/POOL_CHEMBL4875850_agonist_seed_42_sample_1_scores.json,1121958,a1c4e51431c8e745fe47f8bad97b59a0a51d05508772673bd1baf4b39c2334a1
h3/out/pool120/POOL_CHEMBL4875850_agonist/seed_42/POOL_CHEMBL4875850_agonist_seed_42_sample_2_scores.json,1121289,61dda5b4e7b32f9f5fd124155f3cace26d2416afc51cb9d6ab9b44e78ab83a0c
h3/out/pool120/POOL_CHEMBL4879322_agonist/seed_42/POOL_CHEMBL4879322_agonist_seed_42_sample_1_scores.json,1122056,54e00e34fc20438f5367a6932e98baecdec7bc8f978fbefa4b23ddf0b29c0142
h3/out/pool120/POOL_CHEMBL4879322_agonist/seed_42/POOL_CHEMBL4879322_agonist_seed_42_sample_2_scores.json,1121348,65d7dd7ee6a816a4216fffa19e4880c7004e9adeb5cd823d25add5423d713369
h3/out/pool120/POOL_CHEMBL5075133_agonist/seed_42/POOL_CHEMBL5075133_agonist_seed_42_sample_1_scores.json,1103866,c6af51b39c5b6b42d7d61461c50cda863a53156a684eb1fbcfcb42230573bb19
h3/out/pool120/POOL_CHEMBL5075133_agonist/seed_42/POOL_CHEMBL5075133_agonist_seed_42_sample_2_scores.json,1102916,a5fe90da968d7f79f1e4de99491125dae955e89fd393e714c9e4c13642ced6d4
h3/out/pool120/POOL_CHEMBL5083229_agonist/seed_42/POOL_CHEMBL5083229_agonist_seed_42_sample_1_scores.json,1091205,55f2fa4ca1bda5d58e5735be816635e283f95f056ef965484917d1e329b38e11
h3/out/pool120/POOL_CHEMBL5083229_agonist/seed_42/POOL_CHEMBL5083229_agonist_seed_42_sample_2_scores.json,1090033,99f95531f08f190df8756c09a6c940d2d1f548065eedc557b4ccc980abb0775e
h3/out/pool120/POOL_CHEMBL5083464_agonist/seed_42/POOL_CHEMBL5083464_agonist_seed_42_sample_1_scores.json,1135245,ea3925faeb3761c9b3b04d19d89f6257fbc06f129a1d40d50f169b1cd93c251b
h3/out/pool120/POOL_CHEMBL5083464_agonist/seed_42/POOL_CHEMBL5083464_agonist_seed_42_sample_2_scores.json,1135482,024e031461b266b35b7b6bcb55766850d7f1469e95a5794d6425ed867f69a4d9
h3/out/pool120/POOL_CHEMBL5083860_agonist/seed_42/POOL_CHEMBL5083860_agonist_seed_42_sample_1_scores.json,1105646,883bf52767503c14444a675031dc3913d76aa50543c66cbd77dad40350b2b7cd
h3/out/pool120/POOL_CHEMBL5083860_agonist/seed_42/POOL_CHEMBL5083860_agonist_seed_42_sample_2_scores.json,1107683,f1039a4bbe6e03a76a70c1b40f68a3b4d6021dfa6493b2ece03b3ee28b38a4e0
h3/out/pool120/POOL_CHEMBL5087837_agonist/seed_42/POOL_CHEMBL5087837_agonist_seed_42_sample_1_scores.json,1134957,4b00919526b47afe2139112652e9c7bf1476c49df38e3139b51c644bda435421
h3/out/pool120/POOL_CHEMBL5087837_agonist/seed_42/POOL_CHEMBL5087837_agonist_seed_42_sample_2_scores.json,1135265,c34c6fb99b5a68fbb8a8d5c7d46197ea07f3bea885320380b69e86ef3b1afcfa
h3/out/pool120/POOL_CHEMBL5090127_agonist/seed_42/POOL_CHEMBL5090127_agonist_seed_42_sample_1_scores.json,1089771,7aafc89589b23d78808c3d3b9015f4ddde5888dedd278a04be5f820778a72c5d
h3/out/pool120/POOL_CHEMBL5090127_agonist/seed_42/POOL_CHEMBL5090127_agonist_seed_42_sample_2_scores.json,1089796,9ec3691bda4371fd0ce25b4ef472fb9d86a3716e6d55b9b0299930487cc2f9c5
h3/out/pool120/POOL_CHEMBL5091222_agonist/seed_42/POOL_CHEMBL5091222_agonist_seed_42_sample_1_scores.json,1092394,0af8c7abb3480d4cde8a19664a5d9f21bc9908873b941b47c8a95b4e3d426926
h3/out/pool120/POOL_CHEMBL5091222_agonist/seed_42/POOL_CHEMBL5091222_agonist_seed_42_sample_2_scores.json,1091743,639d53197f71756487ac54e4e5db3f8bc4c368526cd77d7883bfed9db4965a41
h3/out/pool120/POOL_CHEMBL5092600_agonist/seed_42/POOL_CHEMBL5092600_agonist_seed_42_sample_1_scores.json,1105751,4203c71a3fbd4d226d622a114205c0ebe0c2758dc93decfd6cda365e05973824
h3/out/pool120/POOL_CHEMBL5092600_agonist/seed_42/POOL_CHEMBL5092600_agonist_seed_42_sample_2_scores.json,1103318,8448d67a41eb235af2c3c8507de247b58e74d111ec8d6e4c5c1295f39d345ed4
h3/out/pool120/POOL_CHEMBL5092956_agonist/seed_42/POOL_CHEMBL5092956_agonist_seed_42_sample_1_scores.json,1092075,95e80d776fd5c9b2d258cf660034a483aae638bfff8cb087520ccd91b6283d40
h3/out/pool120/POOL_CHEMBL5092956_agonist/seed_42/POOL_CHEMBL5092956_agonist_seed_42_sample_2_scores.json,1091261,92e1c254f5bf386f768881ddc72cde7826b5b41a741c66bc481cd60c83038329
h3/out/pool120/POOL_CHEMBL5401254_agonist/seed_42/POOL_CHEMBL5401254_agonist_seed_42_sample_1_scores.json,1103749,6bab42d3f46a0ecd22a50ab7465784355efa8d44afed38c57127644c8e86ff9f
h3/out/pool120/POOL_CHEMBL5401254_agonist/seed_42/POOL_CHEMBL5401254_agonist_seed_42_sample_2_scores.json,1103530,59dcba4257b3a38febb50af5e566b531b4c2759b0b61309c259a824048f7e5d4
h3/out/pool120/POOL_CHEMBL5401542_agonist/seed_42/POOL_CHEMBL5401542_agonist_seed_42_sample_1_scores.json,1100304,cb72fa6b97956d7233cdc7a5792fbf088312841ce7bd9941fe872d56da04f4e2
h3/out/pool120/POOL_CHEMBL5401542_agonist/seed_42/POOL_CHEMBL5401542_agonist_seed_42_sample_2_scores.json,1099529,2da72e46cd11681f18c8150525c1a067b6d4971871ac9f56171dbe6700dbc8a9
h3/out/pool120/POOL_CHEMBL5408607_agonist/seed_42/POOL_CHEMBL5408607_agonist_seed_42_sample_1_scores.json,1119351,774ed22284963a5f50d25c65f0691c5fc442d27879b1636b3ff72977f35c944a
h3/out/pool120/POOL_CHEMBL5408607_agonist/seed_42/POOL_CHEMBL5408607_agonist_seed_42_sample_2_scores.json,1119267,518d2cd60961baeb813f4e7b8c3b84e94bf20254413166db48c4b69988de7933
h3/out/pool120/POOL_CHEMBL5409745_antagonist/seed_42/POOL_CHEMBL5409745_antagonist_seed_42_sample_1_scores.json,1064633,5ab387bf0d4a22ee5592cb3717f9f8de06826fc855f96a5bb782dee578ea6ec7
h3/out/pool120/POOL_CHEMBL5409745_antagonist/seed_42/POOL_CHEMBL5409745_antagonist_seed_42_sample_2_scores.json,1064710,c09baca704c9055af03642b44ff3df5ceca1ad70544f4f558cba3b25d4a51396
h3/out/pool120/POOL_CHEMBL5410038_agonist/seed_42/POOL_CHEMBL5410038_agonist_seed_42_sample_1_scores.json,1097843,d3e2ecf8bef15c88686666f19d126a8332b7c1ca64719b36cd8f508912c869d5
h3/out/pool120/POOL_CHEMBL5410038_agonist/seed_42/POOL_CHEMBL5410038_agonist_seed_42_sample_2_scores.json,1096571,8002e3fc1d64bdf8c0136efbaacee45db4dd476bba153a7398d04a4ae85832ff
h3/out/pool120/POOL_CHEMBL5413139_agonist/seed_42/POOL_CHEMBL5413139_agonist_seed_42_sample_1_scores.json,1119159,1802e870381848ee2e8976f38ce1870794f57cc9cbc695c25f131c57b8c22697
h3/out/pool120/POOL_CHEMBL5413139_agonist/seed_42/POOL_CHEMBL5413139_agonist_seed_42_sample_2_scores.json,1119076,ec4e4a9cae5b9e5161dda81fccd247bae5f33d17b040bfc5a50b8a01a34e6087
h3/out/pool120/POOL_CHEMBL5418139_antagonist/seed_42/POOL_CHEMBL5418139_antagonist_seed_42_sample_1_scores.json,1075564,350a50704acdfe667eb267fff2460d9b3426e2172ad0d64bb5fa553840807a28
h3/out/pool120/POOL_CHEMBL5418139_antagonist/seed_42/POOL_CHEMBL5418139_antagonist_seed_42_sample_2_scores.json,1075008,beec58919591731426b0d938163681225e04e89080329b0f9ebdf982f6445553
h3/out/pool120/POOL_CHEMBL5420330_agonist/seed_42/POOL_CHEMBL5420330_agonist_seed_42_sample_1_scores.json,1101027,297e9c124c7c143c3d8f743b380589ad86c2a03b438975a00c31cb4e04cd79ec
h3/out/pool120/POOL_CHEMBL5420330_agonist/seed_42/POOL_CHEMBL5420330_agonist_seed_42_sample_2_scores.json,1100316,b840dcf7335307c06e5fe634ebbe1bbdd300cd9879583baeeee8e4e855960756
h3/out/pool120/POOL_CHEMBL5424936_antagonist/seed_42/POOL_CHEMBL5424936_antagonist_seed_42_sample_1_scores.json,1073481,83a266658e1a4cc2902418dad186234358b7710bde478370a2975fedfc6c52fd
h3/out/pool120/POOL_CHEMBL5424936_antagonist/seed_42/POOL_CHEMBL5424936_antagonist_seed_42_sample_2_scores.json,1072573,c306c6a9e2d286698451f95486a31603783a4708113c126488742fa5adcb86a7
h3/out/pool120/POOL_CHEMBL5425541_agonist/seed_42/POOL_CHEMBL5425541_agonist_seed_42_sample_1_scores.json,1099478,083acc3f8752b74e279ee094b39aaa2601168c17eb1a4666e7a0937264696f1e
h3/out/pool120/POOL_CHEMBL5425541_agonist/seed_42/POOL_CHEMBL5425541_agonist_seed_42_sample_2_scores.json,1098414,560281bb377c9ef681fb50a5192a3989368b3184792b29390b7182a205561a9f
h3/out/pool120/POOL_CHEMBL5431510_agonist/seed_42/POOL_CHEMBL5431510_agonist_seed_42_sample_1_scores.json,1108362,134e055124c3e567e8be0a7c6f71dc9d5c16639711e06284cadf8604e8020df8
h3/out/pool120/POOL_CHEMBL5431510_agonist/seed_42/POOL_CHEMBL5431510_agonist_seed_42_sample_2_scores.json,1108380,ebeb33d1415f681ac4179c7d8a5c22ed2aaf2ba70c279f4bd7b314437b6ed2d0
h3/out/pool120/POOL_CHEMBL5433435_antagonist/seed_42/POOL_CHEMBL5433435_antagonist_seed_42_sample_1_scores.json,1053226,23b80a41168ac84f301b445c042157f3a2b9b228049898c63422f949a234ecfe
h3/out/pool120/POOL_CHEMBL5433435_antagonist/seed_42/POOL_CHEMBL5433435_antagonist_seed_42_sample_2_scores.json,1052350,e9325a2313f0dc29c48d3df9efa8e578eb5b038af5afa5e99439441b4290db22
h3/out/pool120/POOL_CHEMBL5434833_agonist/seed_42/POOL_CHEMBL5434833_agonist_seed_42_sample_1_scores.json,1111296,b00af701cbf4bd0ec18406b96db9d69a1cd5ebf010770b35e30d8895e35f2181
h3/out/pool120/POOL_CHEMBL5434833_agonist/seed_42/POOL_CHEMBL5434833_agonist_seed_42_sample_2_scores.json,1111137,3210d474f60ce10d89d5479f8b9021b585d95eb26bedee37f8ee0be2fa4cf67d
h3/out/pool120/POOL_CHEMBL5436004_agonist/seed_42/POOL_CHEMBL5436004_agonist_seed_42_sample_1_scores.json,1111312,f4a507f47ae92f09dc1c5a8f0fea8acc14ce2f715eb4a4928d75ccd3bd14e39d
h3/out/pool120/POOL_CHEMBL5436004_agonist/seed_42/POOL_CHEMBL5436004_agonist_seed_42_sample_2_scores.json,1110916,aa7b2fc7cb732d4216e5c4f2adc73aae845a44b706f4ddf7751b6c7a052bd2d3
h3/out/pool120/POOL_CHEMBL5438268_antagonist/seed_42/POOL_CHEMBL5438268_antagonist_seed_42_sample_1_scores.json,1067289,d6313b59de59d2794f4ac921c9baff5711065971097052fea4ae12b2ca1c3db4
h3/out/pool120/POOL_CHEMBL5438268_antagonist/seed_42/POOL_CHEMBL5438268_antagonist_seed_42_sample_2_scores.json,1067497,4e09bc6df0eb741f7a0c4c9c40a1743a613c9d007f02fa597ee4a1b7c5e11827
h3/out/pool120/POOL_CHEMBL5740366_antagonist/seed_42/POOL_CHEMBL5740366_antagonist_seed_42_sample_1_scores.json,1185189,df104b19e913c0169d36f0b15265c0c71a2a3d050faeb3fc35d96b0a06808441
h3/out/pool120/POOL_CHEMBL5740366_antagonist/seed_42/POOL_CHEMBL5740366_antagonist_seed_42_sample_2_scores.json,1184865,8ee81449d6b110b1008d085f17d3ec02d1aa6da6f1034abdbd7985e159cde7fe
h3/out/pool120/POOL_CHEMBL5740855_antagonist/seed_42/POOL_CHEMBL5740855_antagonist_seed_42_sample_1_scores.json,1185831,111b841283fd03631751d8da11519cdb75d62deb48c4d324b59f6b13e1f2d431
h3/out/pool120/POOL_CHEMBL5740855_antagonist/seed_42/POOL_CHEMBL5740855_antagonist_seed_42_sample_2_scores.json,1185620,efbefe8c483643f860bddf6d734127be3618d2867230e43aef12ab3b1e0eea70
h3/out/pool120/POOL_CHEMBL5741244_agonist/seed_42/POOL_CHEMBL5741244_agonist_seed_42_sample_1_scores.json,1065364,a64b85cfd9822305b89470a95012f3247c97a0fcd45a0095d7737a7050822349
h3/out/pool120/POOL_CHEMBL5741244_agonist/seed_42/POOL_CHEMBL5741244_agonist_seed_42_sample_2_scores.json,1065820,83ed75edc0364ea8e8a28fb59dd4818145c42a1fc526f144569ed23bb917d166
h3/out/pool120/POOL_CHEMBL5742173_antagonist/seed_42/POOL_CHEMBL5742173_antagonist_seed_42_sample_1_scores.json,1192946,bac127a12a209bb46e0b53196f924a2c0ed23806527d4aae580e3296c3a0428e
h3/out/pool120/POOL_CHEMBL5742173_antagonist/seed_42/POOL_CHEMBL5742173_antagonist_seed_42_sample_2_scores.json,1192826,410c4b6bb652e273a2401848491bf19af978d852abd6a73b326965741b8ed752
h3/out/pool120/POOL_CHEMBL5755790_antagonist/seed_42/POOL_CHEMBL5755790_antagonist_seed_42_sample_1_scores.json,1168387,3ceee3db5ecca45fef4134b2e1ebd78486f6ca4af9c094d11d880f1650ab8a1c
h3/out/pool120/POOL_CHEMBL5755790_antagonist/seed_42/POOL_CHEMBL5755790_antagonist_seed_42_sample_2_scores.json,1168972,61419601bf2a8ba729bb68a046a56cf506b99dfeebc633b256f27f8e4fb08e33
h3/out/pool120/POOL_CHEMBL5757163_antagonist/seed_42/POOL_CHEMBL5757163_antagonist_seed_42_sample_1_scores.json,1185061,7e1a39dfd18991c6ecd4d22f91b7dbda67f1a4aadc3e61b45c9bd739e301f734
h3/out/pool120/POOL_CHEMBL5757163_antagonist/seed_42/POOL_CHEMBL5757163_antagonist_seed_42_sample_2_scores.json,1185447,b866bfc8e03bbac091517046e150cf29aef62532e4c2c20952bd1b81b6a0a6ac
h3/out/pool120/POOL_CHEMBL5786443_antagonist/seed_42/POOL_CHEMBL5786443_antagonist_seed_42_sample_1_scores.json,1177045,e468a72d437e5a67897ec9be8c925225ae8ea17e83ebaaf3269836977f932574
h3/out/pool120/POOL_CHEMBL5786443_antagonist/seed_42/POOL_CHEMBL5786443_antagonist_seed_42_sample_2_scores.json,1176996,8788e7fc245d6ab958c5f3cf3ac60cce9f4ef1a3e76ff962eb0d15d32154feb5
h3/out/pool120/POOL_CHEMBL5795554_antagonist/seed_42/POOL_CHEMBL5795554_antagonist_seed_42_sample_1_scores.json,1193087,1644dd0571b62212e364998ba1e21e3d82d316242722593aac7020a772ed1ffb
h3/out/pool120/POOL_CHEMBL5795554_antagonist/seed_42/POOL_CHEMBL5795554_antagonist_seed_42_sample_2_scores.json,1193248,f8e0562e06f5f0bd1961f2e9850b36587333eea1b721f49098b064e7423af9ab
h3/out/pool120/POOL_CHEMBL5801363_agonist/seed_42/POOL_CHEMBL5801363_agonist_seed_42_sample_1_scores.json,1106176,6ade92d2efba9806b49b601db172496549cd27e583402c7b90b65f9ae6897bc7
h3/out/pool120/POOL_CHEMBL5801363_agonist/seed_42/POOL_CHEMBL5801363_agonist_seed_42_sample_2_scores.json,1109824,53b6a4ca6a1bec4ef255a19cdd23ccc7b67b375386bfa013360ba397332fb900
h3/out/pool120/POOL_CHEMBL5817629_antagonist/seed_42/POOL_CHEMBL5817629_antagonist_seed_42_sample_1_scores.json,1200938,708affbe6985db6bd82057ee1d9ae4622ce4f9e2e02a0d308a2be82416830cf1
h3/out/pool120/POOL_CHEMBL5817629_antagonist/seed_42/POOL_CHEMBL5817629_antagonist_seed_42_sample_2_scores.json,1201159,0ea57000eec9128b97cca490b6c80e0d823f97f762b7e07ed99230ad3cb14d9d
h3/out/pool120/POOL_CHEMBL5824934_antagonist/seed_42/POOL_CHEMBL5824934_antagonist_seed_42_sample_1_scores.json,1194033,8fc9479c40e9e9c6bccb414d361cf88c27a35d9df51d232b040b539f0d0bd7da
h3/out/pool120/POOL_CHEMBL5824934_antagonist/seed_42/POOL_CHEMBL5824934_antagonist_seed_42_sample_2_scores.json,1194154,65e7cb2df381950a630afdeb3072712184f5982d1e56f9ed1fd89d98eb946f8b
h3/out/pool120/POOL_CHEMBL5827660_agonist/seed_42/POOL_CHEMBL5827660_agonist_seed_42_sample_1_scores.json,1065347,92d0c926f3a1e9a96f5620d61d4525cb138d0e87cf4b56569c7c1586fb40a3a5
h3/out/pool120/POOL_CHEMBL5827660_agonist/seed_42/POOL_CHEMBL5827660_agonist_seed_42_sample_2_scores.json,1065069,df4a04f629bbefa711d133592cc7029466a77502fb6efdaf2607ddd52c713136
h3/out/pool120/POOL_CHEMBL5830559_antagonist/seed_42/POOL_CHEMBL5830559_antagonist_seed_42_sample_1_scores.json,1185165,69cda1cdd81749258adbe0969e19c8ec310bc52890c51f3314b9ea281d157b96
h3/out/pool120/POOL_CHEMBL5830559_antagonist/seed_42/POOL_CHEMBL5830559_antagonist_seed_42_sample_2_scores.json,1185320,ddb5a8ad129ad3d2ae8c601400d0f9c349205fe8d42d5e4404eb38136560e1f6
h3/out/pool120/POOL_CHEMBL5834744_antagonist/seed_42/POOL_CHEMBL5834744_antagonist_seed_42_sample_1_scores.json,1193645,7be0032784640f55d68ce4c10c99ddc6dfc61b095499723a58a0e7bb4e9fd707
h3/out/pool120/POOL_CHEMBL5834744_antagonist/seed_42/POOL_CHEMBL5834744_antagonist_seed_42_sample_2_scores.json,1193648,6237e1dce0045d16900d36493758eadd074b7f153c320271098441d196ea9657
h3/out/pool120/POOL_CHEMBL5847061_antagonist/seed_42/POOL_CHEMBL5847061_antagonist_seed_42_sample_1_scores.json,1192481,16183b3f34e66485771cce65b22630c127fdfd67b32fe0262cb07d7eba36e842
h3/out/pool120/POOL_CHEMBL5847061_antagonist/seed_42/POOL_CHEMBL5847061_antagonist_seed_42_sample_2_scores.json,1192752,57370f3ee837f2d7119be476e9bdacd991e21d3bb3be19262b002230bf11b00f
h3/out/pool120/POOL_CHEMBL5852043_antagonist/seed_42/POOL_CHEMBL5852043_antagonist_seed_42_sample_1_scores.json,1168796,88d990ba235c4737689b88414513bad0e594d8449d0eb47cb634158b386c7db5
h3/out/pool120/POOL_CHEMBL5852043_antagonist/seed_42/POOL_CHEMBL5852043_antagonist_seed_42_sample_2_scores.json,1168718,c0e10e6ec0be38f1e1bdac3de65e9746d8a3cb97a59f3a65fc70ae5fb0655caa
h3/out/pool120/POOL_CHEMBL5859342_antagonist/seed_42/POOL_CHEMBL5859342_antagonist_seed_42_sample_1_scores.json,1096028,009c8ff47354cb33bbae70bfb07eb7da546e5e4d5dbc74f467b0a3ada9f1ba8f
h3/out/pool120/POOL_CHEMBL5859342_antagonist/seed_42/POOL_CHEMBL5859342_antagonist_seed_42_sample_2_scores.json,1096346,84bbcaae90cbe1275d3851ea12538ed57a5f648e25ffc942d8b1f0d06c8ce94b
h3/out/pool120/POOL_CHEMBL5860429_antagonist/seed_42/POOL_CHEMBL5860429_antagonist_seed_42_sample_1_scores.json,1186336,db6c3221ac8ca540d59d5b8a46216ce4dc9904c4c80a4ab6734955634db0d3e1
h3/out/pool120/POOL_CHEMBL5860429_antagonist/seed_42/POOL_CHEMBL5860429_antagonist_seed_42_sample_2_scores.json,1184935,02558dc801ceac79e5ed860d979c0b2dbf5f41aad11aad56936fa22ff3a41b34
h3/out/pool120/POOL_CHEMBL5863097_antagonist/seed_42/POOL_CHEMBL5863097_antagonist_seed_42_sample_1_scores.json,1185424,dc653a67dc17c2fcd1861603dd641dcd4b76d337622be93c09d4a3f6a6ece5eb
h3/out/pool120/POOL_CHEMBL5863097_antagonist/seed_42/POOL_CHEMBL5863097_antagonist_seed_42_sample_2_scores.json,1184938,773cf4232ec7e6475e25f4ed3e1a6ceeba0ccd295f8ab34d6a8a2182c2c412cc
h3/out/pool120/POOL_CHEMBL5864404_agonist/seed_42/POOL_CHEMBL5864404_agonist_seed_42_sample_1_scores.json,1090585,ec1fc1871683d71ab490c0cc877e7ed63030b446255f7514cabcbad572c3c35f
h3/out/pool120/POOL_CHEMBL5864404_agonist/seed_42/POOL_CHEMBL5864404_agonist_seed_42_sample_2_scores.json,1090802,7f720ee5ee97dd8022cbf5cd83e72490f8467474ec95743cfed84162dc695723
h3/out/pool120/POOL_CHEMBL5864984_agonist/seed_42/POOL_CHEMBL5864984_agonist_seed_42_sample_1_scores.json,1129343,89485f401364017bc4a94511701c62f5633b04e2f6b3e8f6152a5695564cafbb
h3/out/pool120/POOL_CHEMBL5864984_agonist/seed_42/POOL_CHEMBL5864984_agonist_seed_42_sample_2_scores.json,1129410,832a7d06ee4607f441ae5908bfd7a8d9e125db9d28736dd6d52c6421d2f138d0
h3/out/pool120/POOL_CHEMBL5867155_agonist/seed_42/POOL_CHEMBL5867155_agonist_seed_42_sample_1_scores.json,1121255,27bad9018c92f5f37285e4a400fc849346e2250303a2a83388486d4fd7cfdbfc
h3/out/pool120/POOL_CHEMBL5867155_agonist/seed_42/POOL_CHEMBL5867155_agonist_seed_42_sample_2_scores.json,1121191,1836bf1d39a72e9c7ca04bd2b400d6b6c8fe6c4253c16a777b738c0314825bc1
h3/out/pool120/POOL_CHEMBL5868879_antagonist/seed_42/POOL_CHEMBL5868879_antagonist_seed_42_sample_1_scores.json,1193765,d71b1ec2ba70b6ec455571e7047ca404f089e26653daf49f3bbf275b8cd5baa2
h3/out/pool120/POOL_CHEMBL5868879_antagonist/seed_42/POOL_CHEMBL5868879_antagonist_seed_42_sample_2_scores.json,1193188,3ff122db91805da8e630b9e9c21e005bc9d6e1b33cdadb152ce87f86fcb05f63
h3/out/pool120/POOL_CHEMBL5880629_antagonist/seed_42/POOL_CHEMBL5880629_antagonist_seed_42_sample_1_scores.json,1144627,162f64cf0551c6cd73cfe45736088c54106bdcc63bf5b4a41ac859b6006e335f
h3/out/pool120/POOL_CHEMBL5880629_antagonist/seed_42/POOL_CHEMBL5880629_antagonist_seed_42_sample_2_scores.json,1144342,774f2e55f1207b043ff930c7feed6a39933bcbbec40cd040468bc224469fa7df
h3/out/pool120/POOL_CHEMBL5900812_antagonist/seed_42/POOL_CHEMBL5900812_antagonist_seed_42_sample_1_scores.json,1193269,877f160c81165ca0d4819fc847d989090d5365d9dd22770d5ab8ca4660a33d26
h3/out/pool120/POOL_CHEMBL5900812_antagonist/seed_42/POOL_CHEMBL5900812_antagonist_seed_42_sample_2_scores.json,1193135,444637e393b9aeddb625f513c155dfaf92c119c8e60c8999c9dbf146d4634ce4
h3/out/pool120/POOL_CHEMBL5908482_antagonist/seed_42/POOL_CHEMBL5908482_antagonist_seed_42_sample_1_scores.json,1193990,d68c0c6f6916edffa9f5e0eef7c50d726e7c5155a9c711c0a97c40f2a830bd2b
h3/out/pool120/POOL_CHEMBL5908482_antagonist/seed_42/POOL_CHEMBL5908482_antagonist_seed_42_sample_2_scores.json,1193621,245a03651ab137721a7cc43d5b65d7a445c3ec85a30cbe3d7e9796f4ad964b5d
h3/out/pool120/POOL_CHEMBL5934872_antagonist/seed_42/POOL_CHEMBL5934872_antagonist_seed_42_sample_1_scores.json,1152597,cbd4a5eb95c65fb024e4234de121f85acf54a1e48d04cd355fc3bae2d90381d0
h3/out/pool120/POOL_CHEMBL5934872_antagonist/seed_42/POOL_CHEMBL5934872_antagonist_seed_42_sample_2_scores.json,1152888,342fcdf734ef81fafb1a1df65dfe040bfb1b7ccadc742729909ba88f0899bcf8
h3/out/pool120/POOL_CHEMBL5937804_antagonist/seed_42/POOL_CHEMBL5937804_antagonist_seed_42_sample_1_scores.json,1169394,be3d40058565805e0c69c243ccda6fcab1a0a4e59d170b424bb8daa9f5e100a3
h3/out/pool120/POOL_CHEMBL5937804_antagonist/seed_42/POOL_CHEMBL5937804_antagonist_seed_42_sample_2_scores.json,1168674,22922480b984d0dcdbbc3abd59ef1e5468847bbadb7cd8edbaee4d9991183f98
h3/out/pool120/POOL_CHEMBL5939878_antagonist/seed_42/POOL_CHEMBL5939878_antagonist_seed_42_sample_1_scores.json,1185562,6805da16383052b3aecfb9152bd20b6a3eb98dd7b8fa7fe26b6b6bf7d7dd8561
h3/out/pool120/POOL_CHEMBL5939878_antagonist/seed_42/POOL_CHEMBL5939878_antagonist_seed_42_sample_2_scores.json,1185254,f5b55b0ddb82e5f6231e8fe5f318efddc254521f4853d57803c1313f943b86ba
h3/out/pool120/POOL_CHEMBL5943552_antagonist/seed_42/POOL_CHEMBL5943552_antagonist_seed_42_sample_1_scores.json,1193858,d607376185398d6187cc37280c5807f9b6a6c0ef4c85cb43560a3f2e402956ba
h3/out/pool120/POOL_CHEMBL5943552_antagonist/seed_42/POOL_CHEMBL5943552_antagonist_seed_42_sample_2_scores.json,1193395,19f1750bc752c62687df6423b1ca97b9ffc560a0b1b057a1e07f82dbbd9441de
h3/out/pool120/POOL_CHEMBL5949130_antagonist/seed_42/POOL_CHEMBL5949130_antagonist_seed_42_sample_1_scores.json,1136464,01016a3da7d2059bc87f76f252a472694c216a3d4b193b1c84416e8d8c9f034a
h3/out/pool120/POOL_CHEMBL5949130_antagonist/seed_42/POOL_CHEMBL5949130_antagonist_seed_42_sample_2_scores.json,1136364,bd56361d604002dec89fe48166eb4b602b87f0d7bde70654410b8b329b695bac
h3/out/pool120/POOL_CHEMBL5964745_antagonist/seed_42/POOL_CHEMBL5964745_antagonist_seed_42_sample_1_scores.json,1185249,43fbcbfaf524b19e1369503b8d37a73e52d7821407e89849dcc4797bfea87c28
h3/out/pool120/POOL_CHEMBL5964745_antagonist/seed_42/POOL_CHEMBL5964745_antagonist_seed_42_sample_2_scores.json,1184762,a4f02b063d11d0398b1df503f8024276034cc71ba8e998e83c11c04fa5d84adc
h3/out/pool120/POOL_CHEMBL5973554_antagonist/seed_42/POOL_CHEMBL5973554_antagonist_seed_42_sample_1_scores.json,1160878,a040b904262dadd78bf18a7dffa16a90381108cb41e3b51caaf0a6b35a595656
h3/out/pool120/POOL_CHEMBL5973554_antagonist/seed_42/POOL_CHEMBL5973554_antagonist_seed_42_sample_2_scores.json,1160193,450f6e8262b1b1ac63485e5f31dd3961cfe53b677a8a9ca79d946c0a9439f94f
h3/out/pool120/POOL_CHEMBL5977227_antagonist/seed_42/POOL_CHEMBL5977227_antagonist_seed_42_sample_1_scores.json,1193479,846d7e2c583aae393e9c736724f581cab74fabec5186987b163289670d865adf
h3/out/pool120/POOL_CHEMBL5977227_antagonist/seed_42/POOL_CHEMBL5977227_antagonist_seed_42_sample_2_scores.json,1193343,af92034981ebeb02feba8f4f1df9e0b94dec6cc3dc6a9a1a6a51b012e3b88d08
h3/out/pool120/POOL_CHEMBL5978464_antagonist/seed_42/POOL_CHEMBL5978464_antagonist_seed_42_sample_1_scores.json,1182122,1b9fd614d2b4570cc121d10f6502492c8c9c68cc5d2d17ba0568054280d5ccdb
h3/out/pool120/POOL_CHEMBL5978464_antagonist/seed_42/POOL_CHEMBL5978464_antagonist_seed_42_sample_2_scores.json,1178685,adb7d8eef65853ef1dc391e1b7b115e99f1d01e80fa5a4e310d4b558f93e7b5c
h3/out/pool120/POOL_CHEMBL5984243_antagonist/seed_42/POOL_CHEMBL5984243_antagonist_seed_42_sample_1_scores.json,1185628,abc3f5af2c9d181f11f1112c63ff5eaf68db17dd625d1922e6b098a5196d0a2e
h3/out/pool120/POOL_CHEMBL5984243_antagonist/seed_42/POOL_CHEMBL5984243_antagonist_seed_42_sample_2_scores.json,1185415,a84d3f938977e32f304263df212b0166574f6ba697eccea199c7856f68a0e5a3
h3/out/pool120/POOL_CHEMBL5996220_antagonist/seed_42/POOL_CHEMBL5996220_antagonist_seed_42_sample_1_scores.json,1177671,ae3a95c33688b00b030abc5d9f50321dd5c79d6389f1aa410c16266bd536bdee
h3/out/pool120/POOL_CHEMBL5996220_antagonist/seed_42/POOL_CHEMBL5996220_antagonist_seed_42_sample_2_scores.json,1177126,06afbb6eb5761a3137982b3a0c38617baf0abfa1fcec0212f64082bfb9321910
h3/out/pool120/POOL_CHEMBL5997076_antagonist/seed_42/POOL_CHEMBL5997076_antagonist_seed_42_sample_1_scores.json,1104128,2da178f618eed180cbf32652b54e89f6d734ef22196b6484d1a89586d4d0adec
h3/out/pool120/POOL_CHEMBL5997076_antagonist/seed_42/POOL_CHEMBL5997076_antagonist_seed_42_sample_2_scores.json,1103911,2434d508dd2a012915d5545aa528f1848da0e98cce759d2c0f4995761cd6be9b
h3/out/pool120/POOL_CHEMBL6004596_antagonist/seed_42/POOL_CHEMBL6004596_antagonist_seed_42_sample_1_scores.json,1143922,3e91c172e78396a34dc12dec368aeac0d07d9703dbbf1a67216e487557374e08
h3/out/pool120/POOL_CHEMBL6004596_antagonist/seed_42/POOL_CHEMBL6004596_antagonist_seed_42_sample_2_scores.json,1144276,1b9d26bbdd15ecaf8054802bff9ebffdf6f59211e0b09d306fcdeddc4edc69bb
h3/out/pool120/POOL_CHEMBL6021812_antagonist/seed_42/POOL_CHEMBL6021812_antagonist_seed_42_sample_1_scores.json,1185157,c20d7ebc7666eeaf3385735180f3049af2d176a13114db894894659e26a5fbc7
h3/out/pool120/POOL_CHEMBL6021812_antagonist/seed_42/POOL_CHEMBL6021812_antagonist_seed_42_sample_2_scores.json,1185186,63a323e9b996601eea61cda81ba99ac4ea2e9c5caae31f281af48afefaad7426
h3/out/pool120/POOL_CHEMBL6032768_antagonist/seed_42/POOL_CHEMBL6032768_antagonist_seed_42_sample_1_scores.json,1201404,ff614ef1e64e7d9bd95adafba36e119227e15f4ec2dfa77bf984b26b9de691e6
h3/out/pool120/POOL_CHEMBL6032768_antagonist/seed_42/POOL_CHEMBL6032768_antagonist_seed_42_sample_2_scores.json,1200511,58439a03273ca77fbd61fa862d7b230f775a255c3e8b4be4f08e424e069c74d8
h3/out/pool120/POOL_CHEMBL6034196_antagonist/seed_42/POOL_CHEMBL6034196_antagonist_seed_42_sample_1_scores.json,1177136,d26905be3886eafc6112c27bf238daeea58d24a257efbc066c2ddeff79e5a16a
h3/out/pool120/POOL_CHEMBL6034196_antagonist/seed_42/POOL_CHEMBL6034196_antagonist_seed_42_sample_2_scores.json,1176604,3e3d2e0f9d0ccbd8473386e99fc4357a52c69916b7d20a0828493d6d087891e7
h3/out/pool120/POOL_CHEMBL6046710_antagonist/seed_42/POOL_CHEMBL6046710_antagonist_seed_42_sample_1_scores.json,1193803,db9cac6883a374f7e92d03702752a425ee08afbc6c0e709b8dcaa4de6ac5adf1
h3/out/pool120/POOL_CHEMBL6046710_antagonist/seed_42/POOL_CHEMBL6046710_antagonist_seed_42_sample_2_scores.json,1193502,bec42cd47fe1b1602f858a236cb6fcbf4f3dcb65babea38dae971a92f14b4750
h3/out/pool120/POOL_CHEMBL6057772_antagonist/seed_42/POOL_CHEMBL6057772_antagonist_seed_42_sample_1_scores.json,1185340,ab5b0dd864dfb435dd49bc04aec0bde308ae625881483228eaf5a5d695e31284
h3/out/pool120/POOL_CHEMBL6057772_antagonist/seed_42/POOL_CHEMBL6057772_antagonist_seed_42_sample_2_scores.json,1185110,58c1d96929c256fd806a8c361316ebe6ebe0f2cf88d803679e732817a3d60eea
h3/out/pool120/POOL_CHEMBL6062185_antagonist/seed_42/POOL_CHEMBL6062185_antagonist_seed_42_sample_1_scores.json,1177610,8dc3db27ea4231af682a51950d2240aa3e2b886697d00d89e9227496a18ec333
h3/out/pool120/POOL_CHEMBL6062185_antagonist/seed_42/POOL_CHEMBL6062185_antagonist_seed_42_sample_2_scores.json,1177435,1eaaeb914b65fa00ca31366c07d55fec0cc66123bd08df6b56aaf5928b2adb50
h3/out/pool120/POOL_CHEMBL6065414_antagonist/seed_42/POOL_CHEMBL6065414_antagonist_seed_42_sample_1_scores.json,1192851,e2f963d984dacf7b14039396f1f42b31b92bc257ab38f785d4d1f049963cb071
h3/out/pool120/POOL_CHEMBL6065414_antagonist/seed_42/POOL_CHEMBL6065414_antagonist_seed_42_sample_2_scores.json,1193314,f371d46c00121a46b5262634b186f268e03dd29f0c8046482757161cd38017d3
h3/out/rand150/RAND_CHEMBL3218918_agonist/seed_42/RAND_CHEMBL3218918_agonist_seed_42_sample_1_scores.json,998601,1715a0035de5a43fcc53e04a706ad569ea844893826684d3a4e8de643d6a07f4
h3/out/rand150/RAND_CHEMBL3218918_agonist/seed_42/RAND_CHEMBL3218918_agonist_seed_42_sample_2_scores.json,1002195,233ae6f9547569b956a02522397d3dfcbd9f3cb8d97ed04d6d80ae2ff752a289
h3/out/rand150/RAND_CHEMBL3218918_agonist/seed_42/RAND_CHEMBL3218918_agonist_seed_42_sample_3_scores.json,996412,29d4f4a0bc3adaf49739020caf9cc143876f00f29fc638c892a0e1632a8d222f
h3/out/rand150/RAND_CHEMBL3218918_agonist/seed_42/RAND_CHEMBL3218918_agonist_seed_42_sample_4_scores.json,997527,1acfdeebcd651542dbaa72784dab8c696a05cc2b121f44610babb3bd4e09bb75
h3/out/rand150/RAND_CHEMBL3218918_agonist/seed_42/RAND_CHEMBL3218918_agonist_seed_42_sample_5_scores.json,997588,3733886ee071d5266d032139037b0faf021db3fb3919b3015529e538252e5fbd
h3/out/rand150/RAND_CHEMBL3218919_agonist/seed_42/RAND_CHEMBL3218919_agonist_seed_42_sample_1_scores.json,991117,2da93d3dcb56435819f6583730db427a269191853592c0e9f3e97f28b08b0310
h3/out/rand150/RAND_CHEMBL3218919_agonist/seed_42/RAND_CHEMBL3218919_agonist_seed_42_sample_2_scores.json,990017,baed7011c5c91b276bb9c703c96ea4ccc85884fdffff3c9448bc5deae0c22d6a
h3/out/rand150/RAND_CHEMBL3218919_agonist/seed_42/RAND_CHEMBL3218919_agonist_seed_42_sample_3_scores.json,990912,e83e20ec41aea9c3a1416f4757ad53211a2dabf83ec206ffa831402ebb6085f0
h3/out/rand150/RAND_CHEMBL3218919_agonist/seed_42/RAND_CHEMBL3218919_agonist_seed_42_sample_4_scores.json,991932,4afccd8cab85f5384a9016397b76a80973c8c7bb89f1e4f51b096ba4ee172e7d
h3/out/rand150/RAND_CHEMBL3218919_agonist/seed_42/RAND_CHEMBL3218919_agonist_seed_42_sample_5_scores.json,990790,1bab6896ff18eb9980db8918b2dd130937e188bc19a8c93c200153242235e2c9
h3/out/rand150/RAND_CHEMBL3234252_antagonist/seed_42/RAND_CHEMBL3234252_antagonist_seed_42_sample_1_scores.json,1053844,40a5b5e7ba8acde47508d502c87edff1f4c9b43e000b9ffa643671685c21df05
h3/out/rand150/RAND_CHEMBL3234252_antagonist/seed_42/RAND_CHEMBL3234252_antagonist_seed_42_sample_2_scores.json,1053193,564dc7cfb4ec08d7c02a5d5c85ad71d77b9e0003127d8afe9432f2f26eb6aa8a
h3/out/rand150/RAND_CHEMBL3234252_antagonist/seed_42/RAND_CHEMBL3234252_antagonist_seed_42_sample_3_scores.json,1053361,759d6f7c50a9e71ebb57450be1fae7f68196c7c9b3af9100d38ffda63ee52ecf
h3/out/rand150/RAND_CHEMBL3234252_antagonist/seed_42/RAND_CHEMBL3234252_antagonist_seed_42_sample_4_scores.json,1053997,64487413474990b8818c85b87380d889a53f72c0211e98028ff60543e11dda0b
h3/out/rand150/RAND_CHEMBL3234252_antagonist/seed_42/RAND_CHEMBL3234252_antagonist_seed_42_sample_5_scores.json,1053969,40fc24b7529c0f06ec1e2080617905f1670523b2d85eb499171b8f00806f71b7
h3/out/rand150/RAND_CHEMBL3313998_agonist/seed_42/RAND_CHEMBL3313998_agonist_seed_42_sample_1_scores.json,1131518,3c3bbc302e758d667bae882f682fc09688c0169103412b44fe5150a3dd998dea
h3/out/rand150/RAND_CHEMBL3313998_agonist/seed_42/RAND_CHEMBL3313998_agonist_seed_42_sample_2_scores.json,1136266,5adb0881fff7ae71b0e8304acb836c749b7033930436e9b3f9172f57e0d0a684
h3/out/rand150/RAND_CHEMBL3313998_agonist/seed_42/RAND_CHEMBL3313998_agonist_seed_42_sample_3_scores.json,1137056,66022a51acdc876ff9ab19bc321bbd691722e154e8150f3bd9cdf1e29af0ba50
h3/out/rand150/RAND_CHEMBL3313998_agonist/seed_42/RAND_CHEMBL3313998_agonist_seed_42_sample_4_scores.json,1136515,e2f0820d754b15034b1b0625bffcfc684526ecdd3360abfd18a0b4fd17f9debf
h3/out/rand150/RAND_CHEMBL3313998_agonist/seed_42/RAND_CHEMBL3313998_agonist_seed_42_sample_5_scores.json,1135555,0c58d88ff2a9afce53edd98c2c76729cdb86634bcdeb2c59015bb1511915ffc2
h3/out/rand150/RAND_CHEMBL3317824_antagonist/seed_42/RAND_CHEMBL3317824_antagonist_seed_42_sample_1_scores.json,1091996,e3665f4bedb0206b247483b78d4e504d7c2218d7e1d67c8f8015df5a2e40c86d
h3/out/rand150/RAND_CHEMBL3317824_antagonist/seed_42/RAND_CHEMBL3317824_antagonist_seed_42_sample_2_scores.json,1091223,d1c31df0f726ae2700352461b92f5776586f41934c87876f722c20788e7bf092
h3/out/rand150/RAND_CHEMBL3317824_antagonist/seed_42/RAND_CHEMBL3317824_antagonist_seed_42_sample_3_scores.json,1092366,eac35e852d3d20047fdd910c94f645750dec4e272db85c364001ddc7197362fe
h3/out/rand150/RAND_CHEMBL3317824_antagonist/seed_42/RAND_CHEMBL3317824_antagonist_seed_42_sample_4_scores.json,1090171,8c9adcd9c3ec9998822517a16de5b7480ff6231650b71b0574c918014f4d215b
h3/out/rand150/RAND_CHEMBL3317824_antagonist/seed_42/RAND_CHEMBL3317824_antagonist_seed_42_sample_5_scores.json,1092347,cf5aa2eeb3893c1dbf13452990bda5894f2a806bdd6b30d795f753d7fce3e739
h3/out/rand150/RAND_CHEMBL3317837_antagonist/seed_42/RAND_CHEMBL3317837_antagonist_seed_42_sample_1_scores.json,1075098,5f631c5bd67477fdb07cdc1f814b9ed763e80c37c2e3dca3294644e465efb92f
h3/out/rand150/RAND_CHEMBL3317837_antagonist/seed_42/RAND_CHEMBL3317837_antagonist_seed_42_sample_2_scores.json,1077245,2ac18c7ef6e8a60b95efe1daf0789e32a013ae8ec99c5168bfaf4f173be91b60
h3/out/rand150/RAND_CHEMBL3317837_antagonist/seed_42/RAND_CHEMBL3317837_antagonist_seed_42_sample_3_scores.json,1077921,7dfd874107ed5f14dc1a41322049f7804f7cc0623d98b9e23a4e6d6b76585040
h3/out/rand150/RAND_CHEMBL3317837_antagonist/seed_42/RAND_CHEMBL3317837_antagonist_seed_42_sample_4_scores.json,1077738,322c63dd549338f156142f9c26bcb5c4a90a6117e4391dc848f6daab1d4fd0ad
h3/out/rand150/RAND_CHEMBL3317837_antagonist/seed_42/RAND_CHEMBL3317837_antagonist_seed_42_sample_5_scores.json,1078139,94c89e80af756fa768ea84f2f7be717bfd594405dfee28a7d8c62ed70041e139
h3/out/rand150/RAND_CHEMBL3361027_antagonist/seed_42/RAND_CHEMBL3361027_antagonist_seed_42_sample_1_scores.json,1084695,f853833d0167a0424f450bdd72347ca66a9c312e1d13c26490857cad9ebf0f5e
h3/out/rand150/RAND_CHEMBL3361027_antagonist/seed_42/RAND_CHEMBL3361027_antagonist_seed_42_sample_2_scores.json,1084370,afb6f9363e377adc3df7632d1a677d2c6a9f992733ad3d660a6f7f0b96ed1f60
h3/out/rand150/RAND_CHEMBL3361027_antagonist/seed_42/RAND_CHEMBL3361027_antagonist_seed_42_sample_3_scores.json,1084443,e670887d75310ae1fb0df02a9bb3c24f6ded478f14c0519558ee6e004b64d5fe
h3/out/rand150/RAND_CHEMBL3361027_antagonist/seed_42/RAND_CHEMBL3361027_antagonist_seed_42_sample_4_scores.json,1084379,d09e5b3b161bdd6dff0979c365b0139cacc6c731da6bab5e5646dc2aca59c26b
h3/out/rand150/RAND_CHEMBL3361027_antagonist/seed_42/RAND_CHEMBL3361027_antagonist_seed_42_sample_5_scores.json,1085269,65d4307fc36e238aace3039daf422e71602c72151511b18c5c69f50c533fbaf9
h3/out/rand150/RAND_CHEMBL3581540_agonist/seed_42/RAND_CHEMBL3581540_agonist_seed_42_sample_1_scores.json,1084267,437ceb9482262aeed1668226296c7f159ca282c2daf1586bd416642b4afe54df
h3/out/rand150/RAND_CHEMBL3581540_agonist/seed_42/RAND_CHEMBL3581540_agonist_seed_42_sample_2_scores.json,1083985,e5e1055bced6f43013777579416334c04b8d100d0ad66cd91b5d689ead1fa707
h3/out/rand150/RAND_CHEMBL3581540_agonist/seed_42/RAND_CHEMBL3581540_agonist_seed_42_sample_3_scores.json,1084547,67ff9cf9a682fe037b61574200ae667c31623686c864597b3e278d4ab57a1050
h3/out/rand150/RAND_CHEMBL3581540_agonist/seed_42/RAND_CHEMBL3581540_agonist_seed_42_sample_4_scores.json,1083447,6c263c2ec3ba2f74048251beaaa0798641296b5f5f7ac73aed47441af5d19802
h3/out/rand150/RAND_CHEMBL3581540_agonist/seed_42/RAND_CHEMBL3581540_agonist_seed_42_sample_5_scores.json,1084901,7491c93df0d6dbd18371d96efad930c2e2e604645bea9d4dd489eeeaa1966bd4
h3/out/rand150/RAND_CHEMBL3581546_agonist/seed_42/RAND_CHEMBL3581546_agonist_seed_42_sample_1_scores.json,1088958,acdeb83384b9ea0b9751012eed08c447d5cce62c516e67c6133ebe5920982f25
h3/out/rand150/RAND_CHEMBL3581546_agonist/seed_42/RAND_CHEMBL3581546_agonist_seed_42_sample_2_scores.json,1088698,1a0e9ceb2dcaaef998c828bb80e9805fc3a48ed56c814f07565cc96d1eafc837
h3/out/rand150/RAND_CHEMBL3581546_agonist/seed_42/RAND_CHEMBL3581546_agonist_seed_42_sample_3_scores.json,1088835,738d735b17bc53d12b278fcfc0051c95f8707368238beb3a645a54a9caa62ecb
h3/out/rand150/RAND_CHEMBL3581546_agonist/seed_42/RAND_CHEMBL3581546_agonist_seed_42_sample_4_scores.json,1088542,26c6d72fd1006c3774020ec97a9c1692d794c899d8f5b409a9c27536a3eb3b62
h3/out/rand150/RAND_CHEMBL3581546_agonist/seed_42/RAND_CHEMBL3581546_agonist_seed_42_sample_5_scores.json,1088357,3a0eb134b9d0d1eb224f6cce8a2abcf15d4caab03cfb69e0540b7ce6eb240099
h3/out/rand150/RAND_CHEMBL3596270_antagonist/seed_42/RAND_CHEMBL3596270_antagonist_seed_42_sample_1_scores.json,1080752,5f8618b8fbba909ea7b8ed12c4094d46e3995b2dafb641acf8b1bc4a38a408e3
h3/out/rand150/RAND_CHEMBL3596270_antagonist/seed_42/RAND_CHEMBL3596270_antagonist_seed_42_sample_2_scores.json,1080555,7fa3ca86ebe6b4d9f0d1168ddafce7a4f6b73f16e4339713ac299fbbf14b445c
h3/out/rand150/RAND_CHEMBL3596270_antagonist/seed_42/RAND_CHEMBL3596270_antagonist_seed_42_sample_3_scores.json,1080558,1b60222fa2c8df9b02bd69d7dcc3e2b4fc5ea395bb0b026cd026d1b6dcf0f344
h3/out/rand150/RAND_CHEMBL3596270_antagonist/seed_42/RAND_CHEMBL3596270_antagonist_seed_42_sample_4_scores.json,1080836,ac4ea4ecaf1c2ae21ff9d94b4ba82a84780d0370d2d239ebd5885659cae7f426
h3/out/rand150/RAND_CHEMBL3596270_antagonist/seed_42/RAND_CHEMBL3596270_antagonist_seed_42_sample_5_scores.json,1080574,210b0bf6efc7d585ca5ef68107fd8b0066b2918a4702cabc4d6b872223e3268a
h3/out/rand150/RAND_CHEMBL3598076_antagonist/seed_42/RAND_CHEMBL3598076_antagonist_seed_42_sample_1_scores.json,1113533,38749a3c5507eb39a3ff815c0268aa6b8f8a4090116507ef2c0b890c0e81ee29
h3/out/rand150/RAND_CHEMBL3598076_antagonist/seed_42/RAND_CHEMBL3598076_antagonist_seed_42_sample_2_scores.json,1113871,602b996aec2e483f827390ccfcd10fa4689a22baf5ff9af8f49dc8c75c751fd1
h3/out/rand150/RAND_CHEMBL3598076_antagonist/seed_42/RAND_CHEMBL3598076_antagonist_seed_42_sample_3_scores.json,1113820,56b642d0aab91e907d507f570b15a978266f6b3c13db5eac0fe0caf898eb6c6c
h3/out/rand150/RAND_CHEMBL3598076_antagonist/seed_42/RAND_CHEMBL3598076_antagonist_seed_42_sample_4_scores.json,1113185,63273e126b9f1daab39132555d387acb943a38a3a915f38eab8cd1cabc0b3297
h3/out/rand150/RAND_CHEMBL3598076_antagonist/seed_42/RAND_CHEMBL3598076_antagonist_seed_42_sample_5_scores.json,1114071,344ed8d24e0649269f566f88a3d8e8f4028303b6e5feec127e8e862c2c1bfa9a
h3/out/rand150/RAND_CHEMBL3609385_agonist/seed_42/RAND_CHEMBL3609385_agonist_seed_42_sample_1_scores.json,1053316,73fb3db57ad0b62f96e90a86275c000fd89b29d17b8b9c723abf5994477e2113
h3/out/rand150/RAND_CHEMBL3609385_agonist/seed_42/RAND_CHEMBL3609385_agonist_seed_42_sample_2_scores.json,1054604,734ee2ce6dc6dffddcda7c70f2fa74bf022bcd90bce28d3e93a6522c9595831e
h3/out/rand150/RAND_CHEMBL3609385_agonist/seed_42/RAND_CHEMBL3609385_agonist_seed_42_sample_3_scores.json,1054883,22119a7ce6dfa331482ea4714985345a4aa966cbced1757f00829120b6bf92d7
h3/out/rand150/RAND_CHEMBL3609385_agonist/seed_42/RAND_CHEMBL3609385_agonist_seed_42_sample_4_scores.json,1055177,a0df7ea295ff47128520827ba2676d8e7bf485ebb8c36169760878dce9008036
h3/out/rand150/RAND_CHEMBL3609385_agonist/seed_42/RAND_CHEMBL3609385_agonist_seed_42_sample_5_scores.json,1052117,3bf236ca460e445afb9b869ad0a5b646c97488c6752f6976e3a52db40f4bdf81
h3/out/rand150/RAND_CHEMBL3609388_agonist/seed_42/RAND_CHEMBL3609388_agonist_seed_42_sample_1_scores.json,1060152,ff9ff9654c3f93b88a2a391c43ce8831a30b41fb680ad3f2f7fc69d031108d6d
h3/out/rand150/RAND_CHEMBL3609388_agonist/seed_42/RAND_CHEMBL3609388_agonist_seed_42_sample_2_scores.json,1061137,72eda384568c8472f2bc1dac7d6f4f52c82778b0e84f41ba0510a49535934d75
h3/out/rand150/RAND_CHEMBL3609388_agonist/seed_42/RAND_CHEMBL3609388_agonist_seed_42_sample_3_scores.json,1059585,03e24c72b755e7a3acf4ead2fdc2e21ec4ee7674b450e7b54b4c4235c1bd5d3c
h3/out/rand150/RAND_CHEMBL3609388_agonist/seed_42/RAND_CHEMBL3609388_agonist_seed_42_sample_4_scores.json,1060622,4524bf963d29eafde0151e2ad38a8a87c5ce9a6d032fbf8f21814de457ac0e78
h3/out/rand150/RAND_CHEMBL3609388_agonist/seed_42/RAND_CHEMBL3609388_agonist_seed_42_sample_5_scores.json,1061836,8b03b0b7870c7d0e60a3e2852456874147662a1bbdebf0760c5241597b5412c3
h3/out/rand150/RAND_CHEMBL3609400_agonist/seed_42/RAND_CHEMBL3609400_agonist_seed_42_sample_1_scores.json,1114103,dfac1b578909f75dbb00156d66039f6df99cbc8d4bda2ab51fd171a4bdf5b23b
h3/out/rand150/RAND_CHEMBL3609400_agonist/seed_42/RAND_CHEMBL3609400_agonist_seed_42_sample_2_scores.json,1115953,a68579ecfc9759c3e7ae538f60f07a297ef3610f3c547c9300e4effea8ad7878
h3/out/rand150/RAND_CHEMBL3609400_agonist/seed_42/RAND_CHEMBL3609400_agonist_seed_42_sample_3_scores.json,1116093,520849976024d7b077bcfd8849fa0f3a1bc4f1ba9a35522655580aab7ac46373
h3/out/rand150/RAND_CHEMBL3609400_agonist/seed_42/RAND_CHEMBL3609400_agonist_seed_42_sample_4_scores.json,1116419,f75763e0aceea593df0b694e0f85e8b8c15265ab1bc78042765f1d899b99ea1a
h3/out/rand150/RAND_CHEMBL3609400_agonist/seed_42/RAND_CHEMBL3609400_agonist_seed_42_sample_5_scores.json,1114646,2a873d54027cc877b4bb6c5ccffacef9c125afba364106cda3030bb91b3fadbf
h3/out/rand150/RAND_CHEMBL3609412_agonist/seed_42/RAND_CHEMBL3609412_agonist_seed_42_sample_1_scores.json,1090298,e6ef717645aa88a559e68e1280bfb52ad0f9dced539224d2cd7d2dc96f67a265
h3/out/rand150/RAND_CHEMBL3609412_agonist/seed_42/RAND_CHEMBL3609412_agonist_seed_42_sample_2_scores.json,1092100,9b378702ce48000125efdb5b53be0fcd2943a12b868b20ae51fe8fdf005c0aba
h3/out/rand150/RAND_CHEMBL3609412_agonist/seed_42/RAND_CHEMBL3609412_agonist_seed_42_sample_3_scores.json,1093028,fde81d6f58c53b6462ee713f356ace0e33ca4a3241048673970e69c9f4ada9f4
h3/out/rand150/RAND_CHEMBL3609412_agonist/seed_42/RAND_CHEMBL3609412_agonist_seed_42_sample_4_scores.json,1092580,d0d2b1b2de7beeeb5676bba3cd09e80420b53ec3ae2392ff61acd7908a57ebed
h3/out/rand150/RAND_CHEMBL3609412_agonist/seed_42/RAND_CHEMBL3609412_agonist_seed_42_sample_5_scores.json,1089847,3b32fbd1ef00a64a2c14a5e9b488c40fe1e29a143a2a7c4196c13334ad26d70d
h3/out/rand150/RAND_CHEMBL3609414_agonist/seed_42/RAND_CHEMBL3609414_agonist_seed_42_sample_1_scores.json,1090216,7c4e8d2b471de411b7f49a75555a682022d3498ca4561ff193acf917e5f97d4b
h3/out/rand150/RAND_CHEMBL3609414_agonist/seed_42/RAND_CHEMBL3609414_agonist_seed_42_sample_2_scores.json,1091393,eab417565ac99d3b408d6f86338a48ff63cc90c9f075db2202b4a5aa8130d679
h3/out/rand150/RAND_CHEMBL3609414_agonist/seed_42/RAND_CHEMBL3609414_agonist_seed_42_sample_3_scores.json,1092722,857a504f99f0afc154d6fb89351739ea55f80da5be040ed2f320112e25ec53a3
h3/out/rand150/RAND_CHEMBL3609414_agonist/seed_42/RAND_CHEMBL3609414_agonist_seed_42_sample_4_scores.json,1090964,ad173a17ddffd188c56a9fb8ce5ee42838e5d03144e0a542423970874f80374b
h3/out/rand150/RAND_CHEMBL3609414_agonist/seed_42/RAND_CHEMBL3609414_agonist_seed_42_sample_5_scores.json,1090611,377c7a5eb745ecc6f918abf921252bb090c733a8054a7dce821f0aa83ce00de9
h3/out/rand150/RAND_CHEMBL3933290_antagonist/seed_42/RAND_CHEMBL3933290_antagonist_seed_42_sample_1_scores.json,1235368,40b08b8375cbdbb70ec95c95489fea95f59216d25e56d7050d8278d98cf8b7b2
h3/out/rand150/RAND_CHEMBL3933290_antagonist/seed_42/RAND_CHEMBL3933290_antagonist_seed_42_sample_2_scores.json,1238647,c6fb2f108231744586dc5c6d9b44cdf69bd07cad3d0b44fc77b9f3d536484fc2
h3/out/rand150/RAND_CHEMBL3933290_antagonist/seed_42/RAND_CHEMBL3933290_antagonist_seed_42_sample_3_scores.json,1238658,991075d2736920d53e60817382d4dcfbb23d4cdafbdf7d582c550cdf2009feb1
h3/out/rand150/RAND_CHEMBL3933290_antagonist/seed_42/RAND_CHEMBL3933290_antagonist_seed_42_sample_4_scores.json,1239001,187513a2037f3fe29f6d1373d474ed6ee427143aea70e51f342489be6acedca7
h3/out/rand150/RAND_CHEMBL3933290_antagonist/seed_42/RAND_CHEMBL3933290_antagonist_seed_42_sample_5_scores.json,1238581,8b4463f1cd628ba1f419214e59b6a9217bb0066026a8549e25c72671f653a106
h3/out/rand150/RAND_CHEMBL3962504_antagonist/seed_42/RAND_CHEMBL3962504_antagonist_seed_42_sample_1_scores.json,1211467,c246a6f5a7c3e103ffac4579967d9817dc414a120bd79ad55d73651f48b9f067
h3/out/rand150/RAND_CHEMBL3962504_antagonist/seed_42/RAND_CHEMBL3962504_antagonist_seed_42_sample_2_scores.json,1214938,fe1f1e0700ba89170377eae2ac730f6df59b27e15696aaab60fd464015fa4ab7
h3/out/rand150/RAND_CHEMBL3962504_antagonist/seed_42/RAND_CHEMBL3962504_antagonist_seed_42_sample_3_scores.json,1214022,594798f438b8155db3d9c223ef292f8b72d00462911371400d1b5fda413bfce8
h3/out/rand150/RAND_CHEMBL3962504_antagonist/seed_42/RAND_CHEMBL3962504_antagonist_seed_42_sample_4_scores.json,1215064,004a6b21b890c795399a376cfe5355bd2207855f802caa9cb3a65b8c5a7c4885
h3/out/rand150/RAND_CHEMBL3962504_antagonist/seed_42/RAND_CHEMBL3962504_antagonist_seed_42_sample_5_scores.json,1214848,4dcb9747907eb2b81074050e1a69204e03df53bb8d35a8d90440167bc955328d
h3/out/rand150/RAND_CHEMBL4126216_antagonist/seed_42/RAND_CHEMBL4126216_antagonist_seed_42_sample_1_scores.json,1147428,0018b57e1ee0f97316a69e9ab45b4ec34b48eb437c736ee5050e8180b0bdfad7
h3/out/rand150/RAND_CHEMBL4126216_antagonist/seed_42/RAND_CHEMBL4126216_antagonist_seed_42_sample_2_scores.json,1146481,8100d377b381e9fc0243041b1f506d4ff1fbbec8069a8114316eeb6440fb6ded
h3/out/rand150/RAND_CHEMBL4126216_antagonist/seed_42/RAND_CHEMBL4126216_antagonist_seed_42_sample_3_scores.json,1148037,f039bcf2c89e251cba5f17cb8c1e476a37f9d83642c06fcbe5064516e580e07c
h3/out/rand150/RAND_CHEMBL4126216_antagonist/seed_42/RAND_CHEMBL4126216_antagonist_seed_42_sample_4_scores.json,1147760,ccee5d90b588f0b85dadccdffc689b0e608c49c86a8d10aca5b00fa6d041e370
h3/out/rand150/RAND_CHEMBL4126216_antagonist/seed_42/RAND_CHEMBL4126216_antagonist_seed_42_sample_5_scores.json,1147794,f0a7d35af05dcb1e89051abaaa8417ff6186c57d206c467ee9b39f0652bc0673
h3/out/rand150/RAND_CHEMBL4205062_antagonist/seed_42/RAND_CHEMBL4205062_antagonist_seed_42_sample_1_scores.json,1125693,3eb002cdf4fbbbabd0faf80f2544c2147b1418380798548108ff40771aa35be9
h3/out/rand150/RAND_CHEMBL4205062_antagonist/seed_42/RAND_CHEMBL4205062_antagonist_seed_42_sample_2_scores.json,1125139,d863dc27e83dbf669cc8c408595a51f5c2fae257d8594b6fe710e1a29f0f9c6f
h3/out/rand150/RAND_CHEMBL4205062_antagonist/seed_42/RAND_CHEMBL4205062_antagonist_seed_42_sample_3_scores.json,1126048,6d29d8bb45024ed125e105f1c60d7628b3c2e027946c1c321ec12f425c5ce5c7
h3/out/rand150/RAND_CHEMBL4205062_antagonist/seed_42/RAND_CHEMBL4205062_antagonist_seed_42_sample_4_scores.json,1125890,f2a079d9835b15f287c4e041aa794638ec94e153cd1d1446fc85896e123c08ae
h3/out/rand150/RAND_CHEMBL4205062_antagonist/seed_42/RAND_CHEMBL4205062_antagonist_seed_42_sample_5_scores.json,1125399,286ce2d754bf53661321e9a7b628c07cba0466a2deb81a3b012462a515138299
h3/out/rand150/RAND_CHEMBL4206368_antagonist/seed_42/RAND_CHEMBL4206368_antagonist_seed_42_sample_1_scores.json,1136877,0800bf4ebed8ff207ff95e2c867ecbf0a519e57a5671c51e8aacee583d260f34
h3/out/rand150/RAND_CHEMBL4206368_antagonist/seed_42/RAND_CHEMBL4206368_antagonist_seed_42_sample_2_scores.json,1136480,901a7c7d38debbe1c502789da7d83323580e7a3e8cb3e8b9bfe587391a53c847
h3/out/rand150/RAND_CHEMBL4206368_antagonist/seed_42/RAND_CHEMBL4206368_antagonist_seed_42_sample_3_scores.json,1141343,6f376c788806ce366b91da0e09ff42dfbe577f59b62214a070fd432b22d09836
h3/out/rand150/RAND_CHEMBL4206368_antagonist/seed_42/RAND_CHEMBL4206368_antagonist_seed_42_sample_4_scores.json,1141140,c8429105594b0f086a1c1d6c15111e97963212608dc8af5e49254a1fdcdafb59
h3/out/rand150/RAND_CHEMBL4206368_antagonist/seed_42/RAND_CHEMBL4206368_antagonist_seed_42_sample_5_scores.json,1136554,8d85ff7a909026ddc5ed9e1ef549c623016703fe32f9c9d97e3f22316be3307b
h3/out/rand150/RAND_CHEMBL4209944_antagonist/seed_42/RAND_CHEMBL4209944_antagonist_seed_42_sample_1_scores.json,1092940,05ce9f92bdf4c7f08480282434b36ebdfb1ea22b71eeb5436d00ff809140287e
h3/out/rand150/RAND_CHEMBL4209944_antagonist/seed_42/RAND_CHEMBL4209944_antagonist_seed_42_sample_2_scores.json,1092943,dceff2897dc566697d0d1c53aecca7013fa31a2de182fbf8a125a927d650f23a
h3/out/rand150/RAND_CHEMBL4209944_antagonist/seed_42/RAND_CHEMBL4209944_antagonist_seed_42_sample_3_scores.json,1094093,2c96284d2335bc355e887e49629fc0f315d4226ced1668ecbc35efcbe31ec68d
h3/out/rand150/RAND_CHEMBL4209944_antagonist/seed_42/RAND_CHEMBL4209944_antagonist_seed_42_sample_4_scores.json,1092857,4ea71d9d989f94a510d708470ef0ec628a5bf26b21c56113b549608c5f4e78c6
h3/out/rand150/RAND_CHEMBL4209944_antagonist/seed_42/RAND_CHEMBL4209944_antagonist_seed_42_sample_5_scores.json,1092242,2083a8e6684dc3f55f810f2eddc9b45e43b9b8504edd57e037b7eb1768df386e
h3/out/rand150/RAND_CHEMBL4227729_antagonist/seed_42/RAND_CHEMBL4227729_antagonist_seed_42_sample_1_scores.json,1102032,3bca207824d08f8c453e42e43e71e631ff57c5d4115fadccfb496e69b531f160
h3/out/rand150/RAND_CHEMBL4227729_antagonist/seed_42/RAND_CHEMBL4227729_antagonist_seed_42_sample_2_scores.json,1100919,ac8b9cf44e3f6e66bfe1f7ec8008a5a545b9427036161df6e25f2ffaedf9a92a
h3/out/rand150/RAND_CHEMBL4227729_antagonist/seed_42/RAND_CHEMBL4227729_antagonist_seed_42_sample_3_scores.json,1102696,d7b95846d6378f11cba1ddfda7a4e2840e5aa87b197fe2ff50170273e5654fa4
h3/out/rand150/RAND_CHEMBL4227729_antagonist/seed_42/RAND_CHEMBL4227729_antagonist_seed_42_sample_4_scores.json,1102073,5cdb8d9029df8fa728ab52201de7b6d8335f08e45c1d8a9a0471991a1240e6c1
h3/out/rand150/RAND_CHEMBL4227729_antagonist/seed_42/RAND_CHEMBL4227729_antagonist_seed_42_sample_5_scores.json,1101882,eee8feb1c284d6ce1a7e69568ab45c872623290a5de475fea12522bc7f9d8586
h3/out/rand150/RAND_CHEMBL4279941_antagonist/seed_42/RAND_CHEMBL4279941_antagonist_seed_42_sample_1_scores.json,1109568,4cf22928a0010dc62c8852f8c39c5751fea0c0c4c1d6e65bb6f05aa63f5938f9
h3/out/rand150/RAND_CHEMBL4279941_antagonist/seed_42/RAND_CHEMBL4279941_antagonist_seed_42_sample_2_scores.json,1112453,10bcbade22eeba39381046aa3878256f85dcfe736c87522d935e2d3d1297d517
h3/out/rand150/RAND_CHEMBL4279941_antagonist/seed_42/RAND_CHEMBL4279941_antagonist_seed_42_sample_3_scores.json,1111903,6e03d26cfd3fa823283f21d6751b2892f90eea7585f21fb5b17afa5042eb200c
h3/out/rand150/RAND_CHEMBL4279941_antagonist/seed_42/RAND_CHEMBL4279941_antagonist_seed_42_sample_4_scores.json,1112733,3546c821572fd05526ff0664f62aecb63f0ca0017d35ee14f0a8d657b4fb58f0
h3/out/rand150/RAND_CHEMBL4279941_antagonist/seed_42/RAND_CHEMBL4279941_antagonist_seed_42_sample_5_scores.json,1109177,bc4a45a0ea885da0507af22c18def12e58dfd5a5f78ceced58ec2d51d04055df
h3/out/rand150/RAND_CHEMBL4283051_antagonist/seed_42/RAND_CHEMBL4283051_antagonist_seed_42_sample_1_scores.json,1098877,c528f0e4086b2795a30d8f238d7a0cfcd9c27ac892ac6e67b90708fd44c9a506
h3/out/rand150/RAND_CHEMBL4283051_antagonist/seed_42/RAND_CHEMBL4283051_antagonist_seed_42_sample_2_scores.json,1099726,044efa1ef20b393fa118d4811c641d80ec83394e16e2bb375a133e1dd71376b9
h3/out/rand150/RAND_CHEMBL4283051_antagonist/seed_42/RAND_CHEMBL4283051_antagonist_seed_42_sample_3_scores.json,1100064,bef8f3022a340d7c10f4ec149f0a48def338ee0da5be2ac90cd477dc26ce0892
h3/out/rand150/RAND_CHEMBL4283051_antagonist/seed_42/RAND_CHEMBL4283051_antagonist_seed_42_sample_4_scores.json,1100563,be021f80dcf196f8fc9f7c20396c75751f6b0d4374ad561e4616db83a2198e6c
h3/out/rand150/RAND_CHEMBL4283051_antagonist/seed_42/RAND_CHEMBL4283051_antagonist_seed_42_sample_5_scores.json,1099391,f3fc521d4338d64a0f45c1a2ebf77c28a9b0f16393cc4ff464faaef09f3b140b
h3/out/rand150/RAND_CHEMBL4287715_antagonist/seed_42/RAND_CHEMBL4287715_antagonist_seed_42_sample_1_scores.json,1099088,2dd0a9bbf24ddf1025e29f693e8241449a13cd832627a293011ad38b33945006
h3/out/rand150/RAND_CHEMBL4287715_antagonist/seed_42/RAND_CHEMBL4287715_antagonist_seed_42_sample_2_scores.json,1102559,d879d4a8a2667fcda3e82d15a5c86f4405b516cf88aa227c2f3d21a12bc897d5
h3/out/rand150/RAND_CHEMBL4287715_antagonist/seed_42/RAND_CHEMBL4287715_antagonist_seed_42_sample_3_scores.json,1099440,c076c95a1fac842a9a487e4fbe63d46e8081307b36e659aecbe3d1a301e3948d
h3/out/rand150/RAND_CHEMBL4287715_antagonist/seed_42/RAND_CHEMBL4287715_antagonist_seed_42_sample_4_scores.json,1103202,804e586b976d0277145f105818aad1fd569ce3e4fb946298af9511521ee2178f
h3/out/rand150/RAND_CHEMBL4287715_antagonist/seed_42/RAND_CHEMBL4287715_antagonist_seed_42_sample_5_scores.json,1099435,9bab0d9b92a359552f756a173b2f15cc07ea35469b16e24abfd721e70a9d82d0
h3/out/rand150/RAND_CHEMBL4292862_antagonist/seed_42/RAND_CHEMBL4292862_antagonist_seed_42_sample_1_scores.json,1092996,af451c755b53191f835586a3006fb764fac982743d991c44c0af7cd6d7b1bc26
h3/out/rand150/RAND_CHEMBL4292862_antagonist/seed_42/RAND_CHEMBL4292862_antagonist_seed_42_sample_2_scores.json,1092796,9e0952757980667b5526ef9917f552b1662d1d4605d9f6a0e0a0276a7044a3f9
h3/out/rand150/RAND_CHEMBL4292862_antagonist/seed_42/RAND_CHEMBL4292862_antagonist_seed_42_sample_3_scores.json,1092479,f74c9e0c8645a1ea3f1f0d6219b8fd702d60fe99eeaa22751bffdca0317aecca
h3/out/rand150/RAND_CHEMBL4292862_antagonist/seed_42/RAND_CHEMBL4292862_antagonist_seed_42_sample_4_scores.json,1093024,02e845f3b669ced25e6b9725a78bc47db00426280c601dc49f87b4637734d3bb
h3/out/rand150/RAND_CHEMBL4292862_antagonist/seed_42/RAND_CHEMBL4292862_antagonist_seed_42_sample_5_scores.json,1092331,b89e0213daf79376aeefbf851b6cbfd15dbcecee2a94dd1fca5ec6a3bbef5c4e
h3/out/rand150/RAND_CHEMBL4435215_antagonist/seed_42/RAND_CHEMBL4435215_antagonist_seed_42_sample_1_scores.json,1153389,d8bfe9b888a177123404dfcca4df11f406a169f7b574acc501ecd80124755b9b
h3/out/rand150/RAND_CHEMBL4435215_antagonist/seed_42/RAND_CHEMBL4435215_antagonist_seed_42_sample_2_scores.json,1152701,5c844b6f035ad3cebab0bba4414e256e86fb55a98185cf22197aac8b1d19e091
h3/out/rand150/RAND_CHEMBL4435215_antagonist/seed_42/RAND_CHEMBL4435215_antagonist_seed_42_sample_3_scores.json,1155408,e497b5a37f31d20640f0c9b75bbe103bcea933991048cb097b1baed1cbe63266
h3/out/rand150/RAND_CHEMBL4435215_antagonist/seed_42/RAND_CHEMBL4435215_antagonist_seed_42_sample_4_scores.json,1154216,8994be355972561ed4c899cced789b275a68be591d320080847171446d149424
h3/out/rand150/RAND_CHEMBL4435215_antagonist/seed_42/RAND_CHEMBL4435215_antagonist_seed_42_sample_5_scores.json,1152689,cec05cb599cf81ce79280919e6bc14bfb2dffa4f1a99aca3a85ff01dccb34440
h3/out/rand150/RAND_CHEMBL4438967_antagonist/seed_42/RAND_CHEMBL4438967_antagonist_seed_42_sample_1_scores.json,1131351,5a83a1139c32a7729a211eebccfa82bc445a96efc2477ae216c2160f69094179
h3/out/rand150/RAND_CHEMBL4438967_antagonist/seed_42/RAND_CHEMBL4438967_antagonist_seed_42_sample_2_scores.json,1129416,b95098ee28b8ef59297529ce61f7886c48a88ca4ddf7fa9153c29903fa9bcfa1
h3/out/rand150/RAND_CHEMBL4438967_antagonist/seed_42/RAND_CHEMBL4438967_antagonist_seed_42_sample_3_scores.json,1132239,025fbea22b14d6d3ca60fbea54979ac952238faa414ae41795432f8e6f5bbdf7
h3/out/rand150/RAND_CHEMBL4438967_antagonist/seed_42/RAND_CHEMBL4438967_antagonist_seed_42_sample_4_scores.json,1130926,2d82d2b31db761db5bb64bf344945f5d70c02aa6c03b371eee835f96fd3dfcd7
h3/out/rand150/RAND_CHEMBL4438967_antagonist/seed_42/RAND_CHEMBL4438967_antagonist_seed_42_sample_5_scores.json,1130242,9da266f22237a55aa3d71d0fddfeb9ae12201d0fd076da5936fc470bc81a89de
h3/out/rand150/RAND_CHEMBL4452914_agonist/seed_42/RAND_CHEMBL4452914_agonist_seed_42_sample_1_scores.json,1120483,38615cb5beabcab202e88d4933779731e99e04a8d21a1c497a739320a33921b1
h3/out/rand150/RAND_CHEMBL4452914_agonist/seed_42/RAND_CHEMBL4452914_agonist_seed_42_sample_2_scores.json,1120425,90931385a09e38361479b3205b886dffdf4a38445708ec3600bdf17c3b6e6e40
h3/out/rand150/RAND_CHEMBL4452914_agonist/seed_42/RAND_CHEMBL4452914_agonist_seed_42_sample_3_scores.json,1129384,e51b9a1033e2df0c3abf260b19ccb5803c09eb9f1a5bc68e5c3eb1208dc9d66d
h3/out/rand150/RAND_CHEMBL4452914_agonist/seed_42/RAND_CHEMBL4452914_agonist_seed_42_sample_4_scores.json,1120520,fb830a6b0e0cfc715806d02edeadf573721e762316cc9e1349a39efed9cf032f
h3/out/rand150/RAND_CHEMBL4452914_agonist/seed_42/RAND_CHEMBL4452914_agonist_seed_42_sample_5_scores.json,1120405,65ad2639f1f682ce4b6710a1eb90b79cebb4eb6e7467ff6d6cf63ece97d69ae6
h3/out/rand150/RAND_CHEMBL4457391_antagonist/seed_42/RAND_CHEMBL4457391_antagonist_seed_42_sample_1_scores.json,1099509,f4cf587524804756e5cb498e9573616b3cbbba73571afa264708e0127d21b2bf
h3/out/rand150/RAND_CHEMBL4457391_antagonist/seed_42/RAND_CHEMBL4457391_antagonist_seed_42_sample_2_scores.json,1097798,6796bbb3699330cb1796860231aed8fd38de4f8879a8e815d39beb5312ca00a6
h3/out/rand150/RAND_CHEMBL4457391_antagonist/seed_42/RAND_CHEMBL4457391_antagonist_seed_42_sample_3_scores.json,1099825,c63db0ddba29ad0bc5f21312aaf2c6e8092bf47580282b8905243911d6a272ef
h3/out/rand150/RAND_CHEMBL4457391_antagonist/seed_42/RAND_CHEMBL4457391_antagonist_seed_42_sample_4_scores.json,1098946,c066a18c90371345ba9f0140b644cc1e2f906776f1ea68357a4c228527f16b31
h3/out/rand150/RAND_CHEMBL4457391_antagonist/seed_42/RAND_CHEMBL4457391_antagonist_seed_42_sample_5_scores.json,1100199,ecc7668fd7e7446135587bd22c7cc926fe6e14264b083d3fc9a100c44ab4bddb
h3/out/rand150/RAND_CHEMBL4470666_antagonist/seed_42/RAND_CHEMBL4470666_antagonist_seed_42_sample_1_scores.json,1153864,f408d77b4ff5547d8b7e6eba5337efecb8ac94e07ed3683830892e80ef1e6c74
h3/out/rand150/RAND_CHEMBL4470666_antagonist/seed_42/RAND_CHEMBL4470666_antagonist_seed_42_sample_2_scores.json,1152629,844209bacec19e6675a3f71be5472abd28360172d29c26c2acc3dc5cfefbff82
h3/out/rand150/RAND_CHEMBL4470666_antagonist/seed_42/RAND_CHEMBL4470666_antagonist_seed_42_sample_3_scores.json,1154946,f8a5e1d3c7b016f67da0dd4cd70ba51581571e2163881e1e8a46db406723a915
h3/out/rand150/RAND_CHEMBL4470666_antagonist/seed_42/RAND_CHEMBL4470666_antagonist_seed_42_sample_4_scores.json,1154301,d607b2f0fbba2b6cd96935179c617a569a44a325249f4527a456fa65008990b8
h3/out/rand150/RAND_CHEMBL4470666_antagonist/seed_42/RAND_CHEMBL4470666_antagonist_seed_42_sample_5_scores.json,1153207,4be5b0e151050e0a43de86f32ddbbcfc1af953fd9dc922bf2e3398ddd8c7eab4
h3/out/rand150/RAND_CHEMBL4547336_agonist/seed_42/RAND_CHEMBL4547336_agonist_seed_42_sample_1_scores.json,1091960,381e38758e45eaecb38483d4fa0c2fc46618405a56619c262a14f9ed9db82b7a
h3/out/rand150/RAND_CHEMBL4547336_agonist/seed_42/RAND_CHEMBL4547336_agonist_seed_42_sample_2_scores.json,1095727,a92456e8ad0767728ddb47f005cc3c2422091afc73b3d3d876585b67d51cc3f8
h3/out/rand150/RAND_CHEMBL4547336_agonist/seed_42/RAND_CHEMBL4547336_agonist_seed_42_sample_3_scores.json,1096287,c64ce6bb66663acec9b514dfe3ce246be0e295f406021410e71aec65af99e43a
h3/out/rand150/RAND_CHEMBL4547336_agonist/seed_42/RAND_CHEMBL4547336_agonist_seed_42_sample_4_scores.json,1095780,7ea72d7e5f0e0dfaacd14bbc809675c4d93d949306dde763560bb2c5d848c710
h3/out/rand150/RAND_CHEMBL4547336_agonist/seed_42/RAND_CHEMBL4547336_agonist_seed_42_sample_5_scores.json,1091584,b37315a8a7ec77eaafa53583ae22ab964f86b080d66cb73a6e53f0ec63dfc271
h3/out/rand150/RAND_CHEMBL4552142_antagonist/seed_42/RAND_CHEMBL4552142_antagonist_seed_42_sample_1_scores.json,1163434,85388b8f95644baf42487c2204c6cdd055d8625cf7f28e5296212b462322b2de
h3/out/rand150/RAND_CHEMBL4552142_antagonist/seed_42/RAND_CHEMBL4552142_antagonist_seed_42_sample_2_scores.json,1166027,8e4fca5bbe586aa94fea287845ad5ef0fedf25be377cbedc5d4ad6225d7c36ac
h3/out/rand150/RAND_CHEMBL4552142_antagonist/seed_42/RAND_CHEMBL4552142_antagonist_seed_42_sample_3_scores.json,1165296,d2a6e2b459ca7a42d6276375c6db1dc0b2eac4b49d60af6872da90fbb161557d
h3/out/rand150/RAND_CHEMBL4552142_antagonist/seed_42/RAND_CHEMBL4552142_antagonist_seed_42_sample_4_scores.json,1166332,efb72b3b54dfcda771abf65f842e93aed74e17a5688dea014fcd7dd6c116d614
h3/out/rand150/RAND_CHEMBL4552142_antagonist/seed_42/RAND_CHEMBL4552142_antagonist_seed_42_sample_5_scores.json,1165077,82b37aebc04ec7e14e093b2418b495f9d37d880ecd50f9798f00a28fe1d6582e
h3/out/rand150/RAND_CHEMBL4576948_agonist/seed_42/RAND_CHEMBL4576948_agonist_seed_42_sample_1_scores.json,1097706,ac81bce364d5b02c652f1aacc458f33a3a8fc87b77d190e4417e3a0c7d4d88c7
h3/out/rand150/RAND_CHEMBL4576948_agonist/seed_42/RAND_CHEMBL4576948_agonist_seed_42_sample_2_scores.json,1096703,d6d566e4d7d2cbee01f7d71db3e7c832c6cde18c5e9526094fdace58e0528fa3
h3/out/rand150/RAND_CHEMBL4576948_agonist/seed_42/RAND_CHEMBL4576948_agonist_seed_42_sample_3_scores.json,1097585,0258b1f6712b717195d6cdd15bc14a03374cb6163c2c7717bc65521874687a6b
h3/out/rand150/RAND_CHEMBL4576948_agonist/seed_42/RAND_CHEMBL4576948_agonist_seed_42_sample_4_scores.json,1097848,22457a4f589315babf2e144897cce8900dc053889f70466843e7f802a3604370
h3/out/rand150/RAND_CHEMBL4576948_agonist/seed_42/RAND_CHEMBL4576948_agonist_seed_42_sample_5_scores.json,1098500,2213738042ab5e829928653c8e1b525bfa9ea427303db158008d65cdf18f91e7
h3/out/rand150/RAND_CHEMBL4648441_antagonist/seed_42/RAND_CHEMBL4648441_antagonist_seed_42_sample_1_scores.json,1176416,51605259a19bb7ac163e5ef8fb13830d30203edff127e4d9beb7601504e9e4c3
h3/out/rand150/RAND_CHEMBL4648441_antagonist/seed_42/RAND_CHEMBL4648441_antagonist_seed_42_sample_2_scores.json,1178630,b3d4caf649cb80f011acb4db71b6433bcc8bf6077f618cebaa51080e8fe79d71
h3/out/rand150/RAND_CHEMBL4648441_antagonist/seed_42/RAND_CHEMBL4648441_antagonist_seed_42_sample_3_scores.json,1176079,bacc910bf6de8574045118bca4a9d1bb99cfa19e8a82a640a701fd97a4b02d9b
h3/out/rand150/RAND_CHEMBL4648441_antagonist/seed_42/RAND_CHEMBL4648441_antagonist_seed_42_sample_4_scores.json,1176383,3fa91402df183106e98993fdb9761330103fb1ca2d1374bfa208c779919369ac
h3/out/rand150/RAND_CHEMBL4648441_antagonist/seed_42/RAND_CHEMBL4648441_antagonist_seed_42_sample_5_scores.json,1175879,d4bdfa90c942fa033ba12bc17f945d227b01edf093334ab7560fef9a695034d9
h3/out/rand150/RAND_CHEMBL4649541_agonist/seed_42/RAND_CHEMBL4649541_agonist_seed_42_sample_1_scores.json,1121120,b03d487e242d84987718ca8cf862f08a05ca4a0d1aaf1b6084bfcbc3634b360f
h3/out/rand150/RAND_CHEMBL4649541_agonist/seed_42/RAND_CHEMBL4649541_agonist_seed_42_sample_2_scores.json,1120447,afbc826937eabda0834d3dd2c096d7008d5047a8a4a42b8bd08a3af3cd16558f
h3/out/rand150/RAND_CHEMBL4649541_agonist/seed_42/RAND_CHEMBL4649541_agonist_seed_42_sample_3_scores.json,1120558,44fe46f5a6159f36742e2ea27b5e25d2c617d25f3d9f96916e05d018b3b56925
h3/out/rand150/RAND_CHEMBL4649541_agonist/seed_42/RAND_CHEMBL4649541_agonist_seed_42_sample_4_scores.json,1121427,e24b39faacf04e046fb114f367b4869c9d7ca5b6d6995ab79be71c6da596cb88
h3/out/rand150/RAND_CHEMBL4649541_agonist/seed_42/RAND_CHEMBL4649541_agonist_seed_42_sample_5_scores.json,1120724,99e246e30bf6ab692007f210c322677039360b847d0991975f333787f7c0ef95
h3/out/rand150/RAND_CHEMBL4745606_agonist/seed_42/RAND_CHEMBL4745606_agonist_seed_42_sample_1_scores.json,1069547,9f4efd4c7411006158598f4cbb44d273fd71f835a2ed241b984b478e1e50f90c
h3/out/rand150/RAND_CHEMBL4745606_agonist/seed_42/RAND_CHEMBL4745606_agonist_seed_42_sample_2_scores.json,1069295,e220c5a9b3df76d08c8834d703e7496af71ca4506ea49c3f84fc932931cf0b5e
h3/out/rand150/RAND_CHEMBL4745606_agonist/seed_42/RAND_CHEMBL4745606_agonist_seed_42_sample_3_scores.json,1069432,76a9e1b871bec7f9cccc1d949c9a0621e849ff57e379eabc6fab6644c094d548
h3/out/rand150/RAND_CHEMBL4745606_agonist/seed_42/RAND_CHEMBL4745606_agonist_seed_42_sample_4_scores.json,1069427,710f510530910366df65934c0fbb1a8b76afbced9809ef6160b47da2d3042538
h3/out/rand150/RAND_CHEMBL4745606_agonist/seed_42/RAND_CHEMBL4745606_agonist_seed_42_sample_5_scores.json,1069969,43705757403c6747169e9f73aba2fc48517a904ea685b558b582287d9383ef5f
h3/out/rand150/RAND_CHEMBL4749158_agonist/seed_42/RAND_CHEMBL4749158_agonist_seed_42_sample_1_scores.json,1056332,4d361057a98c125fc527f4e51e2503d83a1f4b415f0e928ae1b121f08325422f
h3/out/rand150/RAND_CHEMBL4749158_agonist/seed_42/RAND_CHEMBL4749158_agonist_seed_42_sample_2_scores.json,1056918,b2f1794ad9cf40f0428fdb674f00fe2dc9630132c498bafef23c9f2d06460259
h3/out/rand150/RAND_CHEMBL4749158_agonist/seed_42/RAND_CHEMBL4749158_agonist_seed_42_sample_3_scores.json,1056936,e66ed419bce70259b73338836dcdd6624cc824d941a7440532b769e9b55f3304
h3/out/rand150/RAND_CHEMBL4749158_agonist/seed_42/RAND_CHEMBL4749158_agonist_seed_42_sample_4_scores.json,1056633,cde2dc1ef5cbaabe546842bafbbc3044da8f6735ac19e7cd6a95ddba4daea5b3
h3/out/rand150/RAND_CHEMBL4749158_agonist/seed_42/RAND_CHEMBL4749158_agonist_seed_42_sample_5_scores.json,1056495,58e9345cf9c25467d59ed8b2d285f752163a4065aba514d686c7470e97b80045
h3/out/rand150/RAND_CHEMBL4754713_agonist/seed_42/RAND_CHEMBL4754713_agonist_seed_42_sample_1_scores.json,1093335,468122f51683837b209c45da5c61686051732d7f312a0b21949af459b26308c8
h3/out/rand150/RAND_CHEMBL4754713_agonist/seed_42/RAND_CHEMBL4754713_agonist_seed_42_sample_2_scores.json,1093246,c1504b16923dbae6707ddac6193970b20161c98d8b1afd72c1c86abaccd92c9d
h3/out/rand150/RAND_CHEMBL4754713_agonist/seed_42/RAND_CHEMBL4754713_agonist_seed_42_sample_3_scores.json,1093580,cd21ba0d0b435703e513e90bf54360018f806ee5371a11857e12a822e5e393bd
h3/out/rand150/RAND_CHEMBL4754713_agonist/seed_42/RAND_CHEMBL4754713_agonist_seed_42_sample_4_scores.json,1093348,c71c30cf62d50c0b0cb44cdc3a72158a0b8d4904919b58509e7cb65f2a80f5a7
h3/out/rand150/RAND_CHEMBL4754713_agonist/seed_42/RAND_CHEMBL4754713_agonist_seed_42_sample_5_scores.json,1093542,fd76c8e5133e0feac373ab729cb0feece3a3c9b2c60ef675fc4277ed63d351d1
h3/out/rand150/RAND_CHEMBL4776548_antagonist/seed_42/RAND_CHEMBL4776548_antagonist_seed_42_sample_1_scores.json,1131536,fcbca74a8dbda39f4d0015e04fee34e066b2ac217907436736fe0db40a61a4f3
h3/out/rand150/RAND_CHEMBL4776548_antagonist/seed_42/RAND_CHEMBL4776548_antagonist_seed_42_sample_2_scores.json,1136059,f73ec4acdf9f8966f46ff20796daaa8c1e3d459fcd8ac8af9b1ac0a2cd71157a
h3/out/rand150/RAND_CHEMBL4776548_antagonist/seed_42/RAND_CHEMBL4776548_antagonist_seed_42_sample_3_scores.json,1136233,3344c4dc29c4cb74e56be39fe4a23b5fc82fc6bef95c8b36650172f4be1f87d6
h3/out/rand150/RAND_CHEMBL4776548_antagonist/seed_42/RAND_CHEMBL4776548_antagonist_seed_42_sample_4_scores.json,1136907,ed047d5dc3a5f6805d91f73511a1b921b3734d59549e19dad6cf8960cf9e6ae9
h3/out/rand150/RAND_CHEMBL4776548_antagonist/seed_42/RAND_CHEMBL4776548_antagonist_seed_42_sample_5_scores.json,1131734,b7500e230ce80d635e103302449b23e40cc135e781afcc16ec677600b141cddb
h3/out/rand150/RAND_CHEMBL4777002_agonist/seed_42/RAND_CHEMBL4777002_agonist_seed_42_sample_1_scores.json,1066252,4e15cf7d7114acdf5578040b71b96742ba280e2df7409187a10b2bb584b7620e
h3/out/rand150/RAND_CHEMBL4777002_agonist/seed_42/RAND_CHEMBL4777002_agonist_seed_42_sample_2_scores.json,1065336,98325368b322465a135256412c4b1bfe23d8902d389edcd7f1c36c8a7c9d588c
h3/out/rand150/RAND_CHEMBL4777002_agonist/seed_42/RAND_CHEMBL4777002_agonist_seed_42_sample_3_scores.json,1065594,8810e9caab48c14d1d20b3844ba97f8a2d622f28c86cbfa4637b69918aadb467
h3/out/rand150/RAND_CHEMBL4777002_agonist/seed_42/RAND_CHEMBL4777002_agonist_seed_42_sample_4_scores.json,1065569,e48d910d9b3ec6d6b5eb4f7d7b1a30dd26ce6219346c5a1b56f1f626ec791563
h3/out/rand150/RAND_CHEMBL4777002_agonist/seed_42/RAND_CHEMBL4777002_agonist_seed_42_sample_5_scores.json,1065263,97d8f1dfc5fc6b41ae5872beb6223c0e6becd078cf7a9101d12265965c874d72
h3/out/rand150/RAND_CHEMBL4848879_agonist/seed_42/RAND_CHEMBL4848879_agonist_seed_42_sample_1_scores.json,1120643,587f58e85c36e874b50576963e046459a4be61cedd146a4882d526ba6da47ba4
h3/out/rand150/RAND_CHEMBL4848879_agonist/seed_42/RAND_CHEMBL4848879_agonist_seed_42_sample_2_scores.json,1120079,dc9823748b8d263a1ea40c5fdf15b720e54ae9cad80a1d6af6683704f0bc1305
h3/out/rand150/RAND_CHEMBL4848879_agonist/seed_42/RAND_CHEMBL4848879_agonist_seed_42_sample_3_scores.json,1120779,db03f8101f08caee960b0c3f72eae564b3172f1eea74ac09cd7f589d5d2c7ea7
h3/out/rand150/RAND_CHEMBL4848879_agonist/seed_42/RAND_CHEMBL4848879_agonist_seed_42_sample_4_scores.json,1120873,75f18b5025f9b14dd00437018526c2ed44fda1bfab9204ed27705849d9e6b822
h3/out/rand150/RAND_CHEMBL4848879_agonist/seed_42/RAND_CHEMBL4848879_agonist_seed_42_sample_5_scores.json,1120386,476ea3b3a611414d176e801322c5a5a7e3c5bb571fbcbb517b41366a12b93875
h3/out/rand150/RAND_CHEMBL4849995_agonist/seed_42/RAND_CHEMBL4849995_agonist_seed_42_sample_1_scores.json,1154094,e0858eabcafaf647915378c1e535039fbfd25d4760837b1948e139c579610900
h3/out/rand150/RAND_CHEMBL4849995_agonist/seed_42/RAND_CHEMBL4849995_agonist_seed_42_sample_2_scores.json,1152825,7e56feb4fdea24455c61dcb1a73d56f4d3b69749d11916aee4e277bfbd94f0fd
h3/out/rand150/RAND_CHEMBL4849995_agonist/seed_42/RAND_CHEMBL4849995_agonist_seed_42_sample_3_scores.json,1153621,8eeaf660ac0e6cd5dfe1a936f818647a04266723ff404d7746bd97764eb9f1d6
h3/out/rand150/RAND_CHEMBL4849995_agonist/seed_42/RAND_CHEMBL4849995_agonist_seed_42_sample_4_scores.json,1152825,5ebacff90686cda485c00051d07f0357b39891e9da1d120c4e826ea72225091a
h3/out/rand150/RAND_CHEMBL4849995_agonist/seed_42/RAND_CHEMBL4849995_agonist_seed_42_sample_5_scores.json,1155847,cf3ca09c2cafb032345deba877f463cf383f9a6212dbf262d2cf41c8542371d7
h3/out/rand150/RAND_CHEMBL4851088_agonist/seed_42/RAND_CHEMBL4851088_agonist_seed_42_sample_1_scores.json,1120927,cd5739b7a15fbe0dda17a8c35e8a5c1cf519093a1304b3423ee18e1589d80b4f
h3/out/rand150/RAND_CHEMBL4851088_agonist/seed_42/RAND_CHEMBL4851088_agonist_seed_42_sample_2_scores.json,1120527,9a2aa6325ef8dcacb72496ddfe26288331c861bb7fa098ce665778ef597801bb
h3/out/rand150/RAND_CHEMBL4851088_agonist/seed_42/RAND_CHEMBL4851088_agonist_seed_42_sample_3_scores.json,1121191,bb35e7ee2a614093cfb841a2527f7afac55774ec8cc351343500cdf49b53e39a
h3/out/rand150/RAND_CHEMBL4851088_agonist/seed_42/RAND_CHEMBL4851088_agonist_seed_42_sample_4_scores.json,1121158,94a431ff9159c32726fe8f84518caa88d499a3ec16c06a0e01cc4e2fcfa893a6
h3/out/rand150/RAND_CHEMBL4851088_agonist/seed_42/RAND_CHEMBL4851088_agonist_seed_42_sample_5_scores.json,1120504,de2ccff1ed51ac972c8998314f0c1a0cd6bd6fd0618e1866d7a4102893ab5894
h3/out/rand150/RAND_CHEMBL4855243_agonist/seed_42/RAND_CHEMBL4855243_agonist_seed_42_sample_1_scores.json,1115707,e90c9db633fc99242cc722ee0e1932051ff5356af5e2703e0401b4f2288479de
h3/out/rand150/RAND_CHEMBL4855243_agonist/seed_42/RAND_CHEMBL4855243_agonist_seed_42_sample_2_scores.json,1113117,6ce6b6a396851c219c75c0a150f51bc395fe88a4fa67a25020cdf86233942b87
h3/out/rand150/RAND_CHEMBL4855243_agonist/seed_42/RAND_CHEMBL4855243_agonist_seed_42_sample_3_scores.json,1115312,6b6ed148ee5dcf79349fa83782b13a871966ae84701f5b4880c296be0de18e3d
h3/out/rand150/RAND_CHEMBL4855243_agonist/seed_42/RAND_CHEMBL4855243_agonist_seed_42_sample_4_scores.json,1114003,123951f6ee7b869f5d1a803d318af0b28d1c3671bf619bd9feec327042b8a6e2
h3/out/rand150/RAND_CHEMBL4855243_agonist/seed_42/RAND_CHEMBL4855243_agonist_seed_42_sample_5_scores.json,1115267,b38a9dfd8a74e67e801cae9eb045dccdb4fdf43604d64731ae85fcb8e63e3ab6
h3/out/rand150/RAND_CHEMBL4857191_agonist/seed_42/RAND_CHEMBL4857191_agonist_seed_42_sample_1_scores.json,1099948,e2c184c2d339e762dfa0ce0cc52334741a7366fd12ed39ad4ca4f1183e672209
h3/out/rand150/RAND_CHEMBL4857191_agonist/seed_42/RAND_CHEMBL4857191_agonist_seed_42_sample_2_scores.json,1101162,2a0392bac601b78c7f3f788b148dfa886a35690595dff8978d03af6eb31fc86a
h3/out/rand150/RAND_CHEMBL4857191_agonist/seed_42/RAND_CHEMBL4857191_agonist_seed_42_sample_3_scores.json,1101460,4348117514fe743d091c7ea24a0788c9678e0e318851e356fc672f5120c974db
h3/out/rand150/RAND_CHEMBL4857191_agonist/seed_42/RAND_CHEMBL4857191_agonist_seed_42_sample_4_scores.json,1102083,e836f05cc96c1673e6316f8f05cd102e52be9741f2bb3c67a7c3b60d4a87d951
h3/out/rand150/RAND_CHEMBL4857191_agonist/seed_42/RAND_CHEMBL4857191_agonist_seed_42_sample_5_scores.json,1099959,cf75b1c5e251024097adb3d2cbd7d4014e513d6a7abc5514195e6bfbddff5558
h3/out/rand150/RAND_CHEMBL4857658_agonist/seed_42/RAND_CHEMBL4857658_agonist_seed_42_sample_1_scores.json,1084138,660b0406b688b9f7b494de859dc88c5a23a1653d538854a7e38928333a4b606a
h3/out/rand150/RAND_CHEMBL4857658_agonist/seed_42/RAND_CHEMBL4857658_agonist_seed_42_sample_2_scores.json,1083796,eb2e5b2123bc6bfdef6f078af09a360abccab6b8f6aaad0b0655400a61f9f9b5
h3/out/rand150/RAND_CHEMBL4857658_agonist/seed_42/RAND_CHEMBL4857658_agonist_seed_42_sample_3_scores.json,1084699,c6d907ecb6466edc0c674e81f85ede7651af7901aa7b67ea061eba93edc6e7ad
h3/out/rand150/RAND_CHEMBL4857658_agonist/seed_42/RAND_CHEMBL4857658_agonist_seed_42_sample_4_scores.json,1083703,bbc57321ce6495c69fa4af9f984eab4126b2f19a947192875d3ab4e104825b47
h3/out/rand150/RAND_CHEMBL4857658_agonist/seed_42/RAND_CHEMBL4857658_agonist_seed_42_sample_5_scores.json,1085012,76a9d2008fc3d95f678c14719547ea6f239b1a5fdcd7fe75288dc36de075e6b5
h3/out/rand150/RAND_CHEMBL4861529_antagonist/seed_42/RAND_CHEMBL4861529_antagonist_seed_42_sample_1_scores.json,1189491,ad10f3f5a3ebef160262df6912b675575cf415cb727741125dfffce01bb53c02
h3/out/rand150/RAND_CHEMBL4861529_antagonist/seed_42/RAND_CHEMBL4861529_antagonist_seed_42_sample_2_scores.json,1189261,bfd95404239170bb38834af3c3d0d18e552675ef8170e6e89d71982315dbac50
h3/out/rand150/RAND_CHEMBL4861529_antagonist/seed_42/RAND_CHEMBL4861529_antagonist_seed_42_sample_3_scores.json,1188991,cd0b850b2ccc7247fe174d37955c6c47065606189e0961d27cf2eea926e5621d
h3/out/rand150/RAND_CHEMBL4861529_antagonist/seed_42/RAND_CHEMBL4861529_antagonist_seed_42_sample_4_scores.json,1188791,fc4f69e7f85b6c6dd3c86f2e1d565e1e37d4c23d06754c6ab7fd86ecfe08dfeb
h3/out/rand150/RAND_CHEMBL4861529_antagonist/seed_42/RAND_CHEMBL4861529_antagonist_seed_42_sample_5_scores.json,1188819,bc15cb4737a3a9d833d8ac8fd1caa73348ace169dd275eaa8cbcfbc716a28581
h3/out/rand150/RAND_CHEMBL4863122_agonist/seed_42/RAND_CHEMBL4863122_agonist_seed_42_sample_1_scores.json,1123065,ee75a0103c58c78a4baf7560b8a0b3f40950dcfed5f49c538087787dd529d28e
h3/out/rand150/RAND_CHEMBL4863122_agonist/seed_42/RAND_CHEMBL4863122_agonist_seed_42_sample_2_scores.json,1121263,c7bf4d13f290ea3c03da76c82e280e7e6840a2311bb52cd57d98560a8f52b95e
h3/out/rand150/RAND_CHEMBL4863122_agonist/seed_42/RAND_CHEMBL4863122_agonist_seed_42_sample_3_scores.json,1123859,8c6e06a62e095cd2534923ba3f067ab961a80f8f62b0b3e5887435ec2b9ecd1b
h3/out/rand150/RAND_CHEMBL4863122_agonist/seed_42/RAND_CHEMBL4863122_agonist_seed_42_sample_4_scores.json,1122516,cba3e9941c5550261baf441250173652bc0d2fdfea4bbdbee4f0d40fc3dbd8d1
h3/out/rand150/RAND_CHEMBL4863122_agonist/seed_42/RAND_CHEMBL4863122_agonist_seed_42_sample_5_scores.json,1121995,beff692f12c052b5e01c9f7661012fe6029efa5ee4e8e52561313b0bdd3ec7d9
h3/out/rand150/RAND_CHEMBL4866161_agonist/seed_42/RAND_CHEMBL4866161_agonist_seed_42_sample_1_scores.json,1130374,818a31104444551a10623cb89cffe1d04471df9d1686a1ef0fb3d3d3efbdf70b
h3/out/rand150/RAND_CHEMBL4866161_agonist/seed_42/RAND_CHEMBL4866161_agonist_seed_42_sample_2_scores.json,1133987,1391a8d3fb6d1d622ec15a9e26493ee6766b903c9449cfc1ca9f8a3a16f7420d
h3/out/rand150/RAND_CHEMBL4866161_agonist/seed_42/RAND_CHEMBL4866161_agonist_seed_42_sample_3_scores.json,1134409,4efe8f0abb1d90cf832bf7a9ae6285611fdd0eb9ca828d0f4162fbec18c230a4
h3/out/rand150/RAND_CHEMBL4866161_agonist/seed_42/RAND_CHEMBL4866161_agonist_seed_42_sample_4_scores.json,1134254,cfd386726702b3bd80eea763893ef5434e9233e8bdfbf2ad612cb3ae758f936c
h3/out/rand150/RAND_CHEMBL4866161_agonist/seed_42/RAND_CHEMBL4866161_agonist_seed_42_sample_5_scores.json,1134074,64f3db3140421ce389b5a27f23f4427bc4f58bc7fbcc3c093e4eeffa49e60154
h3/out/rand150/RAND_CHEMBL4868485_agonist/seed_42/RAND_CHEMBL4868485_agonist_seed_42_sample_1_scores.json,1131957,94d9ea4fc513d5c1d8d6b31e667b6985d14310720db7bc5a5851a84276e2e24e
h3/out/rand150/RAND_CHEMBL4868485_agonist/seed_42/RAND_CHEMBL4868485_agonist_seed_42_sample_2_scores.json,1130999,0a44448af74a3be2e7c09242e26c06ae25bdd7594cf1bec1379c301d931f80f4
h3/out/rand150/RAND_CHEMBL4868485_agonist/seed_42/RAND_CHEMBL4868485_agonist_seed_42_sample_3_scores.json,1132084,e19feee651f1763408db159bde9e58225abcbfb0226d48c32409dd1ec9d7e4f4
h3/out/rand150/RAND_CHEMBL4868485_agonist/seed_42/RAND_CHEMBL4868485_agonist_seed_42_sample_4_scores.json,1131676,38428982b73f1c8066111967110a27c17a72cf6ac02259d082096c85023dd32c
h3/out/rand150/RAND_CHEMBL4868485_agonist/seed_42/RAND_CHEMBL4868485_agonist_seed_42_sample_5_scores.json,1132176,353b5a842199ee50a33cd89fd6556adde9e6865ce0f8ee17cfa3c2e8e8bbbf8d
h3/out/rand150/RAND_CHEMBL4869567_agonist/seed_42/RAND_CHEMBL4869567_agonist_seed_42_sample_1_scores.json,1180747,983a6b78020b56a6f4dac24d94c751439b19bfb1aea5a7c629bf91f250ead4a6
h3/out/rand150/RAND_CHEMBL4869567_agonist/seed_42/RAND_CHEMBL4869567_agonist_seed_42_sample_2_scores.json,1180731,25bc68e272ff65874a5339a0c68aee31ed9b0c7440a1da41ba40d3b899031f34
h3/out/rand150/RAND_CHEMBL4869567_agonist/seed_42/RAND_CHEMBL4869567_agonist_seed_42_sample_3_scores.json,1180339,23a61cb2b0c57fd23ed1331bbcfddbc04218ffb460a4f94ea6e4a2e93ffa1684
h3/out/rand150/RAND_CHEMBL4869567_agonist/seed_42/RAND_CHEMBL4869567_agonist_seed_42_sample_4_scores.json,1178839,6e37ff77e8b16d048a700e8219a1d1b47e4e94ec94f093dbf53c829a0d283834
h3/out/rand150/RAND_CHEMBL4869567_agonist/seed_42/RAND_CHEMBL4869567_agonist_seed_42_sample_5_scores.json,1179885,25bc244fe828eaa29a3e235aa92952fcbec8fe275ad117394879458ce8f6d674
h3/out/rand150/RAND_CHEMBL4871691_agonist/seed_42/RAND_CHEMBL4871691_agonist_seed_42_sample_1_scores.json,1132259,d7ac1a1e5090f176e186d965278642e9d89ff1600c6592e3ff74f4daad0fbb30
h3/out/rand150/RAND_CHEMBL4871691_agonist/seed_42/RAND_CHEMBL4871691_agonist_seed_42_sample_2_scores.json,1131366,f9e19fccdfa84a423198cbc3a90d70827928eb8048c08e842ff8a06182196081
h3/out/rand150/RAND_CHEMBL4871691_agonist/seed_42/RAND_CHEMBL4871691_agonist_seed_42_sample_3_scores.json,1131987,ccffa5c48f1efea314dadc2d4cdc536927f23859db1d536e4b7a248a0796d000
h3/out/rand150/RAND_CHEMBL4871691_agonist/seed_42/RAND_CHEMBL4871691_agonist_seed_42_sample_4_scores.json,1131704,c9a5d12a7345f4a451a94146cddc55979ed54693a5034768190fd5cd18277c6e
h3/out/rand150/RAND_CHEMBL4871691_agonist/seed_42/RAND_CHEMBL4871691_agonist_seed_42_sample_5_scores.json,1132261,14761d97b40dbe729597596c93189e227b2c71f97de53be9f3ce76fb00c8ce49
h3/out/rand150/RAND_CHEMBL4874647_agonist/seed_42/RAND_CHEMBL4874647_agonist_seed_42_sample_1_scores.json,1113217,7596dadfb0a33459f241a527bcf02c484da85be32b27b171220d4c3a16c0c437
h3/out/rand150/RAND_CHEMBL4874647_agonist/seed_42/RAND_CHEMBL4874647_agonist_seed_42_sample_2_scores.json,1112344,3e9ffe71bc9a5521a6a0265acfff91e237797e1343c20236d188458c48e1a612
h3/out/rand150/RAND_CHEMBL4874647_agonist/seed_42/RAND_CHEMBL4874647_agonist_seed_42_sample_3_scores.json,1112975,1b47206e6a5b416356b9bde17dcf48c621db4ca359ec86d0d892568c064e4c36
h3/out/rand150/RAND_CHEMBL4874647_agonist/seed_42/RAND_CHEMBL4874647_agonist_seed_42_sample_4_scores.json,1113022,a577689c9ecc8f7bf8e8f1f5aa62847b7cff630e6e51dddf428d5b3c7e75fab1
h3/out/rand150/RAND_CHEMBL4874647_agonist/seed_42/RAND_CHEMBL4874647_agonist_seed_42_sample_5_scores.json,1112717,cae0b1002d682ab9a49ce428f42ec7c913a15d2f29b4c10768b14346dde18d94
h3/out/rand150/RAND_CHEMBL4876485_agonist/seed_42/RAND_CHEMBL4876485_agonist_seed_42_sample_1_scores.json,1083608,5d4b1794ce3dace47bed55a358293bf56a0754a5d2abb9108edb0dfd91e5c1b1
h3/out/rand150/RAND_CHEMBL4876485_agonist/seed_42/RAND_CHEMBL4876485_agonist_seed_42_sample_2_scores.json,1085758,211ec53cf8754b28437aac3948591dc248bcb293edc843c86715732fdebf0669
h3/out/rand150/RAND_CHEMBL4876485_agonist/seed_42/RAND_CHEMBL4876485_agonist_seed_42_sample_3_scores.json,1086815,ef547cb22e8834a7977aa5888875678fffc4c3955356eef11db4fe9dad362235
h3/out/rand150/RAND_CHEMBL4876485_agonist/seed_42/RAND_CHEMBL4876485_agonist_seed_42_sample_4_scores.json,1086592,6a73859a577099640e18d89d654fde3daeeeee4cdd6074de8dafd19cb9edac64
h3/out/rand150/RAND_CHEMBL4876485_agonist/seed_42/RAND_CHEMBL4876485_agonist_seed_42_sample_5_scores.json,1086309,1b1a21f4351439695d7667241a3c94e41490f1b77be61471e3803ed2c4a5796d
h3/out/rand150/RAND_CHEMBL4877008_agonist/seed_42/RAND_CHEMBL4877008_agonist_seed_42_sample_1_scores.json,1120925,98d17f48c46316653bb6a959b4ca4d821567b7787bb93cfbfb47926e5dd72bf6
h3/out/rand150/RAND_CHEMBL4877008_agonist/seed_42/RAND_CHEMBL4877008_agonist_seed_42_sample_2_scores.json,1119592,7c5da5d4135e261f9fdfd354305b676a00fcdeff3c2000f38242259bfa10dea3
h3/out/rand150/RAND_CHEMBL4877008_agonist/seed_42/RAND_CHEMBL4877008_agonist_seed_42_sample_3_scores.json,1120548,a66b0402203afa51544fe0448b9a1bc1f1d72f1ca45fab54c884061a273ea730
h3/out/rand150/RAND_CHEMBL4877008_agonist/seed_42/RAND_CHEMBL4877008_agonist_seed_42_sample_4_scores.json,1121202,6514099cfa6de3b6b04701d36f98c4a998007d26fe382e66649944f1a22c25a2
h3/out/rand150/RAND_CHEMBL4877008_agonist/seed_42/RAND_CHEMBL4877008_agonist_seed_42_sample_5_scores.json,1120387,e9623e6c3e8ede98d41ef90bd4b5899d5dee32087a3db66761bbcd54486ef4b5
h3/out/rand150/RAND_CHEMBL4878238_agonist/seed_42/RAND_CHEMBL4878238_agonist_seed_42_sample_1_scores.json,1122023,02a293bd5a0c03da8c01340895c53768baab650bcabbcbe27c836178d8c31a16
h3/out/rand150/RAND_CHEMBL4878238_agonist/seed_42/RAND_CHEMBL4878238_agonist_seed_42_sample_2_scores.json,1121114,518f33ffda9fd45e0c92470edfb03d462391dceef24174057019fb06cd8ea75c
h3/out/rand150/RAND_CHEMBL4878238_agonist/seed_42/RAND_CHEMBL4878238_agonist_seed_42_sample_3_scores.json,1122801,4771d493ca7adac25c0793fc4eb716c20d916f7d61163cc5bb5c38d69afe7c04
h3/out/rand150/RAND_CHEMBL4878238_agonist/seed_42/RAND_CHEMBL4878238_agonist_seed_42_sample_4_scores.json,1121894,d035fe413d632435e5b7ca9e7f743d708d569f11a4107e0d710d17c4c9c8f7dd
h3/out/rand150/RAND_CHEMBL4878238_agonist/seed_42/RAND_CHEMBL4878238_agonist_seed_42_sample_5_scores.json,1121287,4735b39c0ce7a1df665dabd982967d90c2d6e183b05898970290a443f2f1beea
h3/out/rand150/RAND_CHEMBL4878616_agonist/seed_42/RAND_CHEMBL4878616_agonist_seed_42_sample_1_scores.json,1122595,3091edddf2d965820046eac6db54de223cb7cf9252101aa41a542ecee052455b
h3/out/rand150/RAND_CHEMBL4878616_agonist/seed_42/RAND_CHEMBL4878616_agonist_seed_42_sample_2_scores.json,1124682,4cb50122e186b208e7e38f006a0cc18b90800a05444a9f7014f8cebef62f7600
h3/out/rand150/RAND_CHEMBL4878616_agonist/seed_42/RAND_CHEMBL4878616_agonist_seed_42_sample_3_scores.json,1124800,22d093a54622ffe930b266d4d4ad7caa422fa1d31d28fa89162e32036377126a
h3/out/rand150/RAND_CHEMBL4878616_agonist/seed_42/RAND_CHEMBL4878616_agonist_seed_42_sample_4_scores.json,1125054,c6f84a781b30277b581638f02bfccd95d96e196cacebe777629917ff642e4c40
h3/out/rand150/RAND_CHEMBL4878616_agonist/seed_42/RAND_CHEMBL4878616_agonist_seed_42_sample_5_scores.json,1124254,d06d129091adfebf917d0d0a2181900c8966d01c354169caaf141062126c0c50
h3/out/rand150/RAND_CHEMBL5075147_agonist/seed_42/RAND_CHEMBL5075147_agonist_seed_42_sample_1_scores.json,1085233,994f5c8527d34273091ee73e901d2fb76884758261bbf416e31fa2fdd9b74db8
h3/out/rand150/RAND_CHEMBL5075147_agonist/seed_42/RAND_CHEMBL5075147_agonist_seed_42_sample_2_scores.json,1084885,4ba7515b6c02b113aa7443d81228af075bf59b85eacfb2b52b643400b63c5e3c
h3/out/rand150/RAND_CHEMBL5075147_agonist/seed_42/RAND_CHEMBL5075147_agonist_seed_42_sample_3_scores.json,1085460,cc724f13ccea253ebde95207de2f4ff8befab29723ab775fd5173e0a59b22dce
h3/out/rand150/RAND_CHEMBL5075147_agonist/seed_42/RAND_CHEMBL5075147_agonist_seed_42_sample_4_scores.json,1085034,ae3d94aedf4b6fa80367e4993f0b935a4e52d127221a8aac448505923065c7af
h3/out/rand150/RAND_CHEMBL5075147_agonist/seed_42/RAND_CHEMBL5075147_agonist_seed_42_sample_5_scores.json,1085347,d1b8ee42ac0e4322ce9c0c06b5f749a8ad01cd9da8410f0f484dea0b41951e03
h3/out/rand150/RAND_CHEMBL5082726_agonist/seed_42/RAND_CHEMBL5082726_agonist_seed_42_sample_1_scores.json,1150844,d4b4c58097063922eb04378f4c4ed49665e593f25ab360efab74f5862f022460
h3/out/rand150/RAND_CHEMBL5082726_agonist/seed_42/RAND_CHEMBL5082726_agonist_seed_42_sample_2_scores.json,1150835,0af910eed0cfea32e0e78a2343898c7760be600442d032797c349ae988ce39f0
h3/out/rand150/RAND_CHEMBL5082726_agonist/seed_42/RAND_CHEMBL5082726_agonist_seed_42_sample_3_scores.json,1150807,3acadd47f38414f5a1c0a01a6a7fc8d9e364dca5b4297673815c547a46ec5c0b
h3/out/rand150/RAND_CHEMBL5082726_agonist/seed_42/RAND_CHEMBL5082726_agonist_seed_42_sample_4_scores.json,1150915,bf0b885420d5cb2e03a201daa9aec1014545b0bdb3b3cdc0809f292cca46514c
h3/out/rand150/RAND_CHEMBL5082726_agonist/seed_42/RAND_CHEMBL5082726_agonist_seed_42_sample_5_scores.json,1150785,9cd0aa308048c4d4d8d8db378dc099803be5c471646658225074aefa3c02fd07
h3/out/rand150/RAND_CHEMBL5085004_agonist/seed_42/RAND_CHEMBL5085004_agonist_seed_42_sample_1_scores.json,1098111,2ff7dc11b78926121e81c20e4a286cb3e14f355273f50a3c8b7cb282a7972103
h3/out/rand150/RAND_CHEMBL5085004_agonist/seed_42/RAND_CHEMBL5085004_agonist_seed_42_sample_2_scores.json,1096375,d44e27a84789aa7bca87a93fe185c963c96520c69362bd65207fb058eeb8f4b2
h3/out/rand150/RAND_CHEMBL5085004_agonist/seed_42/RAND_CHEMBL5085004_agonist_seed_42_sample_3_scores.json,1098152,0d76fb0bd71b8f1abd859fc9ec3a8183c68b7ec1528cc88f8f5528d97039e698
h3/out/rand150/RAND_CHEMBL5085004_agonist/seed_42/RAND_CHEMBL5085004_agonist_seed_42_sample_4_scores.json,1098377,1e672a1f9e6f6e98c39df2ad8f789f6725ca4124cd11a89bc347a862055aee9a
h3/out/rand150/RAND_CHEMBL5085004_agonist/seed_42/RAND_CHEMBL5085004_agonist_seed_42_sample_5_scores.json,1098514,5e20f6eb61e79641b5f71955856fb3026b8ebbdea1472ba181918b4a7ff7442b
h3/out/rand150/RAND_CHEMBL5086937_agonist/seed_42/RAND_CHEMBL5086937_agonist_seed_42_sample_1_scores.json,1067007,dcbff9afd68a245d56de492ab6db732ca20da2af52bde5e677c01ee0e4df8d67
h3/out/rand150/RAND_CHEMBL5086937_agonist/seed_42/RAND_CHEMBL5086937_agonist_seed_42_sample_2_scores.json,1065863,2533a9814aedbe7b7228a37047d57629c8155d2f0eeb329b3f283aab20bb8085
h3/out/rand150/RAND_CHEMBL5086937_agonist/seed_42/RAND_CHEMBL5086937_agonist_seed_42_sample_3_scores.json,1066413,e5f44c5c442da880652c2da39e77c6ce760cb2344c39e64f9a0fec2b4a172202
h3/out/rand150/RAND_CHEMBL5086937_agonist/seed_42/RAND_CHEMBL5086937_agonist_seed_42_sample_4_scores.json,1065886,ac586bbd05af580ea57de1345052828a6e2062ad39500badb313df3901508b33
h3/out/rand150/RAND_CHEMBL5086937_agonist/seed_42/RAND_CHEMBL5086937_agonist_seed_42_sample_5_scores.json,1066004,d6583958c0da719b080e9b21cec2807f97dabb1c1fa15f6d463071900d37cc8f
h3/out/rand150/RAND_CHEMBL5090647_agonist/seed_42/RAND_CHEMBL5090647_agonist_seed_42_sample_1_scores.json,1069609,b95425e3a9ff99e3588099a7b782cd5daa66acaa7a341025199fb4c0e1a902e8
h3/out/rand150/RAND_CHEMBL5090647_agonist/seed_42/RAND_CHEMBL5090647_agonist_seed_42_sample_2_scores.json,1069619,5be3419519cda33f71abd1bb4c6e0663b95c0fc50e811ede59f72c405e208c77
h3/out/rand150/RAND_CHEMBL5090647_agonist/seed_42/RAND_CHEMBL5090647_agonist_seed_42_sample_3_scores.json,1069868,d5b482dcee9bbbe930b4fc2a6bdfe07e57f9316bafd636bc12a07f257232558c
h3/out/rand150/RAND_CHEMBL5090647_agonist/seed_42/RAND_CHEMBL5090647_agonist_seed_42_sample_4_scores.json,1069754,9d90d9798016357a51176737ac15ac1cb905aa0ebb553f110114196ef074bda5
h3/out/rand150/RAND_CHEMBL5090647_agonist/seed_42/RAND_CHEMBL5090647_agonist_seed_42_sample_5_scores.json,1069695,230d4f320f088ce1917c7b0c4fc40d2075d8815f2479c9ad77b34e27b3dde617
h3/out/rand150/RAND_CHEMBL5091940_agonist/seed_42/RAND_CHEMBL5091940_agonist_seed_42_sample_1_scores.json,1084936,5f874e7a7b94dde27d23a47fe5f3827a57f685e7ebe61d15c3417ac9950b492c
h3/out/rand150/RAND_CHEMBL5091940_agonist/seed_42/RAND_CHEMBL5091940_agonist_seed_42_sample_2_scores.json,1084983,14723549517a6bb28107a7388a6b1b04bf0ef89a27d011c7acdbe4a9e89a1b57
h3/out/rand150/RAND_CHEMBL5091940_agonist/seed_42/RAND_CHEMBL5091940_agonist_seed_42_sample_3_scores.json,1085312,77b6ca3ef3da92069691284bc106be7ae29873669bf19730097939fc5483eeef
h3/out/rand150/RAND_CHEMBL5091940_agonist/seed_42/RAND_CHEMBL5091940_agonist_seed_42_sample_4_scores.json,1084643,269013d08ff54cad65437aa107f67ab33ac24e4201c6faf20b051c4150e4bfa5
h3/out/rand150/RAND_CHEMBL5091940_agonist/seed_42/RAND_CHEMBL5091940_agonist_seed_42_sample_5_scores.json,1085468,a475c6ee617b5553d4cdddd938799d7947bf91bb95440cb804798000abd1b7b9
h3/out/rand150/RAND_CHEMBL5177120_antagonist/seed_42/RAND_CHEMBL5177120_antagonist_seed_42_sample_1_scores.json,1080545,9d0b32232b4421acf21e2d56d65709806dd74814197364fe7c2d8bcef203cee1
h3/out/rand150/RAND_CHEMBL5177120_antagonist/seed_42/RAND_CHEMBL5177120_antagonist_seed_42_sample_2_scores.json,1080393,fcddf3996c15bd9fbee5e794d3a3b790b87c5c422475ff24a29195637b494653
h3/out/rand150/RAND_CHEMBL5177120_antagonist/seed_42/RAND_CHEMBL5177120_antagonist_seed_42_sample_3_scores.json,1080766,f36ac0a18b7d4a3e45bb9633b76ad4aae09e81c25e0425feedd6c31fef680bbc
h3/out/rand150/RAND_CHEMBL5177120_antagonist/seed_42/RAND_CHEMBL5177120_antagonist_seed_42_sample_4_scores.json,1080862,deb08598260d2d2ccbe35a177574daf155bcedc2eb625a4680dabe4a2ef133bb
h3/out/rand150/RAND_CHEMBL5177120_antagonist/seed_42/RAND_CHEMBL5177120_antagonist_seed_42_sample_5_scores.json,1080673,e25e369d699079418aa19b94b7eb69c398d29d1b4c52ddaf93db03406dcebe35
h3/out/rand150/RAND_CHEMBL5273235_antagonist/seed_42/RAND_CHEMBL5273235_antagonist_seed_42_sample_1_scores.json,1137066,215e81e9231264e5af4ffc9a274527feaa36fee2212a65a7624fed845faef751
h3/out/rand150/RAND_CHEMBL5273235_antagonist/seed_42/RAND_CHEMBL5273235_antagonist_seed_42_sample_2_scores.json,1140447,b5a69201fffd852a13a59f0c3729ce9d7ceb120a75fa076a237ac74e06543e7c
h3/out/rand150/RAND_CHEMBL5273235_antagonist/seed_42/RAND_CHEMBL5273235_antagonist_seed_42_sample_3_scores.json,1141134,e3608191c7a735b6b6d9df98d380ccf30c9a6a6677e4ca36516a38df191ff62b
h3/out/rand150/RAND_CHEMBL5273235_antagonist/seed_42/RAND_CHEMBL5273235_antagonist_seed_42_sample_4_scores.json,1140862,3fa36e8261015fb9fe3594b0f08a04d32494503a0209c0403c7e0e25f1ff85ea
h3/out/rand150/RAND_CHEMBL5273235_antagonist/seed_42/RAND_CHEMBL5273235_antagonist_seed_42_sample_5_scores.json,1136984,fd84a79e51736731946f87769783b4dd6a54797280276638aa6a55f4a9d240a7
h3/out/rand150/RAND_CHEMBL5289748_antagonist/seed_42/RAND_CHEMBL5289748_antagonist_seed_42_sample_1_scores.json,1146061,384e43212c24422b8be9f4561a7ff5199a58b9703c1319aeda2f4892b76cf972
h3/out/rand150/RAND_CHEMBL5289748_antagonist/seed_42/RAND_CHEMBL5289748_antagonist_seed_42_sample_2_scores.json,1145247,ddb3638f93ff1130a9194fbb1d775ec64f98c75b440a526e647d78652826c017
h3/out/rand150/RAND_CHEMBL5289748_antagonist/seed_42/RAND_CHEMBL5289748_antagonist_seed_42_sample_3_scores.json,1144722,80457d7a5de84d26b57317e15c6eb0653e5a6f231ff93c45f609061501340b5a
h3/out/rand150/RAND_CHEMBL5289748_antagonist/seed_42/RAND_CHEMBL5289748_antagonist_seed_42_sample_4_scores.json,1149180,7a1e5cae7513c16a1f1483e54760d0f7d3f0be24908333ae74470a132ebb7769
h3/out/rand150/RAND_CHEMBL5289748_antagonist/seed_42/RAND_CHEMBL5289748_antagonist_seed_42_sample_5_scores.json,1145586,5ae764655665df4b8f256963c68f7a3cd686ed19444e145f99905eafe4783326
h3/out/rand150/RAND_CHEMBL5410061_agonist/seed_42/RAND_CHEMBL5410061_agonist_seed_42_sample_1_scores.json,1099967,7278902ce5df92aa0949440d99fcfad2048a219475b1dea346357362ae23af05
h3/out/rand150/RAND_CHEMBL5410061_agonist/seed_42/RAND_CHEMBL5410061_agonist_seed_42_sample_2_scores.json,1098731,968df48f32a40c9df8e359c36d1de73e1048d4c7f04f1b91f6feef650f077e8e
h3/out/rand150/RAND_CHEMBL5410061_agonist/seed_42/RAND_CHEMBL5410061_agonist_seed_42_sample_3_scores.json,1100111,6de6217819deef8b30148032e54241276693190b792869f2484b5c9555a1ab72
h3/out/rand150/RAND_CHEMBL5410061_agonist/seed_42/RAND_CHEMBL5410061_agonist_seed_42_sample_4_scores.json,1099236,f51d6dcb0b19fb8cbb3be7ae7da113beeeda8efede67b4432dd6e9bdc28030ae
h3/out/rand150/RAND_CHEMBL5410061_agonist/seed_42/RAND_CHEMBL5410061_agonist_seed_42_sample_5_scores.json,1100378,52cdc8ebd63629595ad408f98b59b925f96985fed3e081000bddda62aa8b848a
h3/out/rand150/RAND_CHEMBL5410860_antagonist/seed_42/RAND_CHEMBL5410860_antagonist_seed_42_sample_1_scores.json,1096922,c7c5c7206f81a4e68cd896a6fe8a03751fb6dd88ece9185a9d8664e9dd964868
h3/out/rand150/RAND_CHEMBL5410860_antagonist/seed_42/RAND_CHEMBL5410860_antagonist_seed_42_sample_2_scores.json,1096781,2c98394bd6d4f4101a90db91a76c282410bbbf83df0098d2dc63db781e793ec8
h3/out/rand150/RAND_CHEMBL5410860_antagonist/seed_42/RAND_CHEMBL5410860_antagonist_seed_42_sample_3_scores.json,1097082,107c7b08793180f5f6b69c5605e099d5cc78adcc68e71730933856921cb05af0
h3/out/rand150/RAND_CHEMBL5410860_antagonist/seed_42/RAND_CHEMBL5410860_antagonist_seed_42_sample_4_scores.json,1097093,ac94b15c7ae4c12f59ae2bc8e503124fc2bbdc59d827b193eccaa1e1b779892d
h3/out/rand150/RAND_CHEMBL5410860_antagonist/seed_42/RAND_CHEMBL5410860_antagonist_seed_42_sample_5_scores.json,1096719,eb287f1239dfcce88a4bfef20e65b762db53177045835c14959e304a13e43200
h3/out/rand150/RAND_CHEMBL5429680_agonist/seed_42/RAND_CHEMBL5429680_agonist_seed_42_sample_1_scores.json,1104150,1f9fca7565e48dfe78591d93910cad6a12c63c96690ae458a2765b68e97e9449
h3/out/rand150/RAND_CHEMBL5429680_agonist/seed_42/RAND_CHEMBL5429680_agonist_seed_42_sample_2_scores.json,1103315,f97b947b6e43a8154d4f6b71f4884e231a8ceca138e6c5cd3d7aecec1695622a
h3/out/rand150/RAND_CHEMBL5429680_agonist/seed_42/RAND_CHEMBL5429680_agonist_seed_42_sample_3_scores.json,1103563,c46e5a8523f043b3d7248a37d545db7aa6ae57cfe07b4308982c2c69710f8fb3
h3/out/rand150/RAND_CHEMBL5429680_agonist/seed_42/RAND_CHEMBL5429680_agonist_seed_42_sample_4_scores.json,1104181,a6d28abae9a9b3ef94db3948ecbd5bd947af21ae528e7fd5f545f3a728599745
h3/out/rand150/RAND_CHEMBL5429680_agonist/seed_42/RAND_CHEMBL5429680_agonist_seed_42_sample_5_scores.json,1103923,e5946a82c679d27ceb2e4dd27b2a78bccae7b1b11401df65e5c4bbe5e58951d1
h3/out/rand150/RAND_CHEMBL5432279_agonist/seed_42/RAND_CHEMBL5432279_agonist_seed_42_sample_1_scores.json,1110996,5244ed4aa79b6e0bbc416d1d7e9df999525b149e5a1d163037fd79aa77c7c8dd
h3/out/rand150/RAND_CHEMBL5432279_agonist/seed_42/RAND_CHEMBL5432279_agonist_seed_42_sample_2_scores.json,1110950,1ce5413ed8d24fe7a0f6025ce3f0e8946082c99dc95db88145ad0ae524533a30
h3/out/rand150/RAND_CHEMBL5432279_agonist/seed_42/RAND_CHEMBL5432279_agonist_seed_42_sample_3_scores.json,1110838,9e3b948bb2820991e18a98a827f46f5bdc92a46bef66bddf3a5139650fdd359b
h3/out/rand150/RAND_CHEMBL5432279_agonist/seed_42/RAND_CHEMBL5432279_agonist_seed_42_sample_4_scores.json,1110754,3290b55ea2ebae18ad334212c89cef9428d3884c038736fe4d738b3c73a5b3ef
h3/out/rand150/RAND_CHEMBL5432279_agonist/seed_42/RAND_CHEMBL5432279_agonist_seed_42_sample_5_scores.json,1110798,9840f7d65fbdc10fac350a72e79738200bf7350f34db7bb5e6f604f57fa01cda
h3/out/rand150/RAND_CHEMBL5438539_agonist/seed_42/RAND_CHEMBL5438539_agonist_seed_42_sample_1_scores.json,1092675,f040b25cafc7e08a97b87af6daeb3eae2077ae7680304943d2c72698a6cf82cb
h3/out/rand150/RAND_CHEMBL5438539_agonist/seed_42/RAND_CHEMBL5438539_agonist_seed_42_sample_2_scores.json,1091088,cc0a4f83c9cab7505c32b1fb3370befe4f52310c1b3de2689d7412f5392e7531
h3/out/rand150/RAND_CHEMBL5438539_agonist/seed_42/RAND_CHEMBL5438539_agonist_seed_42_sample_3_scores.json,1091884,bad7a052656bddd66ab76b8facee845c2b6416ed2bfc954017434f5ede0443fd
h3/out/rand150/RAND_CHEMBL5438539_agonist/seed_42/RAND_CHEMBL5438539_agonist_seed_42_sample_4_scores.json,1090241,9cc0b85af9f338fea332fd62a72a3337b5ce545319e73c38181f87691c14b4c3
h3/out/rand150/RAND_CHEMBL5438539_agonist/seed_42/RAND_CHEMBL5438539_agonist_seed_42_sample_5_scores.json,1092435,f51530df3a376013ff8983d636ab650611263018dc1bf309a00cf215cc171d71
h3/out/rand150/RAND_CHEMBL5779116_antagonist/seed_42/RAND_CHEMBL5779116_antagonist_seed_42_sample_1_scores.json,1144010,12a8032b8786e23b68d005059f5c71e9036bc8793d2eb939dea7b91c3a7e66ed
h3/out/rand150/RAND_CHEMBL5779116_antagonist/seed_42/RAND_CHEMBL5779116_antagonist_seed_42_sample_2_scores.json,1143214,646af08cc456729473759ff5f2fea973e9355bebffa91535cbc20bea82ea9af2
h3/out/rand150/RAND_CHEMBL5779116_antagonist/seed_42/RAND_CHEMBL5779116_antagonist_seed_42_sample_3_scores.json,1144001,0a2975bccbbac9fd78158b6f61b7e0d3b6b9508f861f7b7406b1631652acd663
h3/out/rand150/RAND_CHEMBL5779116_antagonist/seed_42/RAND_CHEMBL5779116_antagonist_seed_42_sample_4_scores.json,1143585,02b684861b287c4813cd98dab05fd2fdca6d85be5075df7898fb4062e9df6c6f
h3/out/rand150/RAND_CHEMBL5779116_antagonist/seed_42/RAND_CHEMBL5779116_antagonist_seed_42_sample_5_scores.json,1143708,fda36c5143f4c8000c9a490cc584b66f3019e0f7ce99300cc66df50dba8b0103
h3/out/rand150/RAND_CHEMBL5780772_antagonist/seed_42/RAND_CHEMBL5780772_antagonist_seed_42_sample_1_scores.json,1121196,7b71feb128519a46a0855b9ee26871a56b56da1fb322b6cb6c829ac36f7abb75
h3/out/rand150/RAND_CHEMBL5780772_antagonist/seed_42/RAND_CHEMBL5780772_antagonist_seed_42_sample_2_scores.json,1120754,403cc409765e3ce54a9e88ec2c14c7970a0474159434392bef8f3023df58af6f
h3/out/rand150/RAND_CHEMBL5780772_antagonist/seed_42/RAND_CHEMBL5780772_antagonist_seed_42_sample_3_scores.json,1120402,548baf201ea72e0f77cb2b6860ab6cd9c4aac562603f1bbdb82f021ca7fd6dcf
h3/out/rand150/RAND_CHEMBL5780772_antagonist/seed_42/RAND_CHEMBL5780772_antagonist_seed_42_sample_4_scores.json,1120372,4a412cfa26074e5ba8ae388e25b021ab27f90859a5a739fdb745c752c3529364
h3/out/rand150/RAND_CHEMBL5780772_antagonist/seed_42/RAND_CHEMBL5780772_antagonist_seed_42_sample_5_scores.json,1120075,20cea3528b2ed7e3aecc97e202051bede3e87749880799efd655eb054ff0866c
h3/out/rand150/RAND_CHEMBL5785729_agonist/seed_42/RAND_CHEMBL5785729_agonist_seed_42_sample_1_scores.json,1108253,a95c018f346155b382a99850d85474d5e2b52411ff725cd0e868982fb9047a00
h3/out/rand150/RAND_CHEMBL5785729_agonist/seed_42/RAND_CHEMBL5785729_agonist_seed_42_sample_2_scores.json,1108123,0a8df5e26c1bfffd08afcc460e0db7be7cea0210daf50b78cab254f93212c3a3
h3/out/rand150/RAND_CHEMBL5785729_agonist/seed_42/RAND_CHEMBL5785729_agonist_seed_42_sample_3_scores.json,1108665,a1a1f1628ecc7bdcee02c2ce297e02c72af16a4c3e571359add8f58f35d6dd79
h3/out/rand150/RAND_CHEMBL5785729_agonist/seed_42/RAND_CHEMBL5785729_agonist_seed_42_sample_4_scores.json,1107132,47e48785662c8997332c3e0066e60331ceb2ecc5bbf0780b04f3f625e2f44607
h3/out/rand150/RAND_CHEMBL5785729_agonist/seed_42/RAND_CHEMBL5785729_agonist_seed_42_sample_5_scores.json,1106960,f3abc130ee4544179eb443a8f4a4a477427354310489b8dd2490a97706d10a88
h3/out/rand150/RAND_CHEMBL5794612_antagonist/seed_42/RAND_CHEMBL5794612_antagonist_seed_42_sample_1_scores.json,1141277,ddc91ad940e171c697a4aabe015932db4d70a47f04b41e532a696b0aeeb223ae
h3/out/rand150/RAND_CHEMBL5794612_antagonist/seed_42/RAND_CHEMBL5794612_antagonist_seed_42_sample_2_scores.json,1140637,b251c9f2c3119a8abe7e2cb87a900749570c43608e824d31c307feda1d4b23e1
h3/out/rand150/RAND_CHEMBL5794612_antagonist/seed_42/RAND_CHEMBL5794612_antagonist_seed_42_sample_3_scores.json,1141216,6f6f7e322d5b2dd8f66aa1c2475907eb19b53dc14c60c1dd5d2c990fead25872
h3/out/rand150/RAND_CHEMBL5794612_antagonist/seed_42/RAND_CHEMBL5794612_antagonist_seed_42_sample_4_scores.json,1141188,cb75a3e6a7adbb274a03b5e78c692c92ced61681dbd74edbcd6b625b86f7509f
h3/out/rand150/RAND_CHEMBL5794612_antagonist/seed_42/RAND_CHEMBL5794612_antagonist_seed_42_sample_5_scores.json,1139639,52b023a2bc4b9b322c16268974fa48d4c2b2b5ff381b5593cd9d1a06f28ccf18
h3/out/rand150/RAND_CHEMBL5803336_agonist/seed_42/RAND_CHEMBL5803336_agonist_seed_42_sample_1_scores.json,1040987,bc98ee9c13a2c760277f3aa5e0622e1d24834d21cf365153fbec5f7a3230cfd4
h3/out/rand150/RAND_CHEMBL5803336_agonist/seed_42/RAND_CHEMBL5803336_agonist_seed_42_sample_2_scores.json,1041328,001c65a9d151a3da72cd73a10819c97d26c34832a1a0fb704c530af1c9a14bb8
h3/out/rand150/RAND_CHEMBL5803336_agonist/seed_42/RAND_CHEMBL5803336_agonist_seed_42_sample_3_scores.json,1035867,81560ec3c4ba459cf7179c452d0ca7966bf7ddddce0b46b2ca0001b5788331b7
h3/out/rand150/RAND_CHEMBL5803336_agonist/seed_42/RAND_CHEMBL5803336_agonist_seed_42_sample_4_scores.json,1041215,8d521e42c232b2afd92652305d640ccadede04b06ca1053d5cfdd5a2a1edbf3a
h3/out/rand150/RAND_CHEMBL5803336_agonist/seed_42/RAND_CHEMBL5803336_agonist_seed_42_sample_5_scores.json,1036708,8bfe9392abdbbdfd4d2be635f0692174ebaf5122286cc9cb016a286942ad0a94
h3/out/rand150/RAND_CHEMBL5805510_antagonist/seed_42/RAND_CHEMBL5805510_antagonist_seed_42_sample_1_scores.json,1146409,872ddb5bd2bb060a7e32c366adf2aa3e5abc2b98b90bf79ad9b15d7784f5e46f
h3/out/rand150/RAND_CHEMBL5805510_antagonist/seed_42/RAND_CHEMBL5805510_antagonist_seed_42_sample_2_scores.json,1150674,da80a55d2f9da271e857adb164da9b7e5e952fb8797e503fea601e5455fb58d2
h3/out/rand150/RAND_CHEMBL5805510_antagonist/seed_42/RAND_CHEMBL5805510_antagonist_seed_42_sample_3_scores.json,1150788,19ea9cbc0e079d0c5a348bda75dd15083b229c9d5cb22660475a222712dbf57c
h3/out/rand150/RAND_CHEMBL5805510_antagonist/seed_42/RAND_CHEMBL5805510_antagonist_seed_42_sample_4_scores.json,1150531,3d59b78d530834a6adcffce5d339ce4d91107d7d16ee0fc96f2957da2594d553
h3/out/rand150/RAND_CHEMBL5805510_antagonist/seed_42/RAND_CHEMBL5805510_antagonist_seed_42_sample_5_scores.json,1147189,4d432439fd115ec7646b7ad36623b365f74b6b4b4ada60963620c90ca35610ce
h3/out/rand150/RAND_CHEMBL5808033_antagonist/seed_42/RAND_CHEMBL5808033_antagonist_seed_42_sample_1_scores.json,1172919,ae74150b34e6a18972348e8f2915d46429e61a28252ef17b6100ccdd169af5a8
h3/out/rand150/RAND_CHEMBL5808033_antagonist/seed_42/RAND_CHEMBL5808033_antagonist_seed_42_sample_2_scores.json,1172509,28fc3b0601b862d6384e7cd0cb0d86149e168290f2c8680da6e4a0a9e752cab0
h3/out/rand150/RAND_CHEMBL5808033_antagonist/seed_42/RAND_CHEMBL5808033_antagonist_seed_42_sample_3_scores.json,1172766,7a89c3d3c4b5cdf530c9a2196e13d64c0c0007a73f0d0538221ae0458fc8ab1b
h3/out/rand150/RAND_CHEMBL5808033_antagonist/seed_42/RAND_CHEMBL5808033_antagonist_seed_42_sample_4_scores.json,1172816,1d51790337d6466c3d0ec55c8c1ceac4c22444cb4a6e3b0578f3bb0bcbfb33d3
h3/out/rand150/RAND_CHEMBL5808033_antagonist/seed_42/RAND_CHEMBL5808033_antagonist_seed_42_sample_5_scores.json,1172510,575e14633272185627122325d32b11128afd40181690e65300311b8443b13198
h3/out/rand150/RAND_CHEMBL5813818_antagonist/seed_42/RAND_CHEMBL5813818_antagonist_seed_42_sample_1_scores.json,1141102,8382ae93849d3144d84aa6b35b014ae030bcead6a2b7b75c2563becd6759c1b6
h3/out/rand150/RAND_CHEMBL5813818_antagonist/seed_42/RAND_CHEMBL5813818_antagonist_seed_42_sample_2_scores.json,1140588,7434ca990348afc9d65b3d0967a572b0ec101fed3a7486fcbc76f7635de3f48e
h3/out/rand150/RAND_CHEMBL5813818_antagonist/seed_42/RAND_CHEMBL5813818_antagonist_seed_42_sample_3_scores.json,1140875,d0be03b128bfe1c0650e5528fd32d44a7af9707dddb7b4ec2b5404b21601e078
h3/out/rand150/RAND_CHEMBL5813818_antagonist/seed_42/RAND_CHEMBL5813818_antagonist_seed_42_sample_4_scores.json,1140892,19ac4a3436e939bb045e897243d5de2aebc4338468195b6ee931b1b14e876410
h3/out/rand150/RAND_CHEMBL5813818_antagonist/seed_42/RAND_CHEMBL5813818_antagonist_seed_42_sample_5_scores.json,1139532,b92d490a455bd737c565251fe1e7f1000e0d1ff5a47afdc94a76aafe424629be
h3/out/rand150/RAND_CHEMBL5825349_agonist/seed_42/RAND_CHEMBL5825349_agonist_seed_42_sample_1_scores.json,1082874,ed6426dbed854da67de881e1189bf6a4392ec389379acad6d518b3c67349ef2c
h3/out/rand150/RAND_CHEMBL5825349_agonist/seed_42/RAND_CHEMBL5825349_agonist_seed_42_sample_2_scores.json,1082700,6be667616312c63a5c5822b5455df46a514f3a24aefb6c5bee7bcc4c8c4508c7
h3/out/rand150/RAND_CHEMBL5825349_agonist/seed_42/RAND_CHEMBL5825349_agonist_seed_42_sample_3_scores.json,1082471,3afaa8824f19ce4dd34f22ecfd8dd1fb97b50f5372e06cb3d03e8ec1071026aa
h3/out/rand150/RAND_CHEMBL5825349_agonist/seed_42/RAND_CHEMBL5825349_agonist_seed_42_sample_4_scores.json,1082737,8c2d1e62a54d39cafaff7acc0a65698eda8ff4dc01d2d5482e6aba2524312210
h3/out/rand150/RAND_CHEMBL5825349_agonist/seed_42/RAND_CHEMBL5825349_agonist_seed_42_sample_5_scores.json,1083733,91b46bbb8fe85a135146e5069009e88f96e0eaca36ccb5ff74326d97fd720b21
h3/out/rand150/RAND_CHEMBL5832803_antagonist/seed_42/RAND_CHEMBL5832803_antagonist_seed_42_sample_1_scores.json,1135631,80730ba6bd441ab452ab4d8590f52b77c00b76bd04e7414f9c413751b98f474a
h3/out/rand150/RAND_CHEMBL5832803_antagonist/seed_42/RAND_CHEMBL5832803_antagonist_seed_42_sample_2_scores.json,1135700,e94f50825b80aa2ab6596f8b6366198b73b4701decdfd089d36cfcc90d17904a
h3/out/rand150/RAND_CHEMBL5832803_antagonist/seed_42/RAND_CHEMBL5832803_antagonist_seed_42_sample_3_scores.json,1135319,145b0d07bd7ed6d72ac88e36b1f298c1ce7c5eda5a78c5c594336257140bd0f3
h3/out/rand150/RAND_CHEMBL5832803_antagonist/seed_42/RAND_CHEMBL5832803_antagonist_seed_42_sample_4_scores.json,1135631,8c3b8d5427250c1a6ce9d5c399be39a5546fce97cbcd3e91b40ed1b4ce538d2c
h3/out/rand150/RAND_CHEMBL5832803_antagonist/seed_42/RAND_CHEMBL5832803_antagonist_seed_42_sample_5_scores.json,1135460,d72e2899f7340808349c2556457627b70c33839c6754572bd22ae302596ca6af
h3/out/rand150/RAND_CHEMBL5834289_antagonist/seed_42/RAND_CHEMBL5834289_antagonist_seed_42_sample_1_scores.json,1127874,6f8517ac68dba23fe963254de37d3e5754d1517666a0245774091a6667161846
h3/out/rand150/RAND_CHEMBL5834289_antagonist/seed_42/RAND_CHEMBL5834289_antagonist_seed_42_sample_2_scores.json,1127940,2092dfaac2d7c686ed16955f5a71047bc7ce4f39bb8deb6e304d22832b0c17b3
h3/out/rand150/RAND_CHEMBL5834289_antagonist/seed_42/RAND_CHEMBL5834289_antagonist_seed_42_sample_3_scores.json,1127673,c80aef335dca2f481a4e6e24d57b2084959ea9fe9ab8927e945b1562b8771539
h3/out/rand150/RAND_CHEMBL5834289_antagonist/seed_42/RAND_CHEMBL5834289_antagonist_seed_42_sample_4_scores.json,1128022,d8251cfab2ea7f6e3fc8bbaed554b439bd1c8d50c135d9047ea8b6650ca92c04
h3/out/rand150/RAND_CHEMBL5834289_antagonist/seed_42/RAND_CHEMBL5834289_antagonist_seed_42_sample_5_scores.json,1127817,d6c3e730807e5bd1b2bde299841d7c9bcec8e877c2d99a72cce7015435239489
h3/out/rand150/RAND_CHEMBL5836020_antagonist/seed_42/RAND_CHEMBL5836020_antagonist_seed_42_sample_1_scores.json,1168726,c024bc9833f68c4e1820be49614cd3d0fbf8cdaee9d312169514468f4518f57c
h3/out/rand150/RAND_CHEMBL5836020_antagonist/seed_42/RAND_CHEMBL5836020_antagonist_seed_42_sample_2_scores.json,1168910,ac246ab5909e9cd6bd24f818585d8e0c404cda68d805baeff5abcdb061ea4c53
h3/out/rand150/RAND_CHEMBL5836020_antagonist/seed_42/RAND_CHEMBL5836020_antagonist_seed_42_sample_3_scores.json,1170746,ba78c4f255932c7ca1e8bdd55104333898ae49c2d2bb4467f50d6871764d3e83
h3/out/rand150/RAND_CHEMBL5836020_antagonist/seed_42/RAND_CHEMBL5836020_antagonist_seed_42_sample_4_scores.json,1169096,32208984b9fa9f8715c84086031c1785821a0d6b877a6650a75135b5ca09717e
h3/out/rand150/RAND_CHEMBL5836020_antagonist/seed_42/RAND_CHEMBL5836020_antagonist_seed_42_sample_5_scores.json,1168533,afe80f48c57a5b18035a969c189c988f5989967ef04344afb77917c41914e484
h3/out/rand150/RAND_CHEMBL5839073_antagonist/seed_42/RAND_CHEMBL5839073_antagonist_seed_42_sample_1_scores.json,1171467,b14f3dc8d076cd9b60f05433e2726838a75749ed35fbf91ef0d7e9f84d52d8eb
h3/out/rand150/RAND_CHEMBL5839073_antagonist/seed_42/RAND_CHEMBL5839073_antagonist_seed_42_sample_2_scores.json,1171004,ae081945c363d4cdf70d137c6d631a560f55655326f64702d1fe9e367a3c7f24
h3/out/rand150/RAND_CHEMBL5839073_antagonist/seed_42/RAND_CHEMBL5839073_antagonist_seed_42_sample_3_scores.json,1174169,c9e7cf9964f76a6ce7e58bd5ccae76258bb62048914acc3b463e20d922f51251
h3/out/rand150/RAND_CHEMBL5839073_antagonist/seed_42/RAND_CHEMBL5839073_antagonist_seed_42_sample_4_scores.json,1174157,38571a36e1ad7e8cc1ffb401971e797d7172ecbc75c21f97bc973cd8051cf280
h3/out/rand150/RAND_CHEMBL5839073_antagonist/seed_42/RAND_CHEMBL5839073_antagonist_seed_42_sample_5_scores.json,1169394,2f59c7cc89b3c2bbd1871d451be701312e0bacca0282b84076dc98a13d4c3c84
h3/out/rand150/RAND_CHEMBL5850461_agonist/seed_42/RAND_CHEMBL5850461_agonist_seed_42_sample_1_scores.json,1153170,08036c0bce12ecdd6157c2d965ee2f3e255b6cebc86363d188fe395f72e0ed8b
h3/out/rand150/RAND_CHEMBL5850461_agonist/seed_42/RAND_CHEMBL5850461_agonist_seed_42_sample_2_scores.json,1153803,bc12738b727cbea4a9709e4dc439480b4e99bfba0101bc67b8a5da31d72660b6
h3/out/rand150/RAND_CHEMBL5850461_agonist/seed_42/RAND_CHEMBL5850461_agonist_seed_42_sample_3_scores.json,1154236,2f5fab978558feab29de91fbc09410945c7153019a6d31b9fcf2d7c4fc86056a
h3/out/rand150/RAND_CHEMBL5850461_agonist/seed_42/RAND_CHEMBL5850461_agonist_seed_42_sample_4_scores.json,1153837,cc363a040baa41ea7bac3b01122e700e7c3b07a55616e0600172b72c5cc75322
h3/out/rand150/RAND_CHEMBL5850461_agonist/seed_42/RAND_CHEMBL5850461_agonist_seed_42_sample_5_scores.json,1153795,f25c3c3f7717de7116a854ff4fb9b65c4bc23396a5f8406b5a292be1d86c3196
h3/out/rand150/RAND_CHEMBL5859429_antagonist/seed_42/RAND_CHEMBL5859429_antagonist_seed_42_sample_1_scores.json,1213517,eb4d58ecbd4c572890229443675442ba32ddc82fa4e918aee1b082c76ac15d1e
h3/out/rand150/RAND_CHEMBL5859429_antagonist/seed_42/RAND_CHEMBL5859429_antagonist_seed_42_sample_2_scores.json,1212011,997e3da49638fb75217c93be433565bd8e2e86f47b2310c6f9899b2d4b335cb7
h3/out/rand150/RAND_CHEMBL5859429_antagonist/seed_42/RAND_CHEMBL5859429_antagonist_seed_42_sample_3_scores.json,1213183,c5ba807bc05f3cfe85364faeeabf4d8a1ed4d89614c2b309ba0f4f5d2fe42a31
h3/out/rand150/RAND_CHEMBL5859429_antagonist/seed_42/RAND_CHEMBL5859429_antagonist_seed_42_sample_4_scores.json,1212041,d52c8baff45e1482c90edead339c1f2c722f10adc6ac3213add0f476e9b3b431
h3/out/rand150/RAND_CHEMBL5859429_antagonist/seed_42/RAND_CHEMBL5859429_antagonist_seed_42_sample_5_scores.json,1211825,498836baad7eb5ef71b7123d4ef3da0e71abc8f66b2ecf1ae89e3cf7e3ec1560
h3/out/rand150/RAND_CHEMBL5867090_antagonist/seed_42/RAND_CHEMBL5867090_antagonist_seed_42_sample_1_scores.json,1080423,e5433300c57e605381aa5177c85fb36ec2c972d6039d0ca1a0be18e825fad0d7
h3/out/rand150/RAND_CHEMBL5867090_antagonist/seed_42/RAND_CHEMBL5867090_antagonist_seed_42_sample_2_scores.json,1080299,267866bc7092fee55c04d2abd5f3ed877c0e75c025333e9c07c7d9390627d0d1
h3/out/rand150/RAND_CHEMBL5867090_antagonist/seed_42/RAND_CHEMBL5867090_antagonist_seed_42_sample_3_scores.json,1080286,ee39bc87c43e0a51c66fd566a238de0662a2690914a790fc337f4e09ebf8aa21
h3/out/rand150/RAND_CHEMBL5867090_antagonist/seed_42/RAND_CHEMBL5867090_antagonist_seed_42_sample_4_scores.json,1080506,7bcff73b5d189f0590e0c4a135e3c1d13401a15faffef22c9b9f2b704c84c4f9
h3/out/rand150/RAND_CHEMBL5867090_antagonist/seed_42/RAND_CHEMBL5867090_antagonist_seed_42_sample_5_scores.json,1080577,1f6852bc1afe3e837a0110528412a8fadb023cc937d4d10551990e0c38cb4f86
h3/out/rand150/RAND_CHEMBL5867540_antagonist/seed_42/RAND_CHEMBL5867540_antagonist_seed_42_sample_1_scores.json,1169170,375133590ade2fcb21b5e8a0afc10c6b261f1395aafe70d9edcf752cf8db6627
h3/out/rand150/RAND_CHEMBL5867540_antagonist/seed_42/RAND_CHEMBL5867540_antagonist_seed_42_sample_2_scores.json,1169068,dc6e1ed7a19bf223ae7b97f686bc9983ed9bb6660fbb7ba602daeb6df06b77bf
h3/out/rand150/RAND_CHEMBL5867540_antagonist/seed_42/RAND_CHEMBL5867540_antagonist_seed_42_sample_3_scores.json,1169185,56cf69027c6dad484473c502d2f5c7c51b65b22c0440a4feed7e9cba146ac689
h3/out/rand150/RAND_CHEMBL5867540_antagonist/seed_42/RAND_CHEMBL5867540_antagonist_seed_42_sample_4_scores.json,1169041,3f4b69028801d8804070742c59952a4b2ee2224816f5f02cfab82567d7cda0ad
h3/out/rand150/RAND_CHEMBL5867540_antagonist/seed_42/RAND_CHEMBL5867540_antagonist_seed_42_sample_5_scores.json,1168843,bfdc9e6f608bd03d150ccceba42ba20150a1d20c93bd080fdf46d5fc01030834
h3/out/rand150/RAND_CHEMBL5867825_agonist/seed_42/RAND_CHEMBL5867825_agonist_seed_42_sample_1_scores.json,1124889,05696638b18d7b50c51a76344c83aa0393d0b6f511a0a7859b1e148c38e33f9f
h3/out/rand150/RAND_CHEMBL5867825_agonist/seed_42/RAND_CHEMBL5867825_agonist_seed_42_sample_2_scores.json,1123914,5bc9ef62a3fc0d313988ea0c33c782ce6b8a9d9180c73629a76758ac30666f3c
h3/out/rand150/RAND_CHEMBL5867825_agonist/seed_42/RAND_CHEMBL5867825_agonist_seed_42_sample_3_scores.json,1124111,743e646ec701913fd900720eb6347baf67eb3a7d5798ccf4be6a88c4996522f4
h3/out/rand150/RAND_CHEMBL5867825_agonist/seed_42/RAND_CHEMBL5867825_agonist_seed_42_sample_4_scores.json,1124882,8d96156d2debfa4bd3afb1268f72be177bfae0bbba0802932fffc7aa939cf963
h3/out/rand150/RAND_CHEMBL5867825_agonist/seed_42/RAND_CHEMBL5867825_agonist_seed_42_sample_5_scores.json,1124151,a8bd53a15d4e340a8df0e299cbf0168d536dfd3842c49c07fbcd7f92b467a71a
h3/out/rand150/RAND_CHEMBL5875081_antagonist/seed_42/RAND_CHEMBL5875081_antagonist_seed_42_sample_1_scores.json,1174000,2c5046b2c8c7ced60035830458936dd9f12958a32e010a3f65e0adde7c92bee9
h3/out/rand150/RAND_CHEMBL5875081_antagonist/seed_42/RAND_CHEMBL5875081_antagonist_seed_42_sample_2_scores.json,1173307,c206dc14f40897329ed1c1bb95e84d573ea3e7c61c74208363363a8c3b27a33d
h3/out/rand150/RAND_CHEMBL5875081_antagonist/seed_42/RAND_CHEMBL5875081_antagonist_seed_42_sample_3_scores.json,1173420,f739691dac49e78513f241ebd8f2c79800adef1e32018ad4c912711f72b0bb97
h3/out/rand150/RAND_CHEMBL5875081_antagonist/seed_42/RAND_CHEMBL5875081_antagonist_seed_42_sample_4_scores.json,1173387,4bce780dc2021828eda828818b7239319666c397f27411dab07716d9f55329af
h3/out/rand150/RAND_CHEMBL5875081_antagonist/seed_42/RAND_CHEMBL5875081_antagonist_seed_42_sample_5_scores.json,1173157,d25434fb2c4c71304fc70ab93057613258ce1933da79f6a4bb6604696df8912b
h3/out/rand150/RAND_CHEMBL5875331_antagonist/seed_42/RAND_CHEMBL5875331_antagonist_seed_42_sample_1_scores.json,1163606,e00a73f0e23b7a26389475aa12cfbb331aecfeee22478264b3cd0a633a3a64f3
h3/out/rand150/RAND_CHEMBL5875331_antagonist/seed_42/RAND_CHEMBL5875331_antagonist_seed_42_sample_2_scores.json,1162388,2a6a6e829f0f89aefea7aa825ebade2446c4fa387ccfdd31f330d96fca4180e3
h3/out/rand150/RAND_CHEMBL5875331_antagonist/seed_42/RAND_CHEMBL5875331_antagonist_seed_42_sample_3_scores.json,1169321,8020a2663e402041cea6da4f945d5fc9b7faecbfe3741e5f8aca2b510bf3dbad
h3/out/rand150/RAND_CHEMBL5875331_antagonist/seed_42/RAND_CHEMBL5875331_antagonist_seed_42_sample_4_scores.json,1162489,b2be0359862920989c82ddf2d44d26fedf315e243159cf493f42cea6a6f747ad
h3/out/rand150/RAND_CHEMBL5875331_antagonist/seed_42/RAND_CHEMBL5875331_antagonist_seed_42_sample_5_scores.json,1163622,1325f0dca104b6e61a61ce386466a5535a4e78da56a88046aa737cf43b13f103
h3/out/rand150/RAND_CHEMBL5877834_antagonist/seed_42/RAND_CHEMBL5877834_antagonist_seed_42_sample_1_scores.json,1152604,ec029f66464e55598bdd1684b705b3c79f8629e151f8d8341f4c72bd0ad92af3
h3/out/rand150/RAND_CHEMBL5877834_antagonist/seed_42/RAND_CHEMBL5877834_antagonist_seed_42_sample_2_scores.json,1151998,6a0b7846b30c02bd62cae244278586660bb28243baff97af0afcb9ba7a123373
h3/out/rand150/RAND_CHEMBL5877834_antagonist/seed_42/RAND_CHEMBL5877834_antagonist_seed_42_sample_3_scores.json,1153482,e898e0bdf06bf257fcea7c926688781fe56e7a9a287d2adbbf07831b28377126
h3/out/rand150/RAND_CHEMBL5877834_antagonist/seed_42/RAND_CHEMBL5877834_antagonist_seed_42_sample_4_scores.json,1152763,3c834e2fcb634ec1b46ee85d6b30b50126bbaeba18efdcf44a66b6c2ae99d4f2
h3/out/rand150/RAND_CHEMBL5877834_antagonist/seed_42/RAND_CHEMBL5877834_antagonist_seed_42_sample_5_scores.json,1155228,45eef0fe17bdda0961b5975a79f84756fe44c753aa33fe02a245b807d9b22e62
h3/out/rand150/RAND_CHEMBL5880263_antagonist/seed_42/RAND_CHEMBL5880263_antagonist_seed_42_sample_1_scores.json,1120407,481019cbb4934226bda4b33e72af61985217f662915ffd8bc39e33f55965cdb7
h3/out/rand150/RAND_CHEMBL5880263_antagonist/seed_42/RAND_CHEMBL5880263_antagonist_seed_42_sample_2_scores.json,1120578,5e951e2ca2ced95d472525f07b997f27a9675888dbbd0e05d7aeb58d57443738
h3/out/rand150/RAND_CHEMBL5880263_antagonist/seed_42/RAND_CHEMBL5880263_antagonist_seed_42_sample_3_scores.json,1120101,6d590663d2c6952aad409fb48c492859ae6bec048dbad1e448630f5ba34e5c9a
h3/out/rand150/RAND_CHEMBL5880263_antagonist/seed_42/RAND_CHEMBL5880263_antagonist_seed_42_sample_4_scores.json,1120074,a2149168aa751e06ab32cb6c7eeae9853cc55c05cf6f49f32b86e1d0b566884d
h3/out/rand150/RAND_CHEMBL5880263_antagonist/seed_42/RAND_CHEMBL5880263_antagonist_seed_42_sample_5_scores.json,1120036,b29aff5d1c1cc0a411449fc9e6dd97e90393735525ebbd65aaae0abc988d1999
h3/out/rand150/RAND_CHEMBL5880489_antagonist/seed_42/RAND_CHEMBL5880489_antagonist_seed_42_sample_1_scores.json,1153086,73438a658fc86a9ff1b79a79e0e57c622dda1393f553d50e36d2d3a96a95ea3c
h3/out/rand150/RAND_CHEMBL5880489_antagonist/seed_42/RAND_CHEMBL5880489_antagonist_seed_42_sample_2_scores.json,1155198,03023e50e6c350b4363f9ded8719bab3d276aaa57b9eef36e4828109fccd9175
h3/out/rand150/RAND_CHEMBL5880489_antagonist/seed_42/RAND_CHEMBL5880489_antagonist_seed_42_sample_3_scores.json,1155951,80f07817f12887d4faa5c45047e9a42e9799c333c7d740456025f974de8037f2
h3/out/rand150/RAND_CHEMBL5880489_antagonist/seed_42/RAND_CHEMBL5880489_antagonist_seed_42_sample_4_scores.json,1155643,b2fe2b384e8922da90fef060be704aa7cb29de4ee118b75da0c83259bcf444c4
h3/out/rand150/RAND_CHEMBL5880489_antagonist/seed_42/RAND_CHEMBL5880489_antagonist_seed_42_sample_5_scores.json,1153111,3840103e2ffc093e798ee96fb0c30db1b9ac9620c2c30c6f017d898dbd096727
h3/out/rand150/RAND_CHEMBL5890977_antagonist/seed_42/RAND_CHEMBL5890977_antagonist_seed_42_sample_1_scores.json,1139809,1f10258e35076302bb7099d86f2b97ad5c52e093fed271ba0e3544ba63fdf4a3
h3/out/rand150/RAND_CHEMBL5890977_antagonist/seed_42/RAND_CHEMBL5890977_antagonist_seed_42_sample_2_scores.json,1144633,2d863871819858943987d40dd511a3d7e137356cb8001a40a6965133e1fb155b
h3/out/rand150/RAND_CHEMBL5890977_antagonist/seed_42/RAND_CHEMBL5890977_antagonist_seed_42_sample_3_scores.json,1144963,ad63af2bf9e22a33bcb8ee4a224a4c49254e8f77027b2647ea34ebc145ad8eef
h3/out/rand150/RAND_CHEMBL5890977_antagonist/seed_42/RAND_CHEMBL5890977_antagonist_seed_42_sample_4_scores.json,1144646,a51d4efde174814d78aa0c7dd240f7d5437c73c6fd1838138dbd9a15f2e2a277
h3/out/rand150/RAND_CHEMBL5890977_antagonist/seed_42/RAND_CHEMBL5890977_antagonist_seed_42_sample_5_scores.json,1138667,281f428ea4fac5ed1b5f6a04e2b8442b11c33c6f88bb922453c2ed3895a8c822
h3/out/rand150/RAND_CHEMBL5892069_agonist/seed_42/RAND_CHEMBL5892069_agonist_seed_42_sample_1_scores.json,1146282,183344d074f1566ddef8469c88660606a6c97b5d3a51768011cd10ebd10bd1ad
h3/out/rand150/RAND_CHEMBL5892069_agonist/seed_42/RAND_CHEMBL5892069_agonist_seed_42_sample_2_scores.json,1147102,88dafbcaf2fbbf28e5f10f09b1d26721d00415f60844058a52f163d286725be5
h3/out/rand150/RAND_CHEMBL5892069_agonist/seed_42/RAND_CHEMBL5892069_agonist_seed_42_sample_3_scores.json,1146192,a588e58bdf3a3c323518cfdd982bf3100b99b69ff974a078203eea9e61dd1e31
h3/out/rand150/RAND_CHEMBL5892069_agonist/seed_42/RAND_CHEMBL5892069_agonist_seed_42_sample_4_scores.json,1147091,ccdd015a8d8dca58b837f1e92e229da38a1c08395bab21af336e10e3e0c638c8
h3/out/rand150/RAND_CHEMBL5892069_agonist/seed_42/RAND_CHEMBL5892069_agonist_seed_42_sample_5_scores.json,1146674,210d9bdf0bb4d97564ef83023665ea580ea5d3f2e7a9487858d0dfd900360dec
h3/out/rand150/RAND_CHEMBL5897451_antagonist/seed_42/RAND_CHEMBL5897451_antagonist_seed_42_sample_1_scores.json,1168902,c0bc63013b7a85f488250af1d1835774d4c510e6e673f7fcd2a639046f2753c7
h3/out/rand150/RAND_CHEMBL5897451_antagonist/seed_42/RAND_CHEMBL5897451_antagonist_seed_42_sample_2_scores.json,1168774,78069eab812b6bb699e92657aee0af680eb3fa1d51a180322ec27fc41d67cb47
h3/out/rand150/RAND_CHEMBL5897451_antagonist/seed_42/RAND_CHEMBL5897451_antagonist_seed_42_sample_3_scores.json,1169604,6aee838e02191a7d90ce47d26f5e9996dc3b350b44daa40cbab1a50264b9f93c
h3/out/rand150/RAND_CHEMBL5897451_antagonist/seed_42/RAND_CHEMBL5897451_antagonist_seed_42_sample_4_scores.json,1168998,2dd02aaa42b2a2fdc3ec13e0e1b1af9b6dcff5c9fac02460ba21e61f1d64635e
h3/out/rand150/RAND_CHEMBL5897451_antagonist/seed_42/RAND_CHEMBL5897451_antagonist_seed_42_sample_5_scores.json,1168761,cc1a785b3f71d39324b3847f0ad731e61985999cb59b612a548fd7020cc9803f
h3/out/rand150/RAND_CHEMBL5898496_antagonist/seed_42/RAND_CHEMBL5898496_antagonist_seed_42_sample_1_scores.json,1139499,696e232119fe4789f4971e77293c63a97cd5484a496efd3556d3019232edf0b5
h3/out/rand150/RAND_CHEMBL5898496_antagonist/seed_42/RAND_CHEMBL5898496_antagonist_seed_42_sample_2_scores.json,1139972,cba6399f920654984664a01528a1c34dc68774d854905679030ba0de4deeb601
h3/out/rand150/RAND_CHEMBL5898496_antagonist/seed_42/RAND_CHEMBL5898496_antagonist_seed_42_sample_3_scores.json,1140016,a567df8fc9c7863cee7881b57c3a3a062aececca48699dea8f6de558e1bcedc7
h3/out/rand150/RAND_CHEMBL5898496_antagonist/seed_42/RAND_CHEMBL5898496_antagonist_seed_42_sample_4_scores.json,1143849,56b686607fcbc682ff2d0a7cfc3acda66b77384aff9b375fe01ee4d7612a80b9
h3/out/rand150/RAND_CHEMBL5898496_antagonist/seed_42/RAND_CHEMBL5898496_antagonist_seed_42_sample_5_scores.json,1139698,619f9bdfd16a33826d13839dcb5b1400ea5222f54d7bd793f6339ccd64096353
h3/out/rand150/RAND_CHEMBL5902173_agonist/seed_42/RAND_CHEMBL5902173_agonist_seed_42_sample_1_scores.json,1107629,ca532ec0bddd42259e57ab9537616298f44332e4d80423dc0caa280002e8a106
h3/out/rand150/RAND_CHEMBL5902173_agonist/seed_42/RAND_CHEMBL5902173_agonist_seed_42_sample_2_scores.json,1107715,629cfff44d9ba61f0ab36f2a396e44e6338795356cb831fcc637780d80e3da87
h3/out/rand150/RAND_CHEMBL5902173_agonist/seed_42/RAND_CHEMBL5902173_agonist_seed_42_sample_3_scores.json,1108184,ad754892db189daab17f5cd1896cac3298854557e0250b2dacbe756f79af0c8e
h3/out/rand150/RAND_CHEMBL5902173_agonist/seed_42/RAND_CHEMBL5902173_agonist_seed_42_sample_4_scores.json,1107662,f9a6ea3e932812de5c745238c880528f72c76874572d48841653fb66308e8056
h3/out/rand150/RAND_CHEMBL5902173_agonist/seed_42/RAND_CHEMBL5902173_agonist_seed_42_sample_5_scores.json,1107522,1d6cbdd122d39570f3f8d6203dbe7b710cda06376edf49760d421e3c2cf5c7a4
h3/out/rand150/RAND_CHEMBL5910914_antagonist/seed_42/RAND_CHEMBL5910914_antagonist_seed_42_sample_1_scores.json,1155243,a021a613cf84291b7dc16cd47b3aa3d6aa417c2b9265fb09b28b6ffa48ac75db
h3/out/rand150/RAND_CHEMBL5910914_antagonist/seed_42/RAND_CHEMBL5910914_antagonist_seed_42_sample_2_scores.json,1155925,8ea122f11dc992013c8c03530f970b74dd99a03abc69abf2e29e37da3cddfdf4
h3/out/rand150/RAND_CHEMBL5910914_antagonist/seed_42/RAND_CHEMBL5910914_antagonist_seed_42_sample_3_scores.json,1155878,4cb50f9c808c9c8ed37d357ded7179748c5a4748813f74ad00701daa08fc0028
h3/out/rand150/RAND_CHEMBL5910914_antagonist/seed_42/RAND_CHEMBL5910914_antagonist_seed_42_sample_4_scores.json,1155906,308e8073929fb41f67f08cad4246819288372529689d3805e606c3b6f3875d47
h3/out/rand150/RAND_CHEMBL5910914_antagonist/seed_42/RAND_CHEMBL5910914_antagonist_seed_42_sample_5_scores.json,1154411,30602dba7202b7adb6cb8eef9aa8139de368b4d0cdad246bf9b1c7f6555576e8
h3/out/rand150/RAND_CHEMBL5918239_agonist/seed_42/RAND_CHEMBL5918239_agonist_seed_42_sample_1_scores.json,1116054,556b929fdf7828aea1f4599a1c3c3dad025b9987e6c6edcf6decd0f6eefbc6f2
h3/out/rand150/RAND_CHEMBL5918239_agonist/seed_42/RAND_CHEMBL5918239_agonist_seed_42_sample_2_scores.json,1116943,442aab723a8a324ae2739b9e8f0021efeb31e929b3076e61ee3d9c91edcbda65
h3/out/rand150/RAND_CHEMBL5918239_agonist/seed_42/RAND_CHEMBL5918239_agonist_seed_42_sample_3_scores.json,1117110,4689b279426f7b019efa8e79d2d24f02ba0b02b4c3978f9be15c293b93b585e0
h3/out/rand150/RAND_CHEMBL5918239_agonist/seed_42/RAND_CHEMBL5918239_agonist_seed_42_sample_4_scores.json,1116773,4ead8c9aa89ddd972e927b1628a44f555ad805f0dbabcfc192caeb98c2d7e9f1
h3/out/rand150/RAND_CHEMBL5918239_agonist/seed_42/RAND_CHEMBL5918239_agonist_seed_42_sample_5_scores.json,1116669,dfc372f9ab16bb48d1f45aa4be7e0f87b569186537e633a7c38b86a656adeb7f
h3/out/rand150/RAND_CHEMBL5920888_agonist/seed_42/RAND_CHEMBL5920888_agonist_seed_42_sample_1_scores.json,1131183,d76255ae68f8d654577a711b0892cffdc69482b5a41599a365d110b321295cb8
h3/out/rand150/RAND_CHEMBL5920888_agonist/seed_42/RAND_CHEMBL5920888_agonist_seed_42_sample_2_scores.json,1130968,b7b6637071007240cca1b6b1db8f0b11a47f30c3b36f413affa85bff6b0c792f
h3/out/rand150/RAND_CHEMBL5920888_agonist/seed_42/RAND_CHEMBL5920888_agonist_seed_42_sample_3_scores.json,1130724,77442d0d8800286b662551cf543a5e7a365c22957ba0c4f6a76a7bf6f1093c20
h3/out/rand150/RAND_CHEMBL5920888_agonist/seed_42/RAND_CHEMBL5920888_agonist_seed_42_sample_4_scores.json,1129477,30d1899b70e6021c63d3d506faac37f5455f89bb095393796fc3f68d22c8cca2
h3/out/rand150/RAND_CHEMBL5920888_agonist/seed_42/RAND_CHEMBL5920888_agonist_seed_42_sample_5_scores.json,1131466,1b7eeda538ed6128cea29b4ff7965ed8cc2375d567af972a9af445b2a27fc9ed
h3/out/rand150/RAND_CHEMBL5940583_agonist/seed_42/RAND_CHEMBL5940583_agonist_seed_42_sample_1_scores.json,1114991,e311a4bdb9e87f94d07f3c507ba3611cd5474f2fd2ae0033753aadb53299149e
h3/out/rand150/RAND_CHEMBL5940583_agonist/seed_42/RAND_CHEMBL5940583_agonist_seed_42_sample_2_scores.json,1114087,2c7c6cba2317c6261c8d740549c94df09397a95f058d3ae0ff736f0ac88717af
h3/out/rand150/RAND_CHEMBL5940583_agonist/seed_42/RAND_CHEMBL5940583_agonist_seed_42_sample_3_scores.json,1115478,14a9638562eec9bab2e435a2b40ad914ce7d0e25ef37501ef5f7196a5978a00f
h3/out/rand150/RAND_CHEMBL5940583_agonist/seed_42/RAND_CHEMBL5940583_agonist_seed_42_sample_4_scores.json,1114545,7aacf5fc7cf240e47843eab35bfea8b352edd14978ea34b03da80d99d26cc2d0
h3/out/rand150/RAND_CHEMBL5940583_agonist/seed_42/RAND_CHEMBL5940583_agonist_seed_42_sample_5_scores.json,1113975,8b6516be85f8fd78876cce381acfea19074913c3fef1cfef5042e591afaacdff
h3/out/rand150/RAND_CHEMBL5943144_antagonist/seed_42/RAND_CHEMBL5943144_antagonist_seed_42_sample_1_scores.json,1123585,8625860bf0be6fa04c58e5e86040b4c7f0f0b85a64de06f3cd299c83115cb1d5
h3/out/rand150/RAND_CHEMBL5943144_antagonist/seed_42/RAND_CHEMBL5943144_antagonist_seed_42_sample_2_scores.json,1123848,82ace726b9b1fbe55d104cf5d7cb0904cdbf6bf34cfa56d7918022c3383dace5
h3/out/rand150/RAND_CHEMBL5943144_antagonist/seed_42/RAND_CHEMBL5943144_antagonist_seed_42_sample_3_scores.json,1124074,182f263bcfa08bd4cb792e6f3002030b4a19b11044b5fc663de0720d617d71dc
h3/out/rand150/RAND_CHEMBL5943144_antagonist/seed_42/RAND_CHEMBL5943144_antagonist_seed_42_sample_4_scores.json,1124023,9ccc20b69bd8f8e018fa08ee7ea6b37cfad87474db2e10f4cc96a8940697a6ef
h3/out/rand150/RAND_CHEMBL5943144_antagonist/seed_42/RAND_CHEMBL5943144_antagonist_seed_42_sample_5_scores.json,1123366,257ffc6f28a1c7e2adc2fe81ec3bb53d22f360483e0e64192933ca15230eb957
h3/out/rand150/RAND_CHEMBL5943390_agonist/seed_42/RAND_CHEMBL5943390_agonist_seed_42_sample_1_scores.json,1106568,d11edca5cd1bcc0c39859a29d900881a534eecb20f901693ec3016fce6dd2489
h3/out/rand150/RAND_CHEMBL5943390_agonist/seed_42/RAND_CHEMBL5943390_agonist_seed_42_sample_2_scores.json,1106261,04c33e04faba12f0e6266190389f05af6ebeb4d73e58628949540f4792dce943
h3/out/rand150/RAND_CHEMBL5943390_agonist/seed_42/RAND_CHEMBL5943390_agonist_seed_42_sample_3_scores.json,1106859,ab4375dd88336c1b4c8b02025291636867f0f9f2bcfca4c15cf5c9af3c17bf4e
h3/out/rand150/RAND_CHEMBL5943390_agonist/seed_42/RAND_CHEMBL5943390_agonist_seed_42_sample_4_scores.json,1107149,7225207ec16a349a6b74fa1f6e9861a71e180584970545d3da8797a9c2539789
h3/out/rand150/RAND_CHEMBL5943390_agonist/seed_42/RAND_CHEMBL5943390_agonist_seed_42_sample_5_scores.json,1106672,7359612d1843c3cbaf9afeac9bd9d65518bb557c0afab4c2188e29995e0ccb24
h3/out/rand150/RAND_CHEMBL5944112_antagonist/seed_42/RAND_CHEMBL5944112_antagonist_seed_42_sample_1_scores.json,1163918,c163977727ccf23209192a9a826e783dab395103bbbf257f3c2b95cd1e746bb8
h3/out/rand150/RAND_CHEMBL5944112_antagonist/seed_42/RAND_CHEMBL5944112_antagonist_seed_42_sample_2_scores.json,1163902,a3c232335c4d73908d8425ac67b4d5450347153be8e57e5c136e130e9c0a5986
h3/out/rand150/RAND_CHEMBL5944112_antagonist/seed_42/RAND_CHEMBL5944112_antagonist_seed_42_sample_3_scores.json,1164183,eead0b52d40c29b0f4ec05695bf75ada569aea8f0e29887677281f89a4c961b0
h3/out/rand150/RAND_CHEMBL5944112_antagonist/seed_42/RAND_CHEMBL5944112_antagonist_seed_42_sample_4_scores.json,1164370,a9c524d62d61d1f12e5ed45774c1591a50a6f8a195667a21aa54ce5db87ca62c
h3/out/rand150/RAND_CHEMBL5944112_antagonist/seed_42/RAND_CHEMBL5944112_antagonist_seed_42_sample_5_scores.json,1162140,e3ae3aa6638724fb68994ca58fbc2698a9141338b2f1dd581526ea6c0956655d
h3/out/rand150/RAND_CHEMBL5951176_agonist/seed_42/RAND_CHEMBL5951176_agonist_seed_42_sample_1_scores.json,1131260,2cc65bb2eb839d2f4c5e36ff5269098f6ae21895a6666af310ed08a3eb54c12e
h3/out/rand150/RAND_CHEMBL5951176_agonist/seed_42/RAND_CHEMBL5951176_agonist_seed_42_sample_2_scores.json,1131162,1a7edeb75c911c7be113e984fe3d4dbe662f045995b97ba0448892bdc2a1d057
h3/out/rand150/RAND_CHEMBL5951176_agonist/seed_42/RAND_CHEMBL5951176_agonist_seed_42_sample_3_scores.json,1131323,c61a9cf607a5a297ecbf9b06253d581bc8b3dfb8feb4265d5e61061cf3deb723
h3/out/rand150/RAND_CHEMBL5951176_agonist/seed_42/RAND_CHEMBL5951176_agonist_seed_42_sample_4_scores.json,1130085,f3e7fdc3d8165303bc2b21059cc0391c7a0deac17e2d0bdeb906db0686928bda
h3/out/rand150/RAND_CHEMBL5951176_agonist/seed_42/RAND_CHEMBL5951176_agonist_seed_42_sample_5_scores.json,1131314,f15252fd1138b988f018628cb05bc7d8596c9ab4a5f93fa21be381170ed7e5d6
h3/out/rand150/RAND_CHEMBL5953210_agonist/seed_42/RAND_CHEMBL5953210_agonist_seed_42_sample_1_scores.json,1091905,acec43515bbeb628ec9983515c5f2e3c6d6e709cdd0fb03f6733417b1dbc679b
h3/out/rand150/RAND_CHEMBL5953210_agonist/seed_42/RAND_CHEMBL5953210_agonist_seed_42_sample_2_scores.json,1091252,b51d4d70fe5977720043cfcda2e5ef69490d51f7bb46bfdfbeb072f4d5e8d2b5
h3/out/rand150/RAND_CHEMBL5953210_agonist/seed_42/RAND_CHEMBL5953210_agonist_seed_42_sample_3_scores.json,1091334,699533f1bf70292cc2a83ee4ca575e2dd1a9f1dad6cd2d85bf336cfd0b949057
h3/out/rand150/RAND_CHEMBL5953210_agonist/seed_42/RAND_CHEMBL5953210_agonist_seed_42_sample_4_scores.json,1091130,ee191f9902170d6330227e76341eda50889d98b1677bab585f9f16bc28c7d4c4
h3/out/rand150/RAND_CHEMBL5953210_agonist/seed_42/RAND_CHEMBL5953210_agonist_seed_42_sample_5_scores.json,1090780,155f2a8c97545b11593aef1c48d455fb1a50d531dbc70b6111124afe614641ce
h3/out/rand150/RAND_CHEMBL5962887_antagonist/seed_42/RAND_CHEMBL5962887_antagonist_seed_42_sample_1_scores.json,1140455,946a17259f754fb41cd93f5b6e456b9deafa1a7bf9aedf73fa6bfd05cd6f110c
h3/out/rand150/RAND_CHEMBL5962887_antagonist/seed_42/RAND_CHEMBL5962887_antagonist_seed_42_sample_2_scores.json,1137273,e92c5d5302113d5ae6fcaf4a8e1c3d5719273aafd7d848f1badffc0dfca1cd72
h3/out/rand150/RAND_CHEMBL5962887_antagonist/seed_42/RAND_CHEMBL5962887_antagonist_seed_42_sample_3_scores.json,1137961,a3c0c6a2d115edde396069aaa0a718f4a03701cac88f1bdbdd0ecb6c569b8826
h3/out/rand150/RAND_CHEMBL5962887_antagonist/seed_42/RAND_CHEMBL5962887_antagonist_seed_42_sample_4_scores.json,1144148,923dfb647dda59f24abe92091ba42c0412f9d17b11fe6f89e5a9d74b4a8d0c51
h3/out/rand150/RAND_CHEMBL5962887_antagonist/seed_42/RAND_CHEMBL5962887_antagonist_seed_42_sample_5_scores.json,1137985,6c059f3a78433b5b3671ff50264cf7ba7eff2a0c70ad2ed71c7d55aa16c3b4d1
h3/out/rand150/RAND_CHEMBL5965241_antagonist/seed_42/RAND_CHEMBL5965241_antagonist_seed_42_sample_1_scores.json,1179236,1fd122e98515ca255ae7619411db608bc157261ffa045f139ffb1c33669f265b
h3/out/rand150/RAND_CHEMBL5965241_antagonist/seed_42/RAND_CHEMBL5965241_antagonist_seed_42_sample_2_scores.json,1178757,16b2d22ffdcf2fd44c3fae082a003480a2c596aa0751df45da6bdb92e0f339d6
h3/out/rand150/RAND_CHEMBL5965241_antagonist/seed_42/RAND_CHEMBL5965241_antagonist_seed_42_sample_3_scores.json,1179060,f0515fd2ee51ee74c0009d62482d86a2cb5b86cc8c08894019b90f91cb106240
h3/out/rand150/RAND_CHEMBL5965241_antagonist/seed_42/RAND_CHEMBL5965241_antagonist_seed_42_sample_4_scores.json,1179855,141aea07fadc2d0a1ca24e9455acf72017a88781fdfea0cade58d8381e81f64a
h3/out/rand150/RAND_CHEMBL5965241_antagonist/seed_42/RAND_CHEMBL5965241_antagonist_seed_42_sample_5_scores.json,1179510,c8c0d578812431446865255508551ac8f76898dfd347f6b9af44076c85bf690d
h3/out/rand150/RAND_CHEMBL5972735_antagonist/seed_42/RAND_CHEMBL5972735_antagonist_seed_42_sample_1_scores.json,1162895,665223eb9d01f741e0e9e6b51987dfc3560fb5b2be8016c718b45e036cf494ec
h3/out/rand150/RAND_CHEMBL5972735_antagonist/seed_42/RAND_CHEMBL5972735_antagonist_seed_42_sample_2_scores.json,1165146,2669ea185064002a6e42dffe59867e0448b6770ce3ff80a6a94da76bbeae82fc
h3/out/rand150/RAND_CHEMBL5972735_antagonist/seed_42/RAND_CHEMBL5972735_antagonist_seed_42_sample_3_scores.json,1165173,0a27c4867c244d8fc9f2a3c0bed95fa7eff27b076a415ab1c528e0bcc8994e53
h3/out/rand150/RAND_CHEMBL5972735_antagonist/seed_42/RAND_CHEMBL5972735_antagonist_seed_42_sample_4_scores.json,1165417,ded7a8b375235f325e8b45d3c9b043922e203e81f5fdca3ae89ee1993c89e6b2
h3/out/rand150/RAND_CHEMBL5972735_antagonist/seed_42/RAND_CHEMBL5972735_antagonist_seed_42_sample_5_scores.json,1162554,32f3498aace76168038039bdf36e4757cfd3daace01ef1e8fd27550c7363d753
h3/out/rand150/RAND_CHEMBL5974193_agonist/seed_42/RAND_CHEMBL5974193_agonist_seed_42_sample_1_scores.json,1130572,50029177012d64a191249cc12e2db7bf518b9805efcc1c7c3a81d10a66cd644c
h3/out/rand150/RAND_CHEMBL5974193_agonist/seed_42/RAND_CHEMBL5974193_agonist_seed_42_sample_2_scores.json,1130994,9a030d29a620128ea6ca312278636a21748672d1e351d4045f7f377cfc9a196e
h3/out/rand150/RAND_CHEMBL5974193_agonist/seed_42/RAND_CHEMBL5974193_agonist_seed_42_sample_3_scores.json,1130140,e939de7656157ab67b25fd42a037bcd922571fd43c698845e2190aafbdd1b2b3
h3/out/rand150/RAND_CHEMBL5974193_agonist/seed_42/RAND_CHEMBL5974193_agonist_seed_42_sample_4_scores.json,1129393,b54be14a629d0233ee7883789faa838e6399cd14c725298afba45ffc7a49999c
h3/out/rand150/RAND_CHEMBL5974193_agonist/seed_42/RAND_CHEMBL5974193_agonist_seed_42_sample_5_scores.json,1130325,36b3e4b1355e4ec85f222c7cafd3ed731f66d2ed8be4a4816263dcc56bf761ea
h3/out/rand150/RAND_CHEMBL5984085_antagonist/seed_42/RAND_CHEMBL5984085_antagonist_seed_42_sample_1_scores.json,1122925,0cd81ddf033289875804b198f673d9945bf19ed37ebb310a482d3df8e4a80a80
h3/out/rand150/RAND_CHEMBL5984085_antagonist/seed_42/RAND_CHEMBL5984085_antagonist_seed_42_sample_2_scores.json,1128031,ea0d522ca17ef8ba612c54f45ad12b7ad7f77acc2d42b40b51b399ae88f361cd
h3/out/rand150/RAND_CHEMBL5984085_antagonist/seed_42/RAND_CHEMBL5984085_antagonist_seed_42_sample_3_scores.json,1127818,5a423ba9188663350c746f492d8740d39065bdd497a01cbcbf907ba63894db13
h3/out/rand150/RAND_CHEMBL5984085_antagonist/seed_42/RAND_CHEMBL5984085_antagonist_seed_42_sample_4_scores.json,1127430,fc98f4a17448587a3a22d0b25c6dc66cbbd41c91457d0cd9e5afabc4a3a5842a
h3/out/rand150/RAND_CHEMBL5984085_antagonist/seed_42/RAND_CHEMBL5984085_antagonist_seed_42_sample_5_scores.json,1122502,b44a5301c4bc2dd4fd0fdcf253c43a5c97fc5edf531f7167900442b3ee37eb28
h3/out/rand150/RAND_CHEMBL5986130_agonist/seed_42/RAND_CHEMBL5986130_agonist_seed_42_sample_1_scores.json,1108641,63cae726ada193a265faeadd813f8ffd6787dd4e9d021a464a0f92c69163ba7d
h3/out/rand150/RAND_CHEMBL5986130_agonist/seed_42/RAND_CHEMBL5986130_agonist_seed_42_sample_2_scores.json,1108334,93ec3d1a5dee35fb9e549c685a4a30eeb1026b23fde3b90e788343c8d9f03c17
h3/out/rand150/RAND_CHEMBL5986130_agonist/seed_42/RAND_CHEMBL5986130_agonist_seed_42_sample_3_scores.json,1108273,4a9a818656521a5144ad9ba666de21b948ef68a4bd74224f3a422c2990085721
h3/out/rand150/RAND_CHEMBL5986130_agonist/seed_42/RAND_CHEMBL5986130_agonist_seed_42_sample_4_scores.json,1108306,bac59b9d4dc67ce076e205bd6a59e6d3099ab7cbde0cbb180d8bb7b6ab07aace
h3/out/rand150/RAND_CHEMBL5986130_agonist/seed_42/RAND_CHEMBL5986130_agonist_seed_42_sample_5_scores.json,1107597,5178e2213950cb7bc7005114d7ad1e22d69a8f966f89b383865e6150c4d28dd6
h3/out/rand150/RAND_CHEMBL5990020_antagonist/seed_42/RAND_CHEMBL5990020_antagonist_seed_42_sample_1_scores.json,1189093,73f45cd85dcdb497ad792dadc52fd5e4199d62053123fff3db262ebe5126707a
h3/out/rand150/RAND_CHEMBL5990020_antagonist/seed_42/RAND_CHEMBL5990020_antagonist_seed_42_sample_2_scores.json,1188679,5feb243b3f41dcd4169c3471bc4c9d6c3b49f6f0f8f641b487f89f121c0a1d40
h3/out/rand150/RAND_CHEMBL5990020_antagonist/seed_42/RAND_CHEMBL5990020_antagonist_seed_42_sample_3_scores.json,1189266,a4d57c6ec6b551acb0e846baebe8704f7189696ecfa38866b55b23e3ee430ab8
h3/out/rand150/RAND_CHEMBL5990020_antagonist/seed_42/RAND_CHEMBL5990020_antagonist_seed_42_sample_4_scores.json,1188588,7ce933a0a638d1de646568cbee4fc20b9026ebc80c2af705432538d0a364af9e
h3/out/rand150/RAND_CHEMBL5990020_antagonist/seed_42/RAND_CHEMBL5990020_antagonist_seed_42_sample_5_scores.json,1189179,0a2ca835bc56feb4569e7df202baebb049071f11aa05602b3c94d234934f4560
h3/out/rand150/RAND_CHEMBL5993128_agonist/seed_42/RAND_CHEMBL5993128_agonist_seed_42_sample_1_scores.json,1099389,d90663f08cfd8dee63f4296d20899fa79822e1a330cb594eb58810bc023664b6
h3/out/rand150/RAND_CHEMBL5993128_agonist/seed_42/RAND_CHEMBL5993128_agonist_seed_42_sample_2_scores.json,1099599,02a14b1cc0cb23dfbc2889a0c8f172f91d8a5d3aba7148ad4b10ff957d0601b3
h3/out/rand150/RAND_CHEMBL5993128_agonist/seed_42/RAND_CHEMBL5993128_agonist_seed_42_sample_3_scores.json,1099732,ec6cb2a51a2e8566494bfad8083f38b05e1fc6def8da8a32f3b43ede02381391
h3/out/rand150/RAND_CHEMBL5993128_agonist/seed_42/RAND_CHEMBL5993128_agonist_seed_42_sample_4_scores.json,1099984,79e8b93ef92c0a9a7a48b4a2201b642675deb974809f8cb1ad3e7dbe792cc713
h3/out/rand150/RAND_CHEMBL5993128_agonist/seed_42/RAND_CHEMBL5993128_agonist_seed_42_sample_5_scores.json,1098683,015ef21249e5af2f7ebce2fab62653266c93f50766525b2075da75108c42ed1e
h3/out/rand150/RAND_CHEMBL5998039_antagonist/seed_42/RAND_CHEMBL5998039_antagonist_seed_42_sample_1_scores.json,1172262,cb23da844f9a4a097fac3d930abf62d2c8c9acfeaf49d3bf82dd22367794fcdd
h3/out/rand150/RAND_CHEMBL5998039_antagonist/seed_42/RAND_CHEMBL5998039_antagonist_seed_42_sample_2_scores.json,1175520,71fc3d715a58441b76bf4da83e7a9bdb59403898bfa90e6d743f68071abdb188
h3/out/rand150/RAND_CHEMBL5998039_antagonist/seed_42/RAND_CHEMBL5998039_antagonist_seed_42_sample_3_scores.json,1175595,f1a7341cb743efb8688f3ca670a01171975b583d371590b12cd5ab6fa12d94bd
h3/out/rand150/RAND_CHEMBL5998039_antagonist/seed_42/RAND_CHEMBL5998039_antagonist_seed_42_sample_4_scores.json,1175873,aad41389b42b50454f946c0b19b4a9ceaff1f4545fdb66165b3b4647e8f277ba
h3/out/rand150/RAND_CHEMBL5998039_antagonist/seed_42/RAND_CHEMBL5998039_antagonist_seed_42_sample_5_scores.json,1169988,92bb0b5278d40a31584c6ed1d9d0825017ac469f1865fb8f60e0cc543d939f38
h3/out/rand150/RAND_CHEMBL5998057_antagonist/seed_42/RAND_CHEMBL5998057_antagonist_seed_42_sample_1_scores.json,1154584,ad24ae93e7c24d476a889359f9a5de566d6892d6e0db8982ba68bec775baa7fb
h3/out/rand150/RAND_CHEMBL5998057_antagonist/seed_42/RAND_CHEMBL5998057_antagonist_seed_42_sample_2_scores.json,1157319,efe5f54ecb929c27dea70f3a7161545697db40d77357bb3ae8d91b48b6f53bbe
h3/out/rand150/RAND_CHEMBL5998057_antagonist/seed_42/RAND_CHEMBL5998057_antagonist_seed_42_sample_3_scores.json,1157835,aeb9443e50ca22b75cd6f6ce9486f6a1e96f8f931a70e207898426943455f021
h3/out/rand150/RAND_CHEMBL5998057_antagonist/seed_42/RAND_CHEMBL5998057_antagonist_seed_42_sample_4_scores.json,1157526,a273a4401ff57d3f10b60174e38073391d7ca9d31199c2d608d7bd16d40362fb
h3/out/rand150/RAND_CHEMBL5998057_antagonist/seed_42/RAND_CHEMBL5998057_antagonist_seed_42_sample_5_scores.json,1154046,4ed7e3c7486f1892440eb632c2b919fef7d841a0c1046d53620fc44948f0520f
h3/out/rand150/RAND_CHEMBL6001168_agonist/seed_42/RAND_CHEMBL6001168_agonist_seed_42_sample_1_scores.json,1123989,eb33d0d0bc181bdf1f1ea1dbd8c075048899a2f65c56ab1f8ad6726d3f87fd84
h3/out/rand150/RAND_CHEMBL6001168_agonist/seed_42/RAND_CHEMBL6001168_agonist_seed_42_sample_2_scores.json,1123786,6f6af3558a7c0ca07cbe20ad0fd15d7caaf0d27910e6ade19381bb1e4eb55d95
h3/out/rand150/RAND_CHEMBL6001168_agonist/seed_42/RAND_CHEMBL6001168_agonist_seed_42_sample_3_scores.json,1123684,09910150dea1a53a0eaf4b749490e06f6637ec939cb7fd1a74732fb81fdc64ce
h3/out/rand150/RAND_CHEMBL6001168_agonist/seed_42/RAND_CHEMBL6001168_agonist_seed_42_sample_4_scores.json,1123370,7895b010ced4a1312a3fb372f2683e17f8d9cd1a442621f26805a72466c71abb
h3/out/rand150/RAND_CHEMBL6001168_agonist/seed_42/RAND_CHEMBL6001168_agonist_seed_42_sample_5_scores.json,1124428,ae4a02e30f47084cd48c7292bce44e30afccadf15c84c392ea888196312b56e9
h3/out/rand150/RAND_CHEMBL6003966_antagonist/seed_42/RAND_CHEMBL6003966_antagonist_seed_42_sample_1_scores.json,1160005,2f7312fda19b77fe499e555286411fe7b3931381b6bb0711b6e2693a2498cb68
h3/out/rand150/RAND_CHEMBL6003966_antagonist/seed_42/RAND_CHEMBL6003966_antagonist_seed_42_sample_2_scores.json,1159871,dde34847911b14ec3b39a53230816a9a7fa4592bcb605bccaaa707fe0954911d
h3/out/rand150/RAND_CHEMBL6003966_antagonist/seed_42/RAND_CHEMBL6003966_antagonist_seed_42_sample_3_scores.json,1161032,6ffadaae8f19ae4241b387d588aca979ddbbaecd88f56cd0c5eae2755e584097
h3/out/rand150/RAND_CHEMBL6003966_antagonist/seed_42/RAND_CHEMBL6003966_antagonist_seed_42_sample_4_scores.json,1160419,c634e029537aa716a4d099522eb5628e1b8a9a9d1fb920e9d0d840887e80f2ee
h3/out/rand150/RAND_CHEMBL6003966_antagonist/seed_42/RAND_CHEMBL6003966_antagonist_seed_42_sample_5_scores.json,1156364,52f542e61024571102e57768cfb853d54a802175dce8d2b7eb38cce69d2b7a3f
h3/out/rand150/RAND_CHEMBL6007121_antagonist/seed_42/RAND_CHEMBL6007121_antagonist_seed_42_sample_1_scores.json,1136248,0dc82ee813284364f5ff23ab9390484953161099fcc97b219021f934183de414
h3/out/rand150/RAND_CHEMBL6007121_antagonist/seed_42/RAND_CHEMBL6007121_antagonist_seed_42_sample_2_scores.json,1136326,398b32f92cc005aa350d976e695de97837bb56e5299525d5ddeed842d42dcca3
h3/out/rand150/RAND_CHEMBL6007121_antagonist/seed_42/RAND_CHEMBL6007121_antagonist_seed_42_sample_3_scores.json,1136573,30d9ff6b6c53c1d1034a46cec865d00f9719f25049db41c255351c4d916a3746
h3/out/rand150/RAND_CHEMBL6007121_antagonist/seed_42/RAND_CHEMBL6007121_antagonist_seed_42_sample_4_scores.json,1136279,d7ac9a6aa53464f440ecb1a83734b0b405be71436169efc1c1eaa54dabe31080
h3/out/rand150/RAND_CHEMBL6007121_antagonist/seed_42/RAND_CHEMBL6007121_antagonist_seed_42_sample_5_scores.json,1135751,43faf2dce5908e6de850a0a9f5bf1334a8fb86e678e3fe0732859b9c99e3b6bf
h3/out/rand150/RAND_CHEMBL6011105_agonist/seed_42/RAND_CHEMBL6011105_agonist_seed_42_sample_1_scores.json,1130806,d559fe194e8b793fccbb0d9f07648c1453e9fb24431d29bba9a4707d7b999823
h3/out/rand150/RAND_CHEMBL6011105_agonist/seed_42/RAND_CHEMBL6011105_agonist_seed_42_sample_2_scores.json,1131080,3fbc4a645b53e0007f507ff72ea9a00213bbae501820e6507274355e16a7da1a
h3/out/rand150/RAND_CHEMBL6011105_agonist/seed_42/RAND_CHEMBL6011105_agonist_seed_42_sample_3_scores.json,1131463,0bbef8af4c30f4d810f68ae3c8149a512930a9ea4cf982ba85de084d85949eb5
h3/out/rand150/RAND_CHEMBL6011105_agonist/seed_42/RAND_CHEMBL6011105_agonist_seed_42_sample_4_scores.json,1129779,5c1c926b18117cd5051ac32fb794b8471c633c623eecaa462d09ce5eec20066d
h3/out/rand150/RAND_CHEMBL6011105_agonist/seed_42/RAND_CHEMBL6011105_agonist_seed_42_sample_5_scores.json,1130616,96b0b3e561ea26ed9674d112c6c23affaf5171fbe7ae8d99d321934678109d59
h3/out/rand150/RAND_CHEMBL6016295_agonist/seed_42/RAND_CHEMBL6016295_agonist_seed_42_sample_1_scores.json,1156349,45a61b0df9c4227e116628d9feac09a014725aeed4a24f6141a10d2306b773a1
h3/out/rand150/RAND_CHEMBL6016295_agonist/seed_42/RAND_CHEMBL6016295_agonist_seed_42_sample_2_scores.json,1155507,0b3f564479758467cc37b9508ea40142c4e218e0365bf86f9f1c648c08f9fe31
h3/out/rand150/RAND_CHEMBL6016295_agonist/seed_42/RAND_CHEMBL6016295_agonist_seed_42_sample_3_scores.json,1156405,f51848c623688ae30a90cc2052793fa2898d1baa46d33afd6c0cab804c3bd3ad
h3/out/rand150/RAND_CHEMBL6016295_agonist/seed_42/RAND_CHEMBL6016295_agonist_seed_42_sample_4_scores.json,1155837,cd0ad8438869011bdea8a9cabd99680458d59f8a15ce8242ccea645c9a18b44b
h3/out/rand150/RAND_CHEMBL6016295_agonist/seed_42/RAND_CHEMBL6016295_agonist_seed_42_sample_5_scores.json,1156357,58ef7ee6d35d5035afc3f981733d3fe15f8b050d6f9f9d87d9905664676cf0cd
h3/out/rand150/RAND_CHEMBL6016819_agonist/seed_42/RAND_CHEMBL6016819_agonist_seed_42_sample_1_scores.json,1123694,034eeb29584227bb811b59c49244dff2833671b2d7f1c8f7241042b06d24ae71
h3/out/rand150/RAND_CHEMBL6016819_agonist/seed_42/RAND_CHEMBL6016819_agonist_seed_42_sample_2_scores.json,1123021,713a909c6f2968406506ff890b03b83894aaf009add766fd4fb921cec9a17f0a
h3/out/rand150/RAND_CHEMBL6016819_agonist/seed_42/RAND_CHEMBL6016819_agonist_seed_42_sample_3_scores.json,1123829,aa3d31260b364cbb6b20d43dbf8c5a629db01bee30b5869d9f251fd553962029
h3/out/rand150/RAND_CHEMBL6016819_agonist/seed_42/RAND_CHEMBL6016819_agonist_seed_42_sample_4_scores.json,1123768,edc50b54b1beaedf02d58bb2f025ace3c736c685ed92b59de0f89225fa6da518
h3/out/rand150/RAND_CHEMBL6016819_agonist/seed_42/RAND_CHEMBL6016819_agonist_seed_42_sample_5_scores.json,1124299,d1c37d4ba6641e3f0f2e644bfb56894b136f26ab9989064c56d45c335c685c91
h3/out/rand150/RAND_CHEMBL6023400_agonist/seed_42/RAND_CHEMBL6023400_agonist_seed_42_sample_1_scores.json,1132734,fcb2cc8d01445545a08a1adff6f507edba4575bb3c9ff02398664a0b49e51723
h3/out/rand150/RAND_CHEMBL6023400_agonist/seed_42/RAND_CHEMBL6023400_agonist_seed_42_sample_2_scores.json,1132015,301df9997e63afa9528f76cc894a7629921e5e12e971848581a95717c3256434
h3/out/rand150/RAND_CHEMBL6023400_agonist/seed_42/RAND_CHEMBL6023400_agonist_seed_42_sample_3_scores.json,1131634,6bd321e3297d72ecbbe727f5e6a93f999f2d7c28cbd4e30b19e4b3077079779f
h3/out/rand150/RAND_CHEMBL6023400_agonist/seed_42/RAND_CHEMBL6023400_agonist_seed_42_sample_4_scores.json,1131452,3305d2d693941a50a68114cd069041e2c2f49c0db66b93502f987ac7978dda20
h3/out/rand150/RAND_CHEMBL6023400_agonist/seed_42/RAND_CHEMBL6023400_agonist_seed_42_sample_5_scores.json,1132602,59f5fb5cca14b0f3d6ff180350761f7ef894f525bcebd19cfcf5d6f725556e5f
h3/out/rand150/RAND_CHEMBL6023459_agonist/seed_42/RAND_CHEMBL6023459_agonist_seed_42_sample_1_scores.json,1099134,f7b632503e9460de2e41720581856f1ed7ff67b1a548960bf68b880e90a56f12
h3/out/rand150/RAND_CHEMBL6023459_agonist/seed_42/RAND_CHEMBL6023459_agonist_seed_42_sample_2_scores.json,1098271,f7160ba8a7c33ad89d4c0cb764f318c3394a0640b6103cd7b9b2c9a6d04b8d1c
h3/out/rand150/RAND_CHEMBL6023459_agonist/seed_42/RAND_CHEMBL6023459_agonist_seed_42_sample_3_scores.json,1099438,970b7e4c89331269624454db45bd1ae7b00dcd779452567a11d5ce7d5fa728b9
h3/out/rand150/RAND_CHEMBL6023459_agonist/seed_42/RAND_CHEMBL6023459_agonist_seed_42_sample_4_scores.json,1099189,6a8d4aff71ea920a5b81adb289a4361dcb2190b1b475f0b5aa1e1bedb04bb4ee
h3/out/rand150/RAND_CHEMBL6023459_agonist/seed_42/RAND_CHEMBL6023459_agonist_seed_42_sample_5_scores.json,1098127,a3763f50adc3bf9ada3c1ecf7d6cb7ec16ecd328f5845febd854db499e0a9146
h3/out/rand150/RAND_CHEMBL6028453_antagonist/seed_42/RAND_CHEMBL6028453_antagonist_seed_42_sample_1_scores.json,1172533,f27e8081a06c4b61ad91cd42af7fd1fbaca6664195c178ac9932043548e60a43
h3/out/rand150/RAND_CHEMBL6028453_antagonist/seed_42/RAND_CHEMBL6028453_antagonist_seed_42_sample_2_scores.json,1172283,bf23debdd8038faf9b68c686db5c389d4d126319a27759f85598d0cdfbe57e61
h3/out/rand150/RAND_CHEMBL6028453_antagonist/seed_42/RAND_CHEMBL6028453_antagonist_seed_42_sample_3_scores.json,1172295,d047926c7ffc1920cbcded79e5f3d4b043f165049a2bcbef8061939936a8d6e8
h3/out/rand150/RAND_CHEMBL6028453_antagonist/seed_42/RAND_CHEMBL6028453_antagonist_seed_42_sample_4_scores.json,1172842,4e2a9cc2391a6cdcaa5d903dd9f7513d7c766cc30ee05ddf9e94c07d02c869c6
h3/out/rand150/RAND_CHEMBL6028453_antagonist/seed_42/RAND_CHEMBL6028453_antagonist_seed_42_sample_5_scores.json,1171469,a6f5009591f7edd06348b202250ab8b723631f47b4f05c6af7c34add75180bb9
h3/out/rand150/RAND_CHEMBL6031221_antagonist/seed_42/RAND_CHEMBL6031221_antagonist_seed_42_sample_1_scores.json,1153971,627fa5ce777ee1cbd668210d1a1fff3999de003298dae6efe571621df79987b8
h3/out/rand150/RAND_CHEMBL6031221_antagonist/seed_42/RAND_CHEMBL6031221_antagonist_seed_42_sample_2_scores.json,1158209,d4a0e3a9e9787f07f04f22a89166bfe507c80455f8269419fe1f75105fb3de3d
h3/out/rand150/RAND_CHEMBL6031221_antagonist/seed_42/RAND_CHEMBL6031221_antagonist_seed_42_sample_3_scores.json,1158289,8406d3b4ded13944531dd587f9b4cae65e935dcc35ab017edd4caae64321ac1a
h3/out/rand150/RAND_CHEMBL6031221_antagonist/seed_42/RAND_CHEMBL6031221_antagonist_seed_42_sample_4_scores.json,1158266,b231ef65f7248767ec0bf9644b58294fc861ae70a46fad2f74455a8a4d0f3c47
h3/out/rand150/RAND_CHEMBL6031221_antagonist/seed_42/RAND_CHEMBL6031221_antagonist_seed_42_sample_5_scores.json,1154171,a83028d6c4dd5bd499bd97de413b8d9d5a39713c06cedee6c88674f736f69050
h3/out/rand150/RAND_CHEMBL6034054_antagonist/seed_42/RAND_CHEMBL6034054_antagonist_seed_42_sample_1_scores.json,1181614,f879fc2157baeab1f8db14b2dfd21c33f28b82e04ead2cdbff9230c56a350f53
h3/out/rand150/RAND_CHEMBL6034054_antagonist/seed_42/RAND_CHEMBL6034054_antagonist_seed_42_sample_2_scores.json,1178808,f3caa58ca80ee02d7f698b010271be4f50cad7a7ebe4857f9cd3e90adc797619
h3/out/rand150/RAND_CHEMBL6034054_antagonist/seed_42/RAND_CHEMBL6034054_antagonist_seed_42_sample_3_scores.json,1181151,eeca68586b351f8eb9cdcc2c61e064536516815bc733e011e5660c8ccfbf1124
h3/out/rand150/RAND_CHEMBL6034054_antagonist/seed_42/RAND_CHEMBL6034054_antagonist_seed_42_sample_4_scores.json,1181701,f4a1ea495490667fa475ddc1059dcf8b078f2fd4a9ce1049c276516b0e37e553
h3/out/rand150/RAND_CHEMBL6034054_antagonist/seed_42/RAND_CHEMBL6034054_antagonist_seed_42_sample_5_scores.json,1181585,8405d1d1e6dcd5d5e3e52b1b8eaec1b6a41ef741e2b94cd97cfaad8b3cd12db0
h3/out/rand150/RAND_CHEMBL6052651_antagonist/seed_42/RAND_CHEMBL6052651_antagonist_seed_42_sample_1_scores.json,1207498,33180fd90b216b3d0c083f7e66df7a24e2d2f35ab792dd449c3989de237a7840
h3/out/rand150/RAND_CHEMBL6052651_antagonist/seed_42/RAND_CHEMBL6052651_antagonist_seed_42_sample_2_scores.json,1206919,4d82713408df89d45c2e8d01b23591693637c38d63e6ce46458f54a2094898df
h3/out/rand150/RAND_CHEMBL6052651_antagonist/seed_42/RAND_CHEMBL6052651_antagonist_seed_42_sample_3_scores.json,1206496,6482771801918aa782484c6e3b17d5147254d349961faed366b3704ae071e328
h3/out/rand150/RAND_CHEMBL6052651_antagonist/seed_42/RAND_CHEMBL6052651_antagonist_seed_42_sample_4_scores.json,1207062,ccc08e74708b0f26117198ad1c6d9b006d316fe102f4d08232f303a17e20b5c0
h3/out/rand150/RAND_CHEMBL6052651_antagonist/seed_42/RAND_CHEMBL6052651_antagonist_seed_42_sample_5_scores.json,1203761,34c734527687550a3f5d10ded38e8b76f1f7eba32f09431611307d2ceaf2001e
h3/out/rand150/RAND_CHEMBL6053001_antagonist/seed_42/RAND_CHEMBL6053001_antagonist_seed_42_sample_1_scores.json,1162334,777a99b1890640927e562c69e71a51b8ec9038787cb82494b2ef7c43f2fc51b2
h3/out/rand150/RAND_CHEMBL6053001_antagonist/seed_42/RAND_CHEMBL6053001_antagonist_seed_42_sample_2_scores.json,1164992,ccb738e42e7648bd9feba01457a4de38449a1bef9fa76c5584c0d1373fe524cc
h3/out/rand150/RAND_CHEMBL6053001_antagonist/seed_42/RAND_CHEMBL6053001_antagonist_seed_42_sample_3_scores.json,1164374,84193e0c7d3bfe397260a7d60e4d9baddf3c2729cb6b830b81693786d023ff0b
h3/out/rand150/RAND_CHEMBL6053001_antagonist/seed_42/RAND_CHEMBL6053001_antagonist_seed_42_sample_4_scores.json,1165114,847c2ffb2875f968f4850f4485784b1b6e803f183c224bfba2840e409e7088bc
h3/out/rand150/RAND_CHEMBL6053001_antagonist/seed_42/RAND_CHEMBL6053001_antagonist_seed_42_sample_5_scores.json,1165259,30b9341909869ad9a9231024579e05de29bede2d8d35023e2c5601ae4165b070
h3/out/rand150/RAND_CHEMBL6055423_agonist/seed_42/RAND_CHEMBL6055423_agonist_seed_42_sample_1_scores.json,1106503,1453aab377d85e3a19f02db1ab9d720cd80dc3630e810e81fe9c3a25ff3d9281
h3/out/rand150/RAND_CHEMBL6055423_agonist/seed_42/RAND_CHEMBL6055423_agonist_seed_42_sample_2_scores.json,1106503,1c6246e06133f6b1a3989a53bd3c7bad67e200633ada8a8049dbcb63a57f5240
h3/out/rand150/RAND_CHEMBL6055423_agonist/seed_42/RAND_CHEMBL6055423_agonist_seed_42_sample_3_scores.json,1107197,48c9b8323e78a0cab6b605687ca0b90b2fe158385a4130cd5fb930a28dfe52f5
h3/out/rand150/RAND_CHEMBL6055423_agonist/seed_42/RAND_CHEMBL6055423_agonist_seed_42_sample_4_scores.json,1106746,492cb29789f3d03bfe3febc3aaf680ae637f109c4c7f0a8d3b62885024a93c2f
h3/out/rand150/RAND_CHEMBL6055423_agonist/seed_42/RAND_CHEMBL6055423_agonist_seed_42_sample_5_scores.json,1106114,88155f87aa197d9a4c6c9aa302fe0172255b35bdda5e026f744cb44073d00174
h3/out/rand150/RAND_CHEMBL6060615_antagonist/seed_42/RAND_CHEMBL6060615_antagonist_seed_42_sample_1_scores.json,1138910,6c839e5d118f184634b82e06f824d7b1efa8fe4e36e1b5f00e2821b6e81fe8b2
h3/out/rand150/RAND_CHEMBL6060615_antagonist/seed_42/RAND_CHEMBL6060615_antagonist_seed_42_sample_2_scores.json,1137940,582c67cfebde698067452b13fb950a352bd31002e5c0acf0ae61169418e7a845
h3/out/rand150/RAND_CHEMBL6060615_antagonist/seed_42/RAND_CHEMBL6060615_antagonist_seed_42_sample_3_scores.json,1138318,dbad9dfefc59f1b7c79c68a8c3500b2044463ca0a3c7d1c7c213fb98c7e8510f
h3/out/rand150/RAND_CHEMBL6060615_antagonist/seed_42/RAND_CHEMBL6060615_antagonist_seed_42_sample_4_scores.json,1138276,dd41dc2151e364ee902f82db051b0f604ff5da7c81ef318e22ed0592180392d1
h3/out/rand150/RAND_CHEMBL6060615_antagonist/seed_42/RAND_CHEMBL6060615_antagonist_seed_42_sample_5_scores.json,1137603,a3fd112ccc5842db7c9b929b9027e9d3edd10fe952cdd59fd96b972f6544a2f3
h3/out/rand150/RAND_CHEMBL6063063_antagonist/seed_42/RAND_CHEMBL6063063_antagonist_seed_42_sample_1_scores.json,1155886,2475de72afcd1f2bfd2512a6e2c521c9bcba9e5ca97322e0b6fad1403f358302
h3/out/rand150/RAND_CHEMBL6063063_antagonist/seed_42/RAND_CHEMBL6063063_antagonist_seed_42_sample_2_scores.json,1154487,17ecf7bfee5ded5e398f51b239c5469e384c6f7053be8f901b257757f4734ac6
h3/out/rand150/RAND_CHEMBL6063063_antagonist/seed_42/RAND_CHEMBL6063063_antagonist_seed_42_sample_3_scores.json,1156087,65db3ae1cc56896547014ea8f0069da149bc51009ac8a77c0405e5e77cf0d320
h3/out/rand150/RAND_CHEMBL6063063_antagonist/seed_42/RAND_CHEMBL6063063_antagonist_seed_42_sample_4_scores.json,1155999,d37a5ee147345efee8e72b67b31a6fa2ac7fc77e3eb6d2fe0c011b24a66dcbc6
h3/out/rand150/RAND_CHEMBL6063063_antagonist/seed_42/RAND_CHEMBL6063063_antagonist_seed_42_sample_5_scores.json,1154332,d19f057a90b628d4e349392960fd6a5a05c34d28d17387c47e43e34d55a8e13d
h3/out/rand150/RAND_CHEMBL6063921_agonist/seed_42/RAND_CHEMBL6063921_agonist_seed_42_sample_1_scores.json,1053435,0248fb2f6acdcbc2fdf59567afe342ad99c2e7786052b4a67f0a61fb72ebcf07
h3/out/rand150/RAND_CHEMBL6063921_agonist/seed_42/RAND_CHEMBL6063921_agonist_seed_42_sample_2_scores.json,1053607,3d6c52dabc672b81e028fa39401baaa4a738f1ee9d73efe299af2ed138b1edb5
h3/out/rand150/RAND_CHEMBL6063921_agonist/seed_42/RAND_CHEMBL6063921_agonist_seed_42_sample_3_scores.json,1052741,6f0be4af7f404bc0b689384feeebd526f81baf218c0048eb900e0f73d4b0db74
h3/out/rand150/RAND_CHEMBL6063921_agonist/seed_42/RAND_CHEMBL6063921_agonist_seed_42_sample_4_scores.json,1051717,d19b02fc31c56620e6dc3936965e74eceab1387ee8490a8842813c0286d1d4b0
h3/out/rand150/RAND_CHEMBL6063921_agonist/seed_42/RAND_CHEMBL6063921_agonist_seed_42_sample_5_scores.json,1052889,9af7af8ccc614756fe6686c15d623de7293b11ac713690468ca47c5a14bcf887
h3/out/rand150/RAND_CHEMBL6064848_antagonist/seed_42/RAND_CHEMBL6064848_antagonist_seed_42_sample_1_scores.json,1141073,e7166923f59f7ff87c2ebb10d8073cba2797c61af8ab9fbef8cf00864399276d
h3/out/rand150/RAND_CHEMBL6064848_antagonist/seed_42/RAND_CHEMBL6064848_antagonist_seed_42_sample_2_scores.json,1140784,0eb24c9ad7252ac0a4e61e69313fecec92c6babac31d6d85f3303572d28d3595
h3/out/rand150/RAND_CHEMBL6064848_antagonist/seed_42/RAND_CHEMBL6064848_antagonist_seed_42_sample_3_scores.json,1141067,5bc02e4752634d9000e9a6b15ee95453fae15912f9ffb0e98f2cf51399e1efc2
h3/out/rand150/RAND_CHEMBL6064848_antagonist/seed_42/RAND_CHEMBL6064848_antagonist_seed_42_sample_4_scores.json,1141325,85eb79318f663c2442eeca04ab6ae9638b77fa85f4887a8a9ec340b2eb7186be
h3/out/rand150/RAND_CHEMBL6064848_antagonist/seed_42/RAND_CHEMBL6064848_antagonist_seed_42_sample_5_scores.json,1140829,d7759b13f7759ac1b031de43e2b5563cc4dad6810c16fe5d331f40a6d2766371
