relative_path,size_bytes,sha256
h2/out/depth_128/H2_msa_titration/seed_42/H2_msa_titration_seed_42_sample_10_model.cif,172467,b0919ef331e35770019ed54f50a20aab561b51bc110f88c2d2565c5cc002e259
h2/out/depth_128/H2_msa_titration/seed_42/H2_msa_titration_seed_42_sample_1_model.cif,172197,70d3c75f222c9529e8c0feaf92807641bf9ea0b1795f74699a7a29f464a2c587
h2/out/depth_128/H2_msa_titration/seed_42/H2_msa_titration_seed_42_sample_2_model.cif,172379,7fabbdd40358b6c45222c570f19cce47dfa6f168738cc6314c427249c23b1989
h2/out/depth_128/H2_msa_titration/seed_42/H2_msa_titration_seed_42_sample_3_model.cif,172364,b0169924dfc3f91456fb3bf7212bbffddb5fd4b84e56545241a322690ee3a339
h2/out/depth_128/H2_msa_titration/seed_42/H2_msa_titration_seed_42_sample_4_model.cif,172240,5a04b826eadd8e69802a08966908b4e9951cb4b83db208ec21de3fff10982060
h2/out/depth_128/H2_msa_titration/seed_42/H2_msa_titration_seed_42_sample_5_model.cif,172126,64a652c2b39cf47a243d42d0d7cda007101ccd1bed725c465ce000612c6726be
h2/out/depth_128/H2_msa_titration/seed_42/H2_msa_titration_seed_42_sample_6_model.cif,172446,d2008462ad3a30a559d7d035bff3b3237b26cd4e5255215155f7c1c9c6d33e4c
h2/out/depth_128/H2_msa_titration/seed_42/H2_msa_titration_seed_42_sample_7_model.cif,172310,a846e994ddeab49ee07ad31ec9d3921e41469db4db02bde3bde490e846281798
h2/out/depth_128/H2_msa_titration/seed_42/H2_msa_titration_seed_42_sample_8_model.cif,172060,da6c22c86fd8e37e8a2d88ae2ef3a1baa32cc77b8730ddc7a1dbe3cd86490f1e
h2/out/depth_128/H2_msa_titration/seed_42/H2_msa_titration_seed_42_sample_9_model.cif,172648,118be0476fc35439844dc3eb2dd3982ea05309c44cd53c6929878a357099d0f7
h2/out/depth_128/H2_msa_titration/seed_43/H2_msa_titration_seed_43_sample_10_model.cif,172256,cf13a3b8e2857043261bd4be1856601c10a53d7a076604200ea69b89c4aaae69
h2/out/depth_128/H2_msa_titration/seed_43/H2_msa_titration_seed_43_sample_1_model.cif,172005,2a206262e7779d9a5a314509caf22b72380b39a11d8097e9a710215bc89c4442
h2/out/depth_128/H2_msa_titration/seed_43/H2_msa_titration_seed_43_sample_2_model.cif,172256,e779cbe35f1cfdaf89ec2786a2e3e60c9a72988f6237053dbf09145ba565feb5
h2/out/depth_128/H2_msa_titration/seed_43/H2_msa_titration_seed_43_sample_3_model.cif,172428,1cf074d6c3518c3f65178f6a913d9b271e3c47e00a60b62758c0993f755b2af8
h2/out/depth_128/H2_msa_titration/seed_43/H2_msa_titration_seed_43_sample_4_model.cif,172524,b3536b0e52941ea96ce5568f261d6098951215ce7cd97ff5d8c60060222da925
h2/out/depth_128/H2_msa_titration/seed_43/H2_msa_titration_seed_43_sample_5_model.cif,172537,21a03850b8a78ea84d5901f2dea6727b16b36aec9f3ba9678334ba3ec1bf15f2
h2/out/depth_128/H2_msa_titration/seed_43/H2_msa_titration_seed_43_sample_6_model.cif,172306,97d5f221f3a176c575c027c9a60ae46a3fc688af99c6d0fd60e813280f426536
h2/out/depth_128/H2_msa_titration/seed_43/H2_msa_titration_seed_43_sample_7_model.cif,172628,564f03d7b8e08bd5347662501b65ae394a35eaa976f4eea72f0b61a9398588f7
h2/out/depth_128/H2_msa_titration/seed_43/H2_msa_titration_seed_43_sample_8_model.cif,172244,e84128d718f9951350b45e6a3b98adadfac71d9eca8aabf31f39d14afda775b4
h2/out/depth_128/H2_msa_titration/seed_43/H2_msa_titration_seed_43_sample_9_model.cif,172076,284ab6da7f4db96ab1c9dc07d4a70a0ae3c0b1adab83c91427bdc7486737d4ed
h2/out/depth_128/H2_msa_titration/seed_44/H2_msa_titration_seed_44_sample_10_model.cif,172529,bab4c2fdf1c0b7caeadedfa5fe24e3d5ccf0350401f27a79c37f9283dc8f459a
h2/out/depth_128/H2_msa_titration/seed_44/H2_msa_titration_seed_44_sample_1_model.cif,172380,763f49e63d0de768f2825eefd3b0adef1deb46bfc4ee9d41f4cc0b024fa05d59
h2/out/depth_128/H2_msa_titration/seed_44/H2_msa_titration_seed_44_sample_2_model.cif,172322,a822e3b7294d3d5e1e6d4a49f0ba502b36c006ab125539ed21e5e19ebaab825c
h2/out/depth_128/H2_msa_titration/seed_44/H2_msa_titration_seed_44_sample_3_model.cif,172282,b451a1b82e595b99074afca1b6bed0294274daa774ec7f1691e33fe959bdc2b0
h2/out/depth_128/H2_msa_titration/seed_44/H2_msa_titration_seed_44_sample_4_model.cif,172564,28465c69d92513df8fc54b2329257d142c8279e0a32aead5560d77b6b5d24b4a
h2/out/depth_128/H2_msa_titration/seed_44/H2_msa_titration_seed_44_sample_5_model.cif,172411,ea0ce74461c3cda97d5575b9d1b0f65e08b89d6f069cc8eb9b71502d2c3a4c3f
h2/out/depth_128/H2_msa_titration/seed_44/H2_msa_titration_seed_44_sample_6_model.cif,172390,4e166df47f33ae7b77c33be284795440ae887dbcf6c71270017702097a199234
h2/out/depth_128/H2_msa_titration/seed_44/H2_msa_titration_seed_44_sample_7_model.cif,172587,fd5f56c791d3825b4cb08bfb62efec781f7f17d1cf7b7700c81e76016afd6501
h2/out/depth_128/H2_msa_titration/seed_44/H2_msa_titration_seed_44_sample_8_model.cif,172460,92725fe5c3191814edfe7c90940044255452b9f9b2daf523e04f0ccbf50bfeb9
h2/out/depth_128/H2_msa_titration/seed_44/H2_msa_titration_seed_44_sample_9_model.cif,172192,02eb48254fbad3d983e1d4fdfa7106400da64fe278909dd0a6ff5572042a8af8
h2/out/depth_128/H2_msa_titration/seed_45/H2_msa_titration_seed_45_sample_10_model.cif,171984,854e877fb1da41c55ac5fb32bcf0feef2a7f3485438fe2f11d44d4f031860688
h2/out/depth_128/H2_msa_titration/seed_45/H2_msa_titration_seed_45_sample_1_model.cif,172477,766a71f8b3d3b577b2cfb5564729e72561f9110e1a2a8b27418b04a7ce2e7b14
h2/out/depth_128/H2_msa_titration/seed_45/H2_msa_titration_seed_45_sample_2_model.cif,172317,2d66be51db32e30dc3b2719a42e91f70af248445b8c6c392545eeea14a146a10
h2/out/depth_128/H2_msa_titration/seed_45/H2_msa_titration_seed_45_sample_3_model.cif,172676,e8286c9cccfda0f0b4e4416f7a8188bf42085e23ea4337179bf832aecb35f83b
h2/out/depth_128/H2_msa_titration/seed_45/H2_msa_titration_seed_45_sample_4_model.cif,172159,2cdba2a1b7d927c5173817070fc26b0d1b69c2dd1bf8153de18ffc7d16afafaf
h2/out/depth_128/H2_msa_titration/seed_45/H2_msa_titration_seed_45_sample_5_model.cif,172344,b6864d2091d7cf3fb802ff1d8c0e28783b7201e6e0925a0c039d32e17d9b1789
h2/out/depth_128/H2_msa_titration/seed_45/H2_msa_titration_seed_45_sample_6_model.cif,172289,75f75d991cb773a1a84321b583feb8f07479bb3787074115cccd445fed59484d
h2/out/depth_128/H2_msa_titration/seed_45/H2_msa_titration_seed_45_sample_7_model.cif,172552,5191d795ed9000a6b70e238dd19f2ef808471e3322adc549ccef6658c3d516ca
h2/out/depth_128/H2_msa_titration/seed_45/H2_msa_titration_seed_45_sample_8_model.cif,172414,0aff0ec7d8c3e7b3fdb4cd09078aeab6b1f41882309fbf5613befcf7878130ec
h2/out/depth_128/H2_msa_titration/seed_45/H2_msa_titration_seed_45_sample_9_model.cif,172253,32183e99476fc3c19329178b4de7cac13aeeb0308aa0baa53b5f421620f50c76
h2/out/depth_128/H2_msa_titration/seed_46/H2_msa_titration_seed_46_sample_10_model.cif,172350,2e05404695a853435aa695f89930f890a8a5b5c6bb17a5a34f9bdc526af086ca
h2/out/depth_128/H2_msa_titration/seed_46/H2_msa_titration_seed_46_sample_1_model.cif,172157,b07c62df4bf81ac5068e93b3ad8e7097ca7b6d59c9db68799f19b60a3170fb9f
h2/out/depth_128/H2_msa_titration/seed_46/H2_msa_titration_seed_46_sample_2_model.cif,172333,5795ec403a6b842039dc68016727af8a56153e30d5d00257662e8cf679249b4c
h2/out/depth_128/H2_msa_titration/seed_46/H2_msa_titration_seed_46_sample_3_model.cif,172518,16f4621ae55737b8e9fdff14041380aab56d2f14d43b7f8bf73326eb2256c3c5
h2/out/depth_128/H2_msa_titration/seed_46/H2_msa_titration_seed_46_sample_4_model.cif,172216,0f849c36bcb0bf05f3fabfcaffbc6a934bbb607a89bb2a2b0c236f22b39f2d04
h2/out/depth_128/H2_msa_titration/seed_46/H2_msa_titration_seed_46_sample_5_model.cif,172572,d1d3be03232b2064f5a6c059afe92981aafa3e43b5a9ff98525c2f4a9ec1b701
h2/out/depth_128/H2_msa_titration/seed_46/H2_msa_titration_seed_46_sample_6_model.cif,172292,dc872837e5f7836b85e928ad65a03129e8014c96868bb4d88c37c258598204a0
h2/out/depth_128/H2_msa_titration/seed_46/H2_msa_titration_seed_46_sample_7_model.cif,172173,69c4f5f31c5db7410069209d79bcd0bfb1598981be73651f1124bdce6bb7a2f8
h2/out/depth_128/H2_msa_titration/seed_46/H2_msa_titration_seed_46_sample_8_model.cif,172109,8193486c256a02794ca83482e3a033678ab08de61b272132e92494f7e3768272
h2/out/depth_128/H2_msa_titration/seed_46/H2_msa_titration_seed_46_sample_9_model.cif,172570,ac0d328b875397fd280be73a66ab3a2a52e59e01b333382db52daf957c2adaf6
h2/out/depth_32/H2_msa_titration/seed_42/H2_msa_titration_seed_42_sample_10_model.cif,172192,998357cadbc8f33f87e505899e304918dcc4155fc47c97348a91cc84e0fc91c8
h2/out/depth_32/H2_msa_titration/seed_42/H2_msa_titration_seed_42_sample_1_model.cif,172964,ebc7f063f5c6c3e7573f423dcbbf6a92808e5a1dff975fed7194aaefd5d5000c
h2/out/depth_32/H2_msa_titration/seed_42/H2_msa_titration_seed_42_sample_2_model.cif,172520,ec1b5e4a73f7c4002b9bcb2bb0d1f7d194c49f603a988f49047cd8b3cd71defd
h2/out/depth_32/H2_msa_titration/seed_42/H2_msa_titration_seed_42_sample_3_model.cif,172384,232992806de7a3437445824298269ac3af3768a42c46c4d1a32f2dec8f1aec58
h2/out/depth_32/H2_msa_titration/seed_42/H2_msa_titration_seed_42_sample_4_model.cif,172707,f203425fabb9e3dc512e24c8f6f473f2d65774ac379d44678e959ed7a8fde1b5
h2/out/depth_32/H2_msa_titration/seed_42/H2_msa_titration_seed_42_sample_5_model.cif,172493,22946df8780ff76f72d6825356fc318646cbecfb8907bd142d39cc3abfcce965
h2/out/depth_32/H2_msa_titration/seed_42/H2_msa_titration_seed_42_sample_6_model.cif,172547,2c002d51b6250ffcc481afbdfa2314d275aff85cbe69c35503ed700bb12cf308
h2/out/depth_32/H2_msa_titration/seed_42/H2_msa_titration_seed_42_sample_7_model.cif,172840,bc45dd6a4a88e1345d5fea5d818921b65e552f355774154703c99466bbc5b562
h2/out/depth_32/H2_msa_titration/seed_42/H2_msa_titration_seed_42_sample_8_model.cif,172290,c52d2392bac2281ff02d77382612483d8721d58825db282b05da839f0232a086
h2/out/depth_32/H2_msa_titration/seed_42/H2_msa_titration_seed_42_sample_9_model.cif,172435,23dc730c23701b5e3b3a8a1ef7e3b11380756436270643e810bcc4d6c328fdcc
h2/out/depth_32/H2_msa_titration/seed_43/H2_msa_titration_seed_43_sample_10_model.cif,172614,2874087fbac292afecea80c65f3a725f97e9fa10d3e74e15f4aef3f5a225fa7e
h2/out/depth_32/H2_msa_titration/seed_43/H2_msa_titration_seed_43_sample_1_model.cif,172264,1c713490fa9d0a6df98549009a6549a6804884eb4856bd868fbe764905292691
h2/out/depth_32/H2_msa_titration/seed_43/H2_msa_titration_seed_43_sample_2_model.cif,172616,d1123940d7c859268ea1f089ce046279134fb5209f5238e31067a1b872648750
h2/out/depth_32/H2_msa_titration/seed_43/H2_msa_titration_seed_43_sample_3_model.cif,172361,3c505cb521ad207a542d0f11df9b55523f9116b7c01d9861e7a1779a744eca5f
h2/out/depth_32/H2_msa_titration/seed_43/H2_msa_titration_seed_43_sample_4_model.cif,172149,9ffe601ab5de15f979c8c2a597fd6c417658b059a3d75f26aaa2ad1f80be59e0
h2/out/depth_32/H2_msa_titration/seed_43/H2_msa_titration_seed_43_sample_5_model.cif,172203,a90099f49b5389fc62b2cdb8cf05e9172813342bc423bbdb0f5ada56c82eda93
h2/out/depth_32/H2_msa_titration/seed_43/H2_msa_titration_seed_43_sample_6_model.cif,172536,2b7446d6c93259eac08a6fe987e9d8e99cc69d6c5e0fa13c003f61a7869f57dc
h2/out/depth_32/H2_msa_titration/seed_43/H2_msa_titration_seed_43_sample_7_model.cif,172647,34387d72c763ad1d4f09b3c7195d92d145ff7a46c4a23a0b884fb3921d80e116
h2/out/depth_32/H2_msa_titration/seed_43/H2_msa_titration_seed_43_sample_8_model.cif,172572,8be9665dbcd919d7daec47ad1ed163279c93a7639b78f55f533a573fb254434f
h2/out/depth_32/H2_msa_titration/seed_43/H2_msa_titration_seed_43_sample_9_model.cif,172235,353201635d4ff1b2de145fb6964166effa9710c29c0cf220bb13dd29ccb925e8
h2/out/depth_32/H2_msa_titration/seed_44/H2_msa_titration_seed_44_sample_10_model.cif,172925,0d6dca958d0ed2f4a5dbdbb3f8f392495b5bd3663b9ded4ba392486ed0ce0152
h2/out/depth_32/H2_msa_titration/seed_44/H2_msa_titration_seed_44_sample_1_model.cif,172572,22b9b0710e81ae336f3c84aaa0c9ae9b48cc853e039b388bedeee202b984d703
h2/out/depth_32/H2_msa_titration/seed_44/H2_msa_titration_seed_44_sample_2_model.cif,172340,469cd775c0933151b395519a26419fcfa5b4b7685645ac53ec896a1800993cbf
h2/out/depth_32/H2_msa_titration/seed_44/H2_msa_titration_seed_44_sample_3_model.cif,172589,b3c0451266f1f99d27c259fb78c5789528968bf48c9a42694cef6d297f095e0d
h2/out/depth_32/H2_msa_titration/seed_44/H2_msa_titration_seed_44_sample_4_model.cif,172666,44a4a1f697df055efc0200d565fba1680c5d181ed393d8759638c867f55a8207
h2/out/depth_32/H2_msa_titration/seed_44/H2_msa_titration_seed_44_sample_5_model.cif,172168,e18110bfcd0f0a1ee8c37fdc96f85e10c05ef9602d7e8c1863d70a369f42efbe
h2/out/depth_32/H2_msa_titration/seed_44/H2_msa_titration_seed_44_sample_6_model.cif,172658,06815de6c87f02d24c6a9f7f1e63aea6f8a2835e207bbffcc0eff3d9e32f55f2
h2/out/depth_32/H2_msa_titration/seed_44/H2_msa_titration_seed_44_sample_7_model.cif,172391,130a78bf7e474cb9a4cf02db365af75198f17c881b93fb3aaaca85ec8f04f208
h2/out/depth_32/H2_msa_titration/seed_44/H2_msa_titration_seed_44_sample_8_model.cif,172457,420f78c9609c70de8242631843d89aeeb2d223ca59cbf0bf7e5cd7fed22dcda0
h2/out/depth_32/H2_msa_titration/seed_44/H2_msa_titration_seed_44_sample_9_model.cif,172672,4c435d04c9c94e3201b6e67bac7535d2b2b88d2b9798da43be105b9ced8c5a14
h2/out/depth_32/H2_msa_titration/seed_45/H2_msa_titration_seed_45_sample_10_model.cif,172202,a7db4a7c633759b646d875baabde15944e986207975e0db301bd530a0cc601e2
h2/out/depth_32/H2_msa_titration/seed_45/H2_msa_titration_seed_45_sample_1_model.cif,172868,8aa0a57b91c02b5ba70a2e14b62dfac798a5f4b1a135be8f5658acf36ec3c410
h2/out/depth_32/H2_msa_titration/seed_45/H2_msa_titration_seed_45_sample_2_model.cif,172393,8fb1f6d32a3047e6d382031e357968562b24c99c2db91105679107c5d8b6164b
h2/out/depth_32/H2_msa_titration/seed_45/H2_msa_titration_seed_45_sample_3_model.cif,172676,cf14bb62ca82cf6597b5988636a488be57eae3ab5a157794d1445425a0428689
h2/out/depth_32/H2_msa_titration/seed_45/H2_msa_titration_seed_45_sample_4_model.cif,172513,0fd7dad7095eee97dd28d54e45830878db5cb70b7b059faa1dc7722f103afe63
h2/out/depth_32/H2_msa_titration/seed_45/H2_msa_titration_seed_45_sample_5_model.cif,172755,d142928c7016190a74bf282a77eb772753398261f388f27851779fd1a2d6c25f
h2/out/depth_32/H2_msa_titration/seed_45/H2_msa_titration_seed_45_sample_6_model.cif,173271,5d3ce4aaab5ff8fa8177d071cac6bdb3e0bf4431193996f94e34e7e4d4266914
h2/out/depth_32/H2_msa_titration/seed_45/H2_msa_titration_seed_45_sample_7_model.cif,172684,b70f85174b56ff2e4b2fec51ea1337313844481e102285802f580c87d11800f9
h2/out/depth_32/H2_msa_titration/seed_45/H2_msa_titration_seed_45_sample_8_model.cif,172503,b062034738917212ac48a26a500073dc7beff59e634c27cf016ae7aa1e6ae18c
h2/out/depth_32/H2_msa_titration/seed_45/H2_msa_titration_seed_45_sample_9_model.cif,172431,5c8144bf51f17f2cde4aea13b1ed32df1805d706f9b1b00073245515433c6831
h2/out/depth_32/H2_msa_titration/seed_46/H2_msa_titration_seed_46_sample_10_model.cif,172079,1d7d3f7b7e655b9a56e9e810b3f0d5f4bd9dc0d29d44f7a9d999330008d53f58
h2/out/depth_32/H2_msa_titration/seed_46/H2_msa_titration_seed_46_sample_1_model.cif,172465,cc18feeb5a06501252d025fe5b1497296b0eae7f488546efdf00bfde2460e69a
h2/out/depth_32/H2_msa_titration/seed_46/H2_msa_titration_seed_46_sample_2_model.cif,172513,9900ece8979f9687abfd8f47d43e2e130a414384c8dac7dc52ee67fbf6513cae
h2/out/depth_32/H2_msa_titration/seed_46/H2_msa_titration_seed_46_sample_3_model.cif,172604,384e6c227afb8f979e22098b8c87ef8f7a7a907748f878b36edc5c66103e26bf
h2/out/depth_32/H2_msa_titration/seed_46/H2_msa_titration_seed_46_sample_4_model.cif,172485,334753faecaf398cce06abbcce45d9ca67c87fd19e82dc0175abe8c6e535be8c
h2/out/depth_32/H2_msa_titration/seed_46/H2_msa_titration_seed_46_sample_5_model.cif,172401,28e81901aab1285fc5a10dfb2bd07cc421d16dabad97ef0a14d3a90752d27573
h2/out/depth_32/H2_msa_titration/seed_46/H2_msa_titration_seed_46_sample_6_model.cif,172328,4eaa71fbc1d585b42ae2cc51689a97f0fbefeaa415828a142e6038086502882b
h2/out/depth_32/H2_msa_titration/seed_46/H2_msa_titration_seed_46_sample_7_model.cif,172547,00b587414deb4d2f3e434781c9ec733a61afc5563bd8766a93de9d2e148d59cd
h2/out/depth_32/H2_msa_titration/seed_46/H2_msa_titration_seed_46_sample_8_model.cif,172411,b51853f6f6e6db2f8c35fa459712fa199425614f3752b4671ca83bcb40a110a0
h2/out/depth_32/H2_msa_titration/seed_46/H2_msa_titration_seed_46_sample_9_model.cif,172959,751f067af820091f6bd151973d4233b5d6707e45d432d0e086fdc0a4314ec498
h2/out/depth_512/H2_msa_titration/seed_42/H2_msa_titration_seed_42_sample_10_model.cif,172361,bd0855072f1febbe857714deebaece456783c658c65da68d92926249ed26c308
h2/out/depth_512/H2_msa_titration/seed_42/H2_msa_titration_seed_42_sample_1_model.cif,172270,eb1969732f6731aeaf38dc008ec82c18bddd4e4c45409b5da26e0268b3b3efea
h2/out/depth_512/H2_msa_titration/seed_42/H2_msa_titration_seed_42_sample_2_model.cif,172317,ef802c63e318b37ac597956d5763569c98cc245972c41ff4569ad967c3514e1f
h2/out/depth_512/H2_msa_titration/seed_42/H2_msa_titration_seed_42_sample_3_model.cif,172405,d8105ea32c17a76cd918a43df35da71984442d64ee4e414a7f7487dbcc921488
h2/out/depth_512/H2_msa_titration/seed_42/H2_msa_titration_seed_42_sample_4_model.cif,172255,41981200368ba5346a458945252aeda54168d45b7122b96169d4b2e8a7c8ada3
h2/out/depth_512/H2_msa_titration/seed_42/H2_msa_titration_seed_42_sample_5_model.cif,172093,03e81f3893a927e082d869068d0f0627a2006f7eecd26482c52458e56d7a04c8
h2/out/depth_512/H2_msa_titration/seed_42/H2_msa_titration_seed_42_sample_6_model.cif,172535,286bf1aa0bdf500f2e5a19867f1c5afa7c1912902a7a5cab167b7c83049d5537
h2/out/depth_512/H2_msa_titration/seed_42/H2_msa_titration_seed_42_sample_7_model.cif,172435,8b8e1dd403f1ac5d7d5e07af88469d226786e76f671659f95c1ad3d629eec271
h2/out/depth_512/H2_msa_titration/seed_42/H2_msa_titration_seed_42_sample_8_model.cif,172075,315a2b303fc025fa0636e3cd57b9bd6157730dc85a553838f61f499064ba5efe
h2/out/depth_512/H2_msa_titration/seed_42/H2_msa_titration_seed_42_sample_9_model.cif,172591,f36c5a68b3de74054f3eb9e12a2c85a9d1a1d9ed0a55899e0a42fedd50ac631c
h2/out/depth_512/H2_msa_titration/seed_43/H2_msa_titration_seed_43_sample_10_model.cif,172257,d571c47cf559e3fd52318af40a62a47517c08d1e82db7862e5522999f7bdd83c
h2/out/depth_512/H2_msa_titration/seed_43/H2_msa_titration_seed_43_sample_1_model.cif,172038,449da0132dd5900229428a0ac82e162cac8f061c45b345334701b12d8cf7262c
h2/out/depth_512/H2_msa_titration/seed_43/H2_msa_titration_seed_43_sample_2_model.cif,172273,6476a4b4c11c43a000afa5849a60ecc2a67a4e85d97c566f529cb6d428337d2b
h2/out/depth_512/H2_msa_titration/seed_43/H2_msa_titration_seed_43_sample_3_model.cif,172464,5b87ebb76aeca3b4ecee4da9f98f4a15c244b52ff3986aedabdae98dbcb3868d
h2/out/depth_512/H2_msa_titration/seed_43/H2_msa_titration_seed_43_sample_4_model.cif,172405,3cd692025985eebc435006e0d4f58fc474ab30786926a609c60cf07af870f8df
h2/out/depth_512/H2_msa_titration/seed_43/H2_msa_titration_seed_43_sample_5_model.cif,172567,b976c5ae15cde497a02578fc502aa1ddb28b524e1d150ad47909042bd6b11ff0
h2/out/depth_512/H2_msa_titration/seed_43/H2_msa_titration_seed_43_sample_6_model.cif,172333,e9acca9b5521b0c721c6ffef396b639618ed3356e19f27a85e6bbd7e1ca4533e
h2/out/depth_512/H2_msa_titration/seed_43/H2_msa_titration_seed_43_sample_7_model.cif,172578,0ff91027a1143d3c51349ed6290b84829d4ca5c41a9485ff15b19f9cd51a8ec9
h2/out/depth_512/H2_msa_titration/seed_43/H2_msa_titration_seed_43_sample_8_model.cif,172276,c0af83d852076fb361168b8ff90e2976a499388659a50ab12ef3ac7294035cb7
h2/out/depth_512/H2_msa_titration/seed_43/H2_msa_titration_seed_43_sample_9_model.cif,171998,b66a465b3ecc8642010f3afe490f82d8d4d9ce5b74623d4c206d3e6ef5330ad8
h2/out/depth_512/H2_msa_titration/seed_44/H2_msa_titration_seed_44_sample_10_model.cif,172555,06912b44c9e382ada5e2951fabefe49087dbd17c9f44a81c1f382debdfd9dec9
h2/out/depth_512/H2_msa_titration/seed_44/H2_msa_titration_seed_44_sample_1_model.cif,172475,d2af2db5ed0fb4cc9228f562542997c36cad5aa244832177d1109d725d8c8d69
h2/out/depth_512/H2_msa_titration/seed_44/H2_msa_titration_seed_44_sample_2_model.cif,172298,b49d246190b735e8d5b7b30acec8b2565e160a987b2f4f78901e6ede1e338319
h2/out/depth_512/H2_msa_titration/seed_44/H2_msa_titration_seed_44_sample_3_model.cif,172265,242c07037a4b3c1db304fb967c322e472d53ff7fdcabca3052f3dbec55305ca6
h2/out/depth_512/H2_msa_titration/seed_44/H2_msa_titration_seed_44_sample_4_model.cif,172577,11776fb8a4b4cada11244163a46947aedabc2d8ea213edf719eb9b3b7b24544c
h2/out/depth_512/H2_msa_titration/seed_44/H2_msa_titration_seed_44_sample_5_model.cif,172400,e8941d16a1e56bc14934f3f781e879c715780f0f6004c00f37aedd84d4e02d3f
h2/out/depth_512/H2_msa_titration/seed_44/H2_msa_titration_seed_44_sample_6_model.cif,172349,bde318b24413c053f4bc9db2df365fa5f6e1c2ea901f93ad5d156df958cacc76
h2/out/depth_512/H2_msa_titration/seed_44/H2_msa_titration_seed_44_sample_7_model.cif,172666,10e9f24c2933c8d12ec13e5998a3de3a6726bf2611e931afbffe42779b9eb540
h2/out/depth_512/H2_msa_titration/seed_44/H2_msa_titration_seed_44_sample_8_model.cif,172440,56bc8f765a509bcbafe9c4a5e2fa75280c9dffbf780323142bda0ab9ea33c53a
h2/out/depth_512/H2_msa_titration/seed_44/H2_msa_titration_seed_44_sample_9_model.cif,172203,d198fae1c4de4ed993b22ce5647694512ca1270ae67ca20080da42a7474c0d93
h2/out/depth_512/H2_msa_titration/seed_45/H2_msa_titration_seed_45_sample_10_model.cif,171940,2d9e6f30c30e1649a11008ca0de0c57da811f499d26621cd39177d3c5096cb66
h2/out/depth_512/H2_msa_titration/seed_45/H2_msa_titration_seed_45_sample_1_model.cif,172523,9210596c9e5bbc4fc6c204d1b2427cb8e6a02852141cae76b13b506015382878
h2/out/depth_512/H2_msa_titration/seed_45/H2_msa_titration_seed_45_sample_2_model.cif,172340,ed3750c481ec6b9a67c1b14d5a76ba21d4b60a83c397bce46f6ca18524828bbe
h2/out/depth_512/H2_msa_titration/seed_45/H2_msa_titration_seed_45_sample_3_model.cif,172695,38e36dfc0426bdf0b73f7d95e2a7bb8ff3a6e575976e67ec61e6abba78eb9484
h2/out/depth_512/H2_msa_titration/seed_45/H2_msa_titration_seed_45_sample_4_model.cif,172197,5dff95b0afe56a205677fecb3149e55989f6e9f44d90117edd18791f2318adc5
h2/out/depth_512/H2_msa_titration/seed_45/H2_msa_titration_seed_45_sample_5_model.cif,172359,9c364454b5736307604e12071ca12877c6a22cba9ffb29b89438edefbf0ffa5a
h2/out/depth_512/H2_msa_titration/seed_45/H2_msa_titration_seed_45_sample_6_model.cif,172221,3467c2d6361ce17e415e9b0fcde713a4335b42bdb41f4d00d3cbb1e218fb78bc
h2/out/depth_512/H2_msa_titration/seed_45/H2_msa_titration_seed_45_sample_7_model.cif,172643,7aba08474f436cbce6655d1b47130844d955a00be6febe73c67ffdf6bcfb859e
h2/out/depth_512/H2_msa_titration/seed_45/H2_msa_titration_seed_45_sample_8_model.cif,172476,8fcdddd4fb9958d7a5da06b7900885a8939f95caa90f98c5c1da5e42d5325cb7
h2/out/depth_512/H2_msa_titration/seed_45/H2_msa_titration_seed_45_sample_9_model.cif,172182,3f67c7e6774f02d33c3e7956677cf9ef4f44985eb43b9640bdc01bb4533d8d29
h2/out/depth_512/H2_msa_titration/seed_46/H2_msa_titration_seed_46_sample_10_model.cif,172291,b0697cca46fa3937320b79b5fa6b47b7ac30f8a6a1d9e86ce0405924d54a1df2
h2/out/depth_512/H2_msa_titration/seed_46/H2_msa_titration_seed_46_sample_1_model.cif,172132,17df95d9904cb5e02d6c926bd8d7cc12f6d17eb00b06430f5976631a03f6cd83
h2/out/depth_512/H2_msa_titration/seed_46/H2_msa_titration_seed_46_sample_2_model.cif,172440,8a660d23024521fd8ddd145b3ef18ea07ccb9e9a135e38425cd2349b979d3aa8
h2/out/depth_512/H2_msa_titration/seed_46/H2_msa_titration_seed_46_sample_3_model.cif,172507,c1735e61774ae06f18cf189252f2b1efc81c4c3cfbf9148cb82f34053b0f0726
h2/out/depth_512/H2_msa_titration/seed_46/H2_msa_titration_seed_46_sample_4_model.cif,172313,b5f012b4d48a125b6c24cab93d89c923072060b500175e044d4a39af8d1876ed
h2/out/depth_512/H2_msa_titration/seed_46/H2_msa_titration_seed_46_sample_5_model.cif,172593,04fc258956eeac4a083e6f88b85c202b67f0f3dca7cc0d1eed10a53cf9ea2811
h2/out/depth_512/H2_msa_titration/seed_46/H2_msa_titration_seed_46_sample_6_model.cif,172369,e009ab0afc9ac28c5e5eda3677ca737ea53bf943fa2a8c9bca342e87a47094b3
h2/out/depth_512/H2_msa_titration/seed_46/H2_msa_titration_seed_46_sample_7_model.cif,172166,ac8f7c0a08d49970f673f5ae3f63e0d52925ed680d7f92e54716b81467f65d37
h2/out/depth_512/H2_msa_titration/seed_46/H2_msa_titration_seed_46_sample_8_model.cif,172144,35cc62efb470ffab3948d86de3991baff85aff5a7bcd506e2b5e3147d62f1860
h2/out/depth_512/H2_msa_titration/seed_46/H2_msa_titration_seed_46_sample_9_model.cif,172589,9251a5ed11256e93cf906ab9c6a004196ae1e6dea43310790017d0c479582022
h2/out/depth_8/H2_msa_titration/seed_42/H2_msa_titration_seed_42_sample_10_model.cif,172394,9fc4d70e947b7d042bcdec4b4249bedc23a359761bd08d0720f1b2dd4491715d
h2/out/depth_8/H2_msa_titration/seed_42/H2_msa_titration_seed_42_sample_1_model.cif,172530,e80277e7462ac0f81699801aaa0f6f3ff10650d98c8546bd1b728041e27c2803
h2/out/depth_8/H2_msa_titration/seed_42/H2_msa_titration_seed_42_sample_2_model.cif,172634,513cd45c69c8e52a661f8cfd8f25c50cbf6358eb3fe7d27429689c24e6fac1a8
h2/out/depth_8/H2_msa_titration/seed_42/H2_msa_titration_seed_42_sample_3_model.cif,172644,5ac37cd0c198ecf17786b08d11723f7dbbd472ca47751113540a49c5211b2473
h2/out/depth_8/H2_msa_titration/seed_42/H2_msa_titration_seed_42_sample_4_model.cif,172256,58dc00c1c739321f5e8bc2a5f13da1a23801de488cbb1992326f44a8e8c3abc2
h2/out/depth_8/H2_msa_titration/seed_42/H2_msa_titration_seed_42_sample_5_model.cif,172156,1645eda87171eb1070aef9c3e5d318815bb36e86ab792c28e5b942822efa5765
h2/out/depth_8/H2_msa_titration/seed_42/H2_msa_titration_seed_42_sample_6_model.cif,172571,6f2d971d81b3ca34e0ba4ba9f31ae0cfea1e513ce923120d4828ee6c899c9427
h2/out/depth_8/H2_msa_titration/seed_42/H2_msa_titration_seed_42_sample_7_model.cif,172495,0b6dfa50dba8d1b60cb438ad3c74a17a77f5499c52b74c640f33723fd574b1ea
h2/out/depth_8/H2_msa_titration/seed_42/H2_msa_titration_seed_42_sample_8_model.cif,172140,bdc08f507a12e43486a338e271453d3d541f985543e97638816aee3ea961259f
h2/out/depth_8/H2_msa_titration/seed_42/H2_msa_titration_seed_42_sample_9_model.cif,172209,5aa55dee29effa2181e8ca778b150fdee0c1cde97e39c2a942f9938d9031860a
h2/out/depth_8/H2_msa_titration/seed_43/H2_msa_titration_seed_43_sample_10_model.cif,172329,f2a92b13f57b86835d2430cea820437ddc5777e24c363a481477fcffcc733126
h2/out/depth_8/H2_msa_titration/seed_43/H2_msa_titration_seed_43_sample_1_model.cif,172757,c0d30707d3c3b2a42f40b5b56b2523f28e27c82620c15b05394d2686176782f9
h2/out/depth_8/H2_msa_titration/seed_43/H2_msa_titration_seed_43_sample_2_model.cif,172531,68f7814cdf932f7a0e6316681b3f76cee8f01ff9b6c230c79de694350ae624bd
h2/out/depth_8/H2_msa_titration/seed_43/H2_msa_titration_seed_43_sample_3_model.cif,172345,e3927a8e1390615e77671b3c4d64b31cdf9d2000757d319e60cf4365c609aac0
h2/out/depth_8/H2_msa_titration/seed_43/H2_msa_titration_seed_43_sample_4_model.cif,172865,e72e87eff217a537439c0a4431c50d6de249511dc3a8de58b11fff59304328dd
h2/out/depth_8/H2_msa_titration/seed_43/H2_msa_titration_seed_43_sample_5_model.cif,172625,90c85ea6f8d432deaefefacdd4a9764af5789766fb10cc27784d7285230375c0
h2/out/depth_8/H2_msa_titration/seed_43/H2_msa_titration_seed_43_sample_6_model.cif,173027,87ac59b8db901a0cebe46bd9756aa497c903d7944b6283b30880b827271257cf
h2/out/depth_8/H2_msa_titration/seed_43/H2_msa_titration_seed_43_sample_7_model.cif,172645,42e6131a02e0ec08a49acb68cdec1853424c07c8cdf9ec75822bb05a56a5d413
h2/out/depth_8/H2_msa_titration/seed_43/H2_msa_titration_seed_43_sample_8_model.cif,172655,f88dadd527f947b85f69399e18c447a3db60d629aeeae9674d1c69dc72e633ee
h2/out/depth_8/H2_msa_titration/seed_43/H2_msa_titration_seed_43_sample_9_model.cif,172164,b0b05887395f812897dbcf8cb015bf03897967ce3458f8677a417bf9ec315e4a
h2/out/depth_8/H2_msa_titration/seed_44/H2_msa_titration_seed_44_sample_10_model.cif,172934,7d51dcfb878dee29ee41f534903708486e9ed63fee0b7f7f70f9e0af4f860979
h2/out/depth_8/H2_msa_titration/seed_44/H2_msa_titration_seed_44_sample_1_model.cif,172817,f1e8855c309c33d55d9c5a40e40c97a1e7ffa5af42e3980b6f779232069ff9eb
h2/out/depth_8/H2_msa_titration/seed_44/H2_msa_titration_seed_44_sample_2_model.cif,172157,19556423df23d71d9b0ce5ac30e0924b93bee2582fcdd66b4377a705c042af07
h2/out/depth_8/H2_msa_titration/seed_44/H2_msa_titration_seed_44_sample_3_model.cif,172463,94dbc3fccb71c7f2596edaa26ba609319df1f818c4b38b950ca311455606204b
h2/out/depth_8/H2_msa_titration/seed_44/H2_msa_titration_seed_44_sample_4_model.cif,172814,9393801a0897d1b1157d0bed03a449df3589ffd5de18bf48681b66968d1be01e
h2/out/depth_8/H2_msa_titration/seed_44/H2_msa_titration_seed_44_sample_5_model.cif,172383,23c803c7d34dbc9b60acd1e9d3b77e7def19e27a396383d835736fbe05a96e17
h2/out/depth_8/H2_msa_titration/seed_44/H2_msa_titration_seed_44_sample_6_model.cif,172701,68971467c453053686f9c313d801f1a30e51b5e2bdd3736c88339db16d21842b
h2/out/depth_8/H2_msa_titration/seed_44/H2_msa_titration_seed_44_sample_7_model.cif,172736,169c8dfc1fafaf30979104c71b23060320235b9b77e6859a1ff5c9e6045c4f77
h2/out/depth_8/H2_msa_titration/seed_44/H2_msa_titration_seed_44_sample_8_model.cif,172607,4817ad8b6c09312108a1dd07f50df80e2bf69a648d54a2c901ceb50f2e327d1a
h2/out/depth_8/H2_msa_titration/seed_44/H2_msa_titration_seed_44_sample_9_model.cif,172631,74b1a5dbec33dfdf265e45d0892884f8a03d8e9b06d8af8fec05302973e72002
h2/out/depth_8/H2_msa_titration/seed_45/H2_msa_titration_seed_45_sample_10_model.cif,172559,b8523b426c39d270f59d091e2536ad9c1cfe28ad362d8be42aa4663578c982b2
h2/out/depth_8/H2_msa_titration/seed_45/H2_msa_titration_seed_45_sample_1_model.cif,172379,f4aab930f8a41da913635a60c3f5d5ccb1c5f49d2b8f45e7f7f25081f41d57df
h2/out/depth_8/H2_msa_titration/seed_45/H2_msa_titration_seed_45_sample_2_model.cif,172505,1d0143c542a1daeb5da8efefa80afa7e70fee47d8554130c781156517e33a6dc
h2/out/depth_8/H2_msa_titration/seed_45/H2_msa_titration_seed_45_sample_3_model.cif,172588,3c24a2b5ebddb5505a587ae96d1dd1e813dadd6fe2c902c95986d15c79f37adf
h2/out/depth_8/H2_msa_titration/seed_45/H2_msa_titration_seed_45_sample_4_model.cif,172399,4acb60e9cbf0602799421d9680a802b5f42018af6d2e1dd2bc05750fa97dda11
h2/out/depth_8/H2_msa_titration/seed_45/H2_msa_titration_seed_45_sample_5_model.cif,172881,2b3b56b8013f34ab51d0f757d50a952c3db0f95ac2c47d8daa38a2c054f065bb
h2/out/depth_8/H2_msa_titration/seed_45/H2_msa_titration_seed_45_sample_6_model.cif,172995,7c4dc3c0bf4801af3f96f1a0937c07a28f8a62b443d48ca773d838b4f3a86c9a
h2/out/depth_8/H2_msa_titration/seed_45/H2_msa_titration_seed_45_sample_7_model.cif,173106,6129bf9536dbfbc68b2a346e648dc22a892cbb99e9c70efbee14c9d727022eb6
h2/out/depth_8/H2_msa_titration/seed_45/H2_msa_titration_seed_45_sample_8_model.cif,172715,8c6ffa22f84b9ee2a50738bbe1bc87752122a23cf8513bfb5cd331cf48c1fc80
h2/out/depth_8/H2_msa_titration/seed_45/H2_msa_titration_seed_45_sample_9_model.cif,172815,f6d20f080c84757e3291c8a8b796a63cc977c0be195588403fea127af5496af3
h2/out/depth_8/H2_msa_titration/seed_46/H2_msa_titration_seed_46_sample_10_model.cif,172199,471bed7cbeb993ba89713c0e6ed2396fa861b1319b675f5fc650de912da77d70
h2/out/depth_8/H2_msa_titration/seed_46/H2_msa_titration_seed_46_sample_1_model.cif,172523,c4283ee34cfcd1ec60317e77f3a999168804a50a0d7d91e5f7dca2fed7690b01
h2/out/depth_8/H2_msa_titration/seed_46/H2_msa_titration_seed_46_sample_2_model.cif,172335,d52a36cb694dc1fe1cd69f772ef9cdefe28f6fda13f75a2b20ad4344af029c07
h2/out/depth_8/H2_msa_titration/seed_46/H2_msa_titration_seed_46_sample_3_model.cif,172674,2271e5a61c383bacc3dc87844694fd27000eec00f3d0df1bbda0499199fd4a37
h2/out/depth_8/H2_msa_titration/seed_46/H2_msa_titration_seed_46_sample_4_model.cif,172525,97437e1a14531a7577401125d029d3e4d5f0878963dba5c8e4d6b6941f657e98
h2/out/depth_8/H2_msa_titration/seed_46/H2_msa_titration_seed_46_sample_5_model.cif,172536,20aafbb3d63cbc60efb5bf57d45d0127a223dacd4ffebadd3d73d13e2585dfd7
h2/out/depth_8/H2_msa_titration/seed_46/H2_msa_titration_seed_46_sample_6_model.cif,172150,fc360b90d4d7eee31f45ec2c1df459568c4b89c2a4e04f8272addee6d2af4298
h2/out/depth_8/H2_msa_titration/seed_46/H2_msa_titration_seed_46_sample_7_model.cif,172326,9477f6539c99e6b46f6278f277753afc3ba4ca8fefc788036d55c34e9e6fe536
h2/out/depth_8/H2_msa_titration/seed_46/H2_msa_titration_seed_46_sample_8_model.cif,172122,bd2e8c00c83da8b09f15f087c49fe1f5b829b86069dc5da13260e72cdaef26ef
h2/out/depth_8/H2_msa_titration/seed_46/H2_msa_titration_seed_46_sample_9_model.cif,172240,7ca7e6a8f325c5a330d7bdd14eed1675540cff10d014c4b7f535d7404307845b
h2_posthoc/out/coactivator/H2_coactivator_cofold/seed_42/H2_coactivator_cofold_seed_42_sample_10_model.cif,180682,adec8c4861ed7c50a007bd75b4482796adbbc86a16e544c701bbbe6dc4ee2774
h2_posthoc/out/coactivator/H2_coactivator_cofold/seed_42/H2_coactivator_cofold_seed_42_sample_1_model.cif,180877,1fd864411ebe96cb93b2cee94b66f18891f5773648ef7490a7a995a151a210dd
h2_posthoc/out/coactivator/H2_coactivator_cofold/seed_42/H2_coactivator_cofold_seed_42_sample_2_model.cif,180722,ea21b24f379ccb6a043f8e5aea9d04a886900ab7918ea5a2acedd50b6825e55c
h2_posthoc/out/coactivator/H2_coactivator_cofold/seed_42/H2_coactivator_cofold_seed_42_sample_3_model.cif,180860,9a6de3d98f63658bd106e3d9e884f9383cb40b9a24b86b8e2c6fc2ffe53b0492
h2_posthoc/out/coactivator/H2_coactivator_cofold/seed_42/H2_coactivator_cofold_seed_42_sample_4_model.cif,180943,c7728cb3a809475e32ac54015af2de5d75927f458a4647f163ee94225fa8264e
h2_posthoc/out/coactivator/H2_coactivator_cofold/seed_42/H2_coactivator_cofold_seed_42_sample_5_model.cif,180927,a30075d5a4ad0aa939cf7c87663d9a70748948ad2fa2e497506f2966f1bf9216
h2_posthoc/out/coactivator/H2_coactivator_cofold/seed_42/H2_coactivator_cofold_seed_42_sample_6_model.cif,181149,5a5c1ae350a0b274dc30392e6fc23d2168a541ed252cb6a1af01be3209ca7045
h2_posthoc/out/coactivator/H2_coactivator_cofold/seed_42/H2_coactivator_cofold_seed_42_sample_7_model.cif,180850,7886d813c829a8784b05253a3078cb82199bd8f08684bffdbc2e03f2b276c9d6
h2_posthoc/out/coactivator/H2_coactivator_cofold/seed_42/H2_coactivator_cofold_seed_42_sample_8_model.cif,180654,e673e9155d06f647496b2bf4be011d4cec74fcc6f4c22205248b5b9b62fe6b5b
h2_posthoc/out/coactivator/H2_coactivator_cofold/seed_42/H2_coactivator_cofold_seed_42_sample_9_model.cif,180755,2b93121682bacae8d66be88ed1984309ad48e70ce1d17ae8d3d4495557b81a54
h2_posthoc/out/coactivator/H2_coactivator_cofold/seed_43/H2_coactivator_cofold_seed_43_sample_10_model.cif,180470,93a331e7c174e3bef1b602855b171b2a1e82653d4b72d6fa3a680f47140ef170
h2_posthoc/out/coactivator/H2_coactivator_cofold/seed_43/H2_coactivator_cofold_seed_43_sample_1_model.cif,180773,058bc668ccbad041c7fdd42d9260c45b0b9d9ded343c4dd829157a7ed0b837ca
h2_posthoc/out/coactivator/H2_coactivator_cofold/seed_43/H2_coactivator_cofold_seed_43_sample_2_model.cif,180694,a518fd18c421b79cc6ea8000671ce0b72034104af78805334b5e045da2c0ce34
h2_posthoc/out/coactivator/H2_coactivator_cofold/seed_43/H2_coactivator_cofold_seed_43_sample_3_model.cif,181035,77020e5bbe41df2160feddfd996e8537ddce1fe7f0d94a0f23d4289daba206ea
h2_posthoc/out/coactivator/H2_coactivator_cofold/seed_43/H2_coactivator_cofold_seed_43_sample_4_model.cif,180542,d960b07bd8760a24e8d581f8fb5541e169379c3b836115de2081f598e3cf9903
h2_posthoc/out/coactivator/H2_coactivator_cofold/seed_43/H2_coactivator_cofold_seed_43_sample_5_model.cif,180668,f9688c13a9818178c7b68d21a4526e7e3bdc96330eb2a3868e7171a2ef576536
h2_posthoc/out/coactivator/H2_coactivator_cofold/seed_43/H2_coactivator_cofold_seed_43_sample_6_model.cif,180946,61efb44ec00629f48cc771872d505f5f4066f20e7b0690937a499cd78e7e954d
h2_posthoc/out/coactivator/H2_coactivator_cofold/seed_43/H2_coactivator_cofold_seed_43_sample_7_model.cif,180811,891d3d18b1fba39b0fe1af35de309ebb31b18b3bcc2272aa990b82d4f55ac73f
h2_posthoc/out/coactivator/H2_coactivator_cofold/seed_43/H2_coactivator_cofold_seed_43_sample_8_model.cif,181135,fc9b77e2fca4bb776b7fffd7889f15dd3f03254c75a5a1cf24884df86702a9c3
h2_posthoc/out/coactivator/H2_coactivator_cofold/seed_43/H2_coactivator_cofold_seed_43_sample_9_model.cif,180828,891ecb27ff8f8a2c7a93c848ef8b4f87e30a65b0aaa522d1260d845b347d2e2c
h2_posthoc/out/coactivator/H2_coactivator_cofold/seed_44/H2_coactivator_cofold_seed_44_sample_10_model.cif,180921,9b834082e6383eee2a86ef71e8b812b36b1ee9683fea1e4219c9e4ce68f8aa7e
h2_posthoc/out/coactivator/H2_coactivator_cofold/seed_44/H2_coactivator_cofold_seed_44_sample_1_model.cif,180717,08d969cad434c08450571e7ff1e2e01aaac95e9af45841df030e0f1ddc92c0ab
h2_posthoc/out/coactivator/H2_coactivator_cofold/seed_44/H2_coactivator_cofold_seed_44_sample_2_model.cif,180756,57c610f659150dc6e2e1655f18c9cee8e5f3a2fcb1be11b91c56ab31aa8f3193
h2_posthoc/out/coactivator/H2_coactivator_cofold/seed_44/H2_coactivator_cofold_seed_44_sample_3_model.cif,180670,9d71808903d47ac594403270d86aca68d47c215b5736e49ea84954ddc064a2f9
h2_posthoc/out/coactivator/H2_coactivator_cofold/seed_44/H2_coactivator_cofold_seed_44_sample_4_model.cif,180711,97ff66c9b74d4e4d1aac040e60c0c280717d8e5ec71ed18426addc1a8de30a72
h2_posthoc/out/coactivator/H2_coactivator_cofold/seed_44/H2_coactivator_cofold_seed_44_sample_5_model.cif,180568,235791758a494405b09926d8a65187528117ac2b5f5ee27d98d9768687edaf44
h2_posthoc/out/coactivator/H2_coactivator_cofold/seed_44/H2_coactivator_cofold_seed_44_sample_6_model.cif,180796,bd77c786d1d231d3be282ad1352ea2edc65be972e62d1ac9d60db4031201f89f
h2_posthoc/out/coactivator/H2_coactivator_cofold/seed_44/H2_coactivator_cofold_seed_44_sample_7_model.cif,180673,623fbfa3506bc50f7c6f77e9b8e6cc98e58226d08571fde355ece03867da7ae5
h2_posthoc/out/coactivator/H2_coactivator_cofold/seed_44/H2_coactivator_cofold_seed_44_sample_8_model.cif,180674,89d8d418773cc21dc88abdc575199635ff6fdf9bd70558aaad51bc72c3a9a2d5
h2_posthoc/out/coactivator/H2_coactivator_cofold/seed_44/H2_coactivator_cofold_seed_44_sample_9_model.cif,180935,677ef743450b90215c0f66514f6303459dfab343ceeffc545113db996ed89510
h2_posthoc/out/coactivator/H2_coactivator_cofold/seed_45/H2_coactivator_cofold_seed_45_sample_10_model.cif,180720,7ccfd8e47269c7dd8b2f7935764e4e0a879e924318557d1256f157fadfa505fc
h2_posthoc/out/coactivator/H2_coactivator_cofold/seed_45/H2_coactivator_cofold_seed_45_sample_1_model.cif,181091,54820fc925dab20721cd0ba0546ba9989a172c61d2e5d6edb2eeb720e066066c
h2_posthoc/out/coactivator/H2_coactivator_cofold/seed_45/H2_coactivator_cofold_seed_45_sample_2_model.cif,180894,0a28ff66166c97c6eb7e05a58314f77ba4d8fe5072863631b40743e46f755cb9
h2_posthoc/out/coactivator/H2_coactivator_cofold/seed_45/H2_coactivator_cofold_seed_45_sample_3_model.cif,180534,02a22567a12c32af15c3ac9239ee807e729b0be5b65d931a7cb57ce0736560e8
h2_posthoc/out/coactivator/H2_coactivator_cofold/seed_45/H2_coactivator_cofold_seed_45_sample_4_model.cif,180671,77f4d9f530615ca31a49e022a2287ce17e25987cdf1e58c1c0622f3a2e2f1982
h2_posthoc/out/coactivator/H2_coactivator_cofold/seed_45/H2_coactivator_cofold_seed_45_sample_5_model.cif,181015,4b0c03e2e921069d6c3e8048a1710f35336eaebda5f8def0c411a93a21d7f548
h2_posthoc/out/coactivator/H2_coactivator_cofold/seed_45/H2_coactivator_cofold_seed_45_sample_6_model.cif,180610,c41d447a1401aa2c64a1b05c39e3df264c9a52617411cb87bef13943ea3225c1
h2_posthoc/out/coactivator/H2_coactivator_cofold/seed_45/H2_coactivator_cofold_seed_45_sample_7_model.cif,180901,301d54f6c6f55248073a0dd612c9327457934b768872e3d2e03586acf8a38617
h2_posthoc/out/coactivator/H2_coactivator_cofold/seed_45/H2_coactivator_cofold_seed_45_sample_8_model.cif,180735,22ee88168330189fdc05324d749341fc1cb485b6c0b79381fecf389dad91ba7e
h2_posthoc/out/coactivator/H2_coactivator_cofold/seed_45/H2_coactivator_cofold_seed_45_sample_9_model.cif,181122,409eea3fc4456769f552db4d7e0234fb58c90866f5d7fdd94d0e79015dd38163
h2_posthoc/out/coactivator/H2_coactivator_cofold/seed_46/H2_coactivator_cofold_seed_46_sample_10_model.cif,180664,58a745c45bfe509ca0d161ab3d898e97dc9604480ebde0c99b91da0c2c150417
h2_posthoc/out/coactivator/H2_coactivator_cofold/seed_46/H2_coactivator_cofold_seed_46_sample_1_model.cif,180478,1ac04295cc4204fba6ea44a2bd938b0d48b64ba49e39864c3213135324adc5d6
h2_posthoc/out/coactivator/H2_coactivator_cofold/seed_46/H2_coactivator_cofold_seed_46_sample_2_model.cif,180481,83d3a02d361b8cfa61a62eca80f657b8c35096cd96c9fcbaacc0a4109bffceb1
h2_posthoc/out/coactivator/H2_coactivator_cofold/seed_46/H2_coactivator_cofold_seed_46_sample_3_model.cif,180870,cc287f15f1163af696aa9a8b4bb1f1a697c2e635704dfbe6e727cc0808e4e248
h2_posthoc/out/coactivator/H2_coactivator_cofold/seed_46/H2_coactivator_cofold_seed_46_sample_4_model.cif,180694,6c4d8b1047e673685c6ec9c24d5bf1a1396c068a9cd566eb51669f112c7418d3
h2_posthoc/out/coactivator/H2_coactivator_cofold/seed_46/H2_coactivator_cofold_seed_46_sample_5_model.cif,180917,28b7c55bfc6874aacce60e182ef5386bd8a48c8493a919d6fc8470dec46b75b7
h2_posthoc/out/coactivator/H2_coactivator_cofold/seed_46/H2_coactivator_cofold_seed_46_sample_6_model.cif,180817,e31b162f8953646abdea131c5fe4dc6f2b4c4a5ebc2857d6554c4bb3d01cdabf
h2_posthoc/out/coactivator/H2_coactivator_cofold/seed_46/H2_coactivator_cofold_seed_46_sample_7_model.cif,180926,bcf1ecdbfb428cbe139669faa96023dcca6113502788095e180b27572bcfe0eb
h2_posthoc/out/coactivator/H2_coactivator_cofold/seed_46/H2_coactivator_cofold_seed_46_sample_8_model.cif,180461,127ac110f06255335b49bbe86148236cf714356f362aeccec63d6590371b40e8
h2_posthoc/out/coactivator/H2_coactivator_cofold/seed_46/H2_coactivator_cofold_seed_46_sample_9_model.cif,180497,dcb207f212b07894365fb10f6d363cbaf588083dafe9494309dba46be255ca8f
h2_posthoc/out/coactivator_d1/H4_D1_coactivator_agonist_HC2/seed_42/H4_D1_coactivator_agonist_HC2_seed_42_sample_10_model.cif,180810,129b1b6d78bee9b01c5dba0b410ee59049262815f053107d66a9cc35378044b7
h2_posthoc/out/coactivator_d1/H4_D1_coactivator_agonist_HC2/seed_42/H4_D1_coactivator_agonist_HC2_seed_42_sample_1_model.cif,180960,c6e2b13c075bd713a21329c9508109d83599f4fbf8bcd28889ad1ea486f44487
h2_posthoc/out/coactivator_d1/H4_D1_coactivator_agonist_HC2/seed_42/H4_D1_coactivator_agonist_HC2_seed_42_sample_2_model.cif,181126,26c6b7841c45307bec6b1dc5fbe74a476d1f7b032ccc4f461d605f046e5605ce
h2_posthoc/out/coactivator_d1/H4_D1_coactivator_agonist_HC2/seed_42/H4_D1_coactivator_agonist_HC2_seed_42_sample_3_model.cif,181163,a8eadaf694bf46ebb5aa4d4ccd3a2365efb4a5300e6eaff0756f0122a7349db2
h2_posthoc/out/coactivator_d1/H4_D1_coactivator_agonist_HC2/seed_42/H4_D1_coactivator_agonist_HC2_seed_42_sample_4_model.cif,180551,4f46a0fd5d0d9dce7e3e4d6a13c338e046f13941f1177340385d60d1d6ea58a9
h2_posthoc/out/coactivator_d1/H4_D1_coactivator_agonist_HC2/seed_42/H4_D1_coactivator_agonist_HC2_seed_42_sample_5_model.cif,180605,adc7c03a5fb13efd49e717b6f4e18a99e9a789731cfa38eea215146edd9c95e7
h2_posthoc/out/coactivator_d1/H4_D1_coactivator_agonist_HC2/seed_42/H4_D1_coactivator_agonist_HC2_seed_42_sample_6_model.cif,181227,ac5d3c2cb7e87df24bfcd7878782437df8aafc159efdc9ad89bd2a4a2b75344a
h2_posthoc/out/coactivator_d1/H4_D1_coactivator_agonist_HC2/seed_42/H4_D1_coactivator_agonist_HC2_seed_42_sample_7_model.cif,180546,8c45e9e90ff2b498e7301ebec3bcc499e4b0c497c2baf3ea25f669ad32ccdb27
h2_posthoc/out/coactivator_d1/H4_D1_coactivator_agonist_HC2/seed_42/H4_D1_coactivator_agonist_HC2_seed_42_sample_8_model.cif,180669,5476cd04277f9d67a817110611b134511fe23e6a138477461379d0e51e6fef1e
h2_posthoc/out/coactivator_d1/H4_D1_coactivator_agonist_HC2/seed_42/H4_D1_coactivator_agonist_HC2_seed_42_sample_9_model.cif,181039,9169a85be63a9825b26562144ebd8a0d2f4a3163b6014f4ee950f81478eb65c4
h2_posthoc/out/coactivator_d1/H4_D1_coactivator_agonist_HC2/seed_43/H4_D1_coactivator_agonist_HC2_seed_43_sample_10_model.cif,180887,96051dbd37d3a8c275b244f702a037dcf2c36c806d55d22310dc4b359ccf5b03
h2_posthoc/out/coactivator_d1/H4_D1_coactivator_agonist_HC2/seed_43/H4_D1_coactivator_agonist_HC2_seed_43_sample_1_model.cif,180873,4ac1b261ae838a7bb1d4c42f53d188234e761c919fd20db20e61d6306523d478
h2_posthoc/out/coactivator_d1/H4_D1_coactivator_agonist_HC2/seed_43/H4_D1_coactivator_agonist_HC2_seed_43_sample_2_model.cif,180523,1ea3102f77321ab4fbb16a8f4307cd591c72bca0d74a4a9f3fe68427b78867a9
h2_posthoc/out/coactivator_d1/H4_D1_coactivator_agonist_HC2/seed_43/H4_D1_coactivator_agonist_HC2_seed_43_sample_3_model.cif,181100,2c872c7319e443bf4bc72b2ab236f31fda1b11a8d2107ab6b878491df7ab76ba
h2_posthoc/out/coactivator_d1/H4_D1_coactivator_agonist_HC2/seed_43/H4_D1_coactivator_agonist_HC2_seed_43_sample_4_model.cif,180708,de840ee25467c26ff570fe9a63c66dd32f487c3a2f16b85e7d3ae8a3b621caab
h2_posthoc/out/coactivator_d1/H4_D1_coactivator_agonist_HC2/seed_43/H4_D1_coactivator_agonist_HC2_seed_43_sample_5_model.cif,180808,bbf082aeba24dbd2a12299ed02057ca409753cae29ac3f592ffc256e72d68a6d
h2_posthoc/out/coactivator_d1/H4_D1_coactivator_agonist_HC2/seed_43/H4_D1_coactivator_agonist_HC2_seed_43_sample_6_model.cif,181467,c780c2968c44961ebd188557a546651b6106f2ff0e1aca426129f4d97ffd0fb7
h2_posthoc/out/coactivator_d1/H4_D1_coactivator_agonist_HC2/seed_43/H4_D1_coactivator_agonist_HC2_seed_43_sample_7_model.cif,181336,ad626faba6a41df6185be98a1ce3ee57e03167c875899cea0e3e34ea52b8a096
h2_posthoc/out/coactivator_d1/H4_D1_coactivator_agonist_HC2/seed_43/H4_D1_coactivator_agonist_HC2_seed_43_sample_8_model.cif,180817,b570d016ea0391cf82bec5c4bba52190da614c2f528037b74713c6f525907650
h2_posthoc/out/coactivator_d1/H4_D1_coactivator_agonist_HC2/seed_43/H4_D1_coactivator_agonist_HC2_seed_43_sample_9_model.cif,180627,0537e2de45c93265c5e7c3b09d0c7ba623352aa2eabf095803ded646c9409026
h2_posthoc/out/coactivator_d1/H4_D1_coactivator_agonist_HC2/seed_44/H4_D1_coactivator_agonist_HC2_seed_44_sample_10_model.cif,181100,76caffb10c1e1290e5fa9499eea84c386d5993dda7292819741a954f4b43a475
h2_posthoc/out/coactivator_d1/H4_D1_coactivator_agonist_HC2/seed_44/H4_D1_coactivator_agonist_HC2_seed_44_sample_1_model.cif,180789,f8dd6d26a92f766fecf467d44e7ee6e0d52a92e401043acb2efa8f06ce14dbc7
h2_posthoc/out/coactivator_d1/H4_D1_coactivator_agonist_HC2/seed_44/H4_D1_coactivator_agonist_HC2_seed_44_sample_2_model.cif,180405,5748880637bd90c03287da8a872e8bd218220e38703ef49da3397d0e44c6f408
h2_posthoc/out/coactivator_d1/H4_D1_coactivator_agonist_HC2/seed_44/H4_D1_coactivator_agonist_HC2_seed_44_sample_3_model.cif,180927,3343a92374337d17999bdbd0ad180d8847cbf529e52837452001a497aeee3b3f
h2_posthoc/out/coactivator_d1/H4_D1_coactivator_agonist_HC2/seed_44/H4_D1_coactivator_agonist_HC2_seed_44_sample_4_model.cif,180968,ae25fe77db03b5e5fd2a3664b156647f53cab85689501e4f433a7c9ef0fba429
h2_posthoc/out/coactivator_d1/H4_D1_coactivator_agonist_HC2/seed_44/H4_D1_coactivator_agonist_HC2_seed_44_sample_5_model.cif,180389,831f582c32808eeeb9c2869135dd4c05ecc702add330e260a0e2f1c298456c8a
h2_posthoc/out/coactivator_d1/H4_D1_coactivator_agonist_HC2/seed_44/H4_D1_coactivator_agonist_HC2_seed_44_sample_6_model.cif,180649,afbad1dda261f3a31a58a06503af2a4ddece1012b5dfb1fc8337e4ed4a1d2497
h2_posthoc/out/coactivator_d1/H4_D1_coactivator_agonist_HC2/seed_44/H4_D1_coactivator_agonist_HC2_seed_44_sample_7_model.cif,180688,3233d0c82bac8d2dce0ae41e18567449c997588130c9fbc6d879566fe82e0441
h2_posthoc/out/coactivator_d1/H4_D1_coactivator_agonist_HC2/seed_44/H4_D1_coactivator_agonist_HC2_seed_44_sample_8_model.cif,180918,8aae58c4f20de1f879f12d665d52adaf2bd8fda91b87f0778d18af1c37c07f65
h2_posthoc/out/coactivator_d1/H4_D1_coactivator_agonist_HC2/seed_44/H4_D1_coactivator_agonist_HC2_seed_44_sample_9_model.cif,181056,fdd179951b9487f2f43d6253468a25ea2a43c48aa04bd5300c15f4f2b38f74b6
h2_posthoc/out/coactivator_d1/H4_D1_coactivator_agonist_HC2/seed_45/H4_D1_coactivator_agonist_HC2_seed_45_sample_10_model.cif,180549,5af9bb2d15cd36f3ce9e20e1cb7d121c54044e8a89ba0a4038cd1ae5a87b8753
h2_posthoc/out/coactivator_d1/H4_D1_coactivator_agonist_HC2/seed_45/H4_D1_coactivator_agonist_HC2_seed_45_sample_1_model.cif,181575,b31fe1d489f49537b7c2b6cba266c25998471ae493fb878e9ddd74783429b3b4
h2_posthoc/out/coactivator_d1/H4_D1_coactivator_agonist_HC2/seed_45/H4_D1_coactivator_agonist_HC2_seed_45_sample_2_model.cif,180710,67758b142285d17ccac77111a9adb695f9d3dbd95797f502d04ad090e424e4a2
h2_posthoc/out/coactivator_d1/H4_D1_coactivator_agonist_HC2/seed_45/H4_D1_coactivator_agonist_HC2_seed_45_sample_3_model.cif,181214,b4938f2f140b680d291ec55a9ee17f4aee9047a4108a244aeed1d9c0737e51b4
h2_posthoc/out/coactivator_d1/H4_D1_coactivator_agonist_HC2/seed_45/H4_D1_coactivator_agonist_HC2_seed_45_sample_4_model.cif,180731,31172badec4ef6ed80cd781d7a93afbb84d75b2d88a1abec3183096699922402
h2_posthoc/out/coactivator_d1/H4_D1_coactivator_agonist_HC2/seed_45/H4_D1_coactivator_agonist_HC2_seed_45_sample_5_model.cif,180835,3c60491b3f5a2557a57527f8be1210f2ad7b36cbb9a4b3cd49879a702cb3738d
h2_posthoc/out/coactivator_d1/H4_D1_coactivator_agonist_HC2/seed_45/H4_D1_coactivator_agonist_HC2_seed_45_sample_6_model.cif,180779,2d57564048c296afe174dd61bd1d77342e956ccfeded74b27b8e1333bc786464
h2_posthoc/out/coactivator_d1/H4_D1_coactivator_agonist_HC2/seed_45/H4_D1_coactivator_agonist_HC2_seed_45_sample_7_model.cif,181199,4366f81c6bd4a1f35606ceb972d48d2ed7593bca291aba87da170f96ce4b8578
h2_posthoc/out/coactivator_d1/H4_D1_coactivator_agonist_HC2/seed_45/H4_D1_coactivator_agonist_HC2_seed_45_sample_8_model.cif,181006,27c5d479a3138a3942db0a692d78c83f934601dca456eff68f496ab7f5a0782b
h2_posthoc/out/coactivator_d1/H4_D1_coactivator_agonist_HC2/seed_45/H4_D1_coactivator_agonist_HC2_seed_45_sample_9_model.cif,180588,e193182d32bad9b6b2d0641c3504c054a986cf821be0e69fc32a00737a3133a3
h2_posthoc/out/coactivator_d1/H4_D1_coactivator_agonist_HC2/seed_46/H4_D1_coactivator_agonist_HC2_seed_46_sample_10_model.cif,180536,0a3d4e18779c24c8f7521f8ef204b015f565d544ffccbde6220036101b6a40b0
h2_posthoc/out/coactivator_d1/H4_D1_coactivator_agonist_HC2/seed_46/H4_D1_coactivator_agonist_HC2_seed_46_sample_1_model.cif,181011,4b72eae89a3fe0db6c45a853e72e116266418f3545a47d359aa0c93f5ee218e6
h2_posthoc/out/coactivator_d1/H4_D1_coactivator_agonist_HC2/seed_46/H4_D1_coactivator_agonist_HC2_seed_46_sample_2_model.cif,180472,aaf5f5b9e71633a7c7632a5a498b73b9716d8674ec58d92d08ba69cf5f84a128
h2_posthoc/out/coactivator_d1/H4_D1_coactivator_agonist_HC2/seed_46/H4_D1_coactivator_agonist_HC2_seed_46_sample_3_model.cif,180958,79292c1135e75b573e4f0fe8f0445b4a512e3ff6aec8270912108298fb7528c7
h2_posthoc/out/coactivator_d1/H4_D1_coactivator_agonist_HC2/seed_46/H4_D1_coactivator_agonist_HC2_seed_46_sample_4_model.cif,181333,889fad2cd8020dab823dd937ecde94f4a12eb3662c5b622e98dbfda3b2a5433f
h2_posthoc/out/coactivator_d1/H4_D1_coactivator_agonist_HC2/seed_46/H4_D1_coactivator_agonist_HC2_seed_46_sample_5_model.cif,180946,4b975b5ae4d305b129e3f0c3fc62f1edb5f181e8cfdbeff87ee5911efac91561
h2_posthoc/out/coactivator_d1/H4_D1_coactivator_agonist_HC2/seed_46/H4_D1_coactivator_agonist_HC2_seed_46_sample_6_model.cif,180625,58bf1ad7deae6aa1580b19eb303a4d3d943021136ce080698ee62cf8959873a9
h2_posthoc/out/coactivator_d1/H4_D1_coactivator_agonist_HC2/seed_46/H4_D1_coactivator_agonist_HC2_seed_46_sample_7_model.cif,180700,d02a756eab5174ce1f9880b46ceacba5d0fcf45251c7d19a38fb139c10d069a9
h2_posthoc/out/coactivator_d1/H4_D1_coactivator_agonist_HC2/seed_46/H4_D1_coactivator_agonist_HC2_seed_46_sample_8_model.cif,180929,602ba46b84934db6e5c31a2eb08ed22e7df749a4d8039691d42031262c09c1de
h2_posthoc/out/coactivator_d1/H4_D1_coactivator_agonist_HC2/seed_46/H4_D1_coactivator_agonist_HC2_seed_46_sample_9_model.cif,180659,b04c576f434326e713cc67d1eb850d0bfaf27044c8abf7e37f6146a85c29fec0
h2_posthoc/out/depth_48/H2_msa_titration/seed_42/H2_msa_titration_seed_42_sample_10_model.cif,172309,e115522029b5be72d4ca9da55f0ebd0ad4f5e9fafa7623dc9dff02b9a2e1d028
h2_posthoc/out/depth_48/H2_msa_titration/seed_42/H2_msa_titration_seed_42_sample_1_model.cif,172652,be936d55d606cf8faadb4a98ce9e9b2ea8fb11b3ea4e7a88f34ce4c3feba7e7f
h2_posthoc/out/depth_48/H2_msa_titration/seed_42/H2_msa_titration_seed_42_sample_2_model.cif,172733,6c77af7e055def0b10bebaec892d10cee22e304bda23d3885b40c378f8bbf0dc
h2_posthoc/out/depth_48/H2_msa_titration/seed_42/H2_msa_titration_seed_42_sample_3_model.cif,172355,73a65abb01628e3864883abdf9f2d44591e038903b74d3f33ee881c6a2ea5b50
h2_posthoc/out/depth_48/H2_msa_titration/seed_42/H2_msa_titration_seed_42_sample_4_model.cif,172435,1e326c5eff94995be7c313b8be901ea79abfab758af0ce66929a8c39ba06d2c0
h2_posthoc/out/depth_48/H2_msa_titration/seed_42/H2_msa_titration_seed_42_sample_5_model.cif,172113,e51e3c0ad9a7441b00163ca496cde486ecd54e83de4cc788a64d5bcf34e01ba0
h2_posthoc/out/depth_48/H2_msa_titration/seed_42/H2_msa_titration_seed_42_sample_6_model.cif,172243,98b94ffe17891e9f42d343277529cdc1ee8783ad8f23526e3998d6e13e60f070
h2_posthoc/out/depth_48/H2_msa_titration/seed_42/H2_msa_titration_seed_42_sample_7_model.cif,172622,24fa0de908f28b6ba533abaaec4fe9ac6f4bd1e89f6775d561e1b697cad60fcd
h2_posthoc/out/depth_48/H2_msa_titration/seed_42/H2_msa_titration_seed_42_sample_8_model.cif,172277,70b194d635a96ec7b727188f54d7f8f83a65ca33c2a8fe7bd686e4384285f638
h2_posthoc/out/depth_48/H2_msa_titration/seed_42/H2_msa_titration_seed_42_sample_9_model.cif,172517,1e67a055a87a1e5e3c7d4bc27140e55618acbf129d1925290acacd048cfc3efa
h2_posthoc/out/depth_48/H2_msa_titration/seed_43/H2_msa_titration_seed_43_sample_10_model.cif,172174,cb5a719f1049f0b128f8806e43e715bdaa6d97ea233cec8e5fade6a208114563
h2_posthoc/out/depth_48/H2_msa_titration/seed_43/H2_msa_titration_seed_43_sample_1_model.cif,172344,660effaeb5a73c436eb1a61daa95a25586cf58df7ef677732ffd8519164407e8
h2_posthoc/out/depth_48/H2_msa_titration/seed_43/H2_msa_titration_seed_43_sample_2_model.cif,172169,dc05a925269eb02e823685dbc5f82818b6566fb7b9a607cff8da6f287d18e846
h2_posthoc/out/depth_48/H2_msa_titration/seed_43/H2_msa_titration_seed_43_sample_3_model.cif,172209,4529639baccd3033aacebfc4ea4179f9abaee19dd1baaed02e8175fbe801a7be
h2_posthoc/out/depth_48/H2_msa_titration/seed_43/H2_msa_titration_seed_43_sample_4_model.cif,172411,a454e6ac4a672d46a178585fcfbbd5d08d28c250f624ee0f9a0011a72fd34981
h2_posthoc/out/depth_48/H2_msa_titration/seed_43/H2_msa_titration_seed_43_sample_5_model.cif,172625,847271820bcb690a77ad119964364d6ada8d0c68df34aaa68530cfd3cc59e8c3
h2_posthoc/out/depth_48/H2_msa_titration/seed_43/H2_msa_titration_seed_43_sample_6_model.cif,172480,8a00aa1860747893974a9e4cf1e22e925cf9e7934d29e89503cd0824a561bf28
h2_posthoc/out/depth_48/H2_msa_titration/seed_43/H2_msa_titration_seed_43_sample_7_model.cif,172556,14e99f01fa4f0a071b3757e409ae6f25ea8b7ed85c040e20cf55eed2cfa57a7a
h2_posthoc/out/depth_48/H2_msa_titration/seed_43/H2_msa_titration_seed_43_sample_8_model.cif,172143,825f170b3ad311f86fc7b15519415559504dae8466e60de14c1a5253778961be
h2_posthoc/out/depth_48/H2_msa_titration/seed_43/H2_msa_titration_seed_43_sample_9_model.cif,172476,44577bcfc8d13798cdfd41606bc045947a0361a5f996cbd09fd490556803cd1e
h2_posthoc/out/depth_48/H2_msa_titration/seed_44/H2_msa_titration_seed_44_sample_10_model.cif,172289,89edc11d3d94b034d4e16d9fe3e0163b3e54e98c3fc300404e71df407bf689d2
h2_posthoc/out/depth_48/H2_msa_titration/seed_44/H2_msa_titration_seed_44_sample_1_model.cif,172425,d6f33d161a95b4958bb80fe44777e046ce388aaf922c14fa00dbfcf5d07c4eee
h2_posthoc/out/depth_48/H2_msa_titration/seed_44/H2_msa_titration_seed_44_sample_2_model.cif,172423,3b86457179d392490413ba7b64bdcc6587fc431f14b9fa12f6896cfad0cb3eca
h2_posthoc/out/depth_48/H2_msa_titration/seed_44/H2_msa_titration_seed_44_sample_3_model.cif,172327,2f6714a88c6f4cfb976428b1007a886d5a601c9e9d9891c54d5d6f837e34b6d5
h2_posthoc/out/depth_48/H2_msa_titration/seed_44/H2_msa_titration_seed_44_sample_4_model.cif,172721,eab04296f200c28f32188f982d6f05d1feba2c812ef263c57164a55443af5fbe
h2_posthoc/out/depth_48/H2_msa_titration/seed_44/H2_msa_titration_seed_44_sample_5_model.cif,172204,db8fa327ca298d9c076e86f14b895c99bc596da0d89ad85f0616b21042db0bb3
h2_posthoc/out/depth_48/H2_msa_titration/seed_44/H2_msa_titration_seed_44_sample_6_model.cif,172410,9d3d0aa789360784211820bcdd69c6774eef32b98cdbb0dc275f24b3c41fc9fc
h2_posthoc/out/depth_48/H2_msa_titration/seed_44/H2_msa_titration_seed_44_sample_7_model.cif,172641,2bee4fad59c15ba7f170608e3a2d70090f3fc06f7f0a99b34ba0a709a74789df
h2_posthoc/out/depth_48/H2_msa_titration/seed_44/H2_msa_titration_seed_44_sample_8_model.cif,172675,0940be81e11e78b158a840dbaa68330a3e1cfcdd8029a5c420beb10aa595aa28
h2_posthoc/out/depth_48/H2_msa_titration/seed_44/H2_msa_titration_seed_44_sample_9_model.cif,172317,9484c6e8972b671358da840ad530c4e4a0807b965f092f8f0ada5c25c80f5389
h2_posthoc/out/depth_48/H2_msa_titration/seed_45/H2_msa_titration_seed_45_sample_10_model.cif,172137,c7d1af090f2379f9809b73080e2363ebbddfd39143296c4597dae11a6645c83d
h2_posthoc/out/depth_48/H2_msa_titration/seed_45/H2_msa_titration_seed_45_sample_1_model.cif,172543,2ea62d4b5927b257009dbf27569c5d178f9630bb091abf65b98f350987e8ae82
h2_posthoc/out/depth_48/H2_msa_titration/seed_45/H2_msa_titration_seed_45_sample_2_model.cif,172155,501e6c629879f44a946e996fd4a78d35621a084799cf7b8a9ed48d9b724d0b96
h2_posthoc/out/depth_48/H2_msa_titration/seed_45/H2_msa_titration_seed_45_sample_3_model.cif,172433,0430c29cefe4a693bf2c0fd50b7517828ab87893ee20c457e8d18c7f4f3f7454
h2_posthoc/out/depth_48/H2_msa_titration/seed_45/H2_msa_titration_seed_45_sample_4_model.cif,172482,aa4cb956653e5391a9c00771bb8cc5d72ef5a2ce2e57b9053669d32f37c7ace8
h2_posthoc/out/depth_48/H2_msa_titration/seed_45/H2_msa_titration_seed_45_sample_5_model.cif,172534,a50b71b16f06ba8c3c0864d6057b439165fed80d4e37cc870a81e9fc1a7c1ac1
h2_posthoc/out/depth_48/H2_msa_titration/seed_45/H2_msa_titration_seed_45_sample_6_model.cif,172748,98cd4e57ff37692172ca1392dcd6c000a82df0a7c3c0c4fa2033a76eeb37c4ee
h2_posthoc/out/depth_48/H2_msa_titration/seed_45/H2_msa_titration_seed_45_sample_7_model.cif,172690,2a239dde1e8907c0eb5e313073aab0dfed3fce39b5acc765cc16ab3faabceb06
h2_posthoc/out/depth_48/H2_msa_titration/seed_45/H2_msa_titration_seed_45_sample_8_model.cif,172416,2ec083992dbe9b43e593d72616a6f98fafdc25d212379486d4890e4678f31379
h2_posthoc/out/depth_48/H2_msa_titration/seed_45/H2_msa_titration_seed_45_sample_9_model.cif,172195,193ebe7ce92376dc4e433489cee0032faf97ec88926a9549ac02af867a974a3e
h2_posthoc/out/depth_48/H2_msa_titration/seed_46/H2_msa_titration_seed_46_sample_10_model.cif,172391,c56d2fc1fbc49e22db1eb42599359ceaeb4ae82166ebaa6d019197aeb51f841e
h2_posthoc/out/depth_48/H2_msa_titration/seed_46/H2_msa_titration_seed_46_sample_1_model.cif,172658,6f36e6acc0ffb64ea7fc07569053e071e8ce37932b37e86bb04b85909ad862ab
h2_posthoc/out/depth_48/H2_msa_titration/seed_46/H2_msa_titration_seed_46_sample_2_model.cif,172175,77aea1f946af246195e77956ee43e24ed5f3269b0166ef816a24eb732b210520
h2_posthoc/out/depth_48/H2_msa_titration/seed_46/H2_msa_titration_seed_46_sample_3_model.cif,172510,37c165951083d55dc62c24e380c88c68dd1d67e41a70818c91b311de1dd17908
h2_posthoc/out/depth_48/H2_msa_titration/seed_46/H2_msa_titration_seed_46_sample_4_model.cif,172435,2411c40bfdf491ba88528de12859c8c8fe83ea0e44e37c364cf6456b446d0ead
h2_posthoc/out/depth_48/H2_msa_titration/seed_46/H2_msa_titration_seed_46_sample_5_model.cif,172723,d5460972d4adcc149ce5c8af2c48f3f6166967ba248c9f99786e7b6d8f500180
h2_posthoc/out/depth_48/H2_msa_titration/seed_46/H2_msa_titration_seed_46_sample_6_model.cif,172316,05ede6c0df78fab46791411181e67e2272c9f9039ab09dd9892a979242a8a733
h2_posthoc/out/depth_48/H2_msa_titration/seed_46/H2_msa_titration_seed_46_sample_7_model.cif,172434,d875dc5a7a28a5ef570f0a4315b6b08e7534c4210fc4ab52c025b72b4ff7d00c
h2_posthoc/out/depth_48/H2_msa_titration/seed_46/H2_msa_titration_seed_46_sample_8_model.cif,172137,db50b13d9b66281b0ade05f9c0378bef4045118f9c33632a5a7c23e41be40ce0
h2_posthoc/out/depth_48/H2_msa_titration/seed_46/H2_msa_titration_seed_46_sample_9_model.cif,172654,eea09be0b2fbb865dc544acadfcb94b368e2ddf31c328dcc2f397d0622c16d2e
h2_posthoc/out/depth_64/H2_msa_titration/seed_42/H2_msa_titration_seed_42_sample_10_model.cif,172320,a6cd913383bc87fdb3d11399476f4f4dfb4db9eb2780b90fa2d843f9825f2346
h2_posthoc/out/depth_64/H2_msa_titration/seed_42/H2_msa_titration_seed_42_sample_1_model.cif,172483,1dfd3a6fb7219cc3e7b39545fed98809358c720ebdacbf0fd4ed59c00c41d77e
h2_posthoc/out/depth_64/H2_msa_titration/seed_42/H2_msa_titration_seed_42_sample_2_model.cif,172162,8fca4347ea5cccce5d997b142e427db24b78c0d0393dffa566c6975db72e7d2f
h2_posthoc/out/depth_64/H2_msa_titration/seed_42/H2_msa_titration_seed_42_sample_3_model.cif,172244,0397acd4e9881ed5be92045b2b7db9ff015e8956bd2b440d350942ba406e9b98
h2_posthoc/out/depth_64/H2_msa_titration/seed_42/H2_msa_titration_seed_42_sample_4_model.cif,172300,ecc4d4606b4e00a4742ca644950a7ada8166c1afd7b0fc12c3f43ae8ed6a9cd2
h2_posthoc/out/depth_64/H2_msa_titration/seed_42/H2_msa_titration_seed_42_sample_5_model.cif,172307,00591668eed2daf398777bf7bdbb1ccca60051d383c8d1422ad4dd357ca1e797
h2_posthoc/out/depth_64/H2_msa_titration/seed_42/H2_msa_titration_seed_42_sample_6_model.cif,172585,99a13969ceb19faf8ade374b71f22eade3ad0970c4c3d06ef33a72d5d5c322cf
h2_posthoc/out/depth_64/H2_msa_titration/seed_42/H2_msa_titration_seed_42_sample_7_model.cif,172602,429fb03aec7c8ec30a42848a7a4c22d249e2f6a7c2ae34d350198ea7c96a2ade
h2_posthoc/out/depth_64/H2_msa_titration/seed_42/H2_msa_titration_seed_42_sample_8_model.cif,172053,0d754aaed2cce15ff00eca4f658ab97e4369402c9feecc4e33a40b9877c48495
h2_posthoc/out/depth_64/H2_msa_titration/seed_42/H2_msa_titration_seed_42_sample_9_model.cif,172442,e6761db440060354f6d1d985e34c3ebbcf8f665d875863523bc75279beee773c
h2_posthoc/out/depth_64/H2_msa_titration/seed_43/H2_msa_titration_seed_43_sample_10_model.cif,172141,5c1953c0c9c0e1412c2609cca51a90823996eb820125b56404a454230466a816
h2_posthoc/out/depth_64/H2_msa_titration/seed_43/H2_msa_titration_seed_43_sample_1_model.cif,172075,a0f253f129ef9263720ee38be90c3f01d0fc63b32fa3efae15899b2678114c5c
h2_posthoc/out/depth_64/H2_msa_titration/seed_43/H2_msa_titration_seed_43_sample_2_model.cif,172292,e1c0ab2a2dd9632ba38fb5d81f6ff25d63b835381819fe4a5cc22529fc62fc21
h2_posthoc/out/depth_64/H2_msa_titration/seed_43/H2_msa_titration_seed_43_sample_3_model.cif,172160,c7cb3579fee11f423371cbe04f7f5c02746b360da9596f03f00c00cf75da3561
h2_posthoc/out/depth_64/H2_msa_titration/seed_43/H2_msa_titration_seed_43_sample_4_model.cif,172279,a87bee15cf9fd4c4cf0204f534dcca9444e26d5d5e37ea6f30e919d30476c9f6
h2_posthoc/out/depth_64/H2_msa_titration/seed_43/H2_msa_titration_seed_43_sample_5_model.cif,172579,f218e6b89b6fb00552fb969b13252a953cacc639e5caeeb22948acca04dc7584
h2_posthoc/out/depth_64/H2_msa_titration/seed_43/H2_msa_titration_seed_43_sample_6_model.cif,172429,fa516e2f0ff47010c5736a788dd4a4d2555c3672f137f7569c6dee76de61decf
h2_posthoc/out/depth_64/H2_msa_titration/seed_43/H2_msa_titration_seed_43_sample_7_model.cif,172618,f5189a0aac2c183c58153c51de31b42f43a2ac749c9d9ecbd9345324bccd665f
h2_posthoc/out/depth_64/H2_msa_titration/seed_43/H2_msa_titration_seed_43_sample_8_model.cif,172218,9d16c5a4b7c90f29b37bee0fb186b9d41b51d64eb982cfdc5f1c5863d3229401
h2_posthoc/out/depth_64/H2_msa_titration/seed_43/H2_msa_titration_seed_43_sample_9_model.cif,172203,37a9644ed06057dea58cbde0bf48c9fa6c82923aa5792f24ffe7a263b5eb4342
h2_posthoc/out/depth_64/H2_msa_titration/seed_44/H2_msa_titration_seed_44_sample_10_model.cif,172413,5d6258019789e028965fdf7dc80c05d129a2efafba02cc2d77fa5f910f31ad19
h2_posthoc/out/depth_64/H2_msa_titration/seed_44/H2_msa_titration_seed_44_sample_1_model.cif,172511,16549d9f2a58a0544f6802648a9cd1cf166f4c4ce6704f7da98880db63823734
h2_posthoc/out/depth_64/H2_msa_titration/seed_44/H2_msa_titration_seed_44_sample_2_model.cif,172007,4dd7343dc169b4a655478064bb432192598cdc228562ceb484d3b1ff75bacd18
h2_posthoc/out/depth_64/H2_msa_titration/seed_44/H2_msa_titration_seed_44_sample_3_model.cif,172236,9237ccbb25053e13854732253e8c04f4cf0b15b2ac7ede6e193ace6fe125ee03
h2_posthoc/out/depth_64/H2_msa_titration/seed_44/H2_msa_titration_seed_44_sample_4_model.cif,172882,a00efa0c2ac2f8fc78f8ea536132b3d4cdb7c58ec9e115427566d12de975aed3
h2_posthoc/out/depth_64/H2_msa_titration/seed_44/H2_msa_titration_seed_44_sample_5_model.cif,172300,a8d8b25c0da4b48cb25095af1ceca049432524a6534b26a8510c0c5773710b21
h2_posthoc/out/depth_64/H2_msa_titration/seed_44/H2_msa_titration_seed_44_sample_6_model.cif,172371,f8788ad0eca6ddc7fd4b9d796226c3aa3e20041e29193ecd8da7043aefe9a8a2
h2_posthoc/out/depth_64/H2_msa_titration/seed_44/H2_msa_titration_seed_44_sample_7_model.cif,172428,24338ff6e4af7d57b3cf6e5d461567fcdb446062efc05d9f373f69f300e35b11
h2_posthoc/out/depth_64/H2_msa_titration/seed_44/H2_msa_titration_seed_44_sample_8_model.cif,172232,157284f0ccd4027a7d45306bd9555ad9ac09fd71ea4febaa03a7977974595012
h2_posthoc/out/depth_64/H2_msa_titration/seed_44/H2_msa_titration_seed_44_sample_9_model.cif,172388,ddf03e3831a1b68a9c50dabbfe98a8d61248b55484b6ee47fb866231eb1369b6
h2_posthoc/out/depth_64/H2_msa_titration/seed_45/H2_msa_titration_seed_45_sample_10_model.cif,171940,7efcd08a97a2c6313f3a46805bc8fd7db1e797771df3c601ebd48ec2fbb073b3
h2_posthoc/out/depth_64/H2_msa_titration/seed_45/H2_msa_titration_seed_45_sample_1_model.cif,172453,9e3457ddc4bed8fee94727f9f2e866c89f2d29e48409798ad0a49cc1e24ca225
h2_posthoc/out/depth_64/H2_msa_titration/seed_45/H2_msa_titration_seed_45_sample_2_model.cif,172414,0c303edd0f9b6b110c4a0d027307ef6a959a99f1786553908c2c5ba31dd055c3
h2_posthoc/out/depth_64/H2_msa_titration/seed_45/H2_msa_titration_seed_45_sample_3_model.cif,172400,0c81bc5bb8e8e51f25476b73b94ddd35f74a6d88c7ead1f4d8c9e5ff7b026513
h2_posthoc/out/depth_64/H2_msa_titration/seed_45/H2_msa_titration_seed_45_sample_4_model.cif,172273,206d535c98fde3e308f8b78804956f661342a91d7156c1c5dec489379d33c065
h2_posthoc/out/depth_64/H2_msa_titration/seed_45/H2_msa_titration_seed_45_sample_5_model.cif,172374,5ea7e997954f86c250c46c4d77c6f334ba37b013474ae22e62126590b56b3866
h2_posthoc/out/depth_64/H2_msa_titration/seed_45/H2_msa_titration_seed_45_sample_6_model.cif,172457,7752b62b4f5b23840550efe12d6c7d58bc1b85eb6c71ff171a0d2f41e958ff12
h2_posthoc/out/depth_64/H2_msa_titration/seed_45/H2_msa_titration_seed_45_sample_7_model.cif,172781,abb317945b7d64aa6cf85c7381389db53b56173e4fdd06a8654e59343f4318fa
h2_posthoc/out/depth_64/H2_msa_titration/seed_45/H2_msa_titration_seed_45_sample_8_model.cif,172325,c0c4c3fcd27f92b12410c02085d397265e417d7cbb4869525c099e7928171a37
h2_posthoc/out/depth_64/H2_msa_titration/seed_45/H2_msa_titration_seed_45_sample_9_model.cif,172352,91093525d0e89cd54821d933f5c8ba8a90f44ac069cc6882b4f7667950ce7ae7
h2_posthoc/out/depth_64/H2_msa_titration/seed_46/H2_msa_titration_seed_46_sample_10_model.cif,172159,11b6f03dd405c4bbb06407b3437e2424732e1210cd45ff2338f49bd9781e76c7
h2_posthoc/out/depth_64/H2_msa_titration/seed_46/H2_msa_titration_seed_46_sample_1_model.cif,172289,55ca9ab723db774dcbff6b87d4c2e1bf276f12f30aa962eac89e260b0605e944
h2_posthoc/out/depth_64/H2_msa_titration/seed_46/H2_msa_titration_seed_46_sample_2_model.cif,172357,e071ef7be3199c0ee3c8621631e078032bb1172f4b8a728a74d3c4ffc413937f
h2_posthoc/out/depth_64/H2_msa_titration/seed_46/H2_msa_titration_seed_46_sample_3_model.cif,172373,edeb188b607f04c13b1ad2ccad6e6a36357258b90299158be11950f5478213ef
h2_posthoc/out/depth_64/H2_msa_titration/seed_46/H2_msa_titration_seed_46_sample_4_model.cif,172624,e873d46d7a4784a8fd6b2871a519f4d14f769bcd60863b5d0cede03abc7cfc9f
h2_posthoc/out/depth_64/H2_msa_titration/seed_46/H2_msa_titration_seed_46_sample_5_model.cif,172364,7742c797159a15cab575d350a6370800ba11be3ad4e2be5963c72b0c0c2ec695
h2_posthoc/out/depth_64/H2_msa_titration/seed_46/H2_msa_titration_seed_46_sample_6_model.cif,172071,68590dbff1302a6c7f627283f64ff8e63e1e157eec4e33208579bf33c9510a95
h2_posthoc/out/depth_64/H2_msa_titration/seed_46/H2_msa_titration_seed_46_sample_7_model.cif,172432,9480d15388f3ccf6eed0e9606c389d1b2c135d5367d3da4dbaabf46065148151
h2_posthoc/out/depth_64/H2_msa_titration/seed_46/H2_msa_titration_seed_46_sample_8_model.cif,172331,53b6cc0ead86acc0dd0bc1fb68b5907c6687cdc0c87e87e9816fd1e5d7c579b4
h2_posthoc/out/depth_64/H2_msa_titration/seed_46/H2_msa_titration_seed_46_sample_9_model.cif,172462,9488070f0a58c6cfb8fb36c897a00d993225fee712178215b34c85b22043a896
h2_posthoc/out/depth_96/H2_msa_titration/seed_42/H2_msa_titration_seed_42_sample_10_model.cif,172462,b57bf6343f41b3ca2eb214789219f9d1397a80991725f3c40ba6279cd689dcfa
h2_posthoc/out/depth_96/H2_msa_titration/seed_42/H2_msa_titration_seed_42_sample_1_model.cif,172330,277091c5f92d2daa347772d8f988ec9bd4d3010a9aa9ff36efe5bc58f0aae0fc
h2_posthoc/out/depth_96/H2_msa_titration/seed_42/H2_msa_titration_seed_42_sample_2_model.cif,172388,c3b5ae9b66ec07e652c1d2ac40953f4b6572f6ad3c88a963c6bae62c626d80d7
h2_posthoc/out/depth_96/H2_msa_titration/seed_42/H2_msa_titration_seed_42_sample_3_model.cif,172369,00b5b7e25833f48b062a02631e1cc3b6cb5cd1f2a13ea41430d0fc7da026e633
h2_posthoc/out/depth_96/H2_msa_titration/seed_42/H2_msa_titration_seed_42_sample_4_model.cif,172095,c18b46fb0d22031e5f13e048aebbdbda220f63e3ed642953439506c1b1664284
h2_posthoc/out/depth_96/H2_msa_titration/seed_42/H2_msa_titration_seed_42_sample_5_model.cif,172035,aa0b9870ba1fb1084ab72e71ae8c4d24173cfc8e214d0cdb4110b61f690e4bd8
h2_posthoc/out/depth_96/H2_msa_titration/seed_42/H2_msa_titration_seed_42_sample_6_model.cif,172581,978b5a5cb095980a3e5eca101018cc8e451c1253615ab07f948f2a6880722b28
h2_posthoc/out/depth_96/H2_msa_titration/seed_42/H2_msa_titration_seed_42_sample_7_model.cif,172346,1e410d571a8344daa80a1d4431102dacba39906f6d7639a6afd6d6e0f95959bd
h2_posthoc/out/depth_96/H2_msa_titration/seed_42/H2_msa_titration_seed_42_sample_8_model.cif,172167,4c8f5dea7ebdf12e150a2d1e61a8e7cbb020b75ba97fb7d7248b4ccb73aadab2
h2_posthoc/out/depth_96/H2_msa_titration/seed_42/H2_msa_titration_seed_42_sample_9_model.cif,172341,1d3da98088799547c979fb69c6375f495e7c875b675446c9b79b7ee7074d71cb
h2_posthoc/out/depth_96/H2_msa_titration/seed_43/H2_msa_titration_seed_43_sample_10_model.cif,172322,77f74deaa7fae209b10355203c54f11201850272961d74aee0bfb014dcb31b15
h2_posthoc/out/depth_96/H2_msa_titration/seed_43/H2_msa_titration_seed_43_sample_1_model.cif,172338,00e01794b0fd1a276d9814a3c538f61bf5944fa868920d67326fe5d6f931d13b
h2_posthoc/out/depth_96/H2_msa_titration/seed_43/H2_msa_titration_seed_43_sample_2_model.cif,172205,9ca518767dbdb1701085e9951b015ca60b39ee6d16620ca8ca29dc6a1f98e633
h2_posthoc/out/depth_96/H2_msa_titration/seed_43/H2_msa_titration_seed_43_sample_3_model.cif,172026,759faf4fdb5dde8648cf5ab77b49ce1edaa221d45a99c70e67ce44206de932a2
h2_posthoc/out/depth_96/H2_msa_titration/seed_43/H2_msa_titration_seed_43_sample_4_model.cif,172488,334e0b0616df477bd1f779cfde90d0c1b3f29ede6bdedcbea94c43547801879e
h2_posthoc/out/depth_96/H2_msa_titration/seed_43/H2_msa_titration_seed_43_sample_5_model.cif,172434,4777ec5ea08c546a54ba21bfd9c2ac91ef86c8e6b76db8adf4a94d0db3be83b4
h2_posthoc/out/depth_96/H2_msa_titration/seed_43/H2_msa_titration_seed_43_sample_6_model.cif,172518,928d95ea2fea4022d076e58d2f50b475205360589d415cbc30ee776f139b241f
h2_posthoc/out/depth_96/H2_msa_titration/seed_43/H2_msa_titration_seed_43_sample_7_model.cif,172525,eb48a42b99f024d371b5348197b52993f99baf55ba0a88ae58c9d44f5111f8be
h2_posthoc/out/depth_96/H2_msa_titration/seed_43/H2_msa_titration_seed_43_sample_8_model.cif,172386,c7b22b14bca501f3d4add964a224582d26529b2f37769a4806a95487d00cc362
h2_posthoc/out/depth_96/H2_msa_titration/seed_43/H2_msa_titration_seed_43_sample_9_model.cif,172153,b866689fdf1dd6aeb2e1b2e3df482020ce33460a794b468f6d7497a8c3f72d9f
h2_posthoc/out/depth_96/H2_msa_titration/seed_44/H2_msa_titration_seed_44_sample_10_model.cif,172539,886ba7883be5cc8b0af4e4479ea9a65cde5e9c94050f365fedb65fbb0075e9f4
h2_posthoc/out/depth_96/H2_msa_titration/seed_44/H2_msa_titration_seed_44_sample_1_model.cif,172627,ac9e31ab7acc054640ca7c007cc014b5772a49c9d7f5cdaaa3944b404c818213
h2_posthoc/out/depth_96/H2_msa_titration/seed_44/H2_msa_titration_seed_44_sample_2_model.cif,172118,89cde85dd33aeded211ebee93311b748ca892b38c1e56b9d0ee8a76a48969259
h2_posthoc/out/depth_96/H2_msa_titration/seed_44/H2_msa_titration_seed_44_sample_3_model.cif,172192,248375c0a906baca6b8fdd3822b3c883bea92b8e0ca7365865cec8991bb87ee0
h2_posthoc/out/depth_96/H2_msa_titration/seed_44/H2_msa_titration_seed_44_sample_4_model.cif,172585,60f66854f0f5efe1bf01bfe3e332da2ed998d2d6a8c86e6693470d76678f4ef1
h2_posthoc/out/depth_96/H2_msa_titration/seed_44/H2_msa_titration_seed_44_sample_5_model.cif,172334,876644ee6ef0fc74f735627975a1f8f05795a30f3b5a09ecfb810056fc3d3b87
h2_posthoc/out/depth_96/H2_msa_titration/seed_44/H2_msa_titration_seed_44_sample_6_model.cif,172401,d88717bb5211502adfd41d9dd51b7e9ee7abb06b76a82c0fc487ad7141b23e28
h2_posthoc/out/depth_96/H2_msa_titration/seed_44/H2_msa_titration_seed_44_sample_7_model.cif,172428,a724def8098c48bb1f849468db70b3a593c48b0b6a983cc9445dc133f79a2c8e
h2_posthoc/out/depth_96/H2_msa_titration/seed_44/H2_msa_titration_seed_44_sample_8_model.cif,172272,dacf42ca58f257bc8831cb0663fa21e8b08d1350bc207436f93a28267f7ccb05
h2_posthoc/out/depth_96/H2_msa_titration/seed_44/H2_msa_titration_seed_44_sample_9_model.cif,172190,0101141dac11742cec963254a4e2c5dcd35c83e632b2f1136191f01721e9e211
h2_posthoc/out/depth_96/H2_msa_titration/seed_45/H2_msa_titration_seed_45_sample_10_model.cif,171995,5eecaf80d5dba1fc89be839212ed7acfa1a1fc4ac4a6d12bbe40c5b72b9ec48e
h2_posthoc/out/depth_96/H2_msa_titration/seed_45/H2_msa_titration_seed_45_sample_1_model.cif,172193,c6f075798d5b6849fad5f09e93fe9e2e46d8ae086a2543b670b0c9395ada4cc3
h2_posthoc/out/depth_96/H2_msa_titration/seed_45/H2_msa_titration_seed_45_sample_2_model.cif,172333,bca02181bf290291b026b9e4af9356fde3e82c78b15176745649e3807a1461cf
h2_posthoc/out/depth_96/H2_msa_titration/seed_45/H2_msa_titration_seed_45_sample_3_model.cif,172613,d0dd969fab5c06715269dca8752fcc7373f540376988cc1ac49dfc32e53d40d5
h2_posthoc/out/depth_96/H2_msa_titration/seed_45/H2_msa_titration_seed_45_sample_4_model.cif,172180,91ad7ca767b678927b64c1ae6eca08687aa2253b8145a1c69e4508c1d512b76b
h2_posthoc/out/depth_96/H2_msa_titration/seed_45/H2_msa_titration_seed_45_sample_5_model.cif,172403,8856465ff1914382f8af0842b00d8b88865f7b70d847a19566c654478b78c39a
h2_posthoc/out/depth_96/H2_msa_titration/seed_45/H2_msa_titration_seed_45_sample_6_model.cif,172486,734aa0e00da8856cb443373d638b2cc8c1d8e960b4f70f44fc8554cc0c77f0c6
h2_posthoc/out/depth_96/H2_msa_titration/seed_45/H2_msa_titration_seed_45_sample_7_model.cif,172793,2bd5f97e4988526154e6880e7bfa8bd4dd8d72c2843eebea938771ff1c2f552c
h2_posthoc/out/depth_96/H2_msa_titration/seed_45/H2_msa_titration_seed_45_sample_8_model.cif,172401,187574841c1b63b2541431b689f6ed8348f21471823a58e707367362a7e60a55
h2_posthoc/out/depth_96/H2_msa_titration/seed_45/H2_msa_titration_seed_45_sample_9_model.cif,172451,28d41ec9f43fb2bbd381460a6a8f41b00185c2a4836e225136498e8a408dea47
h2_posthoc/out/depth_96/H2_msa_titration/seed_46/H2_msa_titration_seed_46_sample_10_model.cif,172167,b43ef967948bce927f75270824c253a8fdb727831efa26442233d18d2aaa204f
h2_posthoc/out/depth_96/H2_msa_titration/seed_46/H2_msa_titration_seed_46_sample_1_model.cif,172514,dba99767762abf6b93c7b5c968b80c9ac23f40efa39705e057f43431a712ad8f
h2_posthoc/out/depth_96/H2_msa_titration/seed_46/H2_msa_titration_seed_46_sample_2_model.cif,172362,d24c3304902036247e20cdac8f0940120aef5eef9d50aa131ad7d76cce6e5e39
h2_posthoc/out/depth_96/H2_msa_titration/seed_46/H2_msa_titration_seed_46_sample_3_model.cif,172326,d42b524c24fbb34d933b22c37a8b0b4aa117731cc2cf41e844b6968a5d44b6b9
h2_posthoc/out/depth_96/H2_msa_titration/seed_46/H2_msa_titration_seed_46_sample_4_model.cif,172344,f38c76ffc8ea7318d2155d06e2cd42ec190b90f9dcac379b4d364cbf961b1245
h2_posthoc/out/depth_96/H2_msa_titration/seed_46/H2_msa_titration_seed_46_sample_5_model.cif,172391,bd7d7a25ee7f443ae9676666de2efdb55f965b8339e28e97f4ce93afb8815d45
h2_posthoc/out/depth_96/H2_msa_titration/seed_46/H2_msa_titration_seed_46_sample_6_model.cif,172272,2debdab3a9cbc89e6cf487ce12d01aac02a29c82133c96cb83de87d4bb9ee2f2
h2_posthoc/out/depth_96/H2_msa_titration/seed_46/H2_msa_titration_seed_46_sample_7_model.cif,172450,d095d82db78e0f0068f7a84ee1d9e5e0c5f349f37e0e7e8ddc27c75f6a05ab07
h2_posthoc/out/depth_96/H2_msa_titration/seed_46/H2_msa_titration_seed_46_sample_8_model.cif,172307,505303e3e6e08307504a92afb378c5aa5ace178c7647b036772da2401e69deb0
h2_posthoc/out/depth_96/H2_msa_titration/seed_46/H2_msa_titration_seed_46_sample_9_model.cif,172687,d3059d1bed4da24ce85b8a02e30569f9b52aed410fafd0641304d148ee38392c
h2_posthoc/out/template_3kyt/H2_msa_titration/seed_42/H2_msa_titration_seed_42_sample_10_model.cif,172418,9ee777b3836ff58778c721b329237f76db72359731200b60bcd2f7c96c112a2f
h2_posthoc/out/template_3kyt/H2_msa_titration/seed_42/H2_msa_titration_seed_42_sample_1_model.cif,172332,75b50aa6fdfa40da3fe8df63a8265e27789c0a2a82d72ec4cc187b7bdd3b2e8f
h2_posthoc/out/template_3kyt/H2_msa_titration/seed_42/H2_msa_titration_seed_42_sample_2_model.cif,172326,c409c3219163830d97db6f367a3e2fdfe6ea6d359f77db446a02a3a97789e8d2
h2_posthoc/out/template_3kyt/H2_msa_titration/seed_42/H2_msa_titration_seed_42_sample_3_model.cif,172271,589dc5f5c73761b92e3a5d0741cb7b532d36c8b8afe5ffd392a407946c16d898
h2_posthoc/out/template_3kyt/H2_msa_titration/seed_42/H2_msa_titration_seed_42_sample_4_model.cif,172233,c57a948a745b95873f2c756d2d504400dc099512e5c32affd31949f86a5d1389
h2_posthoc/out/template_3kyt/H2_msa_titration/seed_42/H2_msa_titration_seed_42_sample_5_model.cif,172067,3cff783a425675024f8bf333a1e3391e34a6246ad090d2c42f6454281f0380c5
h2_posthoc/out/template_3kyt/H2_msa_titration/seed_42/H2_msa_titration_seed_42_sample_6_model.cif,172556,eef3eaf7b129d4f4e5cdc5d7573c06b94fec3ac7dd54f0503d351b2cca4490e8
h2_posthoc/out/template_3kyt/H2_msa_titration/seed_42/H2_msa_titration_seed_42_sample_7_model.cif,172227,cfbe70cfcfe2fb641bfa7eda89cc51e3ceb4434fb24d65b7c0a90cfb15b9e382
h2_posthoc/out/template_3kyt/H2_msa_titration/seed_42/H2_msa_titration_seed_42_sample_8_model.cif,171946,cf36be687f05561dab740f12ae6bd6c1c3affa4f58bbd5012ecb9d50619bdbde
h2_posthoc/out/template_3kyt/H2_msa_titration/seed_42/H2_msa_titration_seed_42_sample_9_model.cif,172585,29188f4a840efb6c711d23af34b3f8585b0aa42ab6f5e8a4a9f51bac481719a7
h2_posthoc/out/template_3kyt/H2_msa_titration/seed_43/H2_msa_titration_seed_43_sample_10_model.cif,172208,e46c932f71c5311b264ed26cf1691b364f57dbfb86427dd5f37ead2a065df400
h2_posthoc/out/template_3kyt/H2_msa_titration/seed_43/H2_msa_titration_seed_43_sample_1_model.cif,172094,4417393aa1c671d2a329f68f33a58cdf73ea8ba29a306f60e47c35b3d12f4dbe
h2_posthoc/out/template_3kyt/H2_msa_titration/seed_43/H2_msa_titration_seed_43_sample_2_model.cif,172161,e5af8bcbe8b5dade5f0d20e8ae54596b97dfc2355de5d6d5a793eb2c87db72dc
h2_posthoc/out/template_3kyt/H2_msa_titration/seed_43/H2_msa_titration_seed_43_sample_3_model.cif,172364,9089578a054924ef5e0f97031ba8b9c8b4d14b261caa3170429a9bef5b8dacea
h2_posthoc/out/template_3kyt/H2_msa_titration/seed_43/H2_msa_titration_seed_43_sample_4_model.cif,172427,dcce517639f3fda10d9051981640242a30809d78a34a2ed67b6ba46bba57c21a
h2_posthoc/out/template_3kyt/H2_msa_titration/seed_43/H2_msa_titration_seed_43_sample_5_model.cif,172390,a0f94ef1619fc726b8589f8289964f54586651d6fcede8bcb6442fae65b5b15f
h2_posthoc/out/template_3kyt/H2_msa_titration/seed_43/H2_msa_titration_seed_43_sample_6_model.cif,172401,c166f742296116073cf0e7cf610a410c10e38b8561eb8b9892f3a3d19e630cf6
h2_posthoc/out/template_3kyt/H2_msa_titration/seed_43/H2_msa_titration_seed_43_sample_7_model.cif,172733,f5ffb459d995a8f8daf87a127d09aeaefff0307f9e6cbee1249808c4eb8746fa
h2_posthoc/out/template_3kyt/H2_msa_titration/seed_43/H2_msa_titration_seed_43_sample_8_model.cif,172381,2a9c274b116f7981348f99e5d3e85a274417902ef31b71820742fb21429f3182
h2_posthoc/out/template_3kyt/H2_msa_titration/seed_43/H2_msa_titration_seed_43_sample_9_model.cif,172112,02144c63b7637c92e1b3fa6bb7512ca4413616b1772ae1c8a83a2d1874b78de6
h2_posthoc/out/template_3kyt/H2_msa_titration/seed_44/H2_msa_titration_seed_44_sample_10_model.cif,172420,0319200b313df19ac9016200b0bf62fb7e3c6fa84176c8682824886539310e48
h2_posthoc/out/template_3kyt/H2_msa_titration/seed_44/H2_msa_titration_seed_44_sample_1_model.cif,172480,7d10755f29701c03b04003e8ed94a1a94ec6369de19af948baed1757b931d78b
h2_posthoc/out/template_3kyt/H2_msa_titration/seed_44/H2_msa_titration_seed_44_sample_2_model.cif,172293,abfcd9ea90c053ac19b173e7b3ffac83367c0d59780626025844866186ae250b
h2_posthoc/out/template_3kyt/H2_msa_titration/seed_44/H2_msa_titration_seed_44_sample_3_model.cif,172247,d6fb3a78316fa34a6e0899d3def915b37b2597f95bbdb3e77304ce769bb25512
h2_posthoc/out/template_3kyt/H2_msa_titration/seed_44/H2_msa_titration_seed_44_sample_4_model.cif,172549,a1fdeee63e11ee830ec53248cfb195306cd460ecc6616baccdcae5f1afd8820b
h2_posthoc/out/template_3kyt/H2_msa_titration/seed_44/H2_msa_titration_seed_44_sample_5_model.cif,172372,47c5e9ccc3da4ee3e60f55e4ff07206c96e1d165bc78873c426c2cafd71b3469
h2_posthoc/out/template_3kyt/H2_msa_titration/seed_44/H2_msa_titration_seed_44_sample_6_model.cif,172370,0bd8518794c1a989d3d62b813d7919ba53d512a59e47b533fb64d5e1ffcf30c3
h2_posthoc/out/template_3kyt/H2_msa_titration/seed_44/H2_msa_titration_seed_44_sample_7_model.cif,172544,eb62e0305f946b5ab4187f2723747740534d0a747d30041b66c5b94bdafba81a
h2_posthoc/out/template_3kyt/H2_msa_titration/seed_44/H2_msa_titration_seed_44_sample_8_model.cif,172392,a70f224a69f1d847b88bb6065f0d51b55f1440dee8a7d051e299b5df45f137cd
h2_posthoc/out/template_3kyt/H2_msa_titration/seed_44/H2_msa_titration_seed_44_sample_9_model.cif,172140,084d105e06c274ab5cd99cb344224cece9bbf244ff70e4ef5647d88ad888e8b4
h2_posthoc/out/template_3kyt/H2_msa_titration/seed_45/H2_msa_titration_seed_45_sample_10_model.cif,171908,f0a3590e9690f87652ae3b9f286599c96d51f5614f11bf8372c9ea121360a14d
h2_posthoc/out/template_3kyt/H2_msa_titration/seed_45/H2_msa_titration_seed_45_sample_1_model.cif,172463,85785452e925464eac66e2fa43e7710ef80a3050482c7a7015eaf2354c288492
h2_posthoc/out/template_3kyt/H2_msa_titration/seed_45/H2_msa_titration_seed_45_sample_2_model.cif,172403,acf5ea9ca9ffd9598f2f4edebce4acd85c679faea222ee91a5e342cdd1f4dfa6
h2_posthoc/out/template_3kyt/H2_msa_titration/seed_45/H2_msa_titration_seed_45_sample_3_model.cif,172516,d2493067d807aea4b9d3697f023bbc4aa66a2ad41d5e68045d96cf1b6b2112df
h2_posthoc/out/template_3kyt/H2_msa_titration/seed_45/H2_msa_titration_seed_45_sample_4_model.cif,172187,4938bfee5912c45eec31905fcdce87f897ab91674dbf9e81d68c51411102332d
h2_posthoc/out/template_3kyt/H2_msa_titration/seed_45/H2_msa_titration_seed_45_sample_5_model.cif,172203,9f8a9f858f020bd3a524e0c82e4f966c324430cb9a66c6eb2dc9336714ea0475
h2_posthoc/out/template_3kyt/H2_msa_titration/seed_45/H2_msa_titration_seed_45_sample_6_model.cif,172340,6adeddda41b67949f833782430e11d739d36879903b430cddb290a8372a660d2
h2_posthoc/out/template_3kyt/H2_msa_titration/seed_45/H2_msa_titration_seed_45_sample_7_model.cif,172744,ada179dfa64ce328a02ace567f828333b6cd010ed095124e3751e0091e7c1311
h2_posthoc/out/template_3kyt/H2_msa_titration/seed_45/H2_msa_titration_seed_45_sample_8_model.cif,172399,889602b1c1ac4fb4f81247e4c761c5fd4c95520bd0c5530ca421e592b5aa4996
h2_posthoc/out/template_3kyt/H2_msa_titration/seed_45/H2_msa_titration_seed_45_sample_9_model.cif,172163,00a4b150e443a4e3af87049b43845ec99cb3c7cb02f6cacff0ca5da688f265c2
h2_posthoc/out/template_3kyt/H2_msa_titration/seed_46/H2_msa_titration_seed_46_sample_10_model.cif,172353,522358aa60e94a3c0f98b0754d6fbf8bc8fbc6924c1352fe5a02d6859842b949
h2_posthoc/out/template_3kyt/H2_msa_titration/seed_46/H2_msa_titration_seed_46_sample_1_model.cif,172094,049c4ebc836ff04ec27ad04a502376217cfc27b97d2d4c6624148c5d720e11f5
h2_posthoc/out/template_3kyt/H2_msa_titration/seed_46/H2_msa_titration_seed_46_sample_2_model.cif,172361,8e5702e8bcba49b6acc8795441dddf6bb75d820a83971eb889c48802f053ac9b
h2_posthoc/out/template_3kyt/H2_msa_titration/seed_46/H2_msa_titration_seed_46_sample_3_model.cif,172436,e2fb202d21a1a414044be3a3a7ec4c288a97226e172f23452ff9b267a59eb5ef
h2_posthoc/out/template_3kyt/H2_msa_titration/seed_46/H2_msa_titration_seed_46_sample_4_model.cif,172260,d9b44c881773d30d0e89a070d6a0069a2b8a0de887de63e11f69ec685c521698
h2_posthoc/out/template_3kyt/H2_msa_titration/seed_46/H2_msa_titration_seed_46_sample_5_model.cif,172554,a1fadfb708aaf350db0f420cadf012c61e8d340847d3358088b13faae2e03eac
h2_posthoc/out/template_3kyt/H2_msa_titration/seed_46/H2_msa_titration_seed_46_sample_6_model.cif,172328,26f0d2094f976890c5eee8de5a0f6a72c4fedf7bf999fb861010f3f53d14fe2f
h2_posthoc/out/template_3kyt/H2_msa_titration/seed_46/H2_msa_titration_seed_46_sample_7_model.cif,172298,0a6b05f66a97b2c92b71b09a76086c4c3a519a7fb128d0273a5687fdf1c0adc9
h2_posthoc/out/template_3kyt/H2_msa_titration/seed_46/H2_msa_titration_seed_46_sample_8_model.cif,172145,d560d34d075a4237b48cb64ba9ef53c091dc75cd3e1ca6ffaa85896abda1db5e
h2_posthoc/out/template_3kyt/H2_msa_titration/seed_46/H2_msa_titration_seed_46_sample_9_model.cif,172480,aac2ff0117844cf59db50cb1481e9e49afe3aab479fa5e547420f53972b22192
h2_posthoc/out/template_4zjw/H2_msa_titration/seed_42/H2_msa_titration_seed_42_sample_10_model.cif,172346,2a3df345aca5fbe223fb11030827d6439bba1a1a3e436f3d1b658000f6087d22
h2_posthoc/out/template_4zjw/H2_msa_titration/seed_42/H2_msa_titration_seed_42_sample_1_model.cif,172245,157a20b7357265e630a84fcb40869211aaebfa98c795b51079099fb79ce48168
h2_posthoc/out/template_4zjw/H2_msa_titration/seed_42/H2_msa_titration_seed_42_sample_2_model.cif,172372,285b4feeb0d1c3398ed5a61e5f307610a19c406743251d21554a6e9e7b156889
h2_posthoc/out/template_4zjw/H2_msa_titration/seed_42/H2_msa_titration_seed_42_sample_3_model.cif,172433,ff15a979cc9e5201ed41b4d8118174835af0722ad5c26840b75e7830ffe67e94
h2_posthoc/out/template_4zjw/H2_msa_titration/seed_42/H2_msa_titration_seed_42_sample_4_model.cif,172244,e6205ae8a5c69284b7f8c78fb16a7e6015d9680c3bd1384262abbca2eceb8ab9
h2_posthoc/out/template_4zjw/H2_msa_titration/seed_42/H2_msa_titration_seed_42_sample_5_model.cif,172158,e8f81dc06878b6ea8308300471ac1056670496a3180331ce593c2dca384d815e
h2_posthoc/out/template_4zjw/H2_msa_titration/seed_42/H2_msa_titration_seed_42_sample_6_model.cif,172487,2b2e7ed46461908c391952a0a8f24e85f0e25efc5694d348438d529e30c7bd9e
h2_posthoc/out/template_4zjw/H2_msa_titration/seed_42/H2_msa_titration_seed_42_sample_7_model.cif,172355,6bc6c6e0e2bdc181ad3a617a305f006d7fbb3323bcb67af99479e5fea8322c96
h2_posthoc/out/template_4zjw/H2_msa_titration/seed_42/H2_msa_titration_seed_42_sample_8_model.cif,172087,88c4a3061be3c94d1c6dbdfb46d2320d087e112838c7a6075c276f2e7ce7ace3
h2_posthoc/out/template_4zjw/H2_msa_titration/seed_42/H2_msa_titration_seed_42_sample_9_model.cif,172611,3e9d98bc7ab25ec6e1aae0e917b5ae4e9744e4c93b428d57c567b7ee555cfa1b
h2_posthoc/out/template_4zjw/H2_msa_titration/seed_43/H2_msa_titration_seed_43_sample_10_model.cif,172312,a5810d0ca942c66dfe459f1909adacc507a8e00aaa86dca9bb2e2021f8bc9055
h2_posthoc/out/template_4zjw/H2_msa_titration/seed_43/H2_msa_titration_seed_43_sample_1_model.cif,172114,39b234777871f986b0154e9a8a82e61746dfcf56288b6dc86d24ec1615774bbd
h2_posthoc/out/template_4zjw/H2_msa_titration/seed_43/H2_msa_titration_seed_43_sample_2_model.cif,172281,b9ca3bf66c728e1b1a7cde50639bc307164cd6cfe3bcb28498697f2216b1a14c
h2_posthoc/out/template_4zjw/H2_msa_titration/seed_43/H2_msa_titration_seed_43_sample_3_model.cif,172398,ef9e90356b246b4468f0bd7b19d89b1ac204d596b03244ea48e9da713e5893b0
h2_posthoc/out/template_4zjw/H2_msa_titration/seed_43/H2_msa_titration_seed_43_sample_4_model.cif,172525,2dd10b0b5596d3803a4fb680221ef9ff6d00239372df762ae141d863aaba487a
h2_posthoc/out/template_4zjw/H2_msa_titration/seed_43/H2_msa_titration_seed_43_sample_5_model.cif,172577,d5e43b6ee5ef76303ef6aa5e6416d1fa93f4ae1f4f87190cd8c0e62f49d6cda9
h2_posthoc/out/template_4zjw/H2_msa_titration/seed_43/H2_msa_titration_seed_43_sample_6_model.cif,172382,6d8e95e9d745e629349296e4162e9aa2b6a5ca11c1b4a9cc3a17dedcc2b968d0
h2_posthoc/out/template_4zjw/H2_msa_titration/seed_43/H2_msa_titration_seed_43_sample_7_model.cif,172494,260d944555e9c0dae25259df4f4b410717e4a5b4a7b7eb5b96e703fc563cc845
h2_posthoc/out/template_4zjw/H2_msa_titration/seed_43/H2_msa_titration_seed_43_sample_8_model.cif,172283,6dc2475b5689b19824a0c0a5a625eea03d4db2b92f4589d41d316242d4e233bf
h2_posthoc/out/template_4zjw/H2_msa_titration/seed_43/H2_msa_titration_seed_43_sample_9_model.cif,172017,aa7231b54e410ec4b38e22da83f020acadf42b3fdb66e74f80da2a6aca9817f7
h2_posthoc/out/template_4zjw/H2_msa_titration/seed_44/H2_msa_titration_seed_44_sample_10_model.cif,172482,a678f4da3f7713c5e7a6e5db97ecc71595cc98d8ef184ba861b90841d6e7b278
h2_posthoc/out/template_4zjw/H2_msa_titration/seed_44/H2_msa_titration_seed_44_sample_1_model.cif,172406,a8240f6d26b60274eff09e20a7a6a006728512b634520bf55f3d8e204bb0ba1d
h2_posthoc/out/template_4zjw/H2_msa_titration/seed_44/H2_msa_titration_seed_44_sample_2_model.cif,172335,fe2191e1019cabd9b05317da117ff13db8a627addf777f88d7785e418e74be17
h2_posthoc/out/template_4zjw/H2_msa_titration/seed_44/H2_msa_titration_seed_44_sample_3_model.cif,172236,5311df3c3a0c273925c1f846ba5718cb1b25ac4df206d9972e165053de8a929c
h2_posthoc/out/template_4zjw/H2_msa_titration/seed_44/H2_msa_titration_seed_44_sample_4_model.cif,172486,cfb3bbcbe8120dd5340e5cd625cc43ac5bb603387d6093749c2ed288891c5d09
h2_posthoc/out/template_4zjw/H2_msa_titration/seed_44/H2_msa_titration_seed_44_sample_5_model.cif,172396,edf485d9389ac8c86f76e22fe625a462eeeda25ae7067bb43bd3a87979f72d75
h2_posthoc/out/template_4zjw/H2_msa_titration/seed_44/H2_msa_titration_seed_44_sample_6_model.cif,172289,a4a14927983d04b3b8c5842ebf102fe02821a758de7e28ab2a4708a200e7cc61
h2_posthoc/out/template_4zjw/H2_msa_titration/seed_44/H2_msa_titration_seed_44_sample_7_model.cif,172567,ff83f260707410d4f781c2fb5476c90aec962940d479a1030b77750ecf90f06f
h2_posthoc/out/template_4zjw/H2_msa_titration/seed_44/H2_msa_titration_seed_44_sample_8_model.cif,172501,c8aea9b25b45be06459362e44e2a0117cde19b21363652db75755e201a682df1
h2_posthoc/out/template_4zjw/H2_msa_titration/seed_44/H2_msa_titration_seed_44_sample_9_model.cif,172214,e5f722d27aeb705bfa0e41a18c5e3b1c8c52b700564b20967c0f519cfa7cd4f3
h2_posthoc/out/template_4zjw/H2_msa_titration/seed_45/H2_msa_titration_seed_45_sample_10_model.cif,172002,42a28bf63194a4f56680e856d5f3f2117ee968b948c0ac16f1e4d5c9056d804e
h2_posthoc/out/template_4zjw/H2_msa_titration/seed_45/H2_msa_titration_seed_45_sample_1_model.cif,172323,e033b001209fbc1d8f908de47af08bd2a04f61b15adefd7994b27c9973e41819
h2_posthoc/out/template_4zjw/H2_msa_titration/seed_45/H2_msa_titration_seed_45_sample_2_model.cif,172366,8b845a639b6ae417b7cdb68ec203b5a4b868878bc263de7ea47be8eb2764d6d1
h2_posthoc/out/template_4zjw/H2_msa_titration/seed_45/H2_msa_titration_seed_45_sample_3_model.cif,172611,3b662eea6e2decea636b2003aeb436e482eb1d6f62d6a6111e71911780e87406
h2_posthoc/out/template_4zjw/H2_msa_titration/seed_45/H2_msa_titration_seed_45_sample_4_model.cif,172219,35bea6aab54ab22c52372da3e76d84dde79c5c44dad706bfc75958f06505ecf1
h2_posthoc/out/template_4zjw/H2_msa_titration/seed_45/H2_msa_titration_seed_45_sample_5_model.cif,172276,d5f13fd645b5d56c44ac3295830271e7941e9547d9f963b398910c8e8cbd267a
h2_posthoc/out/template_4zjw/H2_msa_titration/seed_45/H2_msa_titration_seed_45_sample_6_model.cif,172367,2b069b129d6d9adc0a804184647d2bc335f04472da1f46cad2e740b2d1ec7093
h2_posthoc/out/template_4zjw/H2_msa_titration/seed_45/H2_msa_titration_seed_45_sample_7_model.cif,172789,fd41c47b0cdaa3d8f95dd7af973ef4ecd1ff6bb17a0c0c03d9d6ba533535f03d
h2_posthoc/out/template_4zjw/H2_msa_titration/seed_45/H2_msa_titration_seed_45_sample_8_model.cif,172442,0abebb8c3031a07c915bed23d9cbd65f7ea2ecc969d94a4c22a689a69ef77790
h2_posthoc/out/template_4zjw/H2_msa_titration/seed_45/H2_msa_titration_seed_45_sample_9_model.cif,172246,76fc4f3b6c056a841ddfef9461126a04dd7f3ba50aa855c3f59aadb91d3c5fd5
h2_posthoc/out/template_4zjw/H2_msa_titration/seed_46/H2_msa_titration_seed_46_sample_10_model.cif,172329,b44febe22d31f61d38e2725653fa3f053bb85bf3f45614cb5a72b1086b56f1af
h2_posthoc/out/template_4zjw/H2_msa_titration/seed_46/H2_msa_titration_seed_46_sample_1_model.cif,172041,259cddcf2e3cfd95c81233d951972313695b224b38f4388e978986dd7be03ba0
h2_posthoc/out/template_4zjw/H2_msa_titration/seed_46/H2_msa_titration_seed_46_sample_2_model.cif,172656,3b9aadf2dcafc342c41c08f98dc091f97573862e31860a78111aaa2b43676aaf
h2_posthoc/out/template_4zjw/H2_msa_titration/seed_46/H2_msa_titration_seed_46_sample_3_model.cif,172556,b69f454fc5ac9c4611dd08c789700ca52179e3fd7d80643ea886d4744bd32791
h2_posthoc/out/template_4zjw/H2_msa_titration/seed_46/H2_msa_titration_seed_46_sample_4_model.cif,172315,63701df400e5a1a8f669b80ba8312a4040ddb8f38d5054554d04c9f051f09e9b
h2_posthoc/out/template_4zjw/H2_msa_titration/seed_46/H2_msa_titration_seed_46_sample_5_model.cif,172577,acd1985c813055d8481d45e0ab001a93a3256b39237b60ac3524ca710b81377d
h2_posthoc/out/template_4zjw/H2_msa_titration/seed_46/H2_msa_titration_seed_46_sample_6_model.cif,172439,6ca0ae826e97a71c96c86decc31d23d50e4a2ef1a7dd97b87cad8031726eab9f
h2_posthoc/out/template_4zjw/H2_msa_titration/seed_46/H2_msa_titration_seed_46_sample_7_model.cif,172189,12e6cbb0698646a8dfb1724f0ed86e76f02a5b0b73e310d0ed6073a0f84205c4
h2_posthoc/out/template_4zjw/H2_msa_titration/seed_46/H2_msa_titration_seed_46_sample_8_model.cif,172078,3e0ace582f31ee53c45fec7edef00f1cf9b48fce3241580344a1f2b6812ce553
h2_posthoc/out/template_4zjw/H2_msa_titration/seed_46/H2_msa_titration_seed_46_sample_9_model.cif,172496,aca2ac5c50893ca74578be4a5f748764634ece7e77bfd8bc42742a2ab73ba61c
h2_posthoc/out/template_5c4o/H2_msa_titration/seed_42/H2_msa_titration_seed_42_sample_10_model.cif,172088,035cca8559dc353c9273b2ccf1f7f8a027235178e68687c72087941ae8799c73
h2_posthoc/out/template_5c4o/H2_msa_titration/seed_42/H2_msa_titration_seed_42_sample_1_model.cif,172307,2f71fde5b43e41e132245e4e60f1afc0f6686745120c91d3d619167e2cea2591
h2_posthoc/out/template_5c4o/H2_msa_titration/seed_42/H2_msa_titration_seed_42_sample_2_model.cif,172272,d7730f118abd64d1edaba41b80c51c1f841f53fe7a04e6afcb8e5f75d09d441f
h2_posthoc/out/template_5c4o/H2_msa_titration/seed_42/H2_msa_titration_seed_42_sample_3_model.cif,172284,a00654db6732f9f8f44f52febe76c9486afbe34e1e1571224017a6f4d85684a1
h2_posthoc/out/template_5c4o/H2_msa_titration/seed_42/H2_msa_titration_seed_42_sample_4_model.cif,172329,86ae863a3842d37b77cbafb7f0d47bbcc02af41df02ebe25853b98483d6c41b2
h2_posthoc/out/template_5c4o/H2_msa_titration/seed_42/H2_msa_titration_seed_42_sample_5_model.cif,172222,d8a191a5d9c872c1286915e8829ff7dfa251400336907c00a46c138756f373f4
h2_posthoc/out/template_5c4o/H2_msa_titration/seed_42/H2_msa_titration_seed_42_sample_6_model.cif,172575,15de7030a3e281dc666386b735d8d806082755b9eaf47be33f71e6b8bbeb0873
h2_posthoc/out/template_5c4o/H2_msa_titration/seed_42/H2_msa_titration_seed_42_sample_7_model.cif,172311,7c669c72520cbb60c5bd68b3c33e112be4901e4abbd7a441f30c5309a7eb3ece
h2_posthoc/out/template_5c4o/H2_msa_titration/seed_42/H2_msa_titration_seed_42_sample_8_model.cif,172054,d48b9b2a2641c20cd46d9dae670f3c14ae76e516311982e6582a3b09bfd9f60c
h2_posthoc/out/template_5c4o/H2_msa_titration/seed_42/H2_msa_titration_seed_42_sample_9_model.cif,172523,d0261a7ba9452d8490e15890b061d142567385b28e05dcbada48481b3e9cf6d4
h2_posthoc/out/template_5c4o/H2_msa_titration/seed_43/H2_msa_titration_seed_43_sample_10_model.cif,172099,49c93c4ecb7eb2fc8fe53c1f8c4fb6f954c4fa36009ffe125a6a1b2b29c0097a
h2_posthoc/out/template_5c4o/H2_msa_titration/seed_43/H2_msa_titration_seed_43_sample_1_model.cif,172005,f4966d543520e5e38e8d18db1adacbf1f5646dc419505fa4427c6a9ae6c0d905
h2_posthoc/out/template_5c4o/H2_msa_titration/seed_43/H2_msa_titration_seed_43_sample_2_model.cif,172118,c80d12a532a65cc44512fa3ba64c91d95f1eeb24660a446abda95d50c2fea345
h2_posthoc/out/template_5c4o/H2_msa_titration/seed_43/H2_msa_titration_seed_43_sample_3_model.cif,172175,b17675096f811940a43c3a4ee0717132bd001ac58f7c1dcb3c86fd4d4a93fdda
h2_posthoc/out/template_5c4o/H2_msa_titration/seed_43/H2_msa_titration_seed_43_sample_4_model.cif,172299,b0ee62ddd4fb0b53b870beca98059c9f0b5ca2071750b879a6b494e29435400e
h2_posthoc/out/template_5c4o/H2_msa_titration/seed_43/H2_msa_titration_seed_43_sample_5_model.cif,172394,c2e7c2aa45c32e54b79cf9dcb59fc5e306933e54ada8e32b317ba6ea85d1787e
h2_posthoc/out/template_5c4o/H2_msa_titration/seed_43/H2_msa_titration_seed_43_sample_6_model.cif,172390,9fc5f6aad490ad62c421bf98d43cf157796f552d4ec5d4eb38b254527c524548
h2_posthoc/out/template_5c4o/H2_msa_titration/seed_43/H2_msa_titration_seed_43_sample_7_model.cif,172716,afff1d54645e79738c416f14cd3c6306817bfddffef18dc213a3c82c65dc8b24
h2_posthoc/out/template_5c4o/H2_msa_titration/seed_43/H2_msa_titration_seed_43_sample_8_model.cif,172136,07efcd700eae069092ca5b1a39486f0a9ed4ce01eee3ef0739e558575b677f80
h2_posthoc/out/template_5c4o/H2_msa_titration/seed_43/H2_msa_titration_seed_43_sample_9_model.cif,172402,1e35c46c96519299d118fc43225e910f73cd2179a051ed526c6bbf46b00370b2
h2_posthoc/out/template_5c4o/H2_msa_titration/seed_44/H2_msa_titration_seed_44_sample_10_model.cif,172428,5f50ae47461a8bb7a204f5b8769a99dbdcf79fddc9d65d50086fe313a511085f
h2_posthoc/out/template_5c4o/H2_msa_titration/seed_44/H2_msa_titration_seed_44_sample_1_model.cif,172425,4f0b307b8f0a78b693fa27e8e90fa33f3fec9409fda4b63925eaf7ede76aebfc
h2_posthoc/out/template_5c4o/H2_msa_titration/seed_44/H2_msa_titration_seed_44_sample_2_model.cif,172322,81df080ac9af716bd7ab05ca672dbe94dd4c0cd857f37e761d753e5997199f4c
h2_posthoc/out/template_5c4o/H2_msa_titration/seed_44/H2_msa_titration_seed_44_sample_3_model.cif,172331,9c5f3ad5da0145883440ea11f191af487b92676df1723061ec3cdfcc28c134c8
h2_posthoc/out/template_5c4o/H2_msa_titration/seed_44/H2_msa_titration_seed_44_sample_4_model.cif,172542,7e1ee97cfe9d8b7faec16aec6d38dd75d0be13434733c416dfcb6653368aa033
h2_posthoc/out/template_5c4o/H2_msa_titration/seed_44/H2_msa_titration_seed_44_sample_5_model.cif,172392,d495b6aae687d4ba16c199970e82836c2abac6ce3bee09c846f0c5dbe57fb436
h2_posthoc/out/template_5c4o/H2_msa_titration/seed_44/H2_msa_titration_seed_44_sample_6_model.cif,172388,61a9464addeab5e22b21164f0bd1c0101d7958786859f4531572a55818b9a47b
h2_posthoc/out/template_5c4o/H2_msa_titration/seed_44/H2_msa_titration_seed_44_sample_7_model.cif,172575,a0e6e342b1f934b240d65430fe25875bc3dc243cd415f6163cac421b8f5a0c95
h2_posthoc/out/template_5c4o/H2_msa_titration/seed_44/H2_msa_titration_seed_44_sample_8_model.cif,172273,b8506ceb0676277a60b7c547c6ea9fb6eee69b4a202f19af5ee765dd64e52561
h2_posthoc/out/template_5c4o/H2_msa_titration/seed_44/H2_msa_titration_seed_44_sample_9_model.cif,172150,3a6282f55cbde5257c18f0a6eb2825f2f5dcc30c5409d331019c24f3f6087ead
h2_posthoc/out/template_5c4o/H2_msa_titration/seed_45/H2_msa_titration_seed_45_sample_10_model.cif,171913,05be306f98782e8e0809d08d2044039a789afa84d461f4c234d6dadbadad69c2
h2_posthoc/out/template_5c4o/H2_msa_titration/seed_45/H2_msa_titration_seed_45_sample_1_model.cif,172358,df9fa65c12f10e04856221a7decf487db19d125ed2f8dcd621b2c39464fcc152
h2_posthoc/out/template_5c4o/H2_msa_titration/seed_45/H2_msa_titration_seed_45_sample_2_model.cif,172486,f42ed073ddee3b202822ae716f083031f1af6ccb834d0d3d089161edd4e54dfa
h2_posthoc/out/template_5c4o/H2_msa_titration/seed_45/H2_msa_titration_seed_45_sample_3_model.cif,172631,b2de6adc725b36941090a5adb3599f0572e477acb6d2ffca571d793fecff9895
h2_posthoc/out/template_5c4o/H2_msa_titration/seed_45/H2_msa_titration_seed_45_sample_4_model.cif,172219,29072ff605dd0800b47dbb02ee7be5ac0ba150fb1675e43a9b67fc5adbc5d2cb
h2_posthoc/out/template_5c4o/H2_msa_titration/seed_45/H2_msa_titration_seed_45_sample_5_model.cif,172283,5fc28ce5398e7d6b076eb9386ec90f6b41c67d70794825ce479b21bfa1b9cb27
h2_posthoc/out/template_5c4o/H2_msa_titration/seed_45/H2_msa_titration_seed_45_sample_6_model.cif,172437,b54d0457851a9a7320d7b46d586b304251fddbadf8e169809600d17dc8bb9011
h2_posthoc/out/template_5c4o/H2_msa_titration/seed_45/H2_msa_titration_seed_45_sample_7_model.cif,172617,bf6f85c9b7cc0e326920f946d28fc8d42d91f39a47d61cdc875f46171419f90b
h2_posthoc/out/template_5c4o/H2_msa_titration/seed_45/H2_msa_titration_seed_45_sample_8_model.cif,172386,7c6fc9cf6001566419ad7ce9e4b2916b466b7c27df966f5fdd68d40f38140634
h2_posthoc/out/template_5c4o/H2_msa_titration/seed_45/H2_msa_titration_seed_45_sample_9_model.cif,172384,998f85cbb77f24fb690063de77fcf78c22478b40b2c5be3681acd0c8b79ba9ab
h2_posthoc/out/template_5c4o/H2_msa_titration/seed_46/H2_msa_titration_seed_46_sample_10_model.cif,172226,0d7e9d8e28c11f3653b866b0dbe117969983c1db1f34190243ced7cfef478869
h2_posthoc/out/template_5c4o/H2_msa_titration/seed_46/H2_msa_titration_seed_46_sample_1_model.cif,172256,a196f015cadd26675864c9ee7c016bc278fc75ab0719cf05e4532c9b6253b65a
h2_posthoc/out/template_5c4o/H2_msa_titration/seed_46/H2_msa_titration_seed_46_sample_2_model.cif,172455,fa2df1d1dfea3152bc1004edbe002c67ea7e2f48bfd32f0d76f96f0d27a95d1c
h2_posthoc/out/template_5c4o/H2_msa_titration/seed_46/H2_msa_titration_seed_46_sample_3_model.cif,172422,e990a7ec6da52fc0c51a4e8cd81b7a12ec88318831b232f657fd682b76bd38f8
h2_posthoc/out/template_5c4o/H2_msa_titration/seed_46/H2_msa_titration_seed_46_sample_4_model.cif,172267,1f212ed2ec20c3fafdc1e83e413c8c7670cc250bec3c2fee9e68e15cceba995b
h2_posthoc/out/template_5c4o/H2_msa_titration/seed_46/H2_msa_titration_seed_46_sample_5_model.cif,172573,f93b39d6c5133b42edbf94139dc7681b4d023c5d0052959068307c29b9fa343b
h2_posthoc/out/template_5c4o/H2_msa_titration/seed_46/H2_msa_titration_seed_46_sample_6_model.cif,172042,20c87da8dd271b0cabd562052e82d40a89577493b687fa7ac5294cab2202e409
h2_posthoc/out/template_5c4o/H2_msa_titration/seed_46/H2_msa_titration_seed_46_sample_7_model.cif,172222,a1f483aba85ba776c167444bb848f99d56eb262804bfa2becf385cd7ccca8f6b
h2_posthoc/out/template_5c4o/H2_msa_titration/seed_46/H2_msa_titration_seed_46_sample_8_model.cif,172271,38ae7b85eddb47ca165cca0dfa099b7b482d3d0d08698b3955a7fb5f1f87692d
h2_posthoc/out/template_5c4o/H2_msa_titration/seed_46/H2_msa_titration_seed_46_sample_9_model.cif,172523,60d92ee66ffa3a4dd6e147bdbf23bab49dc4edfa819b95cdb64e4fd834a4ab12
h3/out/apo/H3_apo/seed_42/H3_apo_seed_42_sample_10_model.cif,168394,da2737d2312c734cc364e1da7a853d83cc0e1c610600f85b6454bc0a1387edd5
h3/out/apo/H3_apo/seed_42/H3_apo_seed_42_sample_1_model.cif,168325,2958655f3869d2a637a0281961bdf28e9ac19f95ab5a38052f2bb45e434968c3
h3/out/apo/H3_apo/seed_42/H3_apo_seed_42_sample_2_model.cif,168377,b58bf99a874371beebfa95df41b46aa1c9347022e56348800ce8173f54fd5008
h3/out/apo/H3_apo/seed_42/H3_apo_seed_42_sample_3_model.cif,168659,451dfb51801195dc6e3f0919686cff77c534e1de3bb66c9c010a77a951149183
h3/out/apo/H3_apo/seed_42/H3_apo_seed_42_sample_4_model.cif,168605,e9683568d4c6382cf8650ab49ce93f249268598617284c2a622400293e1987ff
h3/out/apo/H3_apo/seed_42/H3_apo_seed_42_sample_5_model.cif,168292,5380ab9edc67a1bc499c8508252e81cf90f780f59d2ffaefaef409416565498a
h3/out/apo/H3_apo/seed_42/H3_apo_seed_42_sample_6_model.cif,168669,d23337b36b443be3fc653a94414a02144410cac9447b478c41223836132279fe
h3/out/apo/H3_apo/seed_42/H3_apo_seed_42_sample_7_model.cif,168556,7c3436391d5e417dd4fa612e389770db432d9862e85b54e70baef4218fd8185e
h3/out/apo/H3_apo/seed_42/H3_apo_seed_42_sample_8_model.cif,168225,ca8462e2bf88756935dac15754175dea195574ff66de3b47df1c9a29955b7083
h3/out/apo/H3_apo/seed_42/H3_apo_seed_42_sample_9_model.cif,168341,d990b4be97d9832c3e06ab399e838dd3a9787af551ada9b97ba8996884151938
h3/out/apo/H3_apo/seed_43/H3_apo_seed_43_sample_10_model.cif,168430,991b01b4cdaace26a05e2283be56cc0b89cbcef78a1659115459edd829238eee
h3/out/apo/H3_apo/seed_43/H3_apo_seed_43_sample_1_model.cif,168258,5530d33ee77a6ca83e79393a9500fa6da8c6e1d4c82f36cbb4e50ba713d259b4
h3/out/apo/H3_apo/seed_43/H3_apo_seed_43_sample_2_model.cif,168614,1fba5f92d8114ea09e4deb131e1e58c031d65bac6d642d1b43187df612784985
h3/out/apo/H3_apo/seed_43/H3_apo_seed_43_sample_3_model.cif,168528,7969077c5907c406d2f18bdcd5a88d401779970f566abb70913110505252ae5e
h3/out/apo/H3_apo/seed_43/H3_apo_seed_43_sample_4_model.cif,168307,af86a3f696278b1156c069f1f807570c66f7976a9a00a795ab96d7ba6c551fb7
h3/out/apo/H3_apo/seed_43/H3_apo_seed_43_sample_5_model.cif,168502,41486002a8101554762558fa7f79d73a8b51efba690585b68c03f11cf8a8a81d
h3/out/apo/H3_apo/seed_43/H3_apo_seed_43_sample_6_model.cif,168533,36b42232e57745123a7dd35875262573fed9150fb0f4b0c90d37cb90e3d45b01
h3/out/apo/H3_apo/seed_43/H3_apo_seed_43_sample_7_model.cif,168506,c5a232082469bb2bd8f8af4329115183c350ecd0e2d77ce4dbaba2b52156a859
h3/out/apo/H3_apo/seed_43/H3_apo_seed_43_sample_8_model.cif,168859,27f26ff84aa0e884a1dc05880f659a82aacd7b54d58fcf03e242c7ba3cbcb952
h3/out/apo/H3_apo/seed_43/H3_apo_seed_43_sample_9_model.cif,168413,91114d70535720ea6728ba8b97c1bc8c12d0b7129a279212fedbf36b2718b6b9
h3/out/apo/H3_apo/seed_44/H3_apo_seed_44_sample_10_model.cif,168890,39a7c3f698512195cf6ab9779c391e2032dead39beb1f950e0dc5308c5c964b7
h3/out/apo/H3_apo/seed_44/H3_apo_seed_44_sample_1_model.cif,168178,d6cfa3aa529717bb18738c25a59751c5ce57e84db12275b2e435392acbb9fde8
h3/out/apo/H3_apo/seed_44/H3_apo_seed_44_sample_2_model.cif,168404,618e99ef35ad1f4beb1b26be985c534ceffee33c56cfab5c71ae441cac98c234
h3/out/apo/H3_apo/seed_44/H3_apo_seed_44_sample_3_model.cif,168256,e3ed5db0b56755cf0e863c7bfb1a25fe64586d0e77eed8aa8c59e0343fa812aa
h3/out/apo/H3_apo/seed_44/H3_apo_seed_44_sample_4_model.cif,168444,41686b232fbed69c70a5b32fc4786d26e17a79f113b88f5bf0def362a67ef24f
h3/out/apo/H3_apo/seed_44/H3_apo_seed_44_sample_5_model.cif,168417,fde02c2aa66b0eabea6c541ec16c6cdcc25fe7c63736c2831bbcfd6e18925b1c
h3/out/apo/H3_apo/seed_44/H3_apo_seed_44_sample_6_model.cif,168316,8f3357abda53f27c0a5908c135b790f1f8a36b5673263406dd5aa7545e6e5cbc
h3/out/apo/H3_apo/seed_44/H3_apo_seed_44_sample_7_model.cif,168507,3ef83509de9352ebe20ebadecc4abcc8aa30d79c313173e3a8371c56111eda2a
h3/out/apo/H3_apo/seed_44/H3_apo_seed_44_sample_8_model.cif,168578,93d8dc7e8bb2201636378f30dbf3e4d979a8e553035afebcd82c01d62a6cdadd
h3/out/apo/H3_apo/seed_44/H3_apo_seed_44_sample_9_model.cif,168716,13842e8126889057a4b1afb5a0720aa2998787270da27bc0d715165724357e65
h3/out/apo/H3_apo/seed_45/H3_apo_seed_45_sample_10_model.cif,168289,6d62a9437af424fcde45c677d37789b22fb0a0de2806a019589fa5118d219d8c
h3/out/apo/H3_apo/seed_45/H3_apo_seed_45_sample_1_model.cif,168484,8153d81eec6ab050a3d311875143e45628ad04fa90e337a3159e419bffcf95c6
h3/out/apo/H3_apo/seed_45/H3_apo_seed_45_sample_2_model.cif,168471,9264bd92fe569e4014f1539e04425022cca15e70aa8401812800d3c5e4bed2ad
h3/out/apo/H3_apo/seed_45/H3_apo_seed_45_sample_3_model.cif,168302,3cf5856944eb0e174281b425966cd8b701fb41cf912d942a50f57695421bc277
h3/out/apo/H3_apo/seed_45/H3_apo_seed_45_sample_4_model.cif,168202,a467edb7decc1147f43a43d27274b15b0d33d1ae45645f1076471f018090067e
h3/out/apo/H3_apo/seed_45/H3_apo_seed_45_sample_5_model.cif,168594,855be9bf372aa42214e339c15d09412bc51636981b64ab38faa99f8ef368dea2
h3/out/apo/H3_apo/seed_45/H3_apo_seed_45_sample_6_model.cif,168440,8e6d94a2e2ed1aca5e32c9cecad0cf82e8eb1d2b080f1ddf982ef049a0e86a7f
h3/out/apo/H3_apo/seed_45/H3_apo_seed_45_sample_7_model.cif,168502,76175135b1fc1890b875208f0a67ff81fdf3a5b5fc2d5ba469204ab71812fcae
h3/out/apo/H3_apo/seed_45/H3_apo_seed_45_sample_8_model.cif,168527,b3ec46e5487f6e066200f3e8f6903dffd38dcc3a7b864c228641e3c6e7b481a1
h3/out/apo/H3_apo/seed_45/H3_apo_seed_45_sample_9_model.cif,168874,fe9302b816b3cf099d5f1181bb8543a40923ec5e7bc674077d0c824b42bb2cc8
h3/out/apo/H3_apo/seed_46/H3_apo_seed_46_sample_10_model.cif,168590,4070492ae06f9bb403671f411b340a3db17a260d74ecf32ac07c669955acdf43
h3/out/apo/H3_apo/seed_46/H3_apo_seed_46_sample_1_model.cif,168479,33e6615e18f93b963647b3e093ccb66f02e2876567cb4208769b05ee9490c323
h3/out/apo/H3_apo/seed_46/H3_apo_seed_46_sample_2_model.cif,168278,015131f718feb2f5602e9ede479bccb583dd71a9425bab2584b7b768b9b0c2f8
h3/out/apo/H3_apo/seed_46/H3_apo_seed_46_sample_3_model.cif,168567,6aa944fd8634a682408a3820ef9e18d7b7eea8f9251c267f5d18d9dc06c13410
h3/out/apo/H3_apo/seed_46/H3_apo_seed_46_sample_4_model.cif,168420,c23101cd7ba13ef96d177ee452f44d4c090204f948558dfc3859ea6e013b70da
h3/out/apo/H3_apo/seed_46/H3_apo_seed_46_sample_5_model.cif,168642,6e32a844788f72500e79bca0fd3058c66a6352a8ada94ba29392702c5e9318e9
h3/out/apo/H3_apo/seed_46/H3_apo_seed_46_sample_6_model.cif,168341,417922c037d69f207d999e46a165be8b58d6d40cca47b252e96df74619b54db6
h3/out/apo/H3_apo/seed_46/H3_apo_seed_46_sample_7_model.cif,168389,0c195ce794e7bdfdbce6fce03ee88c17fa59377d22b29429c092b37d46eedca4
h3/out/apo/H3_apo/seed_46/H3_apo_seed_46_sample_8_model.cif,168368,fe1c7253c83b0cced54767ce06b7d4a7cfd123bee4e7b7742a0008c72f750c18
h3/out/apo/H3_apo/seed_46/H3_apo_seed_46_sample_9_model.cif,168322,96865248c7bdbc6eb9915f0e0cf109a98f754a99d5d7815c23cdb94167192621
h3/out/c1/H3_C1_agonist_HC2/seed_42/H3_C1_agonist_HC2_seed_42_sample_10_model.cif,172205,e2b3b5e92919e6767f07086b798adf4f3983efe913292700b4311bd383fa06ec
h3/out/c1/H3_C1_agonist_HC2/seed_42/H3_C1_agonist_HC2_seed_42_sample_1_model.cif,172345,9ba4d8d4ebcc61c3adc2c30272744d4d5c2396852c3e3ec387dda150897a6f52
h3/out/c1/H3_C1_agonist_HC2/seed_42/H3_C1_agonist_HC2_seed_42_sample_2_model.cif,171896,8a631d383dca3a9e6402923c65146ac650097c292b11d251f18b74911cdfbbe9
h3/out/c1/H3_C1_agonist_HC2/seed_42/H3_C1_agonist_HC2_seed_42_sample_3_model.cif,172143,899669c2bd8cc0ebc33a3068dfbff608176c9cebc7db3b6d486f40d3a8f1e5ce
h3/out/c1/H3_C1_agonist_HC2/seed_42/H3_C1_agonist_HC2_seed_42_sample_4_model.cif,172469,7e647521cb0e6d9115071f72131e3ade65632687e98bef83c741aaefe2672c07
h3/out/c1/H3_C1_agonist_HC2/seed_42/H3_C1_agonist_HC2_seed_42_sample_5_model.cif,172190,e2892c6fc937e7b93157de300a4e742c0ce5aea17e6671dde5015db42c890514
h3/out/c1/H3_C1_agonist_HC2/seed_42/H3_C1_agonist_HC2_seed_42_sample_6_model.cif,172180,d018e96a36f5e59b58bad7c858bf0138f306d967e71fe2780930cbde99a440bf
h3/out/c1/H3_C1_agonist_HC2/seed_42/H3_C1_agonist_HC2_seed_42_sample_7_model.cif,172016,33d278c76fce59ac28a943cc7d6a1a6e2a8aa92c142955b63abd03e2970f875f
h3/out/c1/H3_C1_agonist_HC2/seed_42/H3_C1_agonist_HC2_seed_42_sample_8_model.cif,172069,7d89e8f55e9a173c9da980e71ea6106e47a513ab862e9f95932b84dec9ec6e60
h3/out/c1/H3_C1_agonist_HC2/seed_42/H3_C1_agonist_HC2_seed_42_sample_9_model.cif,171866,fe547d285deb98b20dcdc915470711f519574ea7ed3a4b1b1ed88f7187c92d0c
h3/out/c1/H3_C1_agonist_HC2/seed_43/H3_C1_agonist_HC2_seed_43_sample_10_model.cif,172108,179878ccd687c4ed50aab0106a3112be997bd48246d17896ea01bb53099e0ea6
h3/out/c1/H3_C1_agonist_HC2/seed_43/H3_C1_agonist_HC2_seed_43_sample_1_model.cif,172025,b0cb9f8695dc1bb33fe15283fe769d4c2141196bba2e711189302e4ae8eba1d6
h3/out/c1/H3_C1_agonist_HC2/seed_43/H3_C1_agonist_HC2_seed_43_sample_2_model.cif,172191,005bce5fdb8347baba6db63af3d928ac442b351aa239ec65b3e1da413ba520e0
h3/out/c1/H3_C1_agonist_HC2/seed_43/H3_C1_agonist_HC2_seed_43_sample_3_model.cif,172105,a00d67f278a4191e897ea57363e33e5a106b6ebe08c997bd233668179fd5c195
h3/out/c1/H3_C1_agonist_HC2/seed_43/H3_C1_agonist_HC2_seed_43_sample_4_model.cif,172326,68c14cec8f55d9c519a7ec9e5c480a566d48a3c2dc23a776938c6fb775c6da83
h3/out/c1/H3_C1_agonist_HC2/seed_43/H3_C1_agonist_HC2_seed_43_sample_5_model.cif,172088,f992f62023ffda5f6959a7f28b5d96ab74143804f6f2e9f938e8f0d740f7c523
h3/out/c1/H3_C1_agonist_HC2/seed_43/H3_C1_agonist_HC2_seed_43_sample_6_model.cif,172220,ee0e095abbcecd2ccaa51ef3af82ac6b94d1068b081c2ddfff4a57ec363b46c3
h3/out/c1/H3_C1_agonist_HC2/seed_43/H3_C1_agonist_HC2_seed_43_sample_7_model.cif,172280,83ab3d1b1063168e01b215869f83e3b0af2655573e60523dcba889361c2b5c4b
h3/out/c1/H3_C1_agonist_HC2/seed_43/H3_C1_agonist_HC2_seed_43_sample_8_model.cif,172303,ed20fefa4467e62de0d2228b05d6f96eae506e64bbbe2d29520e1ad9028d431c
h3/out/c1/H3_C1_agonist_HC2/seed_43/H3_C1_agonist_HC2_seed_43_sample_9_model.cif,172109,baddfbb15df9249ddf87730cfe82fd6b82c2a22fb08553c9f954ad423005d04b
h3/out/c1/H3_C1_agonist_HC2/seed_44/H3_C1_agonist_HC2_seed_44_sample_10_model.cif,172471,a2a708dcac5a5c760a04302e72755fdbae896b70bdd03120ce6d01ecadb1953b
h3/out/c1/H3_C1_agonist_HC2/seed_44/H3_C1_agonist_HC2_seed_44_sample_1_model.cif,171740,7d5c2c890d6d43835e7dc3c61cdb908f4d7ca66478f42c94ea874213462f7cf9
h3/out/c1/H3_C1_agonist_HC2/seed_44/H3_C1_agonist_HC2_seed_44_sample_2_model.cif,172299,a87c8dea39e8b98f31058dd73f59fd33c1c8e7b9cf1b21cee49794bfb66d4db2
h3/out/c1/H3_C1_agonist_HC2/seed_44/H3_C1_agonist_HC2_seed_44_sample_3_model.cif,171719,8a4f9cf5d3643c8591199a6cdb02963638754437c4b624927702867cc6eef0fe
h3/out/c1/H3_C1_agonist_HC2/seed_44/H3_C1_agonist_HC2_seed_44_sample_4_model.cif,172152,f2bf7453e61ce4165fa4ca8d8245b6982225115bbafde1f62d1b4ad366ed2add
h3/out/c1/H3_C1_agonist_HC2/seed_44/H3_C1_agonist_HC2_seed_44_sample_5_model.cif,172082,f33d5d85d693a25f8a75c91b0d5575bc17ae8900a8de12e94c8c46a04371cf8e
h3/out/c1/H3_C1_agonist_HC2/seed_44/H3_C1_agonist_HC2_seed_44_sample_6_model.cif,171940,678209c8cb8e6e3d0bbd91e311e590a0718ebfe680788708ee700af32a501d56
h3/out/c1/H3_C1_agonist_HC2/seed_44/H3_C1_agonist_HC2_seed_44_sample_7_model.cif,172386,3ded03fcaf15e213772363aa1d629d333aaacaf93956339e57fc92d2899d214f
h3/out/c1/H3_C1_agonist_HC2/seed_44/H3_C1_agonist_HC2_seed_44_sample_8_model.cif,172160,e55fb032281bb87a121a755259eb4a15c55935880f44053a69c29d9b5abfa86a
h3/out/c1/H3_C1_agonist_HC2/seed_44/H3_C1_agonist_HC2_seed_44_sample_9_model.cif,172063,cea6bdd40a89216a53f1383fb0e3a237565f562cad448b4235b9e4ddeef26a84
h3/out/c1/H3_C1_agonist_HC2/seed_45/H3_C1_agonist_HC2_seed_45_sample_10_model.cif,172058,cd8f46be47ed94a8306adec7d72a74e0daa16daeb3bd14907cee4562579a96ab
h3/out/c1/H3_C1_agonist_HC2/seed_45/H3_C1_agonist_HC2_seed_45_sample_1_model.cif,172285,a025ae1d61523b8c5b2a73b36102816532ff157e493f0f8f2831ee16e5ad4e51
h3/out/c1/H3_C1_agonist_HC2/seed_45/H3_C1_agonist_HC2_seed_45_sample_2_model.cif,172010,5e82f28a9650ff8eff0d9b052cc3477f3f69d3c559302debf91eaa6080625473
h3/out/c1/H3_C1_agonist_HC2/seed_45/H3_C1_agonist_HC2_seed_45_sample_3_model.cif,171920,5a5222feb6f98f9a734574c2a909fa422c9d9b21c5ab3a1f892647a74dd90812
h3/out/c1/H3_C1_agonist_HC2/seed_45/H3_C1_agonist_HC2_seed_45_sample_4_model.cif,171914,743723a3a0d4302f6b5fecd2c44297c415bd09fce143071db7c96cad7bad13e0
h3/out/c1/H3_C1_agonist_HC2/seed_45/H3_C1_agonist_HC2_seed_45_sample_5_model.cif,172231,21b8901519c7336c0296171fa79325269de7d294b445514e74a7d26ff690d564
h3/out/c1/H3_C1_agonist_HC2/seed_45/H3_C1_agonist_HC2_seed_45_sample_6_model.cif,171962,2095e9116a9073cd7d3c87c89f3397073eddf87aa229a82d2f43c42839786e6a
h3/out/c1/H3_C1_agonist_HC2/seed_45/H3_C1_agonist_HC2_seed_45_sample_7_model.cif,172156,4d7f0847d281e00ee859f7ff0bc35f2ed8cc1463e82018270c4b39f5cc201357
h3/out/c1/H3_C1_agonist_HC2/seed_45/H3_C1_agonist_HC2_seed_45_sample_8_model.cif,172089,2e6d581c4536292419263432e9a0e15c44b187a4ef8c61725c1e55b58834a947
h3/out/c1/H3_C1_agonist_HC2/seed_45/H3_C1_agonist_HC2_seed_45_sample_9_model.cif,172503,ac69dbdf96ea25d2c600f05fec89d7180c0b2092361968e9b0c91957020b3fff
h3/out/c1/H3_C1_agonist_HC2/seed_46/H3_C1_agonist_HC2_seed_46_sample_10_model.cif,171992,46df676b138ba97d656acd739e82b141c7dce45a4647059fa6bee3d5e4c5dd62
h3/out/c1/H3_C1_agonist_HC2/seed_46/H3_C1_agonist_HC2_seed_46_sample_1_model.cif,172019,70b7e2150b2663c7d9fbe7f896879220ed045b75263081629b707de6f1db3303
h3/out/c1/H3_C1_agonist_HC2/seed_46/H3_C1_agonist_HC2_seed_46_sample_2_model.cif,171982,41437f4ace878101dad3c862112642b6790f194fe42c8812bba23acc01776f03
h3/out/c1/H3_C1_agonist_HC2/seed_46/H3_C1_agonist_HC2_seed_46_sample_3_model.cif,172144,b3ff205937a99bc7e0fd34f115db088334c9ddf6e24d31a4ffa8ad85216ee079
h3/out/c1/H3_C1_agonist_HC2/seed_46/H3_C1_agonist_HC2_seed_46_sample_4_model.cif,172284,990a6304935b1b3a44763919d75621ea1297958786bc5c42dd5d69dcb91b6087
h3/out/c1/H3_C1_agonist_HC2/seed_46/H3_C1_agonist_HC2_seed_46_sample_5_model.cif,172299,0995fa16a68833cb94a55d6029aef33bd14b74ea19092851484dab2701537fe9
h3/out/c1/H3_C1_agonist_HC2/seed_46/H3_C1_agonist_HC2_seed_46_sample_6_model.cif,172336,4a2aa2de14fe29a297ae2cb96eab67b303a2557b6e955f4eba2aac5007717c27
h3/out/c1/H3_C1_agonist_HC2/seed_46/H3_C1_agonist_HC2_seed_46_sample_7_model.cif,172104,c06425c05a9ee603d44a5d1140249ba8017bff41b5c709d5bbbe00d375a59eca
h3/out/c1/H3_C1_agonist_HC2/seed_46/H3_C1_agonist_HC2_seed_46_sample_8_model.cif,172029,8b53bb574763cce35c34053552297f963d94877d61b04cdfb3206400ab72e638
h3/out/c1/H3_C1_agonist_HC2/seed_46/H3_C1_agonist_HC2_seed_46_sample_9_model.cif,172023,48cbbd5c444bff25b2dc39c8a76fd7467098a4e4d11d61d9c9bd6be93edeb40b
h3/out/c2/H3_C2_invago_4P1/seed_42/H3_C2_invago_4P1_seed_42_sample_10_model.cif,172287,a850dbc276f053201628f16c30a6a3c5b1810f40fd1360647b0c19b59147f700
h3/out/c2/H3_C2_invago_4P1/seed_42/H3_C2_invago_4P1_seed_42_sample_1_model.cif,172454,ce10a53d9f49ea2d753508c3ecc782f041512d6b32f4acdde98bba6ad89bfe13
h3/out/c2/H3_C2_invago_4P1/seed_42/H3_C2_invago_4P1_seed_42_sample_2_model.cif,172427,2d1253f2336e66264778b1b16b8069657ca0fb463e6f55f5bdc8fc7e5f2b92ea
h3/out/c2/H3_C2_invago_4P1/seed_42/H3_C2_invago_4P1_seed_42_sample_3_model.cif,172241,7e9beaed45ac0a2e74ff33cce3eb9a706a1cfb5799aae02f497d26fe9a580315
h3/out/c2/H3_C2_invago_4P1/seed_42/H3_C2_invago_4P1_seed_42_sample_4_model.cif,172612,671777fa2ee6f8871496db795b5cb78b30aedbf94d04d513c8cae00b086eb400
h3/out/c2/H3_C2_invago_4P1/seed_42/H3_C2_invago_4P1_seed_42_sample_5_model.cif,172262,2b586cd9c4b40f67219b3772226d2b49b5ecd09e48e170b2b82879da7b83b562
h3/out/c2/H3_C2_invago_4P1/seed_42/H3_C2_invago_4P1_seed_42_sample_6_model.cif,172339,0202581c9fdad452c141e3536d8cd3e3fc5daf0d5f9e15cc78ac5a892457df89
h3/out/c2/H3_C2_invago_4P1/seed_42/H3_C2_invago_4P1_seed_42_sample_7_model.cif,172439,b1e6ea398f43ff853490fce7e08d32de42cff253cf46e469f0c5b6cf32e186bc
h3/out/c2/H3_C2_invago_4P1/seed_42/H3_C2_invago_4P1_seed_42_sample_8_model.cif,172289,4f684a8cb4552e57629d84af5681227c3660a7d49c493e750d0376a511c0f17f
h3/out/c2/H3_C2_invago_4P1/seed_42/H3_C2_invago_4P1_seed_42_sample_9_model.cif,172305,ed81d718634363cb85c15f0bfab9a6db4a6c84e899ac36e61a6d3988b8ab2021
h3/out/c2/H3_C2_invago_4P1/seed_43/H3_C2_invago_4P1_seed_43_sample_10_model.cif,172152,044a0818e65eab54fe8d487348ee4880afa9630e01c7a350eba36a5a79f80518
h3/out/c2/H3_C2_invago_4P1/seed_43/H3_C2_invago_4P1_seed_43_sample_1_model.cif,172129,cc5acdd6f591c4024c15ec1407b93ab52befe9ff248bcd1d52dc74886924869f
h3/out/c2/H3_C2_invago_4P1/seed_43/H3_C2_invago_4P1_seed_43_sample_2_model.cif,172263,0e58f64f2d4cb46ef622a8434f1e189d5c39d148a7a64fadd73500b2306330c5
h3/out/c2/H3_C2_invago_4P1/seed_43/H3_C2_invago_4P1_seed_43_sample_3_model.cif,172305,fb4ec2a78b8f242c47218760c1a7e871602616bccf039dd89e5f1b801d3aba04
h3/out/c2/H3_C2_invago_4P1/seed_43/H3_C2_invago_4P1_seed_43_sample_4_model.cif,172256,2c5bd73e5f1395fb21132caf1cc98cf1877b2c279a1c899cbe87e652e562cd62
h3/out/c2/H3_C2_invago_4P1/seed_43/H3_C2_invago_4P1_seed_43_sample_5_model.cif,172323,8fc00a2bd5a7ec97b8fcf9b29cc7d17f07e0c60cc008834cde2090851f6d964b
h3/out/c2/H3_C2_invago_4P1/seed_43/H3_C2_invago_4P1_seed_43_sample_6_model.cif,172296,8926d3f13b1baf17e7335d6ddadcc0066775bc9b6837affe063efaf087a82ece
h3/out/c2/H3_C2_invago_4P1/seed_43/H3_C2_invago_4P1_seed_43_sample_7_model.cif,172373,d14540822018370db112dbd6633b944a86669f082d1dddbfd3b51f9ba0d1211f
h3/out/c2/H3_C2_invago_4P1/seed_43/H3_C2_invago_4P1_seed_43_sample_8_model.cif,172503,d8cff9f59619211b331f001bd4210271166d46cb843121fae13de221ab81e4cc
h3/out/c2/H3_C2_invago_4P1/seed_43/H3_C2_invago_4P1_seed_43_sample_9_model.cif,172400,50629d93d78f65aa56223d9a81d1152b1f0c0e909c9ef35900a5230e210aceb2
h3/out/c2/H3_C2_invago_4P1/seed_44/H3_C2_invago_4P1_seed_44_sample_10_model.cif,172359,5cc387794eb8e59cbdc0330de4fc6695238fa83c6d8d03afa685e26862d38710
h3/out/c2/H3_C2_invago_4P1/seed_44/H3_C2_invago_4P1_seed_44_sample_1_model.cif,172003,2e5b7b7a5be135e9ddd8b98cf5f7d74f97f13e5847c1264e3469db07bbe99820
h3/out/c2/H3_C2_invago_4P1/seed_44/H3_C2_invago_4P1_seed_44_sample_2_model.cif,172397,a3bfd7872851e335960c7d78e592d53adffa968eec27bde38130d213cea3a35c
h3/out/c2/H3_C2_invago_4P1/seed_44/H3_C2_invago_4P1_seed_44_sample_3_model.cif,172235,b0e4d76157b5f60c87d31e7bd941fe23530bbe08fd2a9ee5310541881b65e589
h3/out/c2/H3_C2_invago_4P1/seed_44/H3_C2_invago_4P1_seed_44_sample_4_model.cif,172453,43051b74d993e8d97bca424e2c53f57464bc3f9832da68856ed0f2ed17a174ed
h3/out/c2/H3_C2_invago_4P1/seed_44/H3_C2_invago_4P1_seed_44_sample_5_model.cif,172205,941a0e89b53e6ffd125c34af60c424288aafc082fb12775627d828ff49e18227
h3/out/c2/H3_C2_invago_4P1/seed_44/H3_C2_invago_4P1_seed_44_sample_6_model.cif,172415,6393a4d88280ef50b9e2ea17c0a7557a708dcaf45a2031085feee7416da6cec7
h3/out/c2/H3_C2_invago_4P1/seed_44/H3_C2_invago_4P1_seed_44_sample_7_model.cif,172249,fc0e6acdb7b6dfd7b53299ece5fb2bd5645b4500ff5762027c1af70d54eea6ca
h3/out/c2/H3_C2_invago_4P1/seed_44/H3_C2_invago_4P1_seed_44_sample_8_model.cif,172050,b6e61b972ae3007f73248afc8094ce20c4fc9c28b857e0a32b8c22943e2a5d5f
h3/out/c2/H3_C2_invago_4P1/seed_44/H3_C2_invago_4P1_seed_44_sample_9_model.cif,172214,fa15b7505f51b09624e3f73a4650350dd64594a1aca85a6db738fa09c0133415
h3/out/c2/H3_C2_invago_4P1/seed_45/H3_C2_invago_4P1_seed_45_sample_10_model.cif,172494,4337f3a6ba37321491d1ca3f510b8a06e7173e0aaa25f3a2fa7feb8d0caf1739
h3/out/c2/H3_C2_invago_4P1/seed_45/H3_C2_invago_4P1_seed_45_sample_1_model.cif,172491,0f63592642f3b802a5093e8ca74ea301ecebb1acb7d5e263e26fb63b0e350d2d
h3/out/c2/H3_C2_invago_4P1/seed_45/H3_C2_invago_4P1_seed_45_sample_2_model.cif,172429,9d349f41badd11fc88c954f484ac5994d67b79e0903757f8650fa10fdae925ff
h3/out/c2/H3_C2_invago_4P1/seed_45/H3_C2_invago_4P1_seed_45_sample_3_model.cif,172149,afdfb99f81e30b8de748c938b1bda4958fc527949211ea12c1d0b4fac6d5d103
h3/out/c2/H3_C2_invago_4P1/seed_45/H3_C2_invago_4P1_seed_45_sample_4_model.cif,172239,f92e0c1ef2e79732bc86e3c76178250d8295372a055f6da1135decbd76a35cb6
h3/out/c2/H3_C2_invago_4P1/seed_45/H3_C2_invago_4P1_seed_45_sample_5_model.cif,172639,376a4c19029794da2654c99fac9020e01341a7594f05630f069998d5dca11f3f
h3/out/c2/H3_C2_invago_4P1/seed_45/H3_C2_invago_4P1_seed_45_sample_6_model.cif,172095,4ad174cd0f570187b51a41ec41d18df7b88d7cf19d0f23a01692cd14e889a379
h3/out/c2/H3_C2_invago_4P1/seed_45/H3_C2_invago_4P1_seed_45_sample_7_model.cif,172698,0405efa7cfb344916c5a3322ab364c06933e123d056cdfe1cba941c167b0fe47
h3/out/c2/H3_C2_invago_4P1/seed_45/H3_C2_invago_4P1_seed_45_sample_8_model.cif,172342,7d4fe983eb061d5cad02cd3e2f1fcc3d2bf2fcb786778c0cff4f9ee23d0ca6cc
h3/out/c2/H3_C2_invago_4P1/seed_45/H3_C2_invago_4P1_seed_45_sample_9_model.cif,172627,8ca63a186ab00974883a83822ca9631edb20fe18eb7456118a18125576238755
h3/out/c2/H3_C2_invago_4P1/seed_46/H3_C2_invago_4P1_seed_46_sample_10_model.cif,172215,cd9a8c3967ef05136e12cb4ce75f67ae53722680d58a9770b3f144b15f905869
h3/out/c2/H3_C2_invago_4P1/seed_46/H3_C2_invago_4P1_seed_46_sample_1_model.cif,172117,33dc6bd268ebf6bc5cba15787ebf02bb7930efbf21f2345dd4d9a04396c09595
h3/out/c2/H3_C2_invago_4P1/seed_46/H3_C2_invago_4P1_seed_46_sample_2_model.cif,172183,31f394fa7ca3d1be08bbe509422b95a73f7507626d4f03d449a7ef86802e850d
h3/out/c2/H3_C2_invago_4P1/seed_46/H3_C2_invago_4P1_seed_46_sample_3_model.cif,172238,84f79b70277d6217a5ea6589f74ec8459c1ef30f60fc0bbb7a11bad96b309a20
h3/out/c2/H3_C2_invago_4P1/seed_46/H3_C2_invago_4P1_seed_46_sample_4_model.cif,172458,bdb1ab07be355c64bc27dfc1b16425be3b9c31ce065b2121e7cfee84ae03605e
h3/out/c2/H3_C2_invago_4P1/seed_46/H3_C2_invago_4P1_seed_46_sample_5_model.cif,172477,8cac46574822348d0ee0fe4f156e5043934a3a712ff466a6dea9cb1c0891a0e3
h3/out/c2/H3_C2_invago_4P1/seed_46/H3_C2_invago_4P1_seed_46_sample_6_model.cif,172451,a25234766d52b38b8127c21724eb6c403789744963120432a265ac0a8547919f
h3/out/c2/H3_C2_invago_4P1/seed_46/H3_C2_invago_4P1_seed_46_sample_7_model.cif,172484,ec5d39aa85c4956f8c82cbccfc4063b3676deaa402741e0fac0c13f2a9f94fcd
h3/out/c2/H3_C2_invago_4P1/seed_46/H3_C2_invago_4P1_seed_46_sample_8_model.cif,172169,e70dbb7cdb149f5d344d18670caae440cde36380f038b0ddd1f932357d588778
h3/out/c2/H3_C2_invago_4P1/seed_46/H3_C2_invago_4P1_seed_46_sample_9_model.cif,172092,714e286d081f32e4ca3a9c4bfc6d0e21e2cdf0bda74c0b753603c06d041699cc
h3/out/c3/H3_C3_agonist_BIO592/seed_42/H3_C3_agonist_BIO592_seed_42_sample_10_model.cif,172188,9be213674d78f0371bdad6ddab8f912fb62d2a7ea3e33904c615bcab40457c42
h3/out/c3/H3_C3_agonist_BIO592/seed_42/H3_C3_agonist_BIO592_seed_42_sample_1_model.cif,172216,6a68ca9168e57b3bb4f2b5d17fbea251479f384d144b0093e4707de2f00fffcc
h3/out/c3/H3_C3_agonist_BIO592/seed_42/H3_C3_agonist_BIO592_seed_42_sample_2_model.cif,172240,4b6087a94d10b9733e9088bdf1e8a9a77f33cea98d5a00116946af289e4ee645
h3/out/c3/H3_C3_agonist_BIO592/seed_42/H3_C3_agonist_BIO592_seed_42_sample_3_model.cif,172102,25c31de36df7846530f9e8687499ca33f8219e7937fb69ebeb0a339b448ecf73
h3/out/c3/H3_C3_agonist_BIO592/seed_42/H3_C3_agonist_BIO592_seed_42_sample_4_model.cif,172445,e6e87a0e8266fdad7b7171c9feca9a0e401014e4d03048c8dd5aac88a2814ddd
h3/out/c3/H3_C3_agonist_BIO592/seed_42/H3_C3_agonist_BIO592_seed_42_sample_5_model.cif,172096,917cfb00b7ef4a29a4f8584bcadb09a174abe092b80a8a806a13c0dc6afe772a
h3/out/c3/H3_C3_agonist_BIO592/seed_42/H3_C3_agonist_BIO592_seed_42_sample_6_model.cif,172232,e7968878d81589475507d135069532557971cbd82a2e81e979c18357cc0d2b7e
h3/out/c3/H3_C3_agonist_BIO592/seed_42/H3_C3_agonist_BIO592_seed_42_sample_7_model.cif,172198,653c26edee45d58749bbe51ad26c211c65ab6f1271a4d220e7aeeb281f2eb03f
h3/out/c3/H3_C3_agonist_BIO592/seed_42/H3_C3_agonist_BIO592_seed_42_sample_8_model.cif,172111,656213a3fee0044bc78e05736e042a567abe94bdd9fd83c9e2f6cb38d3eef983
h3/out/c3/H3_C3_agonist_BIO592/seed_42/H3_C3_agonist_BIO592_seed_42_sample_9_model.cif,172217,eddcc5662de0466787212e189a44b0aa763f71403043174b206ecd8c27592515
h3/out/c3/H3_C3_agonist_BIO592/seed_43/H3_C3_agonist_BIO592_seed_43_sample_10_model.cif,172021,58b486d5d45a74364147538fc690afd1a51fcc33c0f5833c14bc789ce5fbab05
h3/out/c3/H3_C3_agonist_BIO592/seed_43/H3_C3_agonist_BIO592_seed_43_sample_1_model.cif,172113,2a1de284e5c67e303547dd36258635806263d2a9dbfebfdbb3705c40903738b0
h3/out/c3/H3_C3_agonist_BIO592/seed_43/H3_C3_agonist_BIO592_seed_43_sample_2_model.cif,172035,e77323b90bf1cefd450d93cd4cfebdd04bbf5e2864fe83f5c3f6696b2dc5dbcd
h3/out/c3/H3_C3_agonist_BIO592/seed_43/H3_C3_agonist_BIO592_seed_43_sample_3_model.cif,172073,38ce39f9b2a396c2ece8ee4d2dc31e32425563154446169b77d8ccfbc390c554
h3/out/c3/H3_C3_agonist_BIO592/seed_43/H3_C3_agonist_BIO592_seed_43_sample_4_model.cif,172094,d0b54cad02723f5cd76460739780600404a0bc8d10358cac9df6b1fbb4365ace
h3/out/c3/H3_C3_agonist_BIO592/seed_43/H3_C3_agonist_BIO592_seed_43_sample_5_model.cif,171921,edda8b224eeebcd3705ee30ffb518cdf162f49864f2b6005a863b3e9750f49d1
h3/out/c3/H3_C3_agonist_BIO592/seed_43/H3_C3_agonist_BIO592_seed_43_sample_6_model.cif,172253,790acca415a14ce5b79e871466198691045c0b57015c7932bb8e983d1061d0a8
h3/out/c3/H3_C3_agonist_BIO592/seed_43/H3_C3_agonist_BIO592_seed_43_sample_7_model.cif,172156,b70e47ef8491f44db01fad557929476dda436249019208834ff2028fbf15bcbc
h3/out/c3/H3_C3_agonist_BIO592/seed_43/H3_C3_agonist_BIO592_seed_43_sample_8_model.cif,172523,a31bc6e78413ee50dd4bacbb3b1a28c33fd58719bff9a12315f48413b1b6bb1c
h3/out/c3/H3_C3_agonist_BIO592/seed_43/H3_C3_agonist_BIO592_seed_43_sample_9_model.cif,172184,994c3badac97f381f2e6f121be2dcd3a5721c07c603a3ca7fa0c4e67bc4674b6
h3/out/c3/H3_C3_agonist_BIO592/seed_44/H3_C3_agonist_BIO592_seed_44_sample_10_model.cif,172484,37eaacb07268ae22a1efd7798d04fa05b4707fe01db6fc653286c5ee2349b376
h3/out/c3/H3_C3_agonist_BIO592/seed_44/H3_C3_agonist_BIO592_seed_44_sample_1_model.cif,171821,bfc955486c86d16fc6c882b07a3ed8f9261bfdb362d5cf617ea49a6b7dbf24f3
h3/out/c3/H3_C3_agonist_BIO592/seed_44/H3_C3_agonist_BIO592_seed_44_sample_2_model.cif,172072,d3c8a603f73e594b41b987ab6ab29f191a3da1619366fc5319de7d484d121ab2
h3/out/c3/H3_C3_agonist_BIO592/seed_44/H3_C3_agonist_BIO592_seed_44_sample_3_model.cif,171856,d70093c38db0afe65a476b146ea2432db79d00c196c529199cbdde739faa7c7b
h3/out/c3/H3_C3_agonist_BIO592/seed_44/H3_C3_agonist_BIO592_seed_44_sample_4_model.cif,172323,676411aa98c4d8f3c0b1de1996afffc64cab31c2a7a3cd809f3b338807dac213
h3/out/c3/H3_C3_agonist_BIO592/seed_44/H3_C3_agonist_BIO592_seed_44_sample_5_model.cif,172024,8edfc333f5ab12f3cc6a703c7cfe254be4620ae683410d07042bee35b26ab9ff
h3/out/c3/H3_C3_agonist_BIO592/seed_44/H3_C3_agonist_BIO592_seed_44_sample_6_model.cif,172240,3bb45ad2b0df82d4c1c8427a98cee70ce5299674779352cdc85ef02cc4230926
h3/out/c3/H3_C3_agonist_BIO592/seed_44/H3_C3_agonist_BIO592_seed_44_sample_7_model.cif,172145,84872116808b0d866591c3faddd87fe5388e46cfd7bc8c650ab204bfbcd582ae
h3/out/c3/H3_C3_agonist_BIO592/seed_44/H3_C3_agonist_BIO592_seed_44_sample_8_model.cif,172194,73d35b40b65698ebf8501f6e761fc8d802ace9a55ca161a752e090e8427a4581
h3/out/c3/H3_C3_agonist_BIO592/seed_44/H3_C3_agonist_BIO592_seed_44_sample_9_model.cif,172288,3bb4f4552a3fbbd74dbb66d065db267428d464645ca8a7ef501774e5a4735ef8
h3/out/c3/H3_C3_agonist_BIO592/seed_45/H3_C3_agonist_BIO592_seed_45_sample_10_model.cif,172106,fad0b390f8e7510f54fba69ebeb01aa14c48d6da5b12584847b20af45c32b6b1
h3/out/c3/H3_C3_agonist_BIO592/seed_45/H3_C3_agonist_BIO592_seed_45_sample_1_model.cif,172357,7035e010fdf280b7865f7628a246dadcd2b9c27a6df0ead574c54472ff88793c
h3/out/c3/H3_C3_agonist_BIO592/seed_45/H3_C3_agonist_BIO592_seed_45_sample_2_model.cif,172249,9ddb7feb0475eeede4af5f7f4ae2989956a8b30103626e1b173299142c627dd0
h3/out/c3/H3_C3_agonist_BIO592/seed_45/H3_C3_agonist_BIO592_seed_45_sample_3_model.cif,172059,7f0b9e2dea61e20ae0d6f732af040029c72a0544f28af37561e5771cee2b4c71
h3/out/c3/H3_C3_agonist_BIO592/seed_45/H3_C3_agonist_BIO592_seed_45_sample_4_model.cif,171976,bc1462f78485eced41dcf4a683be323a873f4669c8475b3d5b822a6f17772d4e
h3/out/c3/H3_C3_agonist_BIO592/seed_45/H3_C3_agonist_BIO592_seed_45_sample_5_model.cif,172403,bb6df2a5aa52435fbe3d939756d1d77fe47402856ab357554e146a8ce2c4d16b
h3/out/c3/H3_C3_agonist_BIO592/seed_45/H3_C3_agonist_BIO592_seed_45_sample_6_model.cif,171839,e044fa36aafe31c75ab9139bae4eb03a59a1b245e75416800b7153bb3d6e0b70
h3/out/c3/H3_C3_agonist_BIO592/seed_45/H3_C3_agonist_BIO592_seed_45_sample_7_model.cif,172295,35d4b4e50c04416b143b1b27cbba8c4fac14fd2d8c78a73c436e3ac8621ad7b4
h3/out/c3/H3_C3_agonist_BIO592/seed_45/H3_C3_agonist_BIO592_seed_45_sample_8_model.cif,172287,5acac0dec5badbd768b25e448dd58022e70138edd27b6deab153423ab18d21f9
h3/out/c3/H3_C3_agonist_BIO592/seed_45/H3_C3_agonist_BIO592_seed_45_sample_9_model.cif,172512,a713fd50a3854bb0029d95707b7f9c93bd830b8b37007ebf21aac4e518f4bec6
h3/out/c3/H3_C3_agonist_BIO592/seed_46/H3_C3_agonist_BIO592_seed_46_sample_10_model.cif,172127,012a2892a531726be4f8ef8cb3141e9b3a1738615899cc47b2544259818e1983
h3/out/c3/H3_C3_agonist_BIO592/seed_46/H3_C3_agonist_BIO592_seed_46_sample_1_model.cif,171998,73f9d1774c52d77be895ad2b896160fc5b2d265b756da68ea5c42f84e7f43549
h3/out/c3/H3_C3_agonist_BIO592/seed_46/H3_C3_agonist_BIO592_seed_46_sample_2_model.cif,172030,84f009936dbea20dea7da2174b31b74da804c8b44b983eb4e5480959c62ab838
h3/out/c3/H3_C3_agonist_BIO592/seed_46/H3_C3_agonist_BIO592_seed_46_sample_3_model.cif,172209,0e833f622d24344a836547cfd9a7e936ffd1623878f772738413e9ccf46239d1
h3/out/c3/H3_C3_agonist_BIO592/seed_46/H3_C3_agonist_BIO592_seed_46_sample_4_model.cif,172130,4e39b2d8ee159df088147bb7f3739ccd444f4cb2d8f59c974173003d0bd8dfd8
h3/out/c3/H3_C3_agonist_BIO592/seed_46/H3_C3_agonist_BIO592_seed_46_sample_5_model.cif,172321,4a7e4ca491ba83e434f560c11e9ea4d986b91798d1d9972db42b00151757681d
h3/out/c3/H3_C3_agonist_BIO592/seed_46/H3_C3_agonist_BIO592_seed_46_sample_6_model.cif,172313,c5df3c892afbfad90baee5dfde86cef1a33f9f0dbc4fe67b328ab245a26b7a53
h3/out/c3/H3_C3_agonist_BIO592/seed_46/H3_C3_agonist_BIO592_seed_46_sample_7_model.cif,172013,af93abf4be2b15024f57823abaefb9b97ce26448d2087a43b9fc0c96505d9799
h3/out/c3/H3_C3_agonist_BIO592/seed_46/H3_C3_agonist_BIO592_seed_46_sample_8_model.cif,172080,d3afc6945b495073ad64b86baf1350208f63eecacedb4dad592243a6fea9fca5
h3/out/c3/H3_C3_agonist_BIO592/seed_46/H3_C3_agonist_BIO592_seed_46_sample_9_model.cif,172071,2bfbe6f835ae51e021a03d9a157e0a3ed6bb01a63d9e587cdf42fbd4ec599ac9
h3/out/c4/H3_C4_invago_6EW_BIO399/seed_42/H3_C4_invago_6EW_BIO399_seed_42_sample_10_model.cif,172736,a904da1e6be7cbc988351430e4d5a35f77bbe2601a9c6e9eb8dcf984b641c70a
h3/out/c4/H3_C4_invago_6EW_BIO399/seed_42/H3_C4_invago_6EW_BIO399_seed_42_sample_1_model.cif,172601,da789351cb71e24b2eac241fb0d90abb2d0978089fc1566e0b9c9415fb0e88d2
h3/out/c4/H3_C4_invago_6EW_BIO399/seed_42/H3_C4_invago_6EW_BIO399_seed_42_sample_2_model.cif,172625,a11857a567ee88959045b2d5aa5fa32fe8d5a59b65ad8a0d4d785357b1c1e578
h3/out/c4/H3_C4_invago_6EW_BIO399/seed_42/H3_C4_invago_6EW_BIO399_seed_42_sample_3_model.cif,172512,ee88ae3de8ef1afb1d9d1a54d486fd5d7be46d6f83ba95cf3cf1ae19bdad0b34
h3/out/c4/H3_C4_invago_6EW_BIO399/seed_42/H3_C4_invago_6EW_BIO399_seed_42_sample_4_model.cif,172702,c499260456f0a576fccc2670d1214aba527c7baeb2ec93040b27ee6c285208cd
h3/out/c4/H3_C4_invago_6EW_BIO399/seed_42/H3_C4_invago_6EW_BIO399_seed_42_sample_5_model.cif,172520,0877b2b37612d2241b26a09ba1062e674ad91d6b94066de0cf05fa8f5ad601a7
h3/out/c4/H3_C4_invago_6EW_BIO399/seed_42/H3_C4_invago_6EW_BIO399_seed_42_sample_6_model.cif,172541,f640ae6c50b94d8ef9593d8b092ea9e109c3fbceda25f33195d740b8dcd806c3
h3/out/c4/H3_C4_invago_6EW_BIO399/seed_42/H3_C4_invago_6EW_BIO399_seed_42_sample_7_model.cif,172695,17a50188396b6540bbaf6943937a8168448db7b7406929b6cab074e17040dc09
h3/out/c4/H3_C4_invago_6EW_BIO399/seed_42/H3_C4_invago_6EW_BIO399_seed_42_sample_8_model.cif,172348,785cdae0125011e1ec99936145996bdafe9605210955c525a1aa6074e0779bc2
h3/out/c4/H3_C4_invago_6EW_BIO399/seed_42/H3_C4_invago_6EW_BIO399_seed_42_sample_9_model.cif,172341,64913f2a95bc70c178edb202ba9fe0ef005b1d85dcd6ef68b229c5cc4c413cb5
h3/out/c4/H3_C4_invago_6EW_BIO399/seed_43/H3_C4_invago_6EW_BIO399_seed_43_sample_10_model.cif,172290,c3042ecddaad3edff16d0a0edd09e262da65da8a5606badeb41193ec54e8518b
h3/out/c4/H3_C4_invago_6EW_BIO399/seed_43/H3_C4_invago_6EW_BIO399_seed_43_sample_1_model.cif,172411,03786b26965e27132a728fff3ac1d15b66a985a9ed98f4e04fccbc535badf7a8
h3/out/c4/H3_C4_invago_6EW_BIO399/seed_43/H3_C4_invago_6EW_BIO399_seed_43_sample_2_model.cif,172420,c4a9aae96229b77c23978cd42223af79f4b12896c6519517220f168d72123a24
h3/out/c4/H3_C4_invago_6EW_BIO399/seed_43/H3_C4_invago_6EW_BIO399_seed_43_sample_3_model.cif,172548,66674553fa4f3eb76a392bef56d1ae282aa217e304d92b17538e40b2dce4afe2
h3/out/c4/H3_C4_invago_6EW_BIO399/seed_43/H3_C4_invago_6EW_BIO399_seed_43_sample_4_model.cif,172611,d1e4c8ba28ffdbf2f3dfdc735158a4cebe186dea9656b3a334d15c8081712cd4
h3/out/c4/H3_C4_invago_6EW_BIO399/seed_43/H3_C4_invago_6EW_BIO399_seed_43_sample_5_model.cif,172323,de236b448766031963658dafd13d98c34754b4be0cedc293685bc6afd3548fe9
h3/out/c4/H3_C4_invago_6EW_BIO399/seed_43/H3_C4_invago_6EW_BIO399_seed_43_sample_6_model.cif,172801,e608123f482e71b838e6de276dd69fc7207c4ada156d16b66f84b8cb0ea8cc40
h3/out/c4/H3_C4_invago_6EW_BIO399/seed_43/H3_C4_invago_6EW_BIO399_seed_43_sample_7_model.cif,172750,8502719a767627f37e54b151eb7fb13a09b136d526de18701061ba28e7543ca0
h3/out/c4/H3_C4_invago_6EW_BIO399/seed_43/H3_C4_invago_6EW_BIO399_seed_43_sample_8_model.cif,172732,1c1f813442e8b42eb013d8c04ee0c122c858d61a0cfb2ab78165796408551cab
h3/out/c4/H3_C4_invago_6EW_BIO399/seed_43/H3_C4_invago_6EW_BIO399_seed_43_sample_9_model.cif,172540,ece712365bb65e9b0f3445ed61cfd22bb131d95df3b40cbf20c5920702fd780b
h3/out/c4/H3_C4_invago_6EW_BIO399/seed_44/H3_C4_invago_6EW_BIO399_seed_44_sample_10_model.cif,172632,6ae3df60d9f614608ec2c64ddda2dabd5ab5b2df502498c8fb94fcb17c729474
h3/out/c4/H3_C4_invago_6EW_BIO399/seed_44/H3_C4_invago_6EW_BIO399_seed_44_sample_1_model.cif,172124,d5b794f2971f10606bae427c4c55a42ad4f32efae2cd4894f7553f670dcf80e2
h3/out/c4/H3_C4_invago_6EW_BIO399/seed_44/H3_C4_invago_6EW_BIO399_seed_44_sample_2_model.cif,172698,d12345f3cfe8fb6d9c5f810498d3cf7ee7235fab678c2d7cf7d793aa194e5a94
h3/out/c4/H3_C4_invago_6EW_BIO399/seed_44/H3_C4_invago_6EW_BIO399_seed_44_sample_3_model.cif,172208,9d3a7e8d48077d15eadf62041d6913d6df2a87b39ea18396ac4e01224f117f17
h3/out/c4/H3_C4_invago_6EW_BIO399/seed_44/H3_C4_invago_6EW_BIO399_seed_44_sample_4_model.cif,172523,ca9706d28f0b0193baf66054761c60a3aea24d8a7ad3929bba5d90964e04263b
h3/out/c4/H3_C4_invago_6EW_BIO399/seed_44/H3_C4_invago_6EW_BIO399_seed_44_sample_5_model.cif,172416,e2c229d77f71e4b7aa0c2ee39039f285d5a3d7751eb74a2a5b9d03f54a3c0dfe
h3/out/c4/H3_C4_invago_6EW_BIO399/seed_44/H3_C4_invago_6EW_BIO399_seed_44_sample_6_model.cif,172596,5964080608085c7ae9caa1016c1c1481ade3b5ac1c71cd4a66054c406911ac97
h3/out/c4/H3_C4_invago_6EW_BIO399/seed_44/H3_C4_invago_6EW_BIO399_seed_44_sample_7_model.cif,172589,1a8c3e4895dba2036d5f5b67eb7524ec720e50252da3d1c57ce2cbcd77184638
h3/out/c4/H3_C4_invago_6EW_BIO399/seed_44/H3_C4_invago_6EW_BIO399_seed_44_sample_8_model.cif,172213,bf4fe44f3cea11882a9759a29e67a4b4a8216a7fd833fe39b6d36dd509df4129
h3/out/c4/H3_C4_invago_6EW_BIO399/seed_44/H3_C4_invago_6EW_BIO399_seed_44_sample_9_model.cif,172529,9c8f7125ff336f93f8a68739980f1c947ece955dc95d2fc95ca354e3cc368858
h3/out/c4/H3_C4_invago_6EW_BIO399/seed_45/H3_C4_invago_6EW_BIO399_seed_45_sample_10_model.cif,172429,06ce1610bbcff695c33ae9dbf04c8cf7a50c48b75e32ba5c9d52ceac86abab87
h3/out/c4/H3_C4_invago_6EW_BIO399/seed_45/H3_C4_invago_6EW_BIO399_seed_45_sample_1_model.cif,172645,08353c1e68590ecb15e15c36923d08b0bd3104cbfb0d9e2cd7cb701cfea4c195
h3/out/c4/H3_C4_invago_6EW_BIO399/seed_45/H3_C4_invago_6EW_BIO399_seed_45_sample_2_model.cif,172650,b6f3f47e31cf127f56f18a48c75811ff5397bc27a4c26043e44a82d1d3a52a75
h3/out/c4/H3_C4_invago_6EW_BIO399/seed_45/H3_C4_invago_6EW_BIO399_seed_45_sample_3_model.cif,172287,847e73a7195ec41cab71911169d37f03ff9d8b663cfdad2a32a37b6e1b2b10aa
h3/out/c4/H3_C4_invago_6EW_BIO399/seed_45/H3_C4_invago_6EW_BIO399_seed_45_sample_4_model.cif,172142,77f9309723f6a95b282cc57890febb6b9c6ad2ab40c79ab8fb2bcab49e83584c
h3/out/c4/H3_C4_invago_6EW_BIO399/seed_45/H3_C4_invago_6EW_BIO399_seed_45_sample_5_model.cif,172481,a5338e3342140d437511ccc6d27562f511436d482005ca16b6bcbc3c4af78ecc
h3/out/c4/H3_C4_invago_6EW_BIO399/seed_45/H3_C4_invago_6EW_BIO399_seed_45_sample_6_model.cif,172348,c3b1c4410f9eb2e968179e338add4bde60513d06132e3708ca32beff15aa636b
h3/out/c4/H3_C4_invago_6EW_BIO399/seed_45/H3_C4_invago_6EW_BIO399_seed_45_sample_7_model.cif,172958,fae106cbc5d8b14f38168a3cc095be92d8b8e24a4a27150b42461f6ad176406e
h3/out/c4/H3_C4_invago_6EW_BIO399/seed_45/H3_C4_invago_6EW_BIO399_seed_45_sample_8_model.cif,172586,4ff1103214b6fdc75a22b8de624e8eaa1ce6ced1b9939528c5406ec3ca3580a0
h3/out/c4/H3_C4_invago_6EW_BIO399/seed_45/H3_C4_invago_6EW_BIO399_seed_45_sample_9_model.cif,172874,96291358f95edea9a4587d3adc96c40d5988507f630ee5d0de7229f6082bd2e7
h3/out/c4/H3_C4_invago_6EW_BIO399/seed_46/H3_C4_invago_6EW_BIO399_seed_46_sample_10_model.cif,172487,c8a24e5a7f41c8b2c94a2d202aa5ac845c9f2cf0193644b429619aed2a5a0b50
h3/out/c4/H3_C4_invago_6EW_BIO399/seed_46/H3_C4_invago_6EW_BIO399_seed_46_sample_1_model.cif,172424,28b1a6f2efebe2ab26f2b1c5c0aa15aaa226f70e6bc9badebdf7587a12ae3616
h3/out/c4/H3_C4_invago_6EW_BIO399/seed_46/H3_C4_invago_6EW_BIO399_seed_46_sample_2_model.cif,172370,95a4dcca1ba4e0cd5aa63dff88588fe3c5e975f56770365c7bf79ba43e7f1923
h3/out/c4/H3_C4_invago_6EW_BIO399/seed_46/H3_C4_invago_6EW_BIO399_seed_46_sample_3_model.cif,172526,3656024b90f007fc6b3619755c9bf5892de858224f1520d6a7a70aee6e84e64c
h3/out/c4/H3_C4_invago_6EW_BIO399/seed_46/H3_C4_invago_6EW_BIO399_seed_46_sample_4_model.cif,172379,4e9b5826d900c2dc846fee22a1cc61782cdea384fb67d8c66a4aca078b41f0b5
h3/out/c4/H3_C4_invago_6EW_BIO399/seed_46/H3_C4_invago_6EW_BIO399_seed_46_sample_5_model.cif,172766,1101718fce29fb96152e5db57e6c04a1874c41a615ece9fb3e829229c064f5a9
h3/out/c4/H3_C4_invago_6EW_BIO399/seed_46/H3_C4_invago_6EW_BIO399_seed_46_sample_6_model.cif,172683,2aaf4c76f58e2ccfd0f4657add82602ecc0127ea37716eaf2531aff7b4bacf50
h3/out/c4/H3_C4_invago_6EW_BIO399/seed_46/H3_C4_invago_6EW_BIO399_seed_46_sample_7_model.cif,172567,6c9f33a6716737c09e2f0dfaf49e0c88ec90fef94583b20644e8e325bd2cbd16
h3/out/c4/H3_C4_invago_6EW_BIO399/seed_46/H3_C4_invago_6EW_BIO399_seed_46_sample_8_model.cif,172343,7c0b0ef3514de901763e53b127b9fc28811c2ce40dd0f01abd63744c2a7fc9ac
h3/out/c4/H3_C4_invago_6EW_BIO399/seed_46/H3_C4_invago_6EW_BIO399_seed_46_sample_9_model.cif,172295,f64328ddc5d7980f877f7749ab4e46d93d5421e7bec1087165b37fd6fd832905
h3/out/c5/H3_C5_invago_99N/seed_42/H3_C5_invago_99N_seed_42_sample_10_model.cif,174219,1535f18f07e110722f54d9529385f81a55af950bafa3d6c34742a9ddb1514b96
h3/out/c5/H3_C5_invago_99N/seed_42/H3_C5_invago_99N_seed_42_sample_1_model.cif,174076,cfa5d6103f7fed5bf86eb62c40cb1d4147feb5e43a404e2405d767e35c202ea3
h3/out/c5/H3_C5_invago_99N/seed_42/H3_C5_invago_99N_seed_42_sample_2_model.cif,173813,2963d02f7b74dc99cd1ca98835a26861e2fd213c8fdd6dc2e406946b1cde9643
h3/out/c5/H3_C5_invago_99N/seed_42/H3_C5_invago_99N_seed_42_sample_3_model.cif,174026,e72764adfc12a320d77ed2c95a1694deed564f05b74f9b709c2a26513cd84fb7
h3/out/c5/H3_C5_invago_99N/seed_42/H3_C5_invago_99N_seed_42_sample_4_model.cif,174133,bcebb90a9a7f6e909edc55e59c1487cfb18a6ec1cd601f78a1aa918d0123bc57
h3/out/c5/H3_C5_invago_99N/seed_42/H3_C5_invago_99N_seed_42_sample_5_model.cif,174073,aa0027d6650fe7731bdd81571099c1d724f362b20032cc9be65e3ab6179117c6
h3/out/c5/H3_C5_invago_99N/seed_42/H3_C5_invago_99N_seed_42_sample_6_model.cif,174237,4b7d899331dae3bfb1f2223d0e58af516c3d34c57389af579955c60df28b1633
h3/out/c5/H3_C5_invago_99N/seed_42/H3_C5_invago_99N_seed_42_sample_7_model.cif,173870,dde64aab9ac00c27d15c8be4b8be4cfc188e7c1a8f54bb4a02d6296cdd300f1c
h3/out/c5/H3_C5_invago_99N/seed_42/H3_C5_invago_99N_seed_42_sample_8_model.cif,173823,1232d1266d9f3fbacc411d9e479536fe93d487638ae3c264a1c5ebe015fefc80
h3/out/c5/H3_C5_invago_99N/seed_42/H3_C5_invago_99N_seed_42_sample_9_model.cif,173795,cf311f86c49be9c24ca25b89c97088911fd815b674486cd0150618e5d19a365f
h3/out/c5/H3_C5_invago_99N/seed_43/H3_C5_invago_99N_seed_43_sample_10_model.cif,173797,1c88dffa1d489e33d0394e7e796f5db2f5cac04b92576623ff2236911d113358
h3/out/c5/H3_C5_invago_99N/seed_43/H3_C5_invago_99N_seed_43_sample_1_model.cif,173858,08f30f8c91f8deb3d72be98ad1f87f6f6de267994a7a1851aad2bdab1d965d91
h3/out/c5/H3_C5_invago_99N/seed_43/H3_C5_invago_99N_seed_43_sample_2_model.cif,173862,430fece70669099e76224042e99ba8d840961273433278ca6a371e2a3eb65e73
h3/out/c5/H3_C5_invago_99N/seed_43/H3_C5_invago_99N_seed_43_sample_3_model.cif,174055,bc26b52413530d296ee4a1daf28fd0e269404778989400e17fdd2ed65a60d986
h3/out/c5/H3_C5_invago_99N/seed_43/H3_C5_invago_99N_seed_43_sample_4_model.cif,174062,a7bb0081d5ed059880f49424603bce8a979a5dc702b374a66ee4ab8d6c8e05d4
h3/out/c5/H3_C5_invago_99N/seed_43/H3_C5_invago_99N_seed_43_sample_5_model.cif,174011,cebaa79a2e456d1d4531ff749a44881ead61aafc6bd91c5ac75259f1e4739b63
h3/out/c5/H3_C5_invago_99N/seed_43/H3_C5_invago_99N_seed_43_sample_6_model.cif,173968,d3695fa64e1a2d77d00d7a6ac7527679d7a6a99a0473b66939ff8cb4c40da1d5
h3/out/c5/H3_C5_invago_99N/seed_43/H3_C5_invago_99N_seed_43_sample_7_model.cif,174016,60444b72328a2150528910b3ed8a8b7c67135d0d463747d495004a1aee2dfc26
h3/out/c5/H3_C5_invago_99N/seed_43/H3_C5_invago_99N_seed_43_sample_8_model.cif,174284,e70b1e0d96c80ca55a8b8507bbcff5ebc9994105f52651ea55a167c51783f167
h3/out/c5/H3_C5_invago_99N/seed_43/H3_C5_invago_99N_seed_43_sample_9_model.cif,174171,5feae9a70b969030872aeebe2fba9a3645d4e471823b9720bf920dd090cd1b6e
h3/out/c5/H3_C5_invago_99N/seed_44/H3_C5_invago_99N_seed_44_sample_10_model.cif,174285,d3d450c6ecda2e77eda4cb1b942e18e217081de02e2da423f01d7434e78fe33d
h3/out/c5/H3_C5_invago_99N/seed_44/H3_C5_invago_99N_seed_44_sample_1_model.cif,173728,15f8f709ee7402c4d9e9bf4b8624a3c2374087aa59e9e6f786708db3e4f569d6
h3/out/c5/H3_C5_invago_99N/seed_44/H3_C5_invago_99N_seed_44_sample_2_model.cif,173975,5515d3b26efbd460b0aa52dd6caf84fa63f2554d8976ab97bd82a92d23bddf60
h3/out/c5/H3_C5_invago_99N/seed_44/H3_C5_invago_99N_seed_44_sample_3_model.cif,173800,db3f52046b211564ecdc65d34e04b840ab0af0986b00513f8e0da793ab7d7363
h3/out/c5/H3_C5_invago_99N/seed_44/H3_C5_invago_99N_seed_44_sample_4_model.cif,173798,e2c052b8f5bdfe466ca29a4f7d7582c5385252cd942be32b60e4a9b89a13de0b
h3/out/c5/H3_C5_invago_99N/seed_44/H3_C5_invago_99N_seed_44_sample_5_model.cif,174041,b8702ea34212206608229f25e002829fe0d73442cd72960ad889403d5c0242eb
h3/out/c5/H3_C5_invago_99N/seed_44/H3_C5_invago_99N_seed_44_sample_6_model.cif,173802,cce17854d8619d89d160824d8eeeb4c6c2e213ef137649704d724c9fa1fa2581
h3/out/c5/H3_C5_invago_99N/seed_44/H3_C5_invago_99N_seed_44_sample_7_model.cif,174105,70c645976394e293ba16c56ae9f0c29f6ef80779960ff199759a08215d92c86b
h3/out/c5/H3_C5_invago_99N/seed_44/H3_C5_invago_99N_seed_44_sample_8_model.cif,173839,da18d62edb0683acb14003fdbd3d6f2b8e721884dfef2420aed4f0bd162e320a
h3/out/c5/H3_C5_invago_99N/seed_44/H3_C5_invago_99N_seed_44_sample_9_model.cif,174021,57046196262f4136eb18ce4fc37aabf9bc4817e388dab962c42d7a60c2f14820
h3/out/c5/H3_C5_invago_99N/seed_45/H3_C5_invago_99N_seed_45_sample_10_model.cif,173827,d997ef34d19abff8a0c65fd561df98459fdba00519af600d3058c6c752650a99
h3/out/c5/H3_C5_invago_99N/seed_45/H3_C5_invago_99N_seed_45_sample_1_model.cif,174017,091144cbb556242312f5cdd8fed49be7294897243341a44068602bd653aa2ada
h3/out/c5/H3_C5_invago_99N/seed_45/H3_C5_invago_99N_seed_45_sample_2_model.cif,173951,3330d661241d303b1970fb0e4ef5274eee82ed2cd0e6fdd0399203425210d874
h3/out/c5/H3_C5_invago_99N/seed_45/H3_C5_invago_99N_seed_45_sample_3_model.cif,173845,aa5ffe74dc9ad532e3921dd6e28736182b840c33848c82f744fe201b72def045
h3/out/c5/H3_C5_invago_99N/seed_45/H3_C5_invago_99N_seed_45_sample_4_model.cif,173845,0f1c85907753ddb1adb25b0b6020bc6286ebc47c19e303a12f33e96309396c82
h3/out/c5/H3_C5_invago_99N/seed_45/H3_C5_invago_99N_seed_45_sample_5_model.cif,174041,575e4d3b76419876a380d384c32985f50d9ce654e3de6fdf4d68e0c023229d3f
h3/out/c5/H3_C5_invago_99N/seed_45/H3_C5_invago_99N_seed_45_sample_6_model.cif,173862,a82d7208a868e38d72d252ad7988dca3c4fba8346485da7a92930f119fe78179
h3/out/c5/H3_C5_invago_99N/seed_45/H3_C5_invago_99N_seed_45_sample_7_model.cif,174103,c3c65f7dff2ec59b3ba32cf2a7eceb667622fa0164699dd767cfeeeda145ee85
h3/out/c5/H3_C5_invago_99N/seed_45/H3_C5_invago_99N_seed_45_sample_8_model.cif,174085,d3dafd8319544765d92f200914646c5a65310802385cef4bf1ec33519b74baf9
h3/out/c5/H3_C5_invago_99N/seed_45/H3_C5_invago_99N_seed_45_sample_9_model.cif,174302,e4f37746445b9d51fa3ec5aa2ad2c7fa046ce80a0926738e3e036fe56e8485d8
h3/out/c5/H3_C5_invago_99N/seed_46/H3_C5_invago_99N_seed_46_sample_10_model.cif,173985,2caeb05a32c2e04b66164fd63f3d3e5b1eb43d464c05e35e0289e8fe92826e68
h3/out/c5/H3_C5_invago_99N/seed_46/H3_C5_invago_99N_seed_46_sample_1_model.cif,173907,0b841982625ee88e17859ab4f84cdefc2bccfd5293ea267c45b3f90af6471784
h3/out/c5/H3_C5_invago_99N/seed_46/H3_C5_invago_99N_seed_46_sample_2_model.cif,173826,8f6a588ad532379da9c6303af816739d8600a5058adc990168f751f10f9e47d6
h3/out/c5/H3_C5_invago_99N/seed_46/H3_C5_invago_99N_seed_46_sample_3_model.cif,173936,178bb4f7df0a8564e266ec3b00528d19c3d77ce3c973f6e7cecc76add763aa57
h3/out/c5/H3_C5_invago_99N/seed_46/H3_C5_invago_99N_seed_46_sample_4_model.cif,173885,30e4279f3b52c6745abb344c54258e3f13aef94a0f4d37596bedb72f199865fa
h3/out/c5/H3_C5_invago_99N/seed_46/H3_C5_invago_99N_seed_46_sample_5_model.cif,174264,b21092bb180191fa4bace429dff1cc09be9f6c2a9fcbc4e03c516fb517adf232
h3/out/c5/H3_C5_invago_99N/seed_46/H3_C5_invago_99N_seed_46_sample_6_model.cif,174234,dd2c3fb89f2ca08727dcc2bb8202d9e4ae3dc646ddd4d049417f98d534ded89b
h3/out/c5/H3_C5_invago_99N/seed_46/H3_C5_invago_99N_seed_46_sample_7_model.cif,174038,99196d3b08b7407bd4d64f86e5d35bbb0a7e871eef2818744bf13dafc94463e7
h3/out/c5/H3_C5_invago_99N/seed_46/H3_C5_invago_99N_seed_46_sample_8_model.cif,174045,4996a5e1cb8cddafd62430d8620627d8ad335bd0fd91d3009c2cd1240c0d4235
h3/out/c5/H3_C5_invago_99N/seed_46/H3_C5_invago_99N_seed_46_sample_9_model.cif,173747,766528442404e85c2004cb1967272fbb5a27231c32ac997db17ef3dc911a85a2
h3/out/c6/H3_C6_invago_4P3/seed_42/H3_C6_invago_4P3_seed_42_sample_10_model.cif,172731,409e9310adb557aa349bc68673be619f89828ed51f8244189048c48fdc3d597c
h3/out/c6/H3_C6_invago_4P3/seed_42/H3_C6_invago_4P3_seed_42_sample_1_model.cif,172916,6ca915b3351fb16644aad664f5ef9502a5731b054027d6f9e1f1815ad1dd70bf
h3/out/c6/H3_C6_invago_4P3/seed_42/H3_C6_invago_4P3_seed_42_sample_2_model.cif,172604,f533feecd7fb8951510f5d13966a33e701825e105bdc38daabb42f1282bd0e55
h3/out/c6/H3_C6_invago_4P3/seed_42/H3_C6_invago_4P3_seed_42_sample_3_model.cif,172525,4fde797c230d1b0bc25bee1ae10305ef1b331c8cd714ad5a30582f17da55c760
h3/out/c6/H3_C6_invago_4P3/seed_42/H3_C6_invago_4P3_seed_42_sample_4_model.cif,172831,621b6652f178d5ec43db9ca0e0a55752800ebcdd3ba7e4a0a5f440053fce04bc
h3/out/c6/H3_C6_invago_4P3/seed_42/H3_C6_invago_4P3_seed_42_sample_5_model.cif,172658,238f3ec469ccae8dd7c95d61e83fc2729300bb426645d88c2d29ade812bd16e0
h3/out/c6/H3_C6_invago_4P3/seed_42/H3_C6_invago_4P3_seed_42_sample_6_model.cif,172686,7db704d539e25c1447ec151daeabbf935b91cde3f71add506b387dfa1ad49e66
h3/out/c6/H3_C6_invago_4P3/seed_42/H3_C6_invago_4P3_seed_42_sample_7_model.cif,172612,b620e207f5e8beb6b686d56c8ae4586abd496e2bc5b56c865ab451cc449b51e0
h3/out/c6/H3_C6_invago_4P3/seed_42/H3_C6_invago_4P3_seed_42_sample_8_model.cif,172699,b55c654ab7087379d28db808b1a4d465a4dad49ed470c6859978c3e864ea5469
h3/out/c6/H3_C6_invago_4P3/seed_42/H3_C6_invago_4P3_seed_42_sample_9_model.cif,172583,962487318fe2105edda2303a5aab3dc6462e48d732ae3765ba541690e954b7e7
h3/out/c6/H3_C6_invago_4P3/seed_43/H3_C6_invago_4P3_seed_43_sample_10_model.cif,172377,9cb85385ac978ad220c7ae9cc176ea160e658a520805cec899a9c59d8d1d7aeb
h3/out/c6/H3_C6_invago_4P3/seed_43/H3_C6_invago_4P3_seed_43_sample_1_model.cif,172490,793603c29837e306af7b76dfb8156e0962910b1718d9be4c80d027e9ab2efb00
h3/out/c6/H3_C6_invago_4P3/seed_43/H3_C6_invago_4P3_seed_43_sample_2_model.cif,172622,dec8a7939340dc1f793b055eb76712539920313329552e3c247b290664ed1760
h3/out/c6/H3_C6_invago_4P3/seed_43/H3_C6_invago_4P3_seed_43_sample_3_model.cif,172579,eb38a2b6878b23b2232a7f067b9c818872aa0b60d461a8d8035349325338f46a
h3/out/c6/H3_C6_invago_4P3/seed_43/H3_C6_invago_4P3_seed_43_sample_4_model.cif,172671,bb919a2457ed7e0fbf1a6bda9787954e7de1c649be75db0960a724310240dff6
h3/out/c6/H3_C6_invago_4P3/seed_43/H3_C6_invago_4P3_seed_43_sample_5_model.cif,172507,484eac94a335fa7f2f56c669050ed80e17ad38f76960880d992b07c265dfb6d4
h3/out/c6/H3_C6_invago_4P3/seed_43/H3_C6_invago_4P3_seed_43_sample_6_model.cif,172680,9d6aadb19d519619420b6d0aee78111b2edf70ca216de3f63dedef49d1d5e6d9
h3/out/c6/H3_C6_invago_4P3/seed_43/H3_C6_invago_4P3_seed_43_sample_7_model.cif,172841,70eb0854acb07d986338a9d76a1f26510f6b0de6375ef4ea3f29e85d2d888b8d
h3/out/c6/H3_C6_invago_4P3/seed_43/H3_C6_invago_4P3_seed_43_sample_8_model.cif,172828,02cab87e084697d1d7111d6c93d8b54750619be7646151011bac136b043a1a96
h3/out/c6/H3_C6_invago_4P3/seed_43/H3_C6_invago_4P3_seed_43_sample_9_model.cif,172682,83b97c3ab17ed70d920fe2c7dc084e4dd427a13e2786a64b42611d0c39209134
h3/out/c6/H3_C6_invago_4P3/seed_44/H3_C6_invago_4P3_seed_44_sample_10_model.cif,172940,de065d0f262be08d44af3074437c9715ecb53d23919effd70278c1feb591d786
h3/out/c6/H3_C6_invago_4P3/seed_44/H3_C6_invago_4P3_seed_44_sample_1_model.cif,172218,d2f0e0f07f15dc1f296fac678b42ea62120262d6abaf146c10e17d13cef56993
h3/out/c6/H3_C6_invago_4P3/seed_44/H3_C6_invago_4P3_seed_44_sample_2_model.cif,172579,3237dae620c24e566fc725af27eff818cb6f4ed0fcdf1dd9ac24b23992a44550
h3/out/c6/H3_C6_invago_4P3/seed_44/H3_C6_invago_4P3_seed_44_sample_3_model.cif,172474,246987eb76c394c8a75c3f7beaf7807b144037e1b00e8f47ca18c9be3721fd4d
h3/out/c6/H3_C6_invago_4P3/seed_44/H3_C6_invago_4P3_seed_44_sample_4_model.cif,172649,2c457d44989fb95679f4570a0118f82c52db41b2fa519c3fddebaa9ba9bf8f1d
h3/out/c6/H3_C6_invago_4P3/seed_44/H3_C6_invago_4P3_seed_44_sample_5_model.cif,172802,637f2573adb303e06e622cddf0af3fef80598063e02ea10dfed5a3e9b04b3161
h3/out/c6/H3_C6_invago_4P3/seed_44/H3_C6_invago_4P3_seed_44_sample_6_model.cif,172491,102068242de8fc3735832a7ff071e25760cb13cda66dd17da3f39a8ce683586d
h3/out/c6/H3_C6_invago_4P3/seed_44/H3_C6_invago_4P3_seed_44_sample_7_model.cif,172481,b28d6e24bfee41779a41be3c5832b305ec5c24d0b76bcd69d689494b79a0cebe
h3/out/c6/H3_C6_invago_4P3/seed_44/H3_C6_invago_4P3_seed_44_sample_8_model.cif,172407,04c55c8678c1f3a7fc0f86140324aa0c092b189f7d8c9f5f0b9d7afd939ad596
h3/out/c6/H3_C6_invago_4P3/seed_44/H3_C6_invago_4P3_seed_44_sample_9_model.cif,172704,3380abec27a824be9b1f6b7734c414a27a003487a40f472f97758387f579df72
h3/out/c6/H3_C6_invago_4P3/seed_45/H3_C6_invago_4P3_seed_45_sample_10_model.cif,172683,f52e3aa2404034ffa33ae04c0134f2fdbab92eea3357d39ac8388ed48930a44a
h3/out/c6/H3_C6_invago_4P3/seed_45/H3_C6_invago_4P3_seed_45_sample_1_model.cif,172647,95b672f394b74cd38ac904e4bd61bb0b926e07f3c958811408ec45437f2e041c
h3/out/c6/H3_C6_invago_4P3/seed_45/H3_C6_invago_4P3_seed_45_sample_2_model.cif,172744,6ccb5733e426923859a89ded017eaeaaca70ceaf9fecb576d27a4d9cf6ea8af7
h3/out/c6/H3_C6_invago_4P3/seed_45/H3_C6_invago_4P3_seed_45_sample_3_model.cif,172624,7b9b7d853dc461dffea86e8d606a7264e5c239329a1dd36c911e925de5a2a0a6
h3/out/c6/H3_C6_invago_4P3/seed_45/H3_C6_invago_4P3_seed_45_sample_4_model.cif,172345,62a481552522adba9429ab2382c27f29e209a5d894506b848b51e242a067117d
h3/out/c6/H3_C6_invago_4P3/seed_45/H3_C6_invago_4P3_seed_45_sample_5_model.cif,172628,4aeece098bd0fb9b35185a14bf821a12f8bddc8edceb017a701b0377245b1dbc
h3/out/c6/H3_C6_invago_4P3/seed_45/H3_C6_invago_4P3_seed_45_sample_6_model.cif,172355,ba2ec9f7b42569e648753c41beec88dbfb8f2c4b498252355083ab40c73d9569
h3/out/c6/H3_C6_invago_4P3/seed_45/H3_C6_invago_4P3_seed_45_sample_7_model.cif,173072,16bbe147b1843ed268ed5029a9108e072c130285521dec8d2c5955557b1bcf0b
h3/out/c6/H3_C6_invago_4P3/seed_45/H3_C6_invago_4P3_seed_45_sample_8_model.cif,172662,60acd660962de3363d78f602ad9725fc4970d5c81b6fe18712ec417924be7d88
h3/out/c6/H3_C6_invago_4P3/seed_45/H3_C6_invago_4P3_seed_45_sample_9_model.cif,173044,afc8c277781a1ca38076817f336be2751cc685a21cd7bc60307b643abc5e8a9c
h3/out/c6/H3_C6_invago_4P3/seed_46/H3_C6_invago_4P3_seed_46_sample_10_model.cif,172406,e94b3ee6c4ad20a15f7067a7a13d6d0cd52c8c565a0cde0e920cd49563c5125a
h3/out/c6/H3_C6_invago_4P3/seed_46/H3_C6_invago_4P3_seed_46_sample_1_model.cif,172420,7e3c3bdf32ee124dd3d8860ba47125dd430d3704aec178288d78130fe9cdbb47
h3/out/c6/H3_C6_invago_4P3/seed_46/H3_C6_invago_4P3_seed_46_sample_2_model.cif,172409,d427d92d7adc4a48f6d48ede920990515576218b70731e3d6f78b4b136d3d774
h3/out/c6/H3_C6_invago_4P3/seed_46/H3_C6_invago_4P3_seed_46_sample_3_model.cif,172660,fe392bc1850683dbeda05c37fb8aabbcd610d8f0e897306607e0699b9f4c6b2b
h3/out/c6/H3_C6_invago_4P3/seed_46/H3_C6_invago_4P3_seed_46_sample_4_model.cif,172657,b55c8864eb47a6909c4a195b988853665cf3362ad0a0c380e7b591eaffeb1f31
h3/out/c6/H3_C6_invago_4P3/seed_46/H3_C6_invago_4P3_seed_46_sample_5_model.cif,172998,30aec6f590ab46264fc217232e9ace0d4033893bd7a441fc26454889fe5bf93e
h3/out/c6/H3_C6_invago_4P3/seed_46/H3_C6_invago_4P3_seed_46_sample_6_model.cif,172671,e788cf53d4245c08c07bd60acd0fc0b663b2ee15a2901c5a0a064d2dd4da3699
h3/out/c6/H3_C6_invago_4P3/seed_46/H3_C6_invago_4P3_seed_46_sample_7_model.cif,172794,cfcb13fbe1c44eb347d87733a3a91ef2af1393806374a88f663f52f6599dc952
h3/out/c6/H3_C6_invago_4P3/seed_46/H3_C6_invago_4P3_seed_46_sample_8_model.cif,172565,0cd03e4c344180fb488b365206dee1686a359cb5508ad4cbe1b5ef2cdd79fd2c
h3/out/c6/H3_C6_invago_4P3/seed_46/H3_C6_invago_4P3_seed_46_sample_9_model.cif,172630,2137d4444f921a665324582ac3a7cf459c8cffdf95deb9bc869e259d5607dc78
h3/out/pool120/POOL_CHEMBL3217768_agonist/seed_42/POOL_CHEMBL3217768_agonist_seed_42_sample_1_model.cif,172409,9818b31c075d90c5fd6afaee1d7057f09d9a25f0bc0b3b4179d29f2bf2c8df7f
h3/out/pool120/POOL_CHEMBL3217768_agonist/seed_42/POOL_CHEMBL3217768_agonist_seed_42_sample_2_model.cif,171872,750d77de10b79cf300b9731f7db991bf18eb407c1d5e80e4116bc3383b928f9d
h3/out/pool120/POOL_CHEMBL3313999_agonist/seed_42/POOL_CHEMBL3313999_agonist_seed_42_sample_1_model.cif,173352,4bf6839146bc976de549f74466503c1cb003b8e6eab9d5445dbbb1ec6359b109
h3/out/pool120/POOL_CHEMBL3313999_agonist/seed_42/POOL_CHEMBL3313999_agonist_seed_42_sample_2_model.cif,173304,f42c18de4e72fa8d0d56d10bc4a28109a362a8604e34712a5916507adad826ee
h3/out/pool120/POOL_CHEMBL3314000_agonist/seed_42/POOL_CHEMBL3314000_agonist_seed_42_sample_1_model.cif,173769,5ec4b24dacb1ac575d0871adcd6c2a91cf8e19fa5d0dd692d4491d56bffc0df7
h3/out/pool120/POOL_CHEMBL3314000_agonist/seed_42/POOL_CHEMBL3314000_agonist_seed_42_sample_2_model.cif,173628,6be45c26f87f364d704e3cbd76a941718456540076d0eefb31e0a4a003bfb449
h3/out/pool120/POOL_CHEMBL3314023_antagonist/seed_42/POOL_CHEMBL3314023_antagonist_seed_42_sample_1_model.cif,172887,09b2c98cd35e86602d337b22ca3056362bad37a81a92098df80a6a5f43824665
h3/out/pool120/POOL_CHEMBL3314023_antagonist/seed_42/POOL_CHEMBL3314023_antagonist_seed_42_sample_2_model.cif,172774,28c806a71df755d70a13be5d553ddfc2306919021de8ff0f83debb18b00e5906
h3/out/pool120/POOL_CHEMBL3314025_antagonist/seed_42/POOL_CHEMBL3314025_antagonist_seed_42_sample_1_model.cif,172757,68e51694f8d3e43a34a5a476466997e3688d6fe4cf468572d6401cfe7f36b98a
h3/out/pool120/POOL_CHEMBL3314025_antagonist/seed_42/POOL_CHEMBL3314025_antagonist_seed_42_sample_2_model.cif,172600,d8201e610fc633f4265b965b4fb33c20706b2e18cd953581447942eba04e11be
h3/out/pool120/POOL_CHEMBL3314026_antagonist/seed_42/POOL_CHEMBL3314026_antagonist_seed_42_sample_1_model.cif,172972,07ea420c7b89febc8f28f57da2f5f9feb374b506e7adf9fdd5667b6d054ceac0
h3/out/pool120/POOL_CHEMBL3314026_antagonist/seed_42/POOL_CHEMBL3314026_antagonist_seed_42_sample_2_model.cif,172732,1bf2e8e466bd2424424dce2d77265bc649f29dce898763cb17a1810db04db02a
h3/out/pool120/POOL_CHEMBL3314027_antagonist/seed_42/POOL_CHEMBL3314027_antagonist_seed_42_sample_1_model.cif,173357,6786497563b8b6c46e53b558edbf98087db0fcbdd5543c22e4d731dc987138fb
h3/out/pool120/POOL_CHEMBL3314027_antagonist/seed_42/POOL_CHEMBL3314027_antagonist_seed_42_sample_2_model.cif,173232,fd288ee0e95e79e21f5b300da308568b8c1ae2de8ca5a08ec8cc0d4e628cb1cb
h3/out/pool120/POOL_CHEMBL3314028_antagonist/seed_42/POOL_CHEMBL3314028_antagonist_seed_42_sample_1_model.cif,173179,236986abbfcefede5afe6ba8e55fd9490ec848bd62ada6a64012f3c1d49c3fa9
h3/out/pool120/POOL_CHEMBL3314028_antagonist/seed_42/POOL_CHEMBL3314028_antagonist_seed_42_sample_2_model.cif,172896,9c0072641eec38bfca360910d821fc64c2a811c379b0ffe78848fbbc8a592a87
h3/out/pool120/POOL_CHEMBL3581543_agonist/seed_42/POOL_CHEMBL3581543_agonist_seed_42_sample_1_model.cif,172643,0a842fc0506d66b29cc131262f056e6172ac38d3355b02a8aaa35c0b97557861
h3/out/pool120/POOL_CHEMBL3581543_agonist/seed_42/POOL_CHEMBL3581543_agonist_seed_42_sample_2_model.cif,172690,6f77bc65c9fbcc7e4a5b1a38895dd0b9a8b185ae8cd3cdf64985c0aaf5c0151f
h3/out/pool120/POOL_CHEMBL3609403_agonist/seed_42/POOL_CHEMBL3609403_agonist_seed_42_sample_1_model.cif,172982,ccb5de464824999690f5b4b7d20e6ce3eb37ee9c0edd9baa49e7f96158a925db
h3/out/pool120/POOL_CHEMBL3609403_agonist/seed_42/POOL_CHEMBL3609403_agonist_seed_42_sample_2_model.cif,172804,1c6b14233d9280d70636447e77d7c01a376d896a429dce068af18d519ca8b182
h3/out/pool120/POOL_CHEMBL3609404_agonist/seed_42/POOL_CHEMBL3609404_agonist_seed_42_sample_1_model.cif,173125,b51e0b74970ec34bede29766406ab0152c74ed7dea0c84df9597c9d731c81aaf
h3/out/pool120/POOL_CHEMBL3609404_agonist/seed_42/POOL_CHEMBL3609404_agonist_seed_42_sample_2_model.cif,172997,e04371f22437d5cca63d67024188072181bfdb423d77e54d1713ffe77785dc00
h3/out/pool120/POOL_CHEMBL3609409_agonist/seed_42/POOL_CHEMBL3609409_agonist_seed_42_sample_1_model.cif,172528,315fc9e705cae2f2d4ebcd9947cf14360e14dac8c0b80f72d708d4cb0d047a30
h3/out/pool120/POOL_CHEMBL3609409_agonist/seed_42/POOL_CHEMBL3609409_agonist_seed_42_sample_2_model.cif,172555,8ff30a2f7afb2e4bfa45399023512c27cc8a91376cec71d71c730c4edb9f1e25
h3/out/pool120/POOL_CHEMBL4125757_antagonist/seed_42/POOL_CHEMBL4125757_antagonist_seed_42_sample_1_model.cif,173411,6158d71445e8057eb67c003d9618d6aaa287d14afd700334c807eff2f8485a66
h3/out/pool120/POOL_CHEMBL4125757_antagonist/seed_42/POOL_CHEMBL4125757_antagonist_seed_42_sample_2_model.cif,172941,3d93f71ba0d87796499e27d79cefee716c1e46971af23f96a70b31c1ed95ba39
h3/out/pool120/POOL_CHEMBL4126317_antagonist/seed_42/POOL_CHEMBL4126317_antagonist_seed_42_sample_1_model.cif,173337,4460f7027b5c07093f104330716c422cc99e3f81e4bbc5e501ee78c1f05dacd1
h3/out/pool120/POOL_CHEMBL4126317_antagonist/seed_42/POOL_CHEMBL4126317_antagonist_seed_42_sample_2_model.cif,172931,c5517c31e02fd53f900f3c5dd0557d0e543f6b3f2b2ac78811c2686a22bdd734
h3/out/pool120/POOL_CHEMBL4126366_antagonist/seed_42/POOL_CHEMBL4126366_antagonist_seed_42_sample_1_model.cif,173490,9758f77c9046baa5f5e3e416526f47e9c851e48ec968965e57f1ec9abd134e29
h3/out/pool120/POOL_CHEMBL4126366_antagonist/seed_42/POOL_CHEMBL4126366_antagonist_seed_42_sample_2_model.cif,173209,6f61f50ecc51e69858c243dde2099fea9c66b3c2d916071b5484744fbffaf479
h3/out/pool120/POOL_CHEMBL4127127_antagonist/seed_42/POOL_CHEMBL4127127_antagonist_seed_42_sample_1_model.cif,173491,54b5514280da56c46c618bd2888658097dbcc179ba5dc3e75f6fb7ae3ec1e089
h3/out/pool120/POOL_CHEMBL4127127_antagonist/seed_42/POOL_CHEMBL4127127_antagonist_seed_42_sample_2_model.cif,173147,d5836131e5c3e5d8729544ae4150f8dbd66ea0842e1f3200671a5d8b9400c904
h3/out/pool120/POOL_CHEMBL4127932_antagonist/seed_42/POOL_CHEMBL4127932_antagonist_seed_42_sample_1_model.cif,173381,5ceb82a1f79f75d35d1a940fb24396f120687b0bafbd5eafbc985fdd861231f7
h3/out/pool120/POOL_CHEMBL4127932_antagonist/seed_42/POOL_CHEMBL4127932_antagonist_seed_42_sample_2_model.cif,172966,464d8319ac8bb8cc0432bffc299a34ece0c0a0c91405a696675cedffaf71bd72
h3/out/pool120/POOL_CHEMBL4128363_antagonist/seed_42/POOL_CHEMBL4128363_antagonist_seed_42_sample_1_model.cif,173405,7c39e66c835129a03636b43003953f1be10f432f4d9e478b9a4c631f0382419c
h3/out/pool120/POOL_CHEMBL4128363_antagonist/seed_42/POOL_CHEMBL4128363_antagonist_seed_42_sample_2_model.cif,173035,d79d6566acc0a6ce552ed79bc6d11215d585f6a78247cf7895b92ffd07c05c6a
h3/out/pool120/POOL_CHEMBL4128575_antagonist/seed_42/POOL_CHEMBL4128575_antagonist_seed_42_sample_1_model.cif,173569,0c8cc46501eb753ae3ff96b9ffa8208563f2839188d9b683a9987728b283b5ae
h3/out/pool120/POOL_CHEMBL4128575_antagonist/seed_42/POOL_CHEMBL4128575_antagonist_seed_42_sample_2_model.cif,173250,ff4a06b892d90e929a016084fc6ca316cd937e106fa55a907d4f0469ad908ab1
h3/out/pool120/POOL_CHEMBL4129494_antagonist/seed_42/POOL_CHEMBL4129494_antagonist_seed_42_sample_1_model.cif,173356,d9ec41f3fcf271226117910679c14cb688993e9022bc1de65426f5e98a801967
h3/out/pool120/POOL_CHEMBL4129494_antagonist/seed_42/POOL_CHEMBL4129494_antagonist_seed_42_sample_2_model.cif,172937,9aa67717c1dd4d37c88128595cc5baf19ec30c405f17be807f1e441ead720521
h3/out/pool120/POOL_CHEMBL4434744_agonist/seed_42/POOL_CHEMBL4434744_agonist_seed_42_sample_1_model.cif,173090,35a36097714073ffbc0f61c2f0498a33d561571b798f0987c046f1378aaa63ec
h3/out/pool120/POOL_CHEMBL4434744_agonist/seed_42/POOL_CHEMBL4434744_agonist_seed_42_sample_2_model.cif,172913,b956e3956b876b5d219a0422a2989ea255bd734108de9b220559de2389922a41
h3/out/pool120/POOL_CHEMBL4446140_agonist/seed_42/POOL_CHEMBL4446140_agonist_seed_42_sample_1_model.cif,173673,ebbca11bd0395551a393eb0a6a498c77b7301863b8ca50b4fb34057259124ad3
h3/out/pool120/POOL_CHEMBL4446140_agonist/seed_42/POOL_CHEMBL4446140_agonist_seed_42_sample_2_model.cif,173405,86f3c619a4cec3a84dea04b743979a9252badd2bf118ef2a2a67869c4ec3062a
h3/out/pool120/POOL_CHEMBL4459436_agonist/seed_42/POOL_CHEMBL4459436_agonist_seed_42_sample_1_model.cif,173138,d5f001610ae0623474859818cce8b8ede8282a4309575084cc4ce0a2732bf542
h3/out/pool120/POOL_CHEMBL4459436_agonist/seed_42/POOL_CHEMBL4459436_agonist_seed_42_sample_2_model.cif,172863,9d760319ece80140ce3a507fa7de2080cbd07ac91d7923aabb8acd5b605b5945
h3/out/pool120/POOL_CHEMBL4543504_agonist/seed_42/POOL_CHEMBL4543504_agonist_seed_42_sample_1_model.cif,172953,0da372bdff9b19ef9e94fc0abb8896edd846ff3cfadb1cc847aa32edf513dfe2
h3/out/pool120/POOL_CHEMBL4543504_agonist/seed_42/POOL_CHEMBL4543504_agonist_seed_42_sample_2_model.cif,172687,f8801270caf07a307b5605e820550e7553dfc5bf6a716969f1a2cb98c9e4facb
h3/out/pool120/POOL_CHEMBL4578385_antagonist/seed_42/POOL_CHEMBL4578385_antagonist_seed_42_sample_1_model.cif,172203,5954fb09b61774756e438d6f149cb1860aad4c30abc7f1ac2f0e2c1e2162e339
h3/out/pool120/POOL_CHEMBL4578385_antagonist/seed_42/POOL_CHEMBL4578385_antagonist_seed_42_sample_2_model.cif,172144,e0b71d9d3c791a03bacac5723ebf1e2c47696aef217b92ac8723ef817d139f30
h3/out/pool120/POOL_CHEMBL4634701_agonist/seed_42/POOL_CHEMBL4634701_agonist_seed_42_sample_1_model.cif,174387,2713421574b90a895eddf4fbc9dc4af475d1c9cfa4e4e69830a39c6ac93a20db
h3/out/pool120/POOL_CHEMBL4634701_agonist/seed_42/POOL_CHEMBL4634701_agonist_seed_42_sample_2_model.cif,174158,7e7213b534d56ba915e31492312fd67d3a824ee3a4f1fae84b4896d57112a5fc
h3/out/pool120/POOL_CHEMBL4642011_agonist/seed_42/POOL_CHEMBL4642011_agonist_seed_42_sample_1_model.cif,174080,e2df61048b561d5b42719228b1d4fc53b7946e60ec4ae81a86f16df33c9d54ca
h3/out/pool120/POOL_CHEMBL4642011_agonist/seed_42/POOL_CHEMBL4642011_agonist_seed_42_sample_2_model.cif,173923,785b592b6419b974f9bbf7b80b76bfa1dacb6735f1ddeaf26f0d92eea40bd80a
h3/out/pool120/POOL_CHEMBL4644213_agonist/seed_42/POOL_CHEMBL4644213_agonist_seed_42_sample_1_model.cif,174350,402d34be8481dda0bb7168a652c67c13b091627935b587493a0fd20fe77cab57
h3/out/pool120/POOL_CHEMBL4644213_agonist/seed_42/POOL_CHEMBL4644213_agonist_seed_42_sample_2_model.cif,173982,848f1ae6974a8cb7c87fb5decabc17063f1f71b7702349ba386c64ec43944a1e
h3/out/pool120/POOL_CHEMBL4645125_agonist/seed_42/POOL_CHEMBL4645125_agonist_seed_42_sample_1_model.cif,174134,b1c7217c94f4b693932909a81fec475f26465e7bdeec1c9d3c71dd3a76eb017d
h3/out/pool120/POOL_CHEMBL4645125_agonist/seed_42/POOL_CHEMBL4645125_agonist_seed_42_sample_2_model.cif,173924,0666e4f4f4dfc6d420a92e16b33839168cec44531599627c7e544419369b616b
h3/out/pool120/POOL_CHEMBL4648410_agonist/seed_42/POOL_CHEMBL4648410_agonist_seed_42_sample_1_model.cif,173997,2d3a72b7a9ef8eefcdd55e0e1a81e6caee67f04065a9ac97d5af50015bfd3888
h3/out/pool120/POOL_CHEMBL4648410_agonist/seed_42/POOL_CHEMBL4648410_agonist_seed_42_sample_2_model.cif,173683,5181189ba1fd5c040cecceec655e663492c8118467e908e4bc85fd59e64664e5
h3/out/pool120/POOL_CHEMBL4777230_agonist/seed_42/POOL_CHEMBL4777230_agonist_seed_42_sample_1_model.cif,172828,bf2fa2662c1cb236e529fc030e0582baa18bc520fac58839f63d7c6622ab2146
h3/out/pool120/POOL_CHEMBL4777230_agonist/seed_42/POOL_CHEMBL4777230_agonist_seed_42_sample_2_model.cif,172703,0b4181202aa0e4a58dade051f47c1f33e1680c5062e6cabca7eb6a1476ef5653
h3/out/pool120/POOL_CHEMBL4777967_agonist/seed_42/POOL_CHEMBL4777967_agonist_seed_42_sample_1_model.cif,172566,10109d932598c3fb9a1624ad2149413e44b2e32f43aee3e37e936faf1a21281b
h3/out/pool120/POOL_CHEMBL4777967_agonist/seed_42/POOL_CHEMBL4777967_agonist_seed_42_sample_2_model.cif,172454,59e182cbc4eadfdb302cc0c17df1d6345e5511664b5bacb7e8a95db81537ffaf
h3/out/pool120/POOL_CHEMBL4783854_agonist/seed_42/POOL_CHEMBL4783854_agonist_seed_42_sample_1_model.cif,172628,421478f7a88dabce054f8d9bcaa23643b956605c94045b7900f56688794a6776
h3/out/pool120/POOL_CHEMBL4783854_agonist/seed_42/POOL_CHEMBL4783854_agonist_seed_42_sample_2_model.cif,172749,32e23ca0fb9d949ee01e7a4b722b4eebbd9550f07e49fa26885a4a9caee07e56
h3/out/pool120/POOL_CHEMBL4848024_antagonist/seed_42/POOL_CHEMBL4848024_antagonist_seed_42_sample_1_model.cif,173623,7a63f212280bd34cf04d6badde344ad2a414dab647c24b0aacd569ee9991a3b9
h3/out/pool120/POOL_CHEMBL4848024_antagonist/seed_42/POOL_CHEMBL4848024_antagonist_seed_42_sample_2_model.cif,173606,085cd1f0372dacc4e8aadb63e6a70990945c46961eb08100a8b7d21d9229b4a1
h3/out/pool120/POOL_CHEMBL4849340_agonist/seed_42/POOL_CHEMBL4849340_agonist_seed_42_sample_1_model.cif,173170,17a3d4355caeef9b47d905463b54eefb533a2e23df4c04fd9b0f7a7653a3a14a
h3/out/pool120/POOL_CHEMBL4849340_agonist/seed_42/POOL_CHEMBL4849340_agonist_seed_42_sample_2_model.cif,172809,8b58acb8a3e5713c417b02f46b426c8a17acd85e32181ba7980a6ff50e4308c5
h3/out/pool120/POOL_CHEMBL4851155_agonist/seed_42/POOL_CHEMBL4851155_agonist_seed_42_sample_1_model.cif,172513,f96ed113832db221d901ab5870d9dc42d2a6ece9faabbace7ac6e67b8403bdcf
h3/out/pool120/POOL_CHEMBL4851155_agonist/seed_42/POOL_CHEMBL4851155_agonist_seed_42_sample_2_model.cif,172645,4bfb2e82eaf8d791b120662c5240a397011d0a53fe6f2d7d5d4d042378211aed
h3/out/pool120/POOL_CHEMBL4851214_agonist/seed_42/POOL_CHEMBL4851214_agonist_seed_42_sample_1_model.cif,172955,68c91b31d83a21529ffd59842293604e13b5ee9e1283f667dcdebcf1f3439420
h3/out/pool120/POOL_CHEMBL4851214_agonist/seed_42/POOL_CHEMBL4851214_agonist_seed_42_sample_2_model.cif,172683,169c50d5b70ef4c1f7993b1b5ec130373b70b0308b75f6cb06be708cc14e4254
h3/out/pool120/POOL_CHEMBL4856642_agonist/seed_42/POOL_CHEMBL4856642_agonist_seed_42_sample_1_model.cif,173716,64889dcc7420012877d8e52cd95394f31afa7eb4d9385a7c9f6d35c0ceb28744
h3/out/pool120/POOL_CHEMBL4856642_agonist/seed_42/POOL_CHEMBL4856642_agonist_seed_42_sample_2_model.cif,173235,89d7131def5309a3f843b20e942c1bc301190aab0a6b4e971a2f6612a4eb9c34
h3/out/pool120/POOL_CHEMBL4863222_agonist/seed_42/POOL_CHEMBL4863222_agonist_seed_42_sample_1_model.cif,173186,529a3bf21312338dad46fec9149e80cb668353a61ff89493592b9992c80ba4de
h3/out/pool120/POOL_CHEMBL4863222_agonist/seed_42/POOL_CHEMBL4863222_agonist_seed_42_sample_2_model.cif,172838,d67bb0b6866b0ce685300389138a60925afd2d0c383482c8ef093b32b535d132
h3/out/pool120/POOL_CHEMBL4863518_agonist/seed_42/POOL_CHEMBL4863518_agonist_seed_42_sample_1_model.cif,173079,4830f7bd6620a6595274e45f9d196c4c8c10770b40fbd891e2b44ac5b99b77e5
h3/out/pool120/POOL_CHEMBL4863518_agonist/seed_42/POOL_CHEMBL4863518_agonist_seed_42_sample_2_model.cif,172889,42d0f2fef32f3d81059cf114a386508de3789f1f8464ae888e07f691838d125d
h3/out/pool120/POOL_CHEMBL4865740_agonist/seed_42/POOL_CHEMBL4865740_agonist_seed_42_sample_1_model.cif,173044,35286e57f562ebdaf3259c8664725b7d9df19bdc8ede52feb1af294fe1c9fdd4
h3/out/pool120/POOL_CHEMBL4865740_agonist/seed_42/POOL_CHEMBL4865740_agonist_seed_42_sample_2_model.cif,172937,654f37c7699d8cbfded1c0d771c81f96108d05fefc16d6c7c27634c95a8293f8
h3/out/pool120/POOL_CHEMBL4868437_agonist/seed_42/POOL_CHEMBL4868437_agonist_seed_42_sample_1_model.cif,173558,7833049f386e94b601bac3ef6fbd2d87cda3cb2f5c715a044a95e0c8a9e52d3e
h3/out/pool120/POOL_CHEMBL4868437_agonist/seed_42/POOL_CHEMBL4868437_agonist_seed_42_sample_2_model.cif,173273,be7b68d09af290997d364ac30024d5a3da804c7219389091e158c7a77a5b302a
h3/out/pool120/POOL_CHEMBL4868594_agonist/seed_42/POOL_CHEMBL4868594_agonist_seed_42_sample_1_model.cif,173144,0603257b73de94a1908e43a11f5d76beefad586cf3dd6203afb549e28ab7da0b
h3/out/pool120/POOL_CHEMBL4868594_agonist/seed_42/POOL_CHEMBL4868594_agonist_seed_42_sample_2_model.cif,172813,9f42b7f94de849ad79c8483947247637594ff0d883e88a75ddba031acd145e0f
h3/out/pool120/POOL_CHEMBL4870621_agonist/seed_42/POOL_CHEMBL4870621_agonist_seed_42_sample_1_model.cif,172955,1421dfdc73b182e3c216684942f6f461e50f0972e3a0a45dd94cee9fd0fd781c
h3/out/pool120/POOL_CHEMBL4870621_agonist/seed_42/POOL_CHEMBL4870621_agonist_seed_42_sample_2_model.cif,172680,f4d93c320338cc73943f740661e9c6735f14f62b538c9b975007c3b8b53f8ea0
h3/out/pool120/POOL_CHEMBL4870796_agonist/seed_42/POOL_CHEMBL4870796_agonist_seed_42_sample_1_model.cif,172993,c89e2be1898f22049fefb0ff63b6e7e2f80f9f8890a764bf1e53584bcd47f34e
h3/out/pool120/POOL_CHEMBL4870796_agonist/seed_42/POOL_CHEMBL4870796_agonist_seed_42_sample_2_model.cif,172780,5a403d8127b4cf9053569a3e95c2589b0c3ada2727f442a8b1eb780d35e6a831
h3/out/pool120/POOL_CHEMBL4871865_agonist/seed_42/POOL_CHEMBL4871865_agonist_seed_42_sample_1_model.cif,173099,af75351cb802d7f7e6d95698195a69ae3664ac8ae1aeac7da10e5ae3b605441e
h3/out/pool120/POOL_CHEMBL4871865_agonist/seed_42/POOL_CHEMBL4871865_agonist_seed_42_sample_2_model.cif,172917,e726015d767d8a73987d14d76294b2b4186da39a8beb837b6d7b6a09c3ea7f2a
h3/out/pool120/POOL_CHEMBL4874284_agonist/seed_42/POOL_CHEMBL4874284_agonist_seed_42_sample_1_model.cif,173071,6bec21b18736e9fc28403e21c578e1d8ff1cd75676a8b8c559adddcf8926ede5
h3/out/pool120/POOL_CHEMBL4874284_agonist/seed_42/POOL_CHEMBL4874284_agonist_seed_42_sample_2_model.cif,172876,766227f2d60d1b319e996401a6a73f1262c1988974a005082955d6cf263d1b11
h3/out/pool120/POOL_CHEMBL4875075_agonist/seed_42/POOL_CHEMBL4875075_agonist_seed_42_sample_1_model.cif,173128,88c6723f0dc6857325fe629f648b23a712f748bc6c444dac8d85b33c2988f16f
h3/out/pool120/POOL_CHEMBL4875075_agonist/seed_42/POOL_CHEMBL4875075_agonist_seed_42_sample_2_model.cif,172808,185cbd4af9216bcf3776a5356e1140c2b31dbe5bad01356eb694133154297584
h3/out/pool120/POOL_CHEMBL4875850_agonist/seed_42/POOL_CHEMBL4875850_agonist_seed_42_sample_1_model.cif,173088,e1cba85f611d003e71926f3da70eed53cd368db17d9448d7aa51c76be42aa07e
h3/out/pool120/POOL_CHEMBL4875850_agonist/seed_42/POOL_CHEMBL4875850_agonist_seed_42_sample_2_model.cif,172944,95050a750aeeea8d10341cfc82fe518d4b378a45b794316719cca54c9120b9df
h3/out/pool120/POOL_CHEMBL4879322_agonist/seed_42/POOL_CHEMBL4879322_agonist_seed_42_sample_1_model.cif,173074,c8cc8b970f1780d4abdb9456e2b3a31735174b1f928d852d115b9fec201398ff
h3/out/pool120/POOL_CHEMBL4879322_agonist/seed_42/POOL_CHEMBL4879322_agonist_seed_42_sample_2_model.cif,172910,fafb4f42f4cf85a67e5b383d63bfd451803f84556d73ad9cb1cccccaeeede43e
h3/out/pool120/POOL_CHEMBL5075133_agonist/seed_42/POOL_CHEMBL5075133_agonist_seed_42_sample_1_model.cif,172837,c9f9806895f86e3766fe2ec7b2acdcf997f077f22d2d872269192678ce03b746
h3/out/pool120/POOL_CHEMBL5075133_agonist/seed_42/POOL_CHEMBL5075133_agonist_seed_42_sample_2_model.cif,172713,5628dbca1e9423843f0d4302c78eea264d7c16fb81ec048e5eefd10cde61328d
h3/out/pool120/POOL_CHEMBL5083229_agonist/seed_42/POOL_CHEMBL5083229_agonist_seed_42_sample_1_model.cif,172752,2bb70961f89e6a20552b6714419147e14e73a97854f092de9d0dc8a7fb47b538
h3/out/pool120/POOL_CHEMBL5083229_agonist/seed_42/POOL_CHEMBL5083229_agonist_seed_42_sample_2_model.cif,172714,5bfa284b72d8aec84161af8ab31ac8e7204dff80bf839b3001078971f67a8cf1
h3/out/pool120/POOL_CHEMBL5083464_agonist/seed_42/POOL_CHEMBL5083464_agonist_seed_42_sample_1_model.cif,173311,a92a5272b2159e661303bbb1f328dc51361e9eeb600c0e4c21826c39af70172d
h3/out/pool120/POOL_CHEMBL5083464_agonist/seed_42/POOL_CHEMBL5083464_agonist_seed_42_sample_2_model.cif,172915,a11e99361f29909cb5ba4b63a3c10198015193183a2f73a0db8c30af7e006630
h3/out/pool120/POOL_CHEMBL5083860_agonist/seed_42/POOL_CHEMBL5083860_agonist_seed_42_sample_1_model.cif,172799,5a0fa3615db4b0614e4c9462ea80457b19ec36f7352ba4c9d912e952e2d80fa3
h3/out/pool120/POOL_CHEMBL5083860_agonist/seed_42/POOL_CHEMBL5083860_agonist_seed_42_sample_2_model.cif,172686,09ff68ae31f7a5aeccea7e5cde986d14f0643f341ec57538086520c0a252dc49
h3/out/pool120/POOL_CHEMBL5087837_agonist/seed_42/POOL_CHEMBL5087837_agonist_seed_42_sample_1_model.cif,173306,6f84b5df90e96bebeeaaab9648e9585e1a28311883793ec05319b7cfad0826b6
h3/out/pool120/POOL_CHEMBL5087837_agonist/seed_42/POOL_CHEMBL5087837_agonist_seed_42_sample_2_model.cif,172969,4ee5e76866ce15733909cb4df6c7f83194d5059528d9aef9c18661014ad384e4
h3/out/pool120/POOL_CHEMBL5090127_agonist/seed_42/POOL_CHEMBL5090127_agonist_seed_42_sample_1_model.cif,172619,a0b7ef0d2a7aa71abe8097b9cbc33d1bea5f3ecf7e848a6af48868bc3cc60ab2
h3/out/pool120/POOL_CHEMBL5090127_agonist/seed_42/POOL_CHEMBL5090127_agonist_seed_42_sample_2_model.cif,172638,663cf5635a585e6dfab31b50ea8b70e6af8a533b4ed323c92e897c9a56086cdb
h3/out/pool120/POOL_CHEMBL5091222_agonist/seed_42/POOL_CHEMBL5091222_agonist_seed_42_sample_1_model.cif,172792,57b468e6b85fc68510e7977444c64d0fcb51899ede45e73c35f85ec18da88e35
h3/out/pool120/POOL_CHEMBL5091222_agonist/seed_42/POOL_CHEMBL5091222_agonist_seed_42_sample_2_model.cif,172682,44afc10d07cfd56f750690c35b9b6b1a1cc5f8c7d2f696772dea131c62e220b4
h3/out/pool120/POOL_CHEMBL5092600_agonist/seed_42/POOL_CHEMBL5092600_agonist_seed_42_sample_1_model.cif,172760,6bf61bd0a470135ed43714b45cb460f7ebab52a2f2a81c27097c989c019f5d9a
h3/out/pool120/POOL_CHEMBL5092600_agonist/seed_42/POOL_CHEMBL5092600_agonist_seed_42_sample_2_model.cif,172668,68c777724628661133a0b7dd880334d1178bbdf94193cb924d3bf35eb6331e87
h3/out/pool120/POOL_CHEMBL5092956_agonist/seed_42/POOL_CHEMBL5092956_agonist_seed_42_sample_1_model.cif,172679,f74c8fd3b7fc5b542f319a9a58650da17c1203c99f1e57f925a84d35b18780ae
h3/out/pool120/POOL_CHEMBL5092956_agonist/seed_42/POOL_CHEMBL5092956_agonist_seed_42_sample_2_model.cif,172584,f85f53344e49699ef29f9483093e2725cb02af0fae98c84ec309b6ae00ebc2bb
h3/out/pool120/POOL_CHEMBL5401254_agonist/seed_42/POOL_CHEMBL5401254_agonist_seed_42_sample_1_model.cif,172814,8e98e8ef2c3b7416bf8c0ad53df464e3aa3077dd8c28bf85a1f43f6c119f3547
h3/out/pool120/POOL_CHEMBL5401254_agonist/seed_42/POOL_CHEMBL5401254_agonist_seed_42_sample_2_model.cif,172627,6cbf64d11ddefd5a3048d163a495c8767759c97bca14ded8ebf4af1ec2031854
h3/out/pool120/POOL_CHEMBL5401542_agonist/seed_42/POOL_CHEMBL5401542_agonist_seed_42_sample_1_model.cif,172810,76c49f0c519ee355c9a34663e3ef363b77b41b2caad51920b3a94e841a86094e
h3/out/pool120/POOL_CHEMBL5401542_agonist/seed_42/POOL_CHEMBL5401542_agonist_seed_42_sample_2_model.cif,172810,dc657fd60de56f564a69789fb4520772fd43b0787ff505c85626cbe2456d8d30
h3/out/pool120/POOL_CHEMBL5408607_agonist/seed_42/POOL_CHEMBL5408607_agonist_seed_42_sample_1_model.cif,173041,35a365a723590299dc628dd753a159c8d59225496450bbef7a5eac4e3a7d58ba
h3/out/pool120/POOL_CHEMBL5408607_agonist/seed_42/POOL_CHEMBL5408607_agonist_seed_42_sample_2_model.cif,172872,449930767fc2a6eeee9fd325079f5ce9becbf4b1d7b732587a3e38f2f1558653
h3/out/pool120/POOL_CHEMBL5409745_antagonist/seed_42/POOL_CHEMBL5409745_antagonist_seed_42_sample_1_model.cif,172304,b08b2b3e63996178b49476a633c7330c864dd5aea5ac73de7e4b86a907e072a7
h3/out/pool120/POOL_CHEMBL5409745_antagonist/seed_42/POOL_CHEMBL5409745_antagonist_seed_42_sample_2_model.cif,172391,d7b0eb4e00669bf8d09bf19d0022d3c7a33f5cbc5a566534122c7bc12b45a06c
h3/out/pool120/POOL_CHEMBL5410038_agonist/seed_42/POOL_CHEMBL5410038_agonist_seed_42_sample_1_model.cif,172855,1284b5a885aa63b8382e224168b49d0ecdb7fe43b10ecaeb7b9f75548523a3e2
h3/out/pool120/POOL_CHEMBL5410038_agonist/seed_42/POOL_CHEMBL5410038_agonist_seed_42_sample_2_model.cif,172691,139d9486fda580e18a4a939cb88e6dbccbf6bdd40855a6d5f43f805e2f0452fe
h3/out/pool120/POOL_CHEMBL5413139_agonist/seed_42/POOL_CHEMBL5413139_agonist_seed_42_sample_1_model.cif,173065,34c91c3469b1b71b84231fe89f03d34fbf1bfb8257ea4bb707ff4a2d6deb7362
h3/out/pool120/POOL_CHEMBL5413139_agonist/seed_42/POOL_CHEMBL5413139_agonist_seed_42_sample_2_model.cif,172869,46221b6f679533ff1a8eb7bea8a430b2a7470b66046f848bad583dc1e546e680
h3/out/pool120/POOL_CHEMBL5418139_antagonist/seed_42/POOL_CHEMBL5418139_antagonist_seed_42_sample_1_model.cif,172453,fe97e2d135ae4a0bfb40304d8e6807cc114c09d0b9e7c39403611768e51fa67e
h3/out/pool120/POOL_CHEMBL5418139_antagonist/seed_42/POOL_CHEMBL5418139_antagonist_seed_42_sample_2_model.cif,172489,f35347fd0c181cf086ab74d68928efddc2eae1645d1d64bb5c31534fff95ced0
h3/out/pool120/POOL_CHEMBL5420330_agonist/seed_42/POOL_CHEMBL5420330_agonist_seed_42_sample_1_model.cif,172768,ef21b268ca792c043b5a482a4848a935ac25d24a13acf480ba638f65108da3b6
h3/out/pool120/POOL_CHEMBL5420330_agonist/seed_42/POOL_CHEMBL5420330_agonist_seed_42_sample_2_model.cif,172815,a8bf0c750df78bd605ed626dacf87bc50439ce4928c5db07a74572188f65325c
h3/out/pool120/POOL_CHEMBL5424936_antagonist/seed_42/POOL_CHEMBL5424936_antagonist_seed_42_sample_1_model.cif,172376,7e3ec6fb7b9d3ebfdc5c9c1082844f17d740e71d90cd5587b02da428f2200f61
h3/out/pool120/POOL_CHEMBL5424936_antagonist/seed_42/POOL_CHEMBL5424936_antagonist_seed_42_sample_2_model.cif,172459,6cbde1349af69cc99c94e671b44194d5c35a7e2a8d41be3902df4ee003f61c43
h3/out/pool120/POOL_CHEMBL5425541_agonist/seed_42/POOL_CHEMBL5425541_agonist_seed_42_sample_1_model.cif,172712,88841fa01151964ca8e160b988e5d442eeafa9ca256c45e87406d9014cd2f963
h3/out/pool120/POOL_CHEMBL5425541_agonist/seed_42/POOL_CHEMBL5425541_agonist_seed_42_sample_2_model.cif,172700,f4e71aecbb59ff85d31aff91d8550d3badf3460a4f193105128e15b82c78d703
h3/out/pool120/POOL_CHEMBL5431510_agonist/seed_42/POOL_CHEMBL5431510_agonist_seed_42_sample_1_model.cif,172924,bd2db25d63f7f3dfd7297eeaf2512acb4cf9ce3f26f233cf1caf2b164c06340c
h3/out/pool120/POOL_CHEMBL5431510_agonist/seed_42/POOL_CHEMBL5431510_agonist_seed_42_sample_2_model.cif,172699,b8d89a7ffb6e8fce19681b98b14547239c8ddee77ef6166b2a7a9b2fa67cd972
h3/out/pool120/POOL_CHEMBL5433435_antagonist/seed_42/POOL_CHEMBL5433435_antagonist_seed_42_sample_1_model.cif,172115,30b26b84ab36be88047469d3e4e15f554614565abe7f90e9dfd2519f7b3fdd03
h3/out/pool120/POOL_CHEMBL5433435_antagonist/seed_42/POOL_CHEMBL5433435_antagonist_seed_42_sample_2_model.cif,171934,2799a427345a40349420cc8141294d467fecad7c2ef45c054052c9bd2997d229
h3/out/pool120/POOL_CHEMBL5434833_agonist/seed_42/POOL_CHEMBL5434833_agonist_seed_42_sample_1_model.cif,172924,35be48ffc3dcd20f219abeb1eedf49aea14a98d0a7e4e2dad9e46f17ec17651d
h3/out/pool120/POOL_CHEMBL5434833_agonist/seed_42/POOL_CHEMBL5434833_agonist_seed_42_sample_2_model.cif,172704,93065bdea8f939dc60dcc297e813d83ea860c3c2463b1451cbc7e69b786dfefd
h3/out/pool120/POOL_CHEMBL5436004_agonist/seed_42/POOL_CHEMBL5436004_agonist_seed_42_sample_1_model.cif,172946,490091570724b6aeb158b79327ee4ebecd6f78e8077f3a58820d6ae77012477b
h3/out/pool120/POOL_CHEMBL5436004_agonist/seed_42/POOL_CHEMBL5436004_agonist_seed_42_sample_2_model.cif,172773,c67e634ec714e07a31881f374d853b3d7510ab461d606fe7d78242cbb36f272d
h3/out/pool120/POOL_CHEMBL5438268_antagonist/seed_42/POOL_CHEMBL5438268_antagonist_seed_42_sample_1_model.cif,172253,e666f8b96648ea578d8bd7f87cca8d8a32866f9bd0b967de23716d91a40e3c42
h3/out/pool120/POOL_CHEMBL5438268_antagonist/seed_42/POOL_CHEMBL5438268_antagonist_seed_42_sample_2_model.cif,172162,e2c611cddcdf3270ae1dc9f5d07bdcf340a95d2ae76aa58d2c9143ec538848b9
h3/out/pool120/POOL_CHEMBL5740366_antagonist/seed_42/POOL_CHEMBL5740366_antagonist_seed_42_sample_1_model.cif,174046,81924654abc8cd4035828758cb0b3cb455ccdaaf0c3e7eca50a1bc65a2564661
h3/out/pool120/POOL_CHEMBL5740366_antagonist/seed_42/POOL_CHEMBL5740366_antagonist_seed_42_sample_2_model.cif,173716,9fb90dcea9fa04bbfe3b1ded5cf9c7b61211a1f6dc6b1cd3018f08460580a305
h3/out/pool120/POOL_CHEMBL5740855_antagonist/seed_42/POOL_CHEMBL5740855_antagonist_seed_42_sample_1_model.cif,173983,16b32b6dc211d77321b24a10bc053e58758a953ecb3f4f874f2c47302a4ceb15
h3/out/pool120/POOL_CHEMBL5740855_antagonist/seed_42/POOL_CHEMBL5740855_antagonist_seed_42_sample_2_model.cif,173696,597cfe2bcca6f70cd36545e4f4b1af016d2fc976da4d8ad387edf86ae48c8bce
h3/out/pool120/POOL_CHEMBL5741244_agonist/seed_42/POOL_CHEMBL5741244_agonist_seed_42_sample_1_model.cif,172300,3f502b10e949b58ad43d584f68c7ab3a9ca56005b9dd37c88326f007e8e48355
h3/out/pool120/POOL_CHEMBL5741244_agonist/seed_42/POOL_CHEMBL5741244_agonist_seed_42_sample_2_model.cif,172405,12f7a172f9e0581c790d66d50e743bcf4b953dd7139225a940196014784c7f1a
h3/out/pool120/POOL_CHEMBL5742173_antagonist/seed_42/POOL_CHEMBL5742173_antagonist_seed_42_sample_1_model.cif,174109,8b2195db61e394b7421999a079e18709e3185068a573e83845180bbc78e3eece
h3/out/pool120/POOL_CHEMBL5742173_antagonist/seed_42/POOL_CHEMBL5742173_antagonist_seed_42_sample_2_model.cif,173833,34210c62056b78b6b07c17a9cf210537301755125eb8b94153b7b6c18cdb8079
h3/out/pool120/POOL_CHEMBL5755790_antagonist/seed_42/POOL_CHEMBL5755790_antagonist_seed_42_sample_1_model.cif,173805,7dce93ec66463f96371e7a96304de1c23c65bdc1de2980f1a200922406968847
h3/out/pool120/POOL_CHEMBL5755790_antagonist/seed_42/POOL_CHEMBL5755790_antagonist_seed_42_sample_2_model.cif,173591,7eb1e25d7ea2ff8270466ceba4ea4c7ea854012cd171eca313d31e40f3f462b7
h3/out/pool120/POOL_CHEMBL5757163_antagonist/seed_42/POOL_CHEMBL5757163_antagonist_seed_42_sample_1_model.cif,174011,f5a0b81e54bd65713596fb78c0dfed92ba951e3313c23fb125a875964266a33c
h3/out/pool120/POOL_CHEMBL5757163_antagonist/seed_42/POOL_CHEMBL5757163_antagonist_seed_42_sample_2_model.cif,173672,a201bb2007aaf5c37f6cc032d5f643cfbbcd064cd69ef712ad86e81f390f4c75
h3/out/pool120/POOL_CHEMBL5786443_antagonist/seed_42/POOL_CHEMBL5786443_antagonist_seed_42_sample_1_model.cif,173921,662eaec9fff07ecadf5ef83070432f93732b40e5bdfe21054f19e163896f685a
h3/out/pool120/POOL_CHEMBL5786443_antagonist/seed_42/POOL_CHEMBL5786443_antagonist_seed_42_sample_2_model.cif,173707,b67020d2b791d40ba19c8e7826847c93b639000b79cc162ba2022a04e1004c5a
h3/out/pool120/POOL_CHEMBL5795554_antagonist/seed_42/POOL_CHEMBL5795554_antagonist_seed_42_sample_1_model.cif,174104,d174a7e46241646e62b5aa5398a569b00b666c0b997cced22de437dbe481adc3
h3/out/pool120/POOL_CHEMBL5795554_antagonist/seed_42/POOL_CHEMBL5795554_antagonist_seed_42_sample_2_model.cif,173872,5d0c6e2bd73717a1b2e172729e1a62861168f1be66d736f91da74d6ecdf9011d
h3/out/pool120/POOL_CHEMBL5801363_agonist/seed_42/POOL_CHEMBL5801363_agonist_seed_42_sample_1_model.cif,172739,0d07ad5e6189c2bd95f35fd0bf6f9073678c33eb1843188ad9e851b8d6536f2d
h3/out/pool120/POOL_CHEMBL5801363_agonist/seed_42/POOL_CHEMBL5801363_agonist_seed_42_sample_2_model.cif,172635,79e5450dfa3e70ff82fa4e61adeb9e1f2dcaa6700fe2d9e50056e6f9a274b14c
h3/out/pool120/POOL_CHEMBL5817629_antagonist/seed_42/POOL_CHEMBL5817629_antagonist_seed_42_sample_1_model.cif,174210,43bccf1c55fce2a8460cce902428f1a2d0d21d7b09f461457ac526e887e2a181
h3/out/pool120/POOL_CHEMBL5817629_antagonist/seed_42/POOL_CHEMBL5817629_antagonist_seed_42_sample_2_model.cif,173984,b33688aa7f35cbdc37e5b26b212573d6c7e944e6c0551f45d18fbd4717081f04
h3/out/pool120/POOL_CHEMBL5824934_antagonist/seed_42/POOL_CHEMBL5824934_antagonist_seed_42_sample_1_model.cif,174115,573ea62dd83ed9a8765e0c1e3b2780706dcbe551f1f15b5669dd1d13423deee5
h3/out/pool120/POOL_CHEMBL5824934_antagonist/seed_42/POOL_CHEMBL5824934_antagonist_seed_42_sample_2_model.cif,173764,f73731c70ebe2beb0409b33ff83b4f2c37f188bb8d96f7b22f1f949b1966aea2
h3/out/pool120/POOL_CHEMBL5827660_agonist/seed_42/POOL_CHEMBL5827660_agonist_seed_42_sample_1_model.cif,172348,58468492950ac73fc36bb343a79a22439b2c42021b1692a462c1139f19ae0476
h3/out/pool120/POOL_CHEMBL5827660_agonist/seed_42/POOL_CHEMBL5827660_agonist_seed_42_sample_2_model.cif,172402,0f53e973a171322815ebf1dec89d46bd3df3fbc8eac75df90db05059057a82b6
h3/out/pool120/POOL_CHEMBL5830559_antagonist/seed_42/POOL_CHEMBL5830559_antagonist_seed_42_sample_1_model.cif,173937,fee603ab9a5f3f57ad800817c81803bc83098b1bd37a788f5c35c8e00f4ba22b
h3/out/pool120/POOL_CHEMBL5830559_antagonist/seed_42/POOL_CHEMBL5830559_antagonist_seed_42_sample_2_model.cif,173667,64cfee0989b95f2eb98f866499545151f511aeee7c73924b0cbc76091f1d7468
h3/out/pool120/POOL_CHEMBL5834744_antagonist/seed_42/POOL_CHEMBL5834744_antagonist_seed_42_sample_1_model.cif,174127,dae86d728a0270f78f91fcee3c2776b2fd13c1e1f1690abe0f6f8b1544c1b3eb
h3/out/pool120/POOL_CHEMBL5834744_antagonist/seed_42/POOL_CHEMBL5834744_antagonist_seed_42_sample_2_model.cif,173882,d52d2f6a51f0d4b9851fd376798bec567085631683fcda0b86fc5d6e96d76406
h3/out/pool120/POOL_CHEMBL5847061_antagonist/seed_42/POOL_CHEMBL5847061_antagonist_seed_42_sample_1_model.cif,174074,4a40555bff36ccbfa27ceb9358297c1fa67e7593d8da65175d63505f2a85e163
h3/out/pool120/POOL_CHEMBL5847061_antagonist/seed_42/POOL_CHEMBL5847061_antagonist_seed_42_sample_2_model.cif,173876,631669dccc1362ce4ba5e9254d5bf9a17e1e17a1b36c519749ab00868ee1b0b2
h3/out/pool120/POOL_CHEMBL5852043_antagonist/seed_42/POOL_CHEMBL5852043_antagonist_seed_42_sample_1_model.cif,173784,a71f3060eb2b316968ac9238fadb38d47f6749c623031177e634b6b40c2fd4f4
h3/out/pool120/POOL_CHEMBL5852043_antagonist/seed_42/POOL_CHEMBL5852043_antagonist_seed_42_sample_2_model.cif,173571,00c5f0b2a8d9052598940aec3975727efa810b44b0a947a292b420f5ecaab555
h3/out/pool120/POOL_CHEMBL5859342_antagonist/seed_42/POOL_CHEMBL5859342_antagonist_seed_42_sample_1_model.cif,172814,168988355b812f43d8ab80d373ca13c5c05f38f26fdbd3bec6208692152d16b6
h3/out/pool120/POOL_CHEMBL5859342_antagonist/seed_42/POOL_CHEMBL5859342_antagonist_seed_42_sample_2_model.cif,172827,eb9ff81c185569b0c695a29bc80eb43d37f24571575ff89ab8ebb802860ede30
h3/out/pool120/POOL_CHEMBL5860429_antagonist/seed_42/POOL_CHEMBL5860429_antagonist_seed_42_sample_1_model.cif,173983,ba4d6554a8f4eb914bfa46672abf570f61a4de3565e6c6043e5447651d271611
h3/out/pool120/POOL_CHEMBL5860429_antagonist/seed_42/POOL_CHEMBL5860429_antagonist_seed_42_sample_2_model.cif,173728,65ed7fdba0774084895bd63eb4a848eac3ff5d488de90e03d28ce1ed74efdaee
h3/out/pool120/POOL_CHEMBL5863097_antagonist/seed_42/POOL_CHEMBL5863097_antagonist_seed_42_sample_1_model.cif,173989,6d5227497acccb94d84fe365dcc67327919fbbd4f9e2b7bc3e53619878f8d64f
h3/out/pool120/POOL_CHEMBL5863097_antagonist/seed_42/POOL_CHEMBL5863097_antagonist_seed_42_sample_2_model.cif,173723,6771ea175a926955b4dc10f5c9bc5d2e539168dbadb8d5f70a3202db7271325e
h3/out/pool120/POOL_CHEMBL5864404_agonist/seed_42/POOL_CHEMBL5864404_agonist_seed_42_sample_1_model.cif,172569,2d6e818d1c29ba469ab44eaf5fe1ac547ecdab8807c14d913f85bb6cbac4d69a
h3/out/pool120/POOL_CHEMBL5864404_agonist/seed_42/POOL_CHEMBL5864404_agonist_seed_42_sample_2_model.cif,172652,9e03349625d445371c2b1eb10a1839bce15043ae6f9c3f646feec464072aaab4
h3/out/pool120/POOL_CHEMBL5864984_agonist/seed_42/POOL_CHEMBL5864984_agonist_seed_42_sample_1_model.cif,173032,53e6184ad43bafccc8dc9c29d975e7e221de7485174b44d474d0508fb673b243
h3/out/pool120/POOL_CHEMBL5864984_agonist/seed_42/POOL_CHEMBL5864984_agonist_seed_42_sample_2_model.cif,172862,070d5974a292699872e970ce9321910305c32490852132500d451ea3cd3fafdb
h3/out/pool120/POOL_CHEMBL5867155_agonist/seed_42/POOL_CHEMBL5867155_agonist_seed_42_sample_1_model.cif,172958,9564989157699197a16873222a8a5b8525b609612291deb7c7a2c803c5bbc9e5
h3/out/pool120/POOL_CHEMBL5867155_agonist/seed_42/POOL_CHEMBL5867155_agonist_seed_42_sample_2_model.cif,172868,f3b4bdb520e25549240620ac0b10ec49ffd56e49891c9c854c514bbb844896c8
h3/out/pool120/POOL_CHEMBL5868879_antagonist/seed_42/POOL_CHEMBL5868879_antagonist_seed_42_sample_1_model.cif,174165,f8c34a9890cdcfd36599766e4a01558af44741a9b830992f4cc69bca65298e89
h3/out/pool120/POOL_CHEMBL5868879_antagonist/seed_42/POOL_CHEMBL5868879_antagonist_seed_42_sample_2_model.cif,173788,820841850594b3cfb5e4f9f81f4bb6d50c5852b4fce6fac2885e53d6851d4727
h3/out/pool120/POOL_CHEMBL5880629_antagonist/seed_42/POOL_CHEMBL5880629_antagonist_seed_42_sample_1_model.cif,173496,597bf8075fffa90fc4b07baa068ff0020369cab6c25cc49a7b9007493e01c1e1
h3/out/pool120/POOL_CHEMBL5880629_antagonist/seed_42/POOL_CHEMBL5880629_antagonist_seed_42_sample_2_model.cif,173239,e6de106713396b59059c8e24e533270597c7c5abf6bfbe29cdf487b3020d3025
h3/out/pool120/POOL_CHEMBL5900812_antagonist/seed_42/POOL_CHEMBL5900812_antagonist_seed_42_sample_1_model.cif,174151,d7de6f0844a7d9ff208e8dc5954b1ad8117071456e2d10d433b50e83cf3bd2de
h3/out/pool120/POOL_CHEMBL5900812_antagonist/seed_42/POOL_CHEMBL5900812_antagonist_seed_42_sample_2_model.cif,173815,95e606036525a809d1e2d5d99d72cc5f1249de9fd2a8bda1e784d5bad4e7e9c5
h3/out/pool120/POOL_CHEMBL5908482_antagonist/seed_42/POOL_CHEMBL5908482_antagonist_seed_42_sample_1_model.cif,174087,2d72bd185da6bf1380150180342abe2060a47245aeec921232f7d946aa601de1
h3/out/pool120/POOL_CHEMBL5908482_antagonist/seed_42/POOL_CHEMBL5908482_antagonist_seed_42_sample_2_model.cif,173760,f900b50c28e751fe0a9c22ecd66744ff2ee428204db623657dd3aed626a4321a
h3/out/pool120/POOL_CHEMBL5934872_antagonist/seed_42/POOL_CHEMBL5934872_antagonist_seed_42_sample_1_model.cif,173624,23eeb2e95aae942f88f809ab5aaddddbbb692637cba061cfac5da46137912464
h3/out/pool120/POOL_CHEMBL5934872_antagonist/seed_42/POOL_CHEMBL5934872_antagonist_seed_42_sample_2_model.cif,173319,756f936894de62cf1810738377e9b09d627b5c19847e1b95f2e00574318b31c9
h3/out/pool120/POOL_CHEMBL5937804_antagonist/seed_42/POOL_CHEMBL5937804_antagonist_seed_42_sample_1_model.cif,173795,35161a7e3fcb5de11260fb6fd28bcf6c96aa5657e601ddef1bf989d22eb487c2
h3/out/pool120/POOL_CHEMBL5937804_antagonist/seed_42/POOL_CHEMBL5937804_antagonist_seed_42_sample_2_model.cif,173545,6224700f57d04111d45e1ad4cc42e334eb225945d0634cf7239e45ae0f1bd32b
h3/out/pool120/POOL_CHEMBL5939878_antagonist/seed_42/POOL_CHEMBL5939878_antagonist_seed_42_sample_1_model.cif,174069,6330576d67ae1c2f6c380491a9ce0ed5962bd230c9e34ba98c220c3c8dbb8b29
h3/out/pool120/POOL_CHEMBL5939878_antagonist/seed_42/POOL_CHEMBL5939878_antagonist_seed_42_sample_2_model.cif,173722,073588f0db14d81adccd2875157e596b394bfcc971733fdb598dad577ff99cab
h3/out/pool120/POOL_CHEMBL5943552_antagonist/seed_42/POOL_CHEMBL5943552_antagonist_seed_42_sample_1_model.cif,174164,127d481e1c0cf32d916e43c35b47a56136d186887fa6fff7c63ff5187259889d
h3/out/pool120/POOL_CHEMBL5943552_antagonist/seed_42/POOL_CHEMBL5943552_antagonist_seed_42_sample_2_model.cif,173825,f9dff89519a0f76870ac87b5724fe6ca02dc54b7ceb522b9bfe576f7386c7477
h3/out/pool120/POOL_CHEMBL5949130_antagonist/seed_42/POOL_CHEMBL5949130_antagonist_seed_42_sample_1_model.cif,173349,2510f2aa6f7a9d18c4371a91349838ecbf92265d65d5ce377faa2044021d4285
h3/out/pool120/POOL_CHEMBL5949130_antagonist/seed_42/POOL_CHEMBL5949130_antagonist_seed_42_sample_2_model.cif,173183,c7c8de07622ab2ef052081453bffcb3e580a5d153c0310a3426ed7e5aab61f22
h3/out/pool120/POOL_CHEMBL5964745_antagonist/seed_42/POOL_CHEMBL5964745_antagonist_seed_42_sample_1_model.cif,174037,87f60b3cd24e643b17ae4f70ca0701aa59158d560e6200bb1b5f26bba80e4dd4
h3/out/pool120/POOL_CHEMBL5964745_antagonist/seed_42/POOL_CHEMBL5964745_antagonist_seed_42_sample_2_model.cif,173716,4b6ef2c7ba377a85a7c1cd2999511c9a45943c8edbc7ff34bb5c1b863f0b625b
h3/out/pool120/POOL_CHEMBL5973554_antagonist/seed_42/POOL_CHEMBL5973554_antagonist_seed_42_sample_1_model.cif,173712,bafa43fe89ddb30ec9d2bb768d10b73fde1e03dbe354133a9977565a7073a52e
h3/out/pool120/POOL_CHEMBL5973554_antagonist/seed_42/POOL_CHEMBL5973554_antagonist_seed_42_sample_2_model.cif,173459,1f933c035d0d8a4947b6a36d2c8c40c4cc543ead477020e4bc368a8ab83e754a
h3/out/pool120/POOL_CHEMBL5977227_antagonist/seed_42/POOL_CHEMBL5977227_antagonist_seed_42_sample_1_model.cif,174128,50a67f14b61b79aa2c48bd3d7f37ba2a3f181a5290d4f03651906da47ada53ee
h3/out/pool120/POOL_CHEMBL5977227_antagonist/seed_42/POOL_CHEMBL5977227_antagonist_seed_42_sample_2_model.cif,173843,efd6244c3f607760b6876068e7caeaf72338c75250c3c04ec389df194a771f78
h3/out/pool120/POOL_CHEMBL5978464_antagonist/seed_42/POOL_CHEMBL5978464_antagonist_seed_42_sample_1_model.cif,173754,2eea6a95947825a0817e4da3064b008b8d18232698e2edcf569e7cf31fb123b9
h3/out/pool120/POOL_CHEMBL5978464_antagonist/seed_42/POOL_CHEMBL5978464_antagonist_seed_42_sample_2_model.cif,173654,7d25507be7f740dd873127a775211671f9678c7067f04f2550d44b833d1c3f06
h3/out/pool120/POOL_CHEMBL5984243_antagonist/seed_42/POOL_CHEMBL5984243_antagonist_seed_42_sample_1_model.cif,173951,9c73b489bf6affb21873ae7726bd7028a8e37f87fc6ac828f14fee79a62648c8
h3/out/pool120/POOL_CHEMBL5984243_antagonist/seed_42/POOL_CHEMBL5984243_antagonist_seed_42_sample_2_model.cif,173733,4242f1b75a6b830d4da30ae6f097f7e35378fe635b1d89abb754b8722a8e19e9
h3/out/pool120/POOL_CHEMBL5996220_antagonist/seed_42/POOL_CHEMBL5996220_antagonist_seed_42_sample_1_model.cif,173932,dc7f83897f4da2683bf300f0d395d052638c1f04f3c3d80f2ba1bad615a0157e
h3/out/pool120/POOL_CHEMBL5996220_antagonist/seed_42/POOL_CHEMBL5996220_antagonist_seed_42_sample_2_model.cif,173621,4c7f409e5bca103343d24110a9457f6d802283217c1182d62fee9d62ad2256a4
h3/out/pool120/POOL_CHEMBL5997076_antagonist/seed_42/POOL_CHEMBL5997076_antagonist_seed_42_sample_1_model.cif,172946,dc5e9a0173602e0898aec58b885d7624e9201a1156820918d7508a56a8a0898e
h3/out/pool120/POOL_CHEMBL5997076_antagonist/seed_42/POOL_CHEMBL5997076_antagonist_seed_42_sample_2_model.cif,172731,d58e4f8093a285ee59c07267db47085ba825fdfdb0796c91493d0623987ba6ed
h3/out/pool120/POOL_CHEMBL6004596_antagonist/seed_42/POOL_CHEMBL6004596_antagonist_seed_42_sample_1_model.cif,173375,9a54b75564d28128a8ed4af373cf654ececc8397c1a934c1b878619f6485e46c
h3/out/pool120/POOL_CHEMBL6004596_antagonist/seed_42/POOL_CHEMBL6004596_antagonist_seed_42_sample_2_model.cif,173304,94161edeee6fc4fc0903c6fe3d8ffd09c6442c7ea20a60c6647791af6f503cef
h3/out/pool120/POOL_CHEMBL6021812_antagonist/seed_42/POOL_CHEMBL6021812_antagonist_seed_42_sample_1_model.cif,174033,b3c424b5900d1985eb8bcf3b375351d91a3e171428a621166fc98e212bd2e586
h3/out/pool120/POOL_CHEMBL6021812_antagonist/seed_42/POOL_CHEMBL6021812_antagonist_seed_42_sample_2_model.cif,173760,9331a15e72b375945631fb7ef824d8cb07efa9f0a7a8ef03a500151f608ad0ae
h3/out/pool120/POOL_CHEMBL6032768_antagonist/seed_42/POOL_CHEMBL6032768_antagonist_seed_42_sample_1_model.cif,174172,5761a28b259b2dcba048abd30c4b454834e0a6d0a31ead94799e28653ce9ba56
h3/out/pool120/POOL_CHEMBL6032768_antagonist/seed_42/POOL_CHEMBL6032768_antagonist_seed_42_sample_2_model.cif,174083,3d11ada6bdb3433a8b443c7a64710aff7b5b95151ddf45120d779b34be101f2f
h3/out/pool120/POOL_CHEMBL6034196_antagonist/seed_42/POOL_CHEMBL6034196_antagonist_seed_42_sample_1_model.cif,173897,c4f45dcd6b54675f88402bcb19919e666c21236b1e5a758bd747f3bbd32a0d5e
h3/out/pool120/POOL_CHEMBL6034196_antagonist/seed_42/POOL_CHEMBL6034196_antagonist_seed_42_sample_2_model.cif,173630,1c4e7318d7ae252650d6c1bb98c2bda60a9889007f4f2fc8ea2cdba4d0406a63
h3/out/pool120/POOL_CHEMBL6046710_antagonist/seed_42/POOL_CHEMBL6046710_antagonist_seed_42_sample_1_model.cif,174085,4003faedbf50af310d73915df64277da93dc786af98ee0fd6e8833136c71d7d0
h3/out/pool120/POOL_CHEMBL6046710_antagonist/seed_42/POOL_CHEMBL6046710_antagonist_seed_42_sample_2_model.cif,173775,421627be66daf4f33fc300928de7af8c94425b46dae5bf491626a0ed21fda780
h3/out/pool120/POOL_CHEMBL6057772_antagonist/seed_42/POOL_CHEMBL6057772_antagonist_seed_42_sample_1_model.cif,174038,3ff95d9509d4f542f5cd12d478e5153def482df0fdcd60aa981db576b3aa6986
h3/out/pool120/POOL_CHEMBL6057772_antagonist/seed_42/POOL_CHEMBL6057772_antagonist_seed_42_sample_2_model.cif,173701,6301f165cdc3e41c4eba5f708c90f1edbb242968a4dd03ecb9ff7b84c7ec8f6c
h3/out/pool120/POOL_CHEMBL6062185_antagonist/seed_42/POOL_CHEMBL6062185_antagonist_seed_42_sample_1_model.cif,173963,586a9be82029d9cd3241697135f7a4a4f6ccbc549d6ae3c864642b4cbbf958ce
h3/out/pool120/POOL_CHEMBL6062185_antagonist/seed_42/POOL_CHEMBL6062185_antagonist_seed_42_sample_2_model.cif,173587,0dce1aa2cca3dabf46768530453ae0742bf39800327fc38e002000d892ff8f45
h3/out/pool120/POOL_CHEMBL6065414_antagonist/seed_42/POOL_CHEMBL6065414_antagonist_seed_42_sample_1_model.cif,174075,619b7813f4ef26c7c646682426ec00f1d1a5a869c37bb35f7dcdb85a2aff9488
h3/out/pool120/POOL_CHEMBL6065414_antagonist/seed_42/POOL_CHEMBL6065414_antagonist_seed_42_sample_2_model.cif,173782,59d4769f79ad24970588dc4065e75f182bc8ca7ef774ac1560827f711b05a875
h3/out/rand150/RAND_CHEMBL3218918_agonist/seed_42/RAND_CHEMBL3218918_agonist_seed_42_sample_1_model.cif,171299,2b16c2a8170d4de419d33950d3907d732c99d4f76885688148216305d4b8225f
h3/out/rand150/RAND_CHEMBL3218918_agonist/seed_42/RAND_CHEMBL3218918_agonist_seed_42_sample_2_model.cif,171293,57f9176a28043b03db901523c3832a36521ab32ad6fb78ec9aade92a1e06ba20
h3/out/rand150/RAND_CHEMBL3218918_agonist/seed_42/RAND_CHEMBL3218918_agonist_seed_42_sample_3_model.cif,171379,6cb706ff352d0630a62c7591f0108536451695cfaa6a92e6d3dd2c9055b6451e
h3/out/rand150/RAND_CHEMBL3218918_agonist/seed_42/RAND_CHEMBL3218918_agonist_seed_42_sample_4_model.cif,171363,795d0c9e1dfabc91f01eb8bfef81c11745a390892d6b7935d385f52888d85e70
h3/out/rand150/RAND_CHEMBL3218918_agonist/seed_42/RAND_CHEMBL3218918_agonist_seed_42_sample_5_model.cif,171285,f8609c8f5451557b6a9655892e1c8648a541afd98e1416b0794ae940eee1948c
h3/out/rand150/RAND_CHEMBL3218919_agonist/seed_42/RAND_CHEMBL3218919_agonist_seed_42_sample_1_model.cif,171217,1e7d81329b66a589a2dddd93332b885ef60d820b754a9f8d555ca2c784a06149
h3/out/rand150/RAND_CHEMBL3218919_agonist/seed_42/RAND_CHEMBL3218919_agonist_seed_42_sample_2_model.cif,171085,d6b45c8da82d65d1ce12cb5d37c57217bcfb14042e2d83a30e06800d82f2fe6a
h3/out/rand150/RAND_CHEMBL3218919_agonist/seed_42/RAND_CHEMBL3218919_agonist_seed_42_sample_3_model.cif,171036,418688474aa54068d796503117178c7c1e49b991c596a3bfb45624c851f0db6e
h3/out/rand150/RAND_CHEMBL3218919_agonist/seed_42/RAND_CHEMBL3218919_agonist_seed_42_sample_4_model.cif,171253,932057f08a56e500b0de70eb371afc112b18fddd13fb000250b86797a4b37d79
h3/out/rand150/RAND_CHEMBL3218919_agonist/seed_42/RAND_CHEMBL3218919_agonist_seed_42_sample_5_model.cif,171066,be4f8409615e381af1ebae84abdc210ce6a51e7efedc23362884f9be7be4f88e
h3/out/rand150/RAND_CHEMBL3234252_antagonist/seed_42/RAND_CHEMBL3234252_antagonist_seed_42_sample_1_model.cif,172079,8a68c16b6792814eaff9c1f72c445c0b5ec6d99e37fda0211812b130ff4d2b73
h3/out/rand150/RAND_CHEMBL3234252_antagonist/seed_42/RAND_CHEMBL3234252_antagonist_seed_42_sample_2_model.cif,172032,86d906a63199b93a45aeb7c6c503dee5ebeab7dd8e09046504e157934a08aaa7
h3/out/rand150/RAND_CHEMBL3234252_antagonist/seed_42/RAND_CHEMBL3234252_antagonist_seed_42_sample_3_model.cif,172094,7ed3bd983e3e2cc3965bf98c4d646b7d08548679e66a5bd455060a410457e9b3
h3/out/rand150/RAND_CHEMBL3234252_antagonist/seed_42/RAND_CHEMBL3234252_antagonist_seed_42_sample_4_model.cif,172157,2949c489e48bc3279a8605940ebfe1ecd91554dbaccc117de5fc5e56362b9149
h3/out/rand150/RAND_CHEMBL3234252_antagonist/seed_42/RAND_CHEMBL3234252_antagonist_seed_42_sample_5_model.cif,171957,d648eb7ad792b0795464f8587cc4b94d198fbdf141f10158354288d0efa5edd7
h3/out/rand150/RAND_CHEMBL3313998_agonist/seed_42/RAND_CHEMBL3313998_agonist_seed_42_sample_1_model.cif,173159,6ac1e136dae13659f8055871a1a59fac210ac74bf27d0f938cf2cdf34efe78d1
h3/out/rand150/RAND_CHEMBL3313998_agonist/seed_42/RAND_CHEMBL3313998_agonist_seed_42_sample_2_model.cif,172893,80dca0068384244c85d9ad413f9a8196de86f2ea90cefac4b37f1e38f66916ab
h3/out/rand150/RAND_CHEMBL3313998_agonist/seed_42/RAND_CHEMBL3313998_agonist_seed_42_sample_3_model.cif,172977,c055c9d7c6e7b595f32d5a99a6cce379679eb3b6cfcabefbd0620a5ddc29a632
h3/out/rand150/RAND_CHEMBL3313998_agonist/seed_42/RAND_CHEMBL3313998_agonist_seed_42_sample_4_model.cif,173230,e1426156e5d0e010a4d959f09a1fc98b964143777d681076d233f9847a46d6a0
h3/out/rand150/RAND_CHEMBL3313998_agonist/seed_42/RAND_CHEMBL3313998_agonist_seed_42_sample_5_model.cif,173100,496cdcb8dcd13fa8fe0d59175d850d2a1e081bee7fa25bb6fe996256bf936f22
h3/out/rand150/RAND_CHEMBL3317824_antagonist/seed_42/RAND_CHEMBL3317824_antagonist_seed_42_sample_1_model.cif,172638,07154af37a80617f032e4963b13c06a702cd1d942a502360e3ab00080df3235b
h3/out/rand150/RAND_CHEMBL3317824_antagonist/seed_42/RAND_CHEMBL3317824_antagonist_seed_42_sample_2_model.cif,172621,98291a508f29cdfaa8242a70ae0dec79af5010dfa7e924236bfb190129e137e0
h3/out/rand150/RAND_CHEMBL3317824_antagonist/seed_42/RAND_CHEMBL3317824_antagonist_seed_42_sample_3_model.cif,172543,26e33a6cd5d53e2715fd2053e1b1efa4bcce64a9031ae8cee38c8e653de15ec3
h3/out/rand150/RAND_CHEMBL3317824_antagonist/seed_42/RAND_CHEMBL3317824_antagonist_seed_42_sample_4_model.cif,172718,a32e61173fce016de8147991bfda52a59442e37f5290618566aadd8b814f7a50
h3/out/rand150/RAND_CHEMBL3317824_antagonist/seed_42/RAND_CHEMBL3317824_antagonist_seed_42_sample_5_model.cif,172564,0b53e5fb847bcc74b04ea045b6bc813bcec35be93f242aa11b647445a0893b12
h3/out/rand150/RAND_CHEMBL3317837_antagonist/seed_42/RAND_CHEMBL3317837_antagonist_seed_42_sample_1_model.cif,172394,81df171ccb929b354bbfa6fed946413b0cce4652e132b41ed8cdf58368bad5a5
h3/out/rand150/RAND_CHEMBL3317837_antagonist/seed_42/RAND_CHEMBL3317837_antagonist_seed_42_sample_2_model.cif,172312,fd14488b1728923d3b221dc049ac7c07950736885dec71cfb22aaac2390dee9d
h3/out/rand150/RAND_CHEMBL3317837_antagonist/seed_42/RAND_CHEMBL3317837_antagonist_seed_42_sample_3_model.cif,172331,cd71cd79360ae394ecbb141b3a2e7d952f095c2e80f23e2e5d30525e385f1cd2
h3/out/rand150/RAND_CHEMBL3317837_antagonist/seed_42/RAND_CHEMBL3317837_antagonist_seed_42_sample_4_model.cif,172537,db2860aad2014ace63956459070fd7ad1793e92078c84814c768723186b06269
h3/out/rand150/RAND_CHEMBL3317837_antagonist/seed_42/RAND_CHEMBL3317837_antagonist_seed_42_sample_5_model.cif,172320,016500469d9e915999d4811a2f6278dc99e2d5045c555752d6aaa70bcb36661e
h3/out/rand150/RAND_CHEMBL3361027_antagonist/seed_42/RAND_CHEMBL3361027_antagonist_seed_42_sample_1_model.cif,172504,99f70efb67969c18dde2ff9abf23f8812bca16bcddfed12f6997f3df7b313b26
h3/out/rand150/RAND_CHEMBL3361027_antagonist/seed_42/RAND_CHEMBL3361027_antagonist_seed_42_sample_2_model.cif,172461,f54b9312a2d8a2f7e9ff4d482cdfdb1a4e79e826026dfef5cacbca10b0255f6b
h3/out/rand150/RAND_CHEMBL3361027_antagonist/seed_42/RAND_CHEMBL3361027_antagonist_seed_42_sample_3_model.cif,172297,784ba6d61cfab05db1822a436d2dfb1874afd78666d0d6733c29d00311d0b734
h3/out/rand150/RAND_CHEMBL3361027_antagonist/seed_42/RAND_CHEMBL3361027_antagonist_seed_42_sample_4_model.cif,172611,70cad4bf9ed4c1914a91ba5778e591f0d8ee1212ce92d0a5c2632821704202e4
h3/out/rand150/RAND_CHEMBL3361027_antagonist/seed_42/RAND_CHEMBL3361027_antagonist_seed_42_sample_5_model.cif,172400,bfee1cb299c1203c5484ec525ca9f4ed26bef7b530e826b675bd9280a09b76bc
h3/out/rand150/RAND_CHEMBL3581540_agonist/seed_42/RAND_CHEMBL3581540_agonist_seed_42_sample_1_model.cif,172459,1bd1130a8d412042e17fb12f23c3a0b38daecd6db882934520d38a3829c9f513
h3/out/rand150/RAND_CHEMBL3581540_agonist/seed_42/RAND_CHEMBL3581540_agonist_seed_42_sample_2_model.cif,172511,47baad41d653801e952ca87446d1f84163d755daea612b32aee4959e14cde544
h3/out/rand150/RAND_CHEMBL3581540_agonist/seed_42/RAND_CHEMBL3581540_agonist_seed_42_sample_3_model.cif,172503,887143a2f181c3341cc5d4f29b982f51778e56b75254dad471a4425e3916cf16
h3/out/rand150/RAND_CHEMBL3581540_agonist/seed_42/RAND_CHEMBL3581540_agonist_seed_42_sample_4_model.cif,172750,b2afd5bc254d48b28121a7d23c4863863c1514cce827390589fbb0df268757c5
h3/out/rand150/RAND_CHEMBL3581540_agonist/seed_42/RAND_CHEMBL3581540_agonist_seed_42_sample_5_model.cif,172387,11d6c222dbc14f08a912501da49cc2c0d59cd65726d22a875e920be3710e8133
h3/out/rand150/RAND_CHEMBL3581546_agonist/seed_42/RAND_CHEMBL3581546_agonist_seed_42_sample_1_model.cif,172743,339e4be41315d1e3420c96027f9cddf0263cdcd066b3f329c91a274b5ed5ba3b
h3/out/rand150/RAND_CHEMBL3581546_agonist/seed_42/RAND_CHEMBL3581546_agonist_seed_42_sample_2_model.cif,172654,bf01a39a72d9a6da43f089deb9377963d9bc668cc336add0af3fc546a3ad5535
h3/out/rand150/RAND_CHEMBL3581546_agonist/seed_42/RAND_CHEMBL3581546_agonist_seed_42_sample_3_model.cif,172506,a6d3d2ee432bdae7ea41f36ab81b9866a0db4867b2ba07e2d52386b313d11b34
h3/out/rand150/RAND_CHEMBL3581546_agonist/seed_42/RAND_CHEMBL3581546_agonist_seed_42_sample_4_model.cif,172709,f1ab75ea9c85fe11dd788e1e7571f88ca1d3785153c01dc860a6b6bbbacc02b7
h3/out/rand150/RAND_CHEMBL3581546_agonist/seed_42/RAND_CHEMBL3581546_agonist_seed_42_sample_5_model.cif,172557,e7e9ff7a256c085dec0350603de60f078b7b9bfc25f113ce43644b8fac5c2887
h3/out/rand150/RAND_CHEMBL3596270_antagonist/seed_42/RAND_CHEMBL3596270_antagonist_seed_42_sample_1_model.cif,172607,04be9e777b9e57786f09289eebde24ccbf61271de841fb81d81678e5c262c75a
h3/out/rand150/RAND_CHEMBL3596270_antagonist/seed_42/RAND_CHEMBL3596270_antagonist_seed_42_sample_2_model.cif,172533,dd044bfac1c46819cdfaa381aa16b8a7b3cb92a38c12ddfb1930677d000725fb
h3/out/rand150/RAND_CHEMBL3596270_antagonist/seed_42/RAND_CHEMBL3596270_antagonist_seed_42_sample_3_model.cif,172525,4a19be08369fa51118681615243b9bf4b7c4821fb5caa21df156be5d88d1d7ab
h3/out/rand150/RAND_CHEMBL3596270_antagonist/seed_42/RAND_CHEMBL3596270_antagonist_seed_42_sample_4_model.cif,172613,fd7bdc1451fbc4bf41177005b96e8f0c43c27626c273ca3c8d866c01c5764443
h3/out/rand150/RAND_CHEMBL3596270_antagonist/seed_42/RAND_CHEMBL3596270_antagonist_seed_42_sample_5_model.cif,172409,76edd979d622dfe6ced81243de476708dfec06b8cfae06215d921bb436e1d7d0
h3/out/rand150/RAND_CHEMBL3598076_antagonist/seed_42/RAND_CHEMBL3598076_antagonist_seed_42_sample_1_model.cif,172911,e3bf1303ec5da751a9771460f0fc530cb6829b0fd88b1fe7e95565028b1f55f1
h3/out/rand150/RAND_CHEMBL3598076_antagonist/seed_42/RAND_CHEMBL3598076_antagonist_seed_42_sample_2_model.cif,172841,015b6c3dec4c4420c4317f7f57d85dbbec01dbe0aa3ec737f009ceae3e66cd9c
h3/out/rand150/RAND_CHEMBL3598076_antagonist/seed_42/RAND_CHEMBL3598076_antagonist_seed_42_sample_3_model.cif,172613,ca46ded1891986356a8888fbb916d40c0946dd030574f39e593ced8413adf99a
h3/out/rand150/RAND_CHEMBL3598076_antagonist/seed_42/RAND_CHEMBL3598076_antagonist_seed_42_sample_4_model.cif,173159,d122497cc9a49863ade7c474331722832650ac4657631ef46fdefd9d7e9ad87c
h3/out/rand150/RAND_CHEMBL3598076_antagonist/seed_42/RAND_CHEMBL3598076_antagonist_seed_42_sample_5_model.cif,172867,31a250e00adc026dca4c934fb76f600eaecdfd4dbe2d0bc9ef343e1a9d9ef6d8
h3/out/rand150/RAND_CHEMBL3609385_agonist/seed_42/RAND_CHEMBL3609385_agonist_seed_42_sample_1_model.cif,172078,4b9395a09a5e2ed71719c109798e1787de30b37b2b210afb9cde815ce0c1b3ce
h3/out/rand150/RAND_CHEMBL3609385_agonist/seed_42/RAND_CHEMBL3609385_agonist_seed_42_sample_2_model.cif,171898,6126f57d15672c8fd9d92127026455302d1c8ada1b2e452109a5ee9dd1bbcdbe
h3/out/rand150/RAND_CHEMBL3609385_agonist/seed_42/RAND_CHEMBL3609385_agonist_seed_42_sample_3_model.cif,172131,4c44a6ab54977dcae742b77daeca898a73ccc63bb2f98221bb89a507ee991f6a
h3/out/rand150/RAND_CHEMBL3609385_agonist/seed_42/RAND_CHEMBL3609385_agonist_seed_42_sample_4_model.cif,172094,d8bb1b4ba9387cd8257fed5b3288463cfa19d230a45e40aa30ecc83afa057cea
h3/out/rand150/RAND_CHEMBL3609385_agonist/seed_42/RAND_CHEMBL3609385_agonist_seed_42_sample_5_model.cif,171918,eaeb8f9a991f1ac6201e7e60e743fa7c9a4261357dadb7516618419ae265102d
h3/out/rand150/RAND_CHEMBL3609388_agonist/seed_42/RAND_CHEMBL3609388_agonist_seed_42_sample_1_model.cif,172168,61fe413bb53d4008faf42f173148ad8c9831cadc4f29e530feb7399a558f3a2d
h3/out/rand150/RAND_CHEMBL3609388_agonist/seed_42/RAND_CHEMBL3609388_agonist_seed_42_sample_2_model.cif,171946,bc60ac66669590b8e2d2a1b1e5325095649e6221fd73905eec31f8aede98668a
h3/out/rand150/RAND_CHEMBL3609388_agonist/seed_42/RAND_CHEMBL3609388_agonist_seed_42_sample_3_model.cif,172062,a41be4ba84948eee365f41cd8f726329c8b0df5399e3248cc699f9238f074048
h3/out/rand150/RAND_CHEMBL3609388_agonist/seed_42/RAND_CHEMBL3609388_agonist_seed_42_sample_4_model.cif,172398,eab1325b9b0880ecbc3c8315cc402c01f5da396ac895ef5c7eb88e8ebb8698b2
h3/out/rand150/RAND_CHEMBL3609388_agonist/seed_42/RAND_CHEMBL3609388_agonist_seed_42_sample_5_model.cif,172138,e2a1e22c7cbc36e1c7dfb91793184162b1592a2ea7e24d11ea1e43509fb6598c
h3/out/rand150/RAND_CHEMBL3609400_agonist/seed_42/RAND_CHEMBL3609400_agonist_seed_42_sample_1_model.cif,172847,f9669c372b1e7b15ff2452bbf44b7cf069348bec66a247ad6c1eb41d25f78f3a
h3/out/rand150/RAND_CHEMBL3609400_agonist/seed_42/RAND_CHEMBL3609400_agonist_seed_42_sample_2_model.cif,172535,76a87235a841c130a2301b5c0da9959c3f05282475c9d6c6d6c0bdd389b84ece
h3/out/rand150/RAND_CHEMBL3609400_agonist/seed_42/RAND_CHEMBL3609400_agonist_seed_42_sample_3_model.cif,172530,8f4310215306b9cf4afe01843935ac06adb26b86fd66fe6269dce11ddd0e8708
h3/out/rand150/RAND_CHEMBL3609400_agonist/seed_42/RAND_CHEMBL3609400_agonist_seed_42_sample_4_model.cif,172994,972f9ad1200e59f3b769591f317f00b9abbb7e31c811ea7211918d40dc94c2da
h3/out/rand150/RAND_CHEMBL3609400_agonist/seed_42/RAND_CHEMBL3609400_agonist_seed_42_sample_5_model.cif,172814,c6a84de856163e07c028aeb5ccc1d8c90ba0dd10c55307ffe19253e0f9a1ec5a
h3/out/rand150/RAND_CHEMBL3609412_agonist/seed_42/RAND_CHEMBL3609412_agonist_seed_42_sample_1_model.cif,172556,bdeb177b4dc8e3974e34efda653941c9f344e6ca2b51e0d06fc0d1af4200315f
h3/out/rand150/RAND_CHEMBL3609412_agonist/seed_42/RAND_CHEMBL3609412_agonist_seed_42_sample_2_model.cif,172549,67d37265397434924fa5961b862ddbee0c2bbacc4df48ed364700d002e0b01b0
h3/out/rand150/RAND_CHEMBL3609412_agonist/seed_42/RAND_CHEMBL3609412_agonist_seed_42_sample_3_model.cif,172368,9a28da95aa19e2726cdc17d0612bfff28220f81f8377193bb1fa1dcdd7b186c1
h3/out/rand150/RAND_CHEMBL3609412_agonist/seed_42/RAND_CHEMBL3609412_agonist_seed_42_sample_4_model.cif,172669,86d147cbdc114897913c5e5cd33ad87a762482826d4a55fce32ecbd4f0320c7c
h3/out/rand150/RAND_CHEMBL3609412_agonist/seed_42/RAND_CHEMBL3609412_agonist_seed_42_sample_5_model.cif,172464,907bc66f7e783980631c7b6113fbd28c9d5d21893c7cf564628321b72e2336bf
h3/out/rand150/RAND_CHEMBL3609414_agonist/seed_42/RAND_CHEMBL3609414_agonist_seed_42_sample_1_model.cif,172537,21bce8333e88f063890407259b88d7afd27c205ca1675581b35e024b5b2c008f
h3/out/rand150/RAND_CHEMBL3609414_agonist/seed_42/RAND_CHEMBL3609414_agonist_seed_42_sample_2_model.cif,172616,847fcfb507d3039a98b587c13802f9d7a4eeb635612b31a00ac47969e97ac35c
h3/out/rand150/RAND_CHEMBL3609414_agonist/seed_42/RAND_CHEMBL3609414_agonist_seed_42_sample_3_model.cif,172408,0ab0c93335a4965c3e8a6e14fb400b9f072b71c54103f858f3bfdbcc846351e7
h3/out/rand150/RAND_CHEMBL3609414_agonist/seed_42/RAND_CHEMBL3609414_agonist_seed_42_sample_4_model.cif,172702,1d80d1b445c837999b20c3f8588e3546693d22504beffba3f625c12c78529479
h3/out/rand150/RAND_CHEMBL3609414_agonist/seed_42/RAND_CHEMBL3609414_agonist_seed_42_sample_5_model.cif,172461,bc4e784dcd864d547c97def0ac4a6385b2a5a9bf31a2dd75fab5827d101e270d
h3/out/rand150/RAND_CHEMBL3933290_antagonist/seed_42/RAND_CHEMBL3933290_antagonist_seed_42_sample_1_model.cif,174357,a545c3b7075489099418fe1e4d5554a3921612012dbf91afb53acc34947eb89e
h3/out/rand150/RAND_CHEMBL3933290_antagonist/seed_42/RAND_CHEMBL3933290_antagonist_seed_42_sample_2_model.cif,174224,d6cd61cf41b02894fb1a622d15bbf75d2d12223debaf0fb865f5df20599a0092
h3/out/rand150/RAND_CHEMBL3933290_antagonist/seed_42/RAND_CHEMBL3933290_antagonist_seed_42_sample_3_model.cif,174296,bcb21438aa8c5ec229d75172b5875641632fdb3aeff91987c0d60b40fc5fbfc2
h3/out/rand150/RAND_CHEMBL3933290_antagonist/seed_42/RAND_CHEMBL3933290_antagonist_seed_42_sample_4_model.cif,174389,955791b39583fced2c721403edbb66a99cc1a3ae0d91bf247553101d3c1d0fdf
h3/out/rand150/RAND_CHEMBL3933290_antagonist/seed_42/RAND_CHEMBL3933290_antagonist_seed_42_sample_5_model.cif,174562,95f568aef6f56bc81b1eb2df909f829f2f325be180568b6094564c191a2e5e2d
h3/out/rand150/RAND_CHEMBL3962504_antagonist/seed_42/RAND_CHEMBL3962504_antagonist_seed_42_sample_1_model.cif,174095,6b5d67406be0a43183534524390d49228117a68a2fe481aa38c7834a26fec452
h3/out/rand150/RAND_CHEMBL3962504_antagonist/seed_42/RAND_CHEMBL3962504_antagonist_seed_42_sample_2_model.cif,173971,8ed4df8ac1aec4fc746b8c77640938ee9018c637d29d63d8f47e8d995baaeb25
h3/out/rand150/RAND_CHEMBL3962504_antagonist/seed_42/RAND_CHEMBL3962504_antagonist_seed_42_sample_3_model.cif,174290,926391a98ac633615c337ba3a65ca4db30491099a3c51a590ce18f171c8eaaf7
h3/out/rand150/RAND_CHEMBL3962504_antagonist/seed_42/RAND_CHEMBL3962504_antagonist_seed_42_sample_4_model.cif,174117,65c3500e352de3cd0124f371af4af5a0d60bf3a0d4483ccd8b609cf0c2058b13
h3/out/rand150/RAND_CHEMBL3962504_antagonist/seed_42/RAND_CHEMBL3962504_antagonist_seed_42_sample_5_model.cif,174356,1654fd1787fdff6626e5bd2ac6ec8a26f12bece556082a7f39ddfe8e1390111d
h3/out/rand150/RAND_CHEMBL4126216_antagonist/seed_42/RAND_CHEMBL4126216_antagonist_seed_42_sample_1_model.cif,173496,e29d98ead760d4ebd5acedf02098ed703da49f07b81a2c19a4438819e55f4b33
h3/out/rand150/RAND_CHEMBL4126216_antagonist/seed_42/RAND_CHEMBL4126216_antagonist_seed_42_sample_2_model.cif,173213,76c6c79c4c8778a4a05d6fc610e71fd13f135d9bf3f63a3ea8cc261f10d1db61
h3/out/rand150/RAND_CHEMBL4126216_antagonist/seed_42/RAND_CHEMBL4126216_antagonist_seed_42_sample_3_model.cif,173228,f2c2509989324ad9d2f20dd1f2af97714ab78dbf3287c85bbce6c64cbd52fdbe
h3/out/rand150/RAND_CHEMBL4126216_antagonist/seed_42/RAND_CHEMBL4126216_antagonist_seed_42_sample_4_model.cif,173368,09a6ebd20207a0d1103ee29aea9dabd5724073a564226a091a608f3cf947fcea
h3/out/rand150/RAND_CHEMBL4126216_antagonist/seed_42/RAND_CHEMBL4126216_antagonist_seed_42_sample_5_model.cif,173192,2e413bf8a38468b656cfbe7a8f99e883ba09fe79c43a51a69c49ba577ce232d9
h3/out/rand150/RAND_CHEMBL4205062_antagonist/seed_42/RAND_CHEMBL4205062_antagonist_seed_42_sample_1_model.cif,173186,7cdb6e0f5e90e60ca4fc462c8a8f28d4021aee2c6b6d63791ffdf1c02e43f254
h3/out/rand150/RAND_CHEMBL4205062_antagonist/seed_42/RAND_CHEMBL4205062_antagonist_seed_42_sample_2_model.cif,172757,cfdf616c01422a471662867d9ff1230bd43b8db1df7d3a71e4bf2f85d59fd74a
h3/out/rand150/RAND_CHEMBL4205062_antagonist/seed_42/RAND_CHEMBL4205062_antagonist_seed_42_sample_3_model.cif,173114,afda2b800d67eabe8309a61dbff807216ed4577fddfb7e2303117594aced9179
h3/out/rand150/RAND_CHEMBL4205062_antagonist/seed_42/RAND_CHEMBL4205062_antagonist_seed_42_sample_4_model.cif,173078,be78e0fc751398c4e3bc0ccbd521c67a837c33eb9fe2bbc399e4e8e85e2bb29c
h3/out/rand150/RAND_CHEMBL4205062_antagonist/seed_42/RAND_CHEMBL4205062_antagonist_seed_42_sample_5_model.cif,172909,e7f26559d9e4ebda902a30c36904bf69aaca61840e4c5bf249f39f6b158cae16
h3/out/rand150/RAND_CHEMBL4206368_antagonist/seed_42/RAND_CHEMBL4206368_antagonist_seed_42_sample_1_model.cif,173086,120fa7e45433f83369a8ad42a62ebd1dc34d158f2a5986e9d8d45ec4f2d29385
h3/out/rand150/RAND_CHEMBL4206368_antagonist/seed_42/RAND_CHEMBL4206368_antagonist_seed_42_sample_2_model.cif,173057,64cce453df70a0795a25a61e4b7a3fccb94d9be59f0157d88c5acba972c2a1ff
h3/out/rand150/RAND_CHEMBL4206368_antagonist/seed_42/RAND_CHEMBL4206368_antagonist_seed_42_sample_3_model.cif,173068,b6ba703484709552a164b5998f78d41af392ece03476d8b4e9a72735db2423b1
h3/out/rand150/RAND_CHEMBL4206368_antagonist/seed_42/RAND_CHEMBL4206368_antagonist_seed_42_sample_4_model.cif,173165,bcc19d0d271987d4ad3bc2c1d6a9670d21d4bac558ce73af47abd732605da4fd
h3/out/rand150/RAND_CHEMBL4206368_antagonist/seed_42/RAND_CHEMBL4206368_antagonist_seed_42_sample_5_model.cif,173251,3a94b5d93091f2149ffa88b8dff72991a355376f32e06799bc6c03277f3bcdec
h3/out/rand150/RAND_CHEMBL4209944_antagonist/seed_42/RAND_CHEMBL4209944_antagonist_seed_42_sample_1_model.cif,172692,4332a765adb9f8b179568f70757f7b60e5c2ce67219d824e72f3882f498d751a
h3/out/rand150/RAND_CHEMBL4209944_antagonist/seed_42/RAND_CHEMBL4209944_antagonist_seed_42_sample_2_model.cif,172629,05297e0f9347e0538249a53b198e1d8c20c3abf4039073fc0812be9f54aae50b
h3/out/rand150/RAND_CHEMBL4209944_antagonist/seed_42/RAND_CHEMBL4209944_antagonist_seed_42_sample_3_model.cif,172513,c5f81c2f41367652fca8ea9fc7ce906548539bb9a2ada4b5520713a45588262e
h3/out/rand150/RAND_CHEMBL4209944_antagonist/seed_42/RAND_CHEMBL4209944_antagonist_seed_42_sample_4_model.cif,172759,4d977d6d6129bd0474f299bd6dd028a14e4cf6c9906629300d28277986b89630
h3/out/rand150/RAND_CHEMBL4209944_antagonist/seed_42/RAND_CHEMBL4209944_antagonist_seed_42_sample_5_model.cif,172558,822a2c4e614258f108d05cabba5256c12d1bc7e975cf20e4941f63064f826bc2
h3/out/rand150/RAND_CHEMBL4227729_antagonist/seed_42/RAND_CHEMBL4227729_antagonist_seed_42_sample_1_model.cif,172674,323b3a81d21a808fce75c7d1ba2822870f28bb674d396d68b8cd77aa93c24d53
h3/out/rand150/RAND_CHEMBL4227729_antagonist/seed_42/RAND_CHEMBL4227729_antagonist_seed_42_sample_2_model.cif,172765,d754877dc02149bf6c82f9c885cfeb6d6651cce0e02e2141a1cbf398e0fe9df8
h3/out/rand150/RAND_CHEMBL4227729_antagonist/seed_42/RAND_CHEMBL4227729_antagonist_seed_42_sample_3_model.cif,172846,a540857f0bb10949882b0a80ac1a58d5811cd97db6071672235db8148bf8d92d
h3/out/rand150/RAND_CHEMBL4227729_antagonist/seed_42/RAND_CHEMBL4227729_antagonist_seed_42_sample_4_model.cif,172954,fe8094c13474f12549694f1709db8338c3900d455d1b74b8eba7f5ee92baf987
h3/out/rand150/RAND_CHEMBL4227729_antagonist/seed_42/RAND_CHEMBL4227729_antagonist_seed_42_sample_5_model.cif,172695,c92cc13aa6de7172e10012e00901e4b5c5ed76a9fc300aed717a128819a0c6c8
h3/out/rand150/RAND_CHEMBL4279941_antagonist/seed_42/RAND_CHEMBL4279941_antagonist_seed_42_sample_1_model.cif,172830,b6b6f38d53556d54c51a9f4e67447111e92ba5465841e1460a28ac7d9969c970
h3/out/rand150/RAND_CHEMBL4279941_antagonist/seed_42/RAND_CHEMBL4279941_antagonist_seed_42_sample_2_model.cif,172616,57b71efba68029a130c9aab188aaf64c9a8f5706a0f908bf730ec697100c1bff
h3/out/rand150/RAND_CHEMBL4279941_antagonist/seed_42/RAND_CHEMBL4279941_antagonist_seed_42_sample_3_model.cif,173117,2023f420ec464552798f20829121ee69d786e725372f561552e9c77d3acc599d
h3/out/rand150/RAND_CHEMBL4279941_antagonist/seed_42/RAND_CHEMBL4279941_antagonist_seed_42_sample_4_model.cif,172955,d20f3b7a2c958dbc17d08da04aff3e74f9ddbb0a4e89a10abdb31932774acd20
h3/out/rand150/RAND_CHEMBL4279941_antagonist/seed_42/RAND_CHEMBL4279941_antagonist_seed_42_sample_5_model.cif,172765,d66178fa29f85f535cc74df2660aa3f5a196346ea061e3b97eef76799bb24016
h3/out/rand150/RAND_CHEMBL4283051_antagonist/seed_42/RAND_CHEMBL4283051_antagonist_seed_42_sample_1_model.cif,172713,7ee177ececb955894b2c7764e46a67623574c692568cba0100dcf497ab1a97d8
h3/out/rand150/RAND_CHEMBL4283051_antagonist/seed_42/RAND_CHEMBL4283051_antagonist_seed_42_sample_2_model.cif,172798,b2e97463afa8f6a51e8ea7a69bdd1a47d46eeb918b909a612c548be66676853b
h3/out/rand150/RAND_CHEMBL4283051_antagonist/seed_42/RAND_CHEMBL4283051_antagonist_seed_42_sample_3_model.cif,172571,7b604e89e0315b835b6bbaf05402b511c47c251eeac85d1a57b2a6dd48ee5a54
h3/out/rand150/RAND_CHEMBL4283051_antagonist/seed_42/RAND_CHEMBL4283051_antagonist_seed_42_sample_4_model.cif,172925,7b9ca66679fdf3ec2c7a60fc983f833dce7f58959891b52e3892b04fb2a9e583
h3/out/rand150/RAND_CHEMBL4283051_antagonist/seed_42/RAND_CHEMBL4283051_antagonist_seed_42_sample_5_model.cif,172794,7b0ad3c87d52e309d3774900055b0395d2bdb51a4b863f78ded88fa5d2d344c7
h3/out/rand150/RAND_CHEMBL4287715_antagonist/seed_42/RAND_CHEMBL4287715_antagonist_seed_42_sample_1_model.cif,172714,e0e89b46fcf3153fd1a27180b0564f4f051de1b605c20ee5b232223579b30455
h3/out/rand150/RAND_CHEMBL4287715_antagonist/seed_42/RAND_CHEMBL4287715_antagonist_seed_42_sample_2_model.cif,172703,d250057505e7770a881a911d9fc64b376e3c146bcd95ea0ab0ba58f90946c141
h3/out/rand150/RAND_CHEMBL4287715_antagonist/seed_42/RAND_CHEMBL4287715_antagonist_seed_42_sample_3_model.cif,172712,756613b2589e9614684c2e6b377424eed4346341ca4d73e8ed58bc3ad22a98ae
h3/out/rand150/RAND_CHEMBL4287715_antagonist/seed_42/RAND_CHEMBL4287715_antagonist_seed_42_sample_4_model.cif,172991,1a5a2909251e8597f8877cd424e7594afdb9d1c2b547309c30e9b269ab084b90
h3/out/rand150/RAND_CHEMBL4287715_antagonist/seed_42/RAND_CHEMBL4287715_antagonist_seed_42_sample_5_model.cif,172841,d748feb834d146e7c7cc25cea8b46bac95e327665c28085dfc39e3901b36243a
h3/out/rand150/RAND_CHEMBL4292862_antagonist/seed_42/RAND_CHEMBL4292862_antagonist_seed_42_sample_1_model.cif,172602,fe615a33ef79d5fa89c22fbbf6cf3581a9725b8505210ec0fde7000e0a7792d8
h3/out/rand150/RAND_CHEMBL4292862_antagonist/seed_42/RAND_CHEMBL4292862_antagonist_seed_42_sample_2_model.cif,172659,43b9de582559e1885ba686c898e7ff48f65ebedece5c1550e85b8761d22ec97f
h3/out/rand150/RAND_CHEMBL4292862_antagonist/seed_42/RAND_CHEMBL4292862_antagonist_seed_42_sample_3_model.cif,172410,41597fb1ce854f3c9190363a0d838ad3b6a4035c6a660e5297b19eb62e9e749f
h3/out/rand150/RAND_CHEMBL4292862_antagonist/seed_42/RAND_CHEMBL4292862_antagonist_seed_42_sample_4_model.cif,172530,24d6acceb6b4e19d307822dc89c686855b17e185051d1ff31ec0a236f196c1c7
h3/out/rand150/RAND_CHEMBL4292862_antagonist/seed_42/RAND_CHEMBL4292862_antagonist_seed_42_sample_5_model.cif,172470,e8ae8e7b1f54991aa1baf031043e09a670fedf3ff9ed0512c944899c8e77235c
h3/out/rand150/RAND_CHEMBL4435215_antagonist/seed_42/RAND_CHEMBL4435215_antagonist_seed_42_sample_1_model.cif,173347,fb38f52e1456da5a8a30dbd8ea255e6cdba37da32d218bb526806aa4ae113297
h3/out/rand150/RAND_CHEMBL4435215_antagonist/seed_42/RAND_CHEMBL4435215_antagonist_seed_42_sample_2_model.cif,173347,a7f707ef48e41c5347cd67e8fa8666c653e065dad3473b6a3324db12babf681e
h3/out/rand150/RAND_CHEMBL4435215_antagonist/seed_42/RAND_CHEMBL4435215_antagonist_seed_42_sample_3_model.cif,173282,29e3a1e8e906c2b0aca21233d61d5900f4c8c44bb890fe92e128cbbe6a904c28
h3/out/rand150/RAND_CHEMBL4435215_antagonist/seed_42/RAND_CHEMBL4435215_antagonist_seed_42_sample_4_model.cif,173517,6c3ec0f52fb56fe6d2ca8259126a39c07f382eef07f3213ae7d6a03f4b314ad1
h3/out/rand150/RAND_CHEMBL4435215_antagonist/seed_42/RAND_CHEMBL4435215_antagonist_seed_42_sample_5_model.cif,173270,595d2c459a62a486742326aac8fbe52df31fc2911f5cbd8c4335a813acd3da7e
h3/out/rand150/RAND_CHEMBL4438967_antagonist/seed_42/RAND_CHEMBL4438967_antagonist_seed_42_sample_1_model.cif,173342,0e8e2a210b648b1c1b66e6223055b77d604603445463e9f3c24e3bbb51618372
h3/out/rand150/RAND_CHEMBL4438967_antagonist/seed_42/RAND_CHEMBL4438967_antagonist_seed_42_sample_2_model.cif,172864,b15d24e8f21e7f7321cb6f1d413dc78abd1681d9a2dd9a96b33b28070dc5ce35
h3/out/rand150/RAND_CHEMBL4438967_antagonist/seed_42/RAND_CHEMBL4438967_antagonist_seed_42_sample_3_model.cif,173085,743a9563c2e0863bfea726344ee55dfea67373357244dbd39d55939b35ddeec6
h3/out/rand150/RAND_CHEMBL4438967_antagonist/seed_42/RAND_CHEMBL4438967_antagonist_seed_42_sample_4_model.cif,173090,f49f4fd492801ee2e821d26f5cd26adac019be0befb790df8a9bff25fb90d065
h3/out/rand150/RAND_CHEMBL4438967_antagonist/seed_42/RAND_CHEMBL4438967_antagonist_seed_42_sample_5_model.cif,173010,29b3eb0d69ebc52889199d51b5eb7e258fc6be5320a554c83e36c60ad7ffd890
h3/out/rand150/RAND_CHEMBL4452914_agonist/seed_42/RAND_CHEMBL4452914_agonist_seed_42_sample_1_model.cif,173060,bbf043301eb72294b0e0f064fd980727f971e0638b8f76491f58a6c19472b79c
h3/out/rand150/RAND_CHEMBL4452914_agonist/seed_42/RAND_CHEMBL4452914_agonist_seed_42_sample_2_model.cif,172969,b794fd2baa1123274ca080171fb67fbd58899a9d587e8ab5a77d5e688f7792a2
h3/out/rand150/RAND_CHEMBL4452914_agonist/seed_42/RAND_CHEMBL4452914_agonist_seed_42_sample_3_model.cif,172836,1617d454718a902487146da2a7a254b023c223a3b044f5a20e59369b6f13151e
h3/out/rand150/RAND_CHEMBL4452914_agonist/seed_42/RAND_CHEMBL4452914_agonist_seed_42_sample_4_model.cif,173225,d2124d8ecec7a5361f5fd252cd7f137b8946e9ceaf6c6db7849fdebe2568853a
h3/out/rand150/RAND_CHEMBL4452914_agonist/seed_42/RAND_CHEMBL4452914_agonist_seed_42_sample_5_model.cif,172918,b80efc5f0188238844d48fca46a7c9cd628b75c0911b24045b8adcfaaad994bb
h3/out/rand150/RAND_CHEMBL4457391_antagonist/seed_42/RAND_CHEMBL4457391_antagonist_seed_42_sample_1_model.cif,172805,578ddd78c6ec3ffe5635f38a5ea05c549204660f671bd6e94d3b8d465f6a7f09
h3/out/rand150/RAND_CHEMBL4457391_antagonist/seed_42/RAND_CHEMBL4457391_antagonist_seed_42_sample_2_model.cif,172771,f6def392dc445454a2ce7bfe1d62dce16751663f2081dd94a360e9db000e7caa
h3/out/rand150/RAND_CHEMBL4457391_antagonist/seed_42/RAND_CHEMBL4457391_antagonist_seed_42_sample_3_model.cif,172658,fd11ae613e7fc4325a81408ae5e782eee0a3f9fa86a39b0d87ead6716a0c3cbb
h3/out/rand150/RAND_CHEMBL4457391_antagonist/seed_42/RAND_CHEMBL4457391_antagonist_seed_42_sample_4_model.cif,172959,2bdb21db79ed36795d97d99bd0f26904084a26e127cc7bee74f168895296f2e8
h3/out/rand150/RAND_CHEMBL4457391_antagonist/seed_42/RAND_CHEMBL4457391_antagonist_seed_42_sample_5_model.cif,172807,df2deb323c534528f9d20e7020d4c9ce20c85438045178ecc1bab94a8a20f461
h3/out/rand150/RAND_CHEMBL4470666_antagonist/seed_42/RAND_CHEMBL4470666_antagonist_seed_42_sample_1_model.cif,173353,363e43b73a2ab64ea12e7e7be3eb83ed5e0fa2c287fc5f9a3e4fb1c9c40fabe4
h3/out/rand150/RAND_CHEMBL4470666_antagonist/seed_42/RAND_CHEMBL4470666_antagonist_seed_42_sample_2_model.cif,173360,4831024a13914c2f29f9aeb73d196889166fe6e3071afc77df18097d5270067c
h3/out/rand150/RAND_CHEMBL4470666_antagonist/seed_42/RAND_CHEMBL4470666_antagonist_seed_42_sample_3_model.cif,173295,ee09910566b8d1292aba709c6d54a34835150136c4bbb3f7af4844c637823ebf
h3/out/rand150/RAND_CHEMBL4470666_antagonist/seed_42/RAND_CHEMBL4470666_antagonist_seed_42_sample_4_model.cif,173560,0ad7a863028ba53e6bd77774d692cb3fb60628ee77baf4b832dc443aa2ed20dc
h3/out/rand150/RAND_CHEMBL4470666_antagonist/seed_42/RAND_CHEMBL4470666_antagonist_seed_42_sample_5_model.cif,173256,5130b13b2004dc9776050722366b11d0571fe4e84a0ac49bb15f8b954bbc3ef5
h3/out/rand150/RAND_CHEMBL4547336_agonist/seed_42/RAND_CHEMBL4547336_agonist_seed_42_sample_1_model.cif,172590,2eed88dc6b9884205c73da56c5b16f3bbfc6f4512bc1387235787c764ea9faa2
h3/out/rand150/RAND_CHEMBL4547336_agonist/seed_42/RAND_CHEMBL4547336_agonist_seed_42_sample_2_model.cif,172629,c895f70e2df2414d296520df08a0d1b22a76ece25874b0410f2845e9e9bd51bc
h3/out/rand150/RAND_CHEMBL4547336_agonist/seed_42/RAND_CHEMBL4547336_agonist_seed_42_sample_3_model.cif,172429,dda0f0bc486f2ecbb0dc477e6acd61d96967cc1df38ff87eff53486d14c83700
h3/out/rand150/RAND_CHEMBL4547336_agonist/seed_42/RAND_CHEMBL4547336_agonist_seed_42_sample_4_model.cif,172671,8a4c0d28c971e7134b10e6515882be05c267717f13826d008695737bf3693004
h3/out/rand150/RAND_CHEMBL4547336_agonist/seed_42/RAND_CHEMBL4547336_agonist_seed_42_sample_5_model.cif,172480,81c1f8ff19c79c3bc55818f5221dc3e484471397d7dfd6da2f1aa7b77fbce674
h3/out/rand150/RAND_CHEMBL4552142_antagonist/seed_42/RAND_CHEMBL4552142_antagonist_seed_42_sample_1_model.cif,173566,b7b577253c712e3af54207c4a2f8ae1f99be0fe182f3ebeb6a8a1406879dbc40
h3/out/rand150/RAND_CHEMBL4552142_antagonist/seed_42/RAND_CHEMBL4552142_antagonist_seed_42_sample_2_model.cif,173475,aa3c81e029812bc95055476b08b3ee09e8485d45d7d43efa6966a3e9e297f4d7
h3/out/rand150/RAND_CHEMBL4552142_antagonist/seed_42/RAND_CHEMBL4552142_antagonist_seed_42_sample_3_model.cif,173447,979754dfc147d8d9ac504dcbc5b5c7155f511092b36e31174751d39d5d8b2705
h3/out/rand150/RAND_CHEMBL4552142_antagonist/seed_42/RAND_CHEMBL4552142_antagonist_seed_42_sample_4_model.cif,173700,8b1473551500cb080fce80fd2f14d6cc1f8cadae1740d734de412c4e76d01353
h3/out/rand150/RAND_CHEMBL4552142_antagonist/seed_42/RAND_CHEMBL4552142_antagonist_seed_42_sample_5_model.cif,173542,a9252e8c5ff1aa858acdea98d56b128afbea3065ee13296f2619db46f229d2eb
h3/out/rand150/RAND_CHEMBL4576948_agonist/seed_42/RAND_CHEMBL4576948_agonist_seed_42_sample_1_model.cif,172805,6078c149d70318c004150ad136e83cab9ce1c2055e8041a121f8093e5a9c8edd
h3/out/rand150/RAND_CHEMBL4576948_agonist/seed_42/RAND_CHEMBL4576948_agonist_seed_42_sample_2_model.cif,172725,4a653c1722aed62f0b05d1225a9229dc44e3501ef72c7b3789d23272ed0d1da2
h3/out/rand150/RAND_CHEMBL4576948_agonist/seed_42/RAND_CHEMBL4576948_agonist_seed_42_sample_3_model.cif,172613,a51ef6886e1649b4b5fee5acf9d1af086cee028e3425be82662446be85386571
h3/out/rand150/RAND_CHEMBL4576948_agonist/seed_42/RAND_CHEMBL4576948_agonist_seed_42_sample_4_model.cif,172845,103caf1d566d5ad6ece5f847dec662f4b35861cb76e9bc5ca3eb497205dbeb8b
h3/out/rand150/RAND_CHEMBL4576948_agonist/seed_42/RAND_CHEMBL4576948_agonist_seed_42_sample_5_model.cif,172793,53109bdd21d818df0e604806e33436d78233cbb328f74be1bccfe81481cef494
h3/out/rand150/RAND_CHEMBL4648441_antagonist/seed_42/RAND_CHEMBL4648441_antagonist_seed_42_sample_1_model.cif,173841,aac8ce96ab84745472fa5f65137f9dcca3c770a7b1e78a6cce1943a0abac6b40
h3/out/rand150/RAND_CHEMBL4648441_antagonist/seed_42/RAND_CHEMBL4648441_antagonist_seed_42_sample_2_model.cif,173581,6d5101c1ee64c608cdcbd2f2caeaca8a3896539f4657b7dcd92d913d65f8e9a0
h3/out/rand150/RAND_CHEMBL4648441_antagonist/seed_42/RAND_CHEMBL4648441_antagonist_seed_42_sample_3_model.cif,173720,2afd04575eaa796cd168f3b2f388440de1f09a3c15d36937711abf44571eca65
h3/out/rand150/RAND_CHEMBL4648441_antagonist/seed_42/RAND_CHEMBL4648441_antagonist_seed_42_sample_4_model.cif,173898,decfafd63639466c93de439f7c004d7e826c4c43da862e61dc65c8f3f1536e22
h3/out/rand150/RAND_CHEMBL4648441_antagonist/seed_42/RAND_CHEMBL4648441_antagonist_seed_42_sample_5_model.cif,173663,08559243b90818899ce053aec68c4bfdf000ebf07220635a84bbf33d85ab2215
h3/out/rand150/RAND_CHEMBL4649541_agonist/seed_42/RAND_CHEMBL4649541_agonist_seed_42_sample_1_model.cif,173021,d4724044b78a4e2fd205c0a055d507e4e1060f592cdcf2d95db46ca0c26b5c88
h3/out/rand150/RAND_CHEMBL4649541_agonist/seed_42/RAND_CHEMBL4649541_agonist_seed_42_sample_2_model.cif,172854,6bc79cd1b3f17fe1b8c636bb72cfb64980cdc65111fb62bc0faaf921666d5cc4
h3/out/rand150/RAND_CHEMBL4649541_agonist/seed_42/RAND_CHEMBL4649541_agonist_seed_42_sample_3_model.cif,172909,449f8043148950972d406a3071fdff3934577ff82f78bc4b0943a294588231f5
h3/out/rand150/RAND_CHEMBL4649541_agonist/seed_42/RAND_CHEMBL4649541_agonist_seed_42_sample_4_model.cif,173173,9369190fc42889feb1990e338f7badc9d2886f647784aa391982998c5cc27dc3
h3/out/rand150/RAND_CHEMBL4649541_agonist/seed_42/RAND_CHEMBL4649541_agonist_seed_42_sample_5_model.cif,173047,12a3916d3b085864b5b5c5bfd0238871640b5efd871ac0344687316a769e1ebb
h3/out/rand150/RAND_CHEMBL4745606_agonist/seed_42/RAND_CHEMBL4745606_agonist_seed_42_sample_1_model.cif,172335,9eb8c4cd111ec26c58b62f3e2fd2b6356fadb461c3cc93c6b5989685112032dd
h3/out/rand150/RAND_CHEMBL4745606_agonist/seed_42/RAND_CHEMBL4745606_agonist_seed_42_sample_2_model.cif,172215,494a9f8b9dff64c382585ae19759d448e323e3dd960df60e36584b376b27bb1e
h3/out/rand150/RAND_CHEMBL4745606_agonist/seed_42/RAND_CHEMBL4745606_agonist_seed_42_sample_3_model.cif,172176,e9a2d00d54f23061deaa18232b4b71ae11801759e7c887ec7c3b77cc8398efdf
h3/out/rand150/RAND_CHEMBL4745606_agonist/seed_42/RAND_CHEMBL4745606_agonist_seed_42_sample_4_model.cif,172487,e6b3c9760a1fd116a9118ce15287ad905d001897b7d3108b801fbb0e02657378
h3/out/rand150/RAND_CHEMBL4745606_agonist/seed_42/RAND_CHEMBL4745606_agonist_seed_42_sample_5_model.cif,172304,23b65bee3ef6608630d9339bbc7cbeb9f51813e27ad5c3bf71f8782361aa7153
h3/out/rand150/RAND_CHEMBL4749158_agonist/seed_42/RAND_CHEMBL4749158_agonist_seed_42_sample_1_model.cif,172187,a022d2f29513771c09303267838f01457763486fbeb4d6ec915f425481bfb3aa
h3/out/rand150/RAND_CHEMBL4749158_agonist/seed_42/RAND_CHEMBL4749158_agonist_seed_42_sample_2_model.cif,171869,f9fb88e4b05da1ebb3a9399164bfa2c6e2db0b4ff73351c84c8364356cca5597
h3/out/rand150/RAND_CHEMBL4749158_agonist/seed_42/RAND_CHEMBL4749158_agonist_seed_42_sample_3_model.cif,172161,0b10267e8a9c5d7d3776930aff4a784a6f1b3cb1b11747a77e8ac73ee2f3a2b6
h3/out/rand150/RAND_CHEMBL4749158_agonist/seed_42/RAND_CHEMBL4749158_agonist_seed_42_sample_4_model.cif,172398,984976937c756a15c2706e742f9c3c3f97ff3cdc3625cce588c741fc857e1db7
h3/out/rand150/RAND_CHEMBL4749158_agonist/seed_42/RAND_CHEMBL4749158_agonist_seed_42_sample_5_model.cif,172158,7a95f514c54546b953dadbba900059377528f62eb88b9ad0cbcd3befd6a5f544
h3/out/rand150/RAND_CHEMBL4754713_agonist/seed_42/RAND_CHEMBL4754713_agonist_seed_42_sample_1_model.cif,172612,6af510e78b206928f1a238a226d458fea697c4fb49be6ae312a777b01bb520cd
h3/out/rand150/RAND_CHEMBL4754713_agonist/seed_42/RAND_CHEMBL4754713_agonist_seed_42_sample_2_model.cif,172630,d26a6c12a3bbdbec563ee9f1f3f14376a5a6f4f0871744f845b570cd1b83cc57
h3/out/rand150/RAND_CHEMBL4754713_agonist/seed_42/RAND_CHEMBL4754713_agonist_seed_42_sample_3_model.cif,172524,fc4d36718d1390ae74459da813ee09004f878b4abfa5875338fc7ed3190c102b
h3/out/rand150/RAND_CHEMBL4754713_agonist/seed_42/RAND_CHEMBL4754713_agonist_seed_42_sample_4_model.cif,172690,82c1f3ce99955e9499fd7de137263a077c21aa85c3ee182a9c5b9f8e604e4658
h3/out/rand150/RAND_CHEMBL4754713_agonist/seed_42/RAND_CHEMBL4754713_agonist_seed_42_sample_5_model.cif,172596,c6e4561fd8d18421751b24527417fac2aac4cf030c113f1e4b0fa0fee75d0bd0
h3/out/rand150/RAND_CHEMBL4776548_antagonist/seed_42/RAND_CHEMBL4776548_antagonist_seed_42_sample_1_model.cif,173117,2be42f5ce4f976ffc69bf75a6d880b2faeba55a24ed148dcb2abd9eab460951f
h3/out/rand150/RAND_CHEMBL4776548_antagonist/seed_42/RAND_CHEMBL4776548_antagonist_seed_42_sample_2_model.cif,172823,1d9d805932307423e523c45c6d437449ca1beff27c20677b24a525be3adbee87
h3/out/rand150/RAND_CHEMBL4776548_antagonist/seed_42/RAND_CHEMBL4776548_antagonist_seed_42_sample_3_model.cif,172965,16e273b2a9552963882c6083ce18c56b37fc5bbde64763f793930c706b2979b2
h3/out/rand150/RAND_CHEMBL4776548_antagonist/seed_42/RAND_CHEMBL4776548_antagonist_seed_42_sample_4_model.cif,173240,fe1d97d74d9093bd4f6849ed1fbda445e26542ce2808d52e14d388c7b25045c6
h3/out/rand150/RAND_CHEMBL4776548_antagonist/seed_42/RAND_CHEMBL4776548_antagonist_seed_42_sample_5_model.cif,173136,a8b9aed98230073d58d913153adb6edc9baa016cc23e50b0c91ab55873e1ebab
h3/out/rand150/RAND_CHEMBL4777002_agonist/seed_42/RAND_CHEMBL4777002_agonist_seed_42_sample_1_model.cif,172263,542931541395cc3f4ee607d986d7199bc63e16266ff7659fd126d8e422a5d327
h3/out/rand150/RAND_CHEMBL4777002_agonist/seed_42/RAND_CHEMBL4777002_agonist_seed_42_sample_2_model.cif,172217,12984bacf21bd8271d08ddd0bb47c6183f8e4e340fffd0adf87f80f4bcbc366a
h3/out/rand150/RAND_CHEMBL4777002_agonist/seed_42/RAND_CHEMBL4777002_agonist_seed_42_sample_3_model.cif,172145,ee32e6aa501c0ca655af99f98de70f7fe6c5115ef0bda264ec816c6a46b03dbe
h3/out/rand150/RAND_CHEMBL4777002_agonist/seed_42/RAND_CHEMBL4777002_agonist_seed_42_sample_4_model.cif,172496,f319424845bd5048e0aa2b9c39af83937579bd5d8eb76098b8649de626b73d86
h3/out/rand150/RAND_CHEMBL4777002_agonist/seed_42/RAND_CHEMBL4777002_agonist_seed_42_sample_5_model.cif,172256,8c2bc947e9a34bcba4a2f4beb9a4819daa2de34bb9626354417317c854f27bc6
h3/out/rand150/RAND_CHEMBL4848879_agonist/seed_42/RAND_CHEMBL4848879_agonist_seed_42_sample_1_model.cif,173034,6fd097158e9f091cac299bf73932b63c873a8b949e7a584949e71b3fad69d5cd
h3/out/rand150/RAND_CHEMBL4848879_agonist/seed_42/RAND_CHEMBL4848879_agonist_seed_42_sample_2_model.cif,172936,0abe548008f35c10d90312be4833d859321af3570d2ff7faef7630bfbb263b45
h3/out/rand150/RAND_CHEMBL4848879_agonist/seed_42/RAND_CHEMBL4848879_agonist_seed_42_sample_3_model.cif,172875,94898ed3cdfa57044b5c5e3527283ff688c9e175e09528149b4aeb10ed596ece
h3/out/rand150/RAND_CHEMBL4848879_agonist/seed_42/RAND_CHEMBL4848879_agonist_seed_42_sample_4_model.cif,173150,9847ae44e3e8d76ca98f961ced233ed396f47eeed1a5ccd00aef516a6c35e781
h3/out/rand150/RAND_CHEMBL4848879_agonist/seed_42/RAND_CHEMBL4848879_agonist_seed_42_sample_5_model.cif,172957,cb6a5b379966c7690f057be4ffb4fd5fe4004fdcb5d2b4ed67561956b8db4fb7
h3/out/rand150/RAND_CHEMBL4849995_agonist/seed_42/RAND_CHEMBL4849995_agonist_seed_42_sample_1_model.cif,173575,a61c559a706c5ed8e9f38bb66f2f40e829db1c5f2871ec64798eb490c1954671
h3/out/rand150/RAND_CHEMBL4849995_agonist/seed_42/RAND_CHEMBL4849995_agonist_seed_42_sample_2_model.cif,173228,2937bd22658bba4c9a493335f2e937aac0f60abf3dde8da5d3b4a4c75ae43b2f
h3/out/rand150/RAND_CHEMBL4849995_agonist/seed_42/RAND_CHEMBL4849995_agonist_seed_42_sample_3_model.cif,173506,4f6edc5631203067d40407f17eb79e360c2b2627aca9035949c819b1d526112e
h3/out/rand150/RAND_CHEMBL4849995_agonist/seed_42/RAND_CHEMBL4849995_agonist_seed_42_sample_4_model.cif,173486,4a55b88791119a0c83414e98dbb166bd94b70bfd99dd2b835d3f8c7100f96661
h3/out/rand150/RAND_CHEMBL4849995_agonist/seed_42/RAND_CHEMBL4849995_agonist_seed_42_sample_5_model.cif,173354,6b721b5409211dac4b3c5671986726f16c349f5f6ad285a66fba66766d7fea1a
h3/out/rand150/RAND_CHEMBL4851088_agonist/seed_42/RAND_CHEMBL4851088_agonist_seed_42_sample_1_model.cif,173103,0dd5c06f6060bf92e1f6292dc6e5f565e9135700347e79bd09f460f8615f1ec2
h3/out/rand150/RAND_CHEMBL4851088_agonist/seed_42/RAND_CHEMBL4851088_agonist_seed_42_sample_2_model.cif,172935,45651546865aa386dca2720d0b054ea4d28ae1187a6e6391181a6f722e255224
h3/out/rand150/RAND_CHEMBL4851088_agonist/seed_42/RAND_CHEMBL4851088_agonist_seed_42_sample_3_model.cif,172874,7133d33f8d5158c95fabeff60894e2f305958cd75ffa5abdba5e9e699bc66364
h3/out/rand150/RAND_CHEMBL4851088_agonist/seed_42/RAND_CHEMBL4851088_agonist_seed_42_sample_4_model.cif,173133,852289c744686e225c5231397cd54de57fa85d89a9112025d86d2270988a76a7
h3/out/rand150/RAND_CHEMBL4851088_agonist/seed_42/RAND_CHEMBL4851088_agonist_seed_42_sample_5_model.cif,173019,dc09dbd71136fab6ba463c7b604d9971bd596c9e091a23406f726493c0b06b9c
h3/out/rand150/RAND_CHEMBL4855243_agonist/seed_42/RAND_CHEMBL4855243_agonist_seed_42_sample_1_model.cif,172976,4534a650e0c1f95ec23799f1259e9c8938b88ee0d9208ae7b9f23e7b8b4742ba
h3/out/rand150/RAND_CHEMBL4855243_agonist/seed_42/RAND_CHEMBL4855243_agonist_seed_42_sample_2_model.cif,172782,e800ecb3cf501c1a450c270aadcf69721d71ff7abb403149b8daf1cab17ca66f
h3/out/rand150/RAND_CHEMBL4855243_agonist/seed_42/RAND_CHEMBL4855243_agonist_seed_42_sample_3_model.cif,172751,7394861c9d400d7c0a6e2b0134b0949c1a1bacd631819ea2fa5bbfb1088ae652
h3/out/rand150/RAND_CHEMBL4855243_agonist/seed_42/RAND_CHEMBL4855243_agonist_seed_42_sample_4_model.cif,172990,e5173e38b3f4a6c415f06404ae4c84263a46114e3a9ac47678fdd5693acb8c24
h3/out/rand150/RAND_CHEMBL4855243_agonist/seed_42/RAND_CHEMBL4855243_agonist_seed_42_sample_5_model.cif,172888,3675d3639f5e5a64a03b9085ea28e5722e6941406da58ed51291f92217a6b2f1
h3/out/rand150/RAND_CHEMBL4857191_agonist/seed_42/RAND_CHEMBL4857191_agonist_seed_42_sample_1_model.cif,172716,bf256b91121fc64eae6ba30c0ee52143d380c5809a09c1a2634ab20cbf8754aa
h3/out/rand150/RAND_CHEMBL4857191_agonist/seed_42/RAND_CHEMBL4857191_agonist_seed_42_sample_2_model.cif,172699,33ecf455b006c117e0abecd37bbbf34322649be8c6d046e8fb98de5258aeb24e
h3/out/rand150/RAND_CHEMBL4857191_agonist/seed_42/RAND_CHEMBL4857191_agonist_seed_42_sample_3_model.cif,172520,5ebb0d86c9e0d732abd09d640c464818435120a33b2a9a0d54be4150849bf54c
h3/out/rand150/RAND_CHEMBL4857191_agonist/seed_42/RAND_CHEMBL4857191_agonist_seed_42_sample_4_model.cif,172904,6ef760567406046b0599c05380352ec68b7eb654543f7a45b426f59f8b8f61c5
h3/out/rand150/RAND_CHEMBL4857191_agonist/seed_42/RAND_CHEMBL4857191_agonist_seed_42_sample_5_model.cif,172517,201c01a904e35d661830a71459c1556fe6de507c39eb2393e8de0f8b49f9d3dd
h3/out/rand150/RAND_CHEMBL4857658_agonist/seed_42/RAND_CHEMBL4857658_agonist_seed_42_sample_1_model.cif,172459,dcf12bd7b406e6dc4466ef8c1fb1dfed9c4f8b3d19f078999da95f4878193fc0
h3/out/rand150/RAND_CHEMBL4857658_agonist/seed_42/RAND_CHEMBL4857658_agonist_seed_42_sample_2_model.cif,172519,27a7d3a94023df860ee322473c03c6b7a10f9064cabc74dd57a470277044051b
h3/out/rand150/RAND_CHEMBL4857658_agonist/seed_42/RAND_CHEMBL4857658_agonist_seed_42_sample_3_model.cif,172510,05e2f264193f503902cbb933fa01776193758181f9e8956de1dfa8af49b69ff8
h3/out/rand150/RAND_CHEMBL4857658_agonist/seed_42/RAND_CHEMBL4857658_agonist_seed_42_sample_4_model.cif,172696,102b99e509cc83405b04db3aa21f01a973a0fba209409aa02e219bdfc6b02110
h3/out/rand150/RAND_CHEMBL4857658_agonist/seed_42/RAND_CHEMBL4857658_agonist_seed_42_sample_5_model.cif,172387,3b85a8f18c95e34e00c9b0bac7c682e6815bba8fff519bef1d91603220036991
h3/out/rand150/RAND_CHEMBL4861529_antagonist/seed_42/RAND_CHEMBL4861529_antagonist_seed_42_sample_1_model.cif,174014,7c09698a92e965ae5418afb3c7ec6433fdc1bdddc402727b5f7c7ab9f8f9f193
h3/out/rand150/RAND_CHEMBL4861529_antagonist/seed_42/RAND_CHEMBL4861529_antagonist_seed_42_sample_2_model.cif,173671,6ce9014dff91e8fc1cf1c637ed31d77d33f4163ba86de3eee0f6b4b758a3996d
h3/out/rand150/RAND_CHEMBL4861529_antagonist/seed_42/RAND_CHEMBL4861529_antagonist_seed_42_sample_3_model.cif,173929,8b2346ce0dd1a64376584e96d74d62c3aa94bf3a5f845aa2a95ce81d284257c2
h3/out/rand150/RAND_CHEMBL4861529_antagonist/seed_42/RAND_CHEMBL4861529_antagonist_seed_42_sample_4_model.cif,173942,9ea2606d5baa83d08b5c02a08c9d10298f9f73d51171fecd06733d10a09973d4
h3/out/rand150/RAND_CHEMBL4861529_antagonist/seed_42/RAND_CHEMBL4861529_antagonist_seed_42_sample_5_model.cif,173786,96b5253d41bf757a9e9d6b183b0dbba7a4e8d413f1f5acb952b0040f146b50b6
h3/out/rand150/RAND_CHEMBL4863122_agonist/seed_42/RAND_CHEMBL4863122_agonist_seed_42_sample_1_model.cif,173041,f2cd635d63f24e58d72666a75e99c0b05c12a720393b5553597b1fa780267d47
h3/out/rand150/RAND_CHEMBL4863122_agonist/seed_42/RAND_CHEMBL4863122_agonist_seed_42_sample_2_model.cif,172911,d19d17ea4ff79d77d7c158605a4b43e5d51d97381acd2e64eee3491d9100686f
h3/out/rand150/RAND_CHEMBL4863122_agonist/seed_42/RAND_CHEMBL4863122_agonist_seed_42_sample_3_model.cif,172856,0ea942c9f34822621a1186b61f5c843390721293c8c9df770d14e015af8f405b
h3/out/rand150/RAND_CHEMBL4863122_agonist/seed_42/RAND_CHEMBL4863122_agonist_seed_42_sample_4_model.cif,173114,584ab9b197090a5c8dd3f2796a286d8d66c5003fa537c15462a9812588fb359a
h3/out/rand150/RAND_CHEMBL4863122_agonist/seed_42/RAND_CHEMBL4863122_agonist_seed_42_sample_5_model.cif,173017,cfbb4d80b0f110f3c4bf3c8607d31f133d2d281ba63e25de001949cb4d9ef873
h3/out/rand150/RAND_CHEMBL4866161_agonist/seed_42/RAND_CHEMBL4866161_agonist_seed_42_sample_1_model.cif,173141,7ee8ba0d135c63773dd136249a3679108685786ecb21c134700b72aa86c39d1a
h3/out/rand150/RAND_CHEMBL4866161_agonist/seed_42/RAND_CHEMBL4866161_agonist_seed_42_sample_2_model.cif,172792,046ca03e8a8265008f13392ef507af639bfc854e57e73e82ac2708f6d8f5c96c
h3/out/rand150/RAND_CHEMBL4866161_agonist/seed_42/RAND_CHEMBL4866161_agonist_seed_42_sample_3_model.cif,173006,87fbf757dece18a96371edeef15eb67df7639f43ae3af24edd1638d733128a23
h3/out/rand150/RAND_CHEMBL4866161_agonist/seed_42/RAND_CHEMBL4866161_agonist_seed_42_sample_4_model.cif,173199,144d353f25818b316e46addc97226ec12dca438e80fcb4b0aaa0d21d4e3c0a32
h3/out/rand150/RAND_CHEMBL4866161_agonist/seed_42/RAND_CHEMBL4866161_agonist_seed_42_sample_5_model.cif,173153,789e407fe9a54a0f5e2492cdc7b9b3503a5632392969fc3c11ac7e31d74eb59f
h3/out/rand150/RAND_CHEMBL4868485_agonist/seed_42/RAND_CHEMBL4868485_agonist_seed_42_sample_1_model.cif,173129,c64f1c272a2fdd5dfc1b1d99904c803434d7ad4bb572c3e4f664eea2f36aac69
h3/out/rand150/RAND_CHEMBL4868485_agonist/seed_42/RAND_CHEMBL4868485_agonist_seed_42_sample_2_model.cif,172755,349ffb40223efba386446f18d9fdb8433de83478eaf2cef1731c023e989ad403
h3/out/rand150/RAND_CHEMBL4868485_agonist/seed_42/RAND_CHEMBL4868485_agonist_seed_42_sample_3_model.cif,172984,a3c9ef2550b28556b6603237872da75757f8c584ebc8fe7a21f178183f1ee017
h3/out/rand150/RAND_CHEMBL4868485_agonist/seed_42/RAND_CHEMBL4868485_agonist_seed_42_sample_4_model.cif,173101,50af287df4cd31be06ef2fc8f3b8267049726b3bc68097a2a2fe1193cf564913
h3/out/rand150/RAND_CHEMBL4868485_agonist/seed_42/RAND_CHEMBL4868485_agonist_seed_42_sample_5_model.cif,173081,0975ceb89f1be5dcc2765f7f80871fa9336d9ed18d2c2e7789a3006ae2006b0c
h3/out/rand150/RAND_CHEMBL4869567_agonist/seed_42/RAND_CHEMBL4869567_agonist_seed_42_sample_1_model.cif,173854,f630dd85911f6302bbf0697e8b27dd221b4d574385471e9f53683116619066f6
h3/out/rand150/RAND_CHEMBL4869567_agonist/seed_42/RAND_CHEMBL4869567_agonist_seed_42_sample_2_model.cif,173525,0907753cbe0e93052d94864e8d36583c1d19ef52c37274d95a534aa02dc89cfa
h3/out/rand150/RAND_CHEMBL4869567_agonist/seed_42/RAND_CHEMBL4869567_agonist_seed_42_sample_3_model.cif,173564,f94f03ba82de2912e6fd1f562edaa9517db758738607f712179f136d16c75170
h3/out/rand150/RAND_CHEMBL4869567_agonist/seed_42/RAND_CHEMBL4869567_agonist_seed_42_sample_4_model.cif,173807,d1f8d16100d5b1f290ea01260d9cc653e7b2cc13f547baa4d36e5e2a782d13cf
h3/out/rand150/RAND_CHEMBL4869567_agonist/seed_42/RAND_CHEMBL4869567_agonist_seed_42_sample_5_model.cif,173760,f82a18b1e88700211c89a7aebddd3e72ebf1bf2087562156c6bbea481ed8f487
h3/out/rand150/RAND_CHEMBL4871691_agonist/seed_42/RAND_CHEMBL4871691_agonist_seed_42_sample_1_model.cif,173070,2026ea47df6111cd2ab689282be4155edf3e22cae4b33c516b824e3eee76f7a0
h3/out/rand150/RAND_CHEMBL4871691_agonist/seed_42/RAND_CHEMBL4871691_agonist_seed_42_sample_2_model.cif,172810,307c86cff01ba1677c586952f3666dd48d3ccb0d1757865571542f1e3b500c82
h3/out/rand150/RAND_CHEMBL4871691_agonist/seed_42/RAND_CHEMBL4871691_agonist_seed_42_sample_3_model.cif,172954,25aba0b995d214d1e16cbfd6f16e0d7e0f72e0c07f01d2c5436378c091f6f5ec
h3/out/rand150/RAND_CHEMBL4871691_agonist/seed_42/RAND_CHEMBL4871691_agonist_seed_42_sample_4_model.cif,173122,1fea3fa4314b30f3bb7a130dd26fb6013fdded6f8e4b028e60e99e8c761a0580
h3/out/rand150/RAND_CHEMBL4871691_agonist/seed_42/RAND_CHEMBL4871691_agonist_seed_42_sample_5_model.cif,173074,8e29198c166ed7329a5f55cf535e8d5714da9af7ed3c3b759bb219b74eaea0aa
h3/out/rand150/RAND_CHEMBL4874647_agonist/seed_42/RAND_CHEMBL4874647_agonist_seed_42_sample_1_model.cif,173067,d434b39def3b1c7ae39c9fd5c17634ddd6f56313ad593154f5ea3bc27c4f2ff5
h3/out/rand150/RAND_CHEMBL4874647_agonist/seed_42/RAND_CHEMBL4874647_agonist_seed_42_sample_2_model.cif,172743,8af4368a4e0941ad46db304ff4318fd5a3773919bfa80b8c63694a6ed2ca7079
h3/out/rand150/RAND_CHEMBL4874647_agonist/seed_42/RAND_CHEMBL4874647_agonist_seed_42_sample_3_model.cif,172686,451402c993e450f9130e499b00cb840c3ed351f2ea006d6d78ddb27314e0fc09
h3/out/rand150/RAND_CHEMBL4874647_agonist/seed_42/RAND_CHEMBL4874647_agonist_seed_42_sample_4_model.cif,172979,2ca153ebff37dbff1688ce5069b60d5afa0094614944243c9093bbb1fa9c0019
h3/out/rand150/RAND_CHEMBL4874647_agonist/seed_42/RAND_CHEMBL4874647_agonist_seed_42_sample_5_model.cif,172884,5760b971f43baf8cdeb9c6b6ec80ef8c4bf411b54c0ec2218fa46cb0dad88cf7
h3/out/rand150/RAND_CHEMBL4876485_agonist/seed_42/RAND_CHEMBL4876485_agonist_seed_42_sample_1_model.cif,172440,0caaf60229eb9e2fbcde17a31838dc83ac6e7cc93e01e97080a7db8efdf31963
h3/out/rand150/RAND_CHEMBL4876485_agonist/seed_42/RAND_CHEMBL4876485_agonist_seed_42_sample_2_model.cif,172574,d8cf78408ab0e262a2fc41066996367b44a9609b59892ded0c0a40a528598b16
h3/out/rand150/RAND_CHEMBL4876485_agonist/seed_42/RAND_CHEMBL4876485_agonist_seed_42_sample_3_model.cif,172310,a0f57f47db37b47b42db50bc32425a0d16df221743fea6ee8efb8ac34abbd6a0
h3/out/rand150/RAND_CHEMBL4876485_agonist/seed_42/RAND_CHEMBL4876485_agonist_seed_42_sample_4_model.cif,172726,ee3b0231a65669995e89a169d85651652e85188d51dcdc7cb87bd9f849d880fa
h3/out/rand150/RAND_CHEMBL4876485_agonist/seed_42/RAND_CHEMBL4876485_agonist_seed_42_sample_5_model.cif,172364,668070ba4538544f736de1c64721ecd37709b6ae975b6cd7f05050bc79711500
h3/out/rand150/RAND_CHEMBL4877008_agonist/seed_42/RAND_CHEMBL4877008_agonist_seed_42_sample_1_model.cif,172992,21276cd4b651282f4e66737c74ef0fcdea625fed89f3ff71e957633968b0c532
h3/out/rand150/RAND_CHEMBL4877008_agonist/seed_42/RAND_CHEMBL4877008_agonist_seed_42_sample_2_model.cif,172905,ea4e5bc64f1eba70b21a319ca8cc68c1d09ad5ea662ae8d75097c37df74b23ee
h3/out/rand150/RAND_CHEMBL4877008_agonist/seed_42/RAND_CHEMBL4877008_agonist_seed_42_sample_3_model.cif,172876,0159a059602bd66a460d948db955830a85ad6aa21e9a6d914d19f41b48b1a2ff
h3/out/rand150/RAND_CHEMBL4877008_agonist/seed_42/RAND_CHEMBL4877008_agonist_seed_42_sample_4_model.cif,173146,f2f1e72650f937808e7952e84f7993e1e387055228ba58ecea312bae47a4a637
h3/out/rand150/RAND_CHEMBL4877008_agonist/seed_42/RAND_CHEMBL4877008_agonist_seed_42_sample_5_model.cif,172966,1cb5a3404faeff71c2c23cec8a0a910c7a0311fafcb3414ed7c40eef7de70e9e
h3/out/rand150/RAND_CHEMBL4878238_agonist/seed_42/RAND_CHEMBL4878238_agonist_seed_42_sample_1_model.cif,173003,3b3827a61a3e4fa1ea0ffc6ff951e100200747882db24c971393417ec8d322d2
h3/out/rand150/RAND_CHEMBL4878238_agonist/seed_42/RAND_CHEMBL4878238_agonist_seed_42_sample_2_model.cif,172920,aa4a7be6451656ae723d1529088b71407fc5daa04a3e7fd623938c307503bed4
h3/out/rand150/RAND_CHEMBL4878238_agonist/seed_42/RAND_CHEMBL4878238_agonist_seed_42_sample_3_model.cif,172832,fa503146161f24f4d853e4d9f62361cf8b90b1df568d957663e9c309184327c8
h3/out/rand150/RAND_CHEMBL4878238_agonist/seed_42/RAND_CHEMBL4878238_agonist_seed_42_sample_4_model.cif,173144,9fc3ebd8a03ea0a3545ad43fbc159045d3b51bcbdf77773f0bc4c529304d8dc6
h3/out/rand150/RAND_CHEMBL4878238_agonist/seed_42/RAND_CHEMBL4878238_agonist_seed_42_sample_5_model.cif,172996,eba94bb47b5e78841c7997e73847d3e3efec4c5775371f64c0e9787a41b2b6c0
h3/out/rand150/RAND_CHEMBL4878616_agonist/seed_42/RAND_CHEMBL4878616_agonist_seed_42_sample_1_model.cif,173016,c8c4917bf874baae98c4990dd6fbfb519bbc4378fe6938efefe0db1bbbdc60a9
h3/out/rand150/RAND_CHEMBL4878616_agonist/seed_42/RAND_CHEMBL4878616_agonist_seed_42_sample_2_model.cif,173012,d4557f042e0bea84a6c1bb0353f3b6bf01e90739a2ca2ae96b31b52219a4a1c6
h3/out/rand150/RAND_CHEMBL4878616_agonist/seed_42/RAND_CHEMBL4878616_agonist_seed_42_sample_3_model.cif,172960,41f98c591aa7a6483e339bde8055069488d9ddc8ddca008450259cc7ce78d8d4
h3/out/rand150/RAND_CHEMBL4878616_agonist/seed_42/RAND_CHEMBL4878616_agonist_seed_42_sample_4_model.cif,173135,01aeb4c7274ea9737e81b75f09ee09fb6dbc94bc1bf308b3c86e74ba9dbc48e2
h3/out/rand150/RAND_CHEMBL4878616_agonist/seed_42/RAND_CHEMBL4878616_agonist_seed_42_sample_5_model.cif,172825,925e32dc7fddd1db4c21ae9f6acf89dbaa603bdfe9093f8f7f44aecdcdc6f1fc
h3/out/rand150/RAND_CHEMBL5075147_agonist/seed_42/RAND_CHEMBL5075147_agonist_seed_42_sample_1_model.cif,172639,64a95186d1fd38419ecc68330d3b76876fcc9e2c76a8065f42b65113cdf02691
h3/out/rand150/RAND_CHEMBL5075147_agonist/seed_42/RAND_CHEMBL5075147_agonist_seed_42_sample_2_model.cif,172575,bd9485ff22f09398aad933033633866cb082260de46716f90d63a3e53e2c0db2
h3/out/rand150/RAND_CHEMBL5075147_agonist/seed_42/RAND_CHEMBL5075147_agonist_seed_42_sample_3_model.cif,172338,f2aa15c22ea451b83e345600f360e015f04ac7ab7662b0cd0b7d4692bdf050a6
h3/out/rand150/RAND_CHEMBL5075147_agonist/seed_42/RAND_CHEMBL5075147_agonist_seed_42_sample_4_model.cif,172684,d560b4eaaf837f5ccb6dbc0b85348cd779daf980c95b6e67cd13c53081b6b857
h3/out/rand150/RAND_CHEMBL5075147_agonist/seed_42/RAND_CHEMBL5075147_agonist_seed_42_sample_5_model.cif,172367,2618a7e46769c8673e08af524f1a67811a1bef52b752486a115b0da2ca90f83d
h3/out/rand150/RAND_CHEMBL5082726_agonist/seed_42/RAND_CHEMBL5082726_agonist_seed_42_sample_1_model.cif,173508,b4f00193696d3caba1c4cd233ecbf54145c797d49199bbb87b3b6fa1391bb872
h3/out/rand150/RAND_CHEMBL5082726_agonist/seed_42/RAND_CHEMBL5082726_agonist_seed_42_sample_2_model.cif,173275,06ab1922e80840d133ae22289a0207c409a1effb9b73f6e21f9dcf6c144815cb
h3/out/rand150/RAND_CHEMBL5082726_agonist/seed_42/RAND_CHEMBL5082726_agonist_seed_42_sample_3_model.cif,173262,06d832ca2459acffc8dd406f79a1532205c6cc5a780d8b15889334cfe9cbd041
h3/out/rand150/RAND_CHEMBL5082726_agonist/seed_42/RAND_CHEMBL5082726_agonist_seed_42_sample_4_model.cif,173459,54e6c10eb68450ce7bcf7a318e1a4f96c590e929c70b611a297924ce168a7343
h3/out/rand150/RAND_CHEMBL5082726_agonist/seed_42/RAND_CHEMBL5082726_agonist_seed_42_sample_5_model.cif,173282,62f6edda58ff20e1daed9c6a8bd4c60277a8aaa421b86455641b7aafc796fc4c
h3/out/rand150/RAND_CHEMBL5085004_agonist/seed_42/RAND_CHEMBL5085004_agonist_seed_42_sample_1_model.cif,172687,1ce653e254a28020cb0038d547fca2cd8851d4f90081ee73f0d4e27ebbc89731
h3/out/rand150/RAND_CHEMBL5085004_agonist/seed_42/RAND_CHEMBL5085004_agonist_seed_42_sample_2_model.cif,172782,3884b5d2ca8c6568a60f98e7b16238f5e628df0b0699288d164806310a11fb0b
h3/out/rand150/RAND_CHEMBL5085004_agonist/seed_42/RAND_CHEMBL5085004_agonist_seed_42_sample_3_model.cif,172632,f911d530c914b424bd6c0c2619cb6fb4415630bd46cf1cb111d53099962530d6
h3/out/rand150/RAND_CHEMBL5085004_agonist/seed_42/RAND_CHEMBL5085004_agonist_seed_42_sample_4_model.cif,172940,35740bca9ffe59630d475e7d0740f8c47ab27658ca94bc770cdccc7f615a55ee
h3/out/rand150/RAND_CHEMBL5085004_agonist/seed_42/RAND_CHEMBL5085004_agonist_seed_42_sample_5_model.cif,172493,8175e4b03c286ec5efbaa19bbb50f164faee905fd9feb9bcc1b9a9508389ae8e
h3/out/rand150/RAND_CHEMBL5086937_agonist/seed_42/RAND_CHEMBL5086937_agonist_seed_42_sample_1_model.cif,172285,1f9692e26c0716904bb8f293c21a3a858554dfaaff13a5cab89102a7659f3b08
h3/out/rand150/RAND_CHEMBL5086937_agonist/seed_42/RAND_CHEMBL5086937_agonist_seed_42_sample_2_model.cif,172182,c0c008c1f39a799d3c46cb396fa2f1f80c8b1651f4b4099afc32eeb19c741804
h3/out/rand150/RAND_CHEMBL5086937_agonist/seed_42/RAND_CHEMBL5086937_agonist_seed_42_sample_3_model.cif,172198,437ef238345cf307a95b3a64261d5e13f37ba180b3e7f7b03040191d15117fbd
h3/out/rand150/RAND_CHEMBL5086937_agonist/seed_42/RAND_CHEMBL5086937_agonist_seed_42_sample_4_model.cif,172470,5f9f6da8c43659a2c284e28fe67527adaf2578a5094cab6134bba7936f180dde
h3/out/rand150/RAND_CHEMBL5086937_agonist/seed_42/RAND_CHEMBL5086937_agonist_seed_42_sample_5_model.cif,172213,144e929f1a589c855799613c1af8feb05232df7257c0f2b297d463162100e20b
h3/out/rand150/RAND_CHEMBL5090647_agonist/seed_42/RAND_CHEMBL5090647_agonist_seed_42_sample_1_model.cif,172305,24b0fff35daf149b1b8509b49fc801d88570730ff1860505bb3f043ac3a59e82
h3/out/rand150/RAND_CHEMBL5090647_agonist/seed_42/RAND_CHEMBL5090647_agonist_seed_42_sample_2_model.cif,172203,72f0c085a433451a9a901a3b8b5ab7d016d490da917bda4254628803adf9ab28
h3/out/rand150/RAND_CHEMBL5090647_agonist/seed_42/RAND_CHEMBL5090647_agonist_seed_42_sample_3_model.cif,172181,416f1a8b113fb7e18a5509a00b2c61bb20e7bad3a8de260605d920c1ca55af7e
h3/out/rand150/RAND_CHEMBL5090647_agonist/seed_42/RAND_CHEMBL5090647_agonist_seed_42_sample_4_model.cif,172455,fff66180cd9a44a377a029426374135e13e63119adbcb2bc8322393318d9ebf0
h3/out/rand150/RAND_CHEMBL5090647_agonist/seed_42/RAND_CHEMBL5090647_agonist_seed_42_sample_5_model.cif,172258,e5658f3444bdb9a8034cc4e3078fbfda81555c5f2ddbb9a06049969aaf946978
h3/out/rand150/RAND_CHEMBL5091940_agonist/seed_42/RAND_CHEMBL5091940_agonist_seed_42_sample_1_model.cif,172529,af4533c6700675070d1fe489760157199f7045dfa56733c7eb5b2fcd06ccc908
h3/out/rand150/RAND_CHEMBL5091940_agonist/seed_42/RAND_CHEMBL5091940_agonist_seed_42_sample_2_model.cif,172594,fb1963bf606470922745a6e87848194ff89b656851cc195c8300d042e299f5c5
h3/out/rand150/RAND_CHEMBL5091940_agonist/seed_42/RAND_CHEMBL5091940_agonist_seed_42_sample_3_model.cif,172381,77ebfed87252293e667d2a3526275c69ac83d986462ce2d731c0902259a33bd6
h3/out/rand150/RAND_CHEMBL5091940_agonist/seed_42/RAND_CHEMBL5091940_agonist_seed_42_sample_4_model.cif,172624,17a9c0483060a0e199057ece7755b25b1b212748a2bcedef77fef42332478b73
h3/out/rand150/RAND_CHEMBL5091940_agonist/seed_42/RAND_CHEMBL5091940_agonist_seed_42_sample_5_model.cif,172400,eee8fc64194ee4018b4ed0f7d285a16d42755c201e8ba5f553a95fc80150ce3a
h3/out/rand150/RAND_CHEMBL5177120_antagonist/seed_42/RAND_CHEMBL5177120_antagonist_seed_42_sample_1_model.cif,172543,3656ca883fca507817201320306f302d1f68fbe5c1b5c615010e4d60ac7f0096
h3/out/rand150/RAND_CHEMBL5177120_antagonist/seed_42/RAND_CHEMBL5177120_antagonist_seed_42_sample_2_model.cif,172565,7a7aa7b5c5d2537af788eaae635624ffffb5cc1e9e72514b95f76a98d16b2c8f
h3/out/rand150/RAND_CHEMBL5177120_antagonist/seed_42/RAND_CHEMBL5177120_antagonist_seed_42_sample_3_model.cif,172470,636973f396fbff11989e9dd9a925d2043230f87baabaac07d02cb198e2d2aa5e
h3/out/rand150/RAND_CHEMBL5177120_antagonist/seed_42/RAND_CHEMBL5177120_antagonist_seed_42_sample_4_model.cif,172674,d8ef954cf260dab612f0ab94a91cfcce9de39be79f85be69f8f5bac94a5e42ef
h3/out/rand150/RAND_CHEMBL5177120_antagonist/seed_42/RAND_CHEMBL5177120_antagonist_seed_42_sample_5_model.cif,172400,ac6312cab243e8e414f9440fa2ce03eca44eec89f8a17b62cbdd95d47af11206
h3/out/rand150/RAND_CHEMBL5273235_antagonist/seed_42/RAND_CHEMBL5273235_antagonist_seed_42_sample_1_model.cif,173236,fc84ff9d51b0a503012bcc9abf6960c5022da7703c55b86b4a200ca89ff0271a
h3/out/rand150/RAND_CHEMBL5273235_antagonist/seed_42/RAND_CHEMBL5273235_antagonist_seed_42_sample_2_model.cif,173036,b8bc4366748b00bf3641416965fdf70bde31975b450a67ce7f071177bc9cb5b1
h3/out/rand150/RAND_CHEMBL5273235_antagonist/seed_42/RAND_CHEMBL5273235_antagonist_seed_42_sample_3_model.cif,172996,b39e0bc5abe8e05541861e9828cfd902305d30e7a16e61352ae2c73fced513c7
h3/out/rand150/RAND_CHEMBL5273235_antagonist/seed_42/RAND_CHEMBL5273235_antagonist_seed_42_sample_4_model.cif,173213,9b5b5117cb9a9bad3ca0b15ce99b227c994e83f8af1baf842bb62e519d092886
h3/out/rand150/RAND_CHEMBL5273235_antagonist/seed_42/RAND_CHEMBL5273235_antagonist_seed_42_sample_5_model.cif,173253,a8b62ca40512f6d7902f00e489eaf85cf54794927a753b863ce226b39a2d7dd2
h3/out/rand150/RAND_CHEMBL5289748_antagonist/seed_42/RAND_CHEMBL5289748_antagonist_seed_42_sample_1_model.cif,173348,11a2497ab1232bba6cb24185ee345e4d6d67e332664eb20838114256a7b9912b
h3/out/rand150/RAND_CHEMBL5289748_antagonist/seed_42/RAND_CHEMBL5289748_antagonist_seed_42_sample_2_model.cif,173262,0adcdef1d568c74a9f77109b7facb9cc64e67a22a33de6ef8cd7399f711917e1
h3/out/rand150/RAND_CHEMBL5289748_antagonist/seed_42/RAND_CHEMBL5289748_antagonist_seed_42_sample_3_model.cif,173134,f990d0e445c6a6280e8e88d5bba976577e6593bc75cb9e14222547d28944a59d
h3/out/rand150/RAND_CHEMBL5289748_antagonist/seed_42/RAND_CHEMBL5289748_antagonist_seed_42_sample_4_model.cif,173351,ad8ed7bcec53f6aa5f1638e961234d3fe1eddace7a3642f1cb6069525d230e31
h3/out/rand150/RAND_CHEMBL5289748_antagonist/seed_42/RAND_CHEMBL5289748_antagonist_seed_42_sample_5_model.cif,173164,254e93b9a8030b783a4ec3b40b40eb39728a9cbaca999956555b1329ca01a91c
h3/out/rand150/RAND_CHEMBL5410061_agonist/seed_42/RAND_CHEMBL5410061_agonist_seed_42_sample_1_model.cif,172650,6d71eae46f7db8505607ee7e1cab0944a9408a9e949ab6dba630bf2a291f597b
h3/out/rand150/RAND_CHEMBL5410061_agonist/seed_42/RAND_CHEMBL5410061_agonist_seed_42_sample_2_model.cif,172654,8e1e3d0d92511744e2fd9734cf426a32001cb3fc88c98b09063c08e34ad3e701
h3/out/rand150/RAND_CHEMBL5410061_agonist/seed_42/RAND_CHEMBL5410061_agonist_seed_42_sample_3_model.cif,172798,a4a233e3ce9c3e49346c20cc1fd053626f8865ca6cd5d8aa2aaf986961a44310
h3/out/rand150/RAND_CHEMBL5410061_agonist/seed_42/RAND_CHEMBL5410061_agonist_seed_42_sample_4_model.cif,172879,1000eaf9dc89b6d853e7a9423963565a930ef8c059ba7d3ee12ddda9ba9e9c89
h3/out/rand150/RAND_CHEMBL5410061_agonist/seed_42/RAND_CHEMBL5410061_agonist_seed_42_sample_5_model.cif,172701,bf59f31c26337c82e2b40f9d36473ee3f674054142f03e7e559ba27bf135d43c
h3/out/rand150/RAND_CHEMBL5410860_antagonist/seed_42/RAND_CHEMBL5410860_antagonist_seed_42_sample_1_model.cif,172771,6e8372eeea408c3347f0ccf69cb8c93a214382cc0693723fdd29cda73452d54b
h3/out/rand150/RAND_CHEMBL5410860_antagonist/seed_42/RAND_CHEMBL5410860_antagonist_seed_42_sample_2_model.cif,172693,f81415f004d2871f3b5dfbc4087456b9a6830c8ca0cfb7cee8a712a89657c5cf
h3/out/rand150/RAND_CHEMBL5410860_antagonist/seed_42/RAND_CHEMBL5410860_antagonist_seed_42_sample_3_model.cif,172710,0fa83395d0f6fc5a17fdd66a0457913f317d0c754d10aebc6a2e09dd7440a5f8
h3/out/rand150/RAND_CHEMBL5410860_antagonist/seed_42/RAND_CHEMBL5410860_antagonist_seed_42_sample_4_model.cif,172940,f29bee4785ba8256e70a4c654dd0b78f777ac05d78600ba7fc13ef365449a2e9
h3/out/rand150/RAND_CHEMBL5410860_antagonist/seed_42/RAND_CHEMBL5410860_antagonist_seed_42_sample_5_model.cif,172736,f99fe5d755033590dbb3d5929dd0f9408bca215f4625c686d6adc207b24b4fc3
h3/out/rand150/RAND_CHEMBL5429680_agonist/seed_42/RAND_CHEMBL5429680_agonist_seed_42_sample_1_model.cif,172938,c0cdb642aec928a1aee8f59122f230c95eb3e79c7a860a118016de035ccc2d27
h3/out/rand150/RAND_CHEMBL5429680_agonist/seed_42/RAND_CHEMBL5429680_agonist_seed_42_sample_2_model.cif,172576,61dd055aaa2a993dfa34cc6d4e025b3d09c44865b78b35712d1fd7df51e73d8c
h3/out/rand150/RAND_CHEMBL5429680_agonist/seed_42/RAND_CHEMBL5429680_agonist_seed_42_sample_3_model.cif,173031,2aca3a34b20f540db4b488da3e4ea52bd0c299e753a85988bb8836f9e5e374db
h3/out/rand150/RAND_CHEMBL5429680_agonist/seed_42/RAND_CHEMBL5429680_agonist_seed_42_sample_4_model.cif,172864,deee4a15d280631a70db3fd8d52d1fd4271e2f1a0d46b40e8d5dab60a0c58215
h3/out/rand150/RAND_CHEMBL5429680_agonist/seed_42/RAND_CHEMBL5429680_agonist_seed_42_sample_5_model.cif,172808,0fc364748d84207f56ae9d22a969813a32b85afdb41248daf0c0a5e53f5d9c73
h3/out/rand150/RAND_CHEMBL5432279_agonist/seed_42/RAND_CHEMBL5432279_agonist_seed_42_sample_1_model.cif,173034,abb5abb84654d9bca937e83079aab981730fcb6f1355beedbbae8f3fb966d62f
h3/out/rand150/RAND_CHEMBL5432279_agonist/seed_42/RAND_CHEMBL5432279_agonist_seed_42_sample_2_model.cif,172652,f526a7481437c1012ba24e1bcdadceb7050a36c322e587ab02023d810953f3ba
h3/out/rand150/RAND_CHEMBL5432279_agonist/seed_42/RAND_CHEMBL5432279_agonist_seed_42_sample_3_model.cif,172780,b08aa252793e7c1644d99ceb8d2cce574f8fd2069fae8a48611b15c647388ad2
h3/out/rand150/RAND_CHEMBL5432279_agonist/seed_42/RAND_CHEMBL5432279_agonist_seed_42_sample_4_model.cif,173021,e4463742458954bcf88d8c0949caabd597ea5a8bb24979d2e0e0fb566f578a8b
h3/out/rand150/RAND_CHEMBL5432279_agonist/seed_42/RAND_CHEMBL5432279_agonist_seed_42_sample_5_model.cif,172828,0ac831aa56e87bff5554fd2d390d09cd0f89fe315d6ee9be7c1bedbf73ac4318
h3/out/rand150/RAND_CHEMBL5438539_agonist/seed_42/RAND_CHEMBL5438539_agonist_seed_42_sample_1_model.cif,172707,570612ed13b1afef25ee04cdc22994fe2051c78a3e9971693614796f07834dd7
h3/out/rand150/RAND_CHEMBL5438539_agonist/seed_42/RAND_CHEMBL5438539_agonist_seed_42_sample_2_model.cif,172427,4b469b57d6231f92b2e4ce8b5f79408fb8c41c95eb79d6752759dd35ac373c58
h3/out/rand150/RAND_CHEMBL5438539_agonist/seed_42/RAND_CHEMBL5438539_agonist_seed_42_sample_3_model.cif,172691,4319efb15a662f5b6ab0ba1f53c98bf0639d4f43a6e8aab36913a89beeec1778
h3/out/rand150/RAND_CHEMBL5438539_agonist/seed_42/RAND_CHEMBL5438539_agonist_seed_42_sample_4_model.cif,172752,244374787575e30ba98e926e68814e01f1906516b8c3ca5173c806f70f9d8332
h3/out/rand150/RAND_CHEMBL5438539_agonist/seed_42/RAND_CHEMBL5438539_agonist_seed_42_sample_5_model.cif,172663,1a6c3be2124a501f56838d6d2cfff43eff7606c1e1db90d6ed9c1678b06fb163
h3/out/rand150/RAND_CHEMBL5779116_antagonist/seed_42/RAND_CHEMBL5779116_antagonist_seed_42_sample_1_model.cif,173461,2f6317b1333233e054049693be53b1d04aae7853b85d1906a3eb2cf661063839
h3/out/rand150/RAND_CHEMBL5779116_antagonist/seed_42/RAND_CHEMBL5779116_antagonist_seed_42_sample_2_model.cif,173214,49723aba150c5a94f75a52efb9831eb8bfb1b3e1145e04e41061da154d4e3940
h3/out/rand150/RAND_CHEMBL5779116_antagonist/seed_42/RAND_CHEMBL5779116_antagonist_seed_42_sample_3_model.cif,173218,a2271d7bc856c6466fb6e81219a0206c7e9778e963bf68dabeb211756facbe0a
h3/out/rand150/RAND_CHEMBL5779116_antagonist/seed_42/RAND_CHEMBL5779116_antagonist_seed_42_sample_4_model.cif,173322,f0b2acc74754ba675988807bbd0b7d3f4b3b5062cfa9b8ea27a983f873a89fe4
h3/out/rand150/RAND_CHEMBL5779116_antagonist/seed_42/RAND_CHEMBL5779116_antagonist_seed_42_sample_5_model.cif,173228,1ae1ab563dbfeeb69df71f563af728be569a24c37b81b109b3cab6c9c55800d7
h3/out/rand150/RAND_CHEMBL5780772_antagonist/seed_42/RAND_CHEMBL5780772_antagonist_seed_42_sample_1_model.cif,173181,dd46f8eccb4361fb4bdd31be8b3d2be3c7a1eee98695067e46f377e437e72ee3
h3/out/rand150/RAND_CHEMBL5780772_antagonist/seed_42/RAND_CHEMBL5780772_antagonist_seed_42_sample_2_model.cif,173164,be7d08ed8ead2a65589078c47f4cec872571b19ebd55767ac420217030e3a921
h3/out/rand150/RAND_CHEMBL5780772_antagonist/seed_42/RAND_CHEMBL5780772_antagonist_seed_42_sample_3_model.cif,172819,338e1060184b8b8eaf03b566943818f5af5fabb12067d48991d57f300310e63c
h3/out/rand150/RAND_CHEMBL5780772_antagonist/seed_42/RAND_CHEMBL5780772_antagonist_seed_42_sample_4_model.cif,173293,f76141e0bb6c74b8248f1781dbe9bd814f64f82130ce985c7e5a50358938a04c
h3/out/rand150/RAND_CHEMBL5780772_antagonist/seed_42/RAND_CHEMBL5780772_antagonist_seed_42_sample_5_model.cif,172938,8d1414927186b39d79f4ebe2e326e39379714b0497a0e689785f76a31c0526b8
h3/out/rand150/RAND_CHEMBL5785729_agonist/seed_42/RAND_CHEMBL5785729_agonist_seed_42_sample_1_model.cif,172736,2cc842dc82a4e7aa82b7caf4cab872af97bc62b9382b4804a9cfc8c28917576b
h3/out/rand150/RAND_CHEMBL5785729_agonist/seed_42/RAND_CHEMBL5785729_agonist_seed_42_sample_2_model.cif,172625,7b3c636dc346a4d18dd6f1234e95937aaa39f98837fc3caebf452aa63ec984c0
h3/out/rand150/RAND_CHEMBL5785729_agonist/seed_42/RAND_CHEMBL5785729_agonist_seed_42_sample_3_model.cif,172953,81ded82a7394ac71c19042b86cc520535fde9cd6372d10e79b52dfdf6256bb52
h3/out/rand150/RAND_CHEMBL5785729_agonist/seed_42/RAND_CHEMBL5785729_agonist_seed_42_sample_4_model.cif,172975,ef1f81590c82d51c537dfcd1129cf7cc98ed0a3aca76e9a81ba39b35189bd058
h3/out/rand150/RAND_CHEMBL5785729_agonist/seed_42/RAND_CHEMBL5785729_agonist_seed_42_sample_5_model.cif,172773,8a41f77970518db716824023e0f4b9e1d929109cbdae4e40644f9ba07cd77b72
h3/out/rand150/RAND_CHEMBL5794612_antagonist/seed_42/RAND_CHEMBL5794612_antagonist_seed_42_sample_1_model.cif,173334,a2c9294019e57bc657060133ec22e4ee85253b28d6ef5dff09ab5097c17d5a6e
h3/out/rand150/RAND_CHEMBL5794612_antagonist/seed_42/RAND_CHEMBL5794612_antagonist_seed_42_sample_2_model.cif,172969,fcfe7fac93d41de0d3129c41663e52cbf5823a4efb929af498add732145cb62d
h3/out/rand150/RAND_CHEMBL5794612_antagonist/seed_42/RAND_CHEMBL5794612_antagonist_seed_42_sample_3_model.cif,173045,c7195a119205ec706f32558713f413f77ba1129dab765322d6c9aabb287ff340
h3/out/rand150/RAND_CHEMBL5794612_antagonist/seed_42/RAND_CHEMBL5794612_antagonist_seed_42_sample_4_model.cif,173127,f665abb10a745be699b26d048788ebd128bbc6bad9f524567c9d67baff4549f6
h3/out/rand150/RAND_CHEMBL5794612_antagonist/seed_42/RAND_CHEMBL5794612_antagonist_seed_42_sample_5_model.cif,173230,2e195fbe2c8c602f8a9da0a3bc473d9efa65671499f15c9849339571130de97b
h3/out/rand150/RAND_CHEMBL5803336_agonist/seed_42/RAND_CHEMBL5803336_agonist_seed_42_sample_1_model.cif,171886,061cc506d09ba59db3d61af52a6a2b5b56de8dcfe3807ad256e8d1e05f34db97
h3/out/rand150/RAND_CHEMBL5803336_agonist/seed_42/RAND_CHEMBL5803336_agonist_seed_42_sample_2_model.cif,171772,725f3f61b59586faeef8d80105b9eaa97bc008fd69e89bbf7fd63be290e85dd3
h3/out/rand150/RAND_CHEMBL5803336_agonist/seed_42/RAND_CHEMBL5803336_agonist_seed_42_sample_3_model.cif,171670,bd4db30397975106d9693e5e56771288a0177ca105f86f9a94c0bb5de449f69e
h3/out/rand150/RAND_CHEMBL5803336_agonist/seed_42/RAND_CHEMBL5803336_agonist_seed_42_sample_4_model.cif,172036,4371ec1818e7415447ba4fd13746a486a21623b97523d0f2892acd9a48dc6086
h3/out/rand150/RAND_CHEMBL5803336_agonist/seed_42/RAND_CHEMBL5803336_agonist_seed_42_sample_5_model.cif,171786,df474aa20d230ab7ea16b817550c1826c11d929c0f2d2a16ef2f01f1f616dffa
h3/out/rand150/RAND_CHEMBL5805510_antagonist/seed_42/RAND_CHEMBL5805510_antagonist_seed_42_sample_1_model.cif,173342,3e42ba468b8c0e3f6d61e2048f0678050ec12bb94767484dd68d291dd5cb5459
h3/out/rand150/RAND_CHEMBL5805510_antagonist/seed_42/RAND_CHEMBL5805510_antagonist_seed_42_sample_2_model.cif,173188,6268718d86fcae569aa6695a619848f75cd168acc6b7a7dc2312f83fe8b8ba15
h3/out/rand150/RAND_CHEMBL5805510_antagonist/seed_42/RAND_CHEMBL5805510_antagonist_seed_42_sample_3_model.cif,173220,1d19215a0ec77856ef40b3498e300a5fca739b06380fcd97ac1ac8a9d71e1b5b
h3/out/rand150/RAND_CHEMBL5805510_antagonist/seed_42/RAND_CHEMBL5805510_antagonist_seed_42_sample_4_model.cif,173377,a8e8dac683b3a908e0c748ec5397bb892458a803f647bc009aa9bad141afda16
h3/out/rand150/RAND_CHEMBL5805510_antagonist/seed_42/RAND_CHEMBL5805510_antagonist_seed_42_sample_5_model.cif,173131,7464fbcb6e927db618acb680f6d281409a9c14fcffe812825b987158384f4b93
h3/out/rand150/RAND_CHEMBL5808033_antagonist/seed_42/RAND_CHEMBL5808033_antagonist_seed_42_sample_1_model.cif,173661,c6aaa140466c836cb37311f9299e099b2169406aa8bee840d9bbdee851a1378a
h3/out/rand150/RAND_CHEMBL5808033_antagonist/seed_42/RAND_CHEMBL5808033_antagonist_seed_42_sample_2_model.cif,173408,7b4d3f09f461cf8906fea6271e022bedb825f2189b637a9ebfe7a49c66c56a8f
h3/out/rand150/RAND_CHEMBL5808033_antagonist/seed_42/RAND_CHEMBL5808033_antagonist_seed_42_sample_3_model.cif,173563,b23fe015480bfd9e6f8d54e014f0bc98e188870457e44609a4b416aa465cec25
h3/out/rand150/RAND_CHEMBL5808033_antagonist/seed_42/RAND_CHEMBL5808033_antagonist_seed_42_sample_4_model.cif,173906,cedb610a145d298250eeffa63b0ff0a65215c7811ee08efc3f471fb79699948f
h3/out/rand150/RAND_CHEMBL5808033_antagonist/seed_42/RAND_CHEMBL5808033_antagonist_seed_42_sample_5_model.cif,173504,77d4c70069822bebe86582465bbb6f0619585179bf4810d4747d7334c7077510
h3/out/rand150/RAND_CHEMBL5813818_antagonist/seed_42/RAND_CHEMBL5813818_antagonist_seed_42_sample_1_model.cif,173319,f6bfb8c37ce27aa990c2b0013fe23ef129d2faab01eaeecb5d992ba8a7da7d56
h3/out/rand150/RAND_CHEMBL5813818_antagonist/seed_42/RAND_CHEMBL5813818_antagonist_seed_42_sample_2_model.cif,172908,fc9b638ce0550015d9e1a0e6ab309cfac6e59c9a28b183836854ad7ace6d1718
h3/out/rand150/RAND_CHEMBL5813818_antagonist/seed_42/RAND_CHEMBL5813818_antagonist_seed_42_sample_3_model.cif,173045,aae096fbb705ac970c37c12f157262dc9ecc8cee868ee1220076b03f2a232e17
h3/out/rand150/RAND_CHEMBL5813818_antagonist/seed_42/RAND_CHEMBL5813818_antagonist_seed_42_sample_4_model.cif,173156,d89338440f61a8ee7c970ac3a767ea063fc7eede40badf9be6f2689f24ca2283
h3/out/rand150/RAND_CHEMBL5813818_antagonist/seed_42/RAND_CHEMBL5813818_antagonist_seed_42_sample_5_model.cif,173160,a64fde32ec386f84fe491ca26b7223325914257c0e9fd8f6fc3459d6b62d9c7d
h3/out/rand150/RAND_CHEMBL5825349_agonist/seed_42/RAND_CHEMBL5825349_agonist_seed_42_sample_1_model.cif,172520,b7bca252b47f02679e5f1d86a70d6f2a7bd2f7da0dbac7a301da81c088a4e21f
h3/out/rand150/RAND_CHEMBL5825349_agonist/seed_42/RAND_CHEMBL5825349_agonist_seed_42_sample_2_model.cif,172512,9b3b5d230fc2126d7ec8e5ae5a62d33e80aa0f74b08281b166ac5572ab3a28b5
h3/out/rand150/RAND_CHEMBL5825349_agonist/seed_42/RAND_CHEMBL5825349_agonist_seed_42_sample_3_model.cif,172410,b3bc47862391b1fda6dd4438ae0611cd90763184ccfca0bd5255f01e2e4dfa81
h3/out/rand150/RAND_CHEMBL5825349_agonist/seed_42/RAND_CHEMBL5825349_agonist_seed_42_sample_4_model.cif,172696,bf9a5ab5cb9b4f7085341616f43690374fac16400d3dc59b171f409fc742e409
h3/out/rand150/RAND_CHEMBL5825349_agonist/seed_42/RAND_CHEMBL5825349_agonist_seed_42_sample_5_model.cif,172353,90735bc49444e185249e14c02b3f1ba083b0e135971cbd897abd1abe38e164d3
h3/out/rand150/RAND_CHEMBL5832803_antagonist/seed_42/RAND_CHEMBL5832803_antagonist_seed_42_sample_1_model.cif,173382,55ea510d9eb6ac03d542f317c286d49d8cc39fc207d2f1c6be6cdf9a92740013
h3/out/rand150/RAND_CHEMBL5832803_antagonist/seed_42/RAND_CHEMBL5832803_antagonist_seed_42_sample_2_model.cif,173269,0b51c4191429f0adc4c77d48c6d9f2cfab3b8c913fda6e3b1c28d92744efcade
h3/out/rand150/RAND_CHEMBL5832803_antagonist/seed_42/RAND_CHEMBL5832803_antagonist_seed_42_sample_3_model.cif,173115,cb6a9b77fcdee1a69dfcfab9ed722bd25493197ed56fa5792ccf1073ded22dc7
h3/out/rand150/RAND_CHEMBL5832803_antagonist/seed_42/RAND_CHEMBL5832803_antagonist_seed_42_sample_4_model.cif,173309,8e9fd0ab9c7438a61ea9e44b8ddbee42a19ac54d40c0ce8a04380e2f11243582
h3/out/rand150/RAND_CHEMBL5832803_antagonist/seed_42/RAND_CHEMBL5832803_antagonist_seed_42_sample_5_model.cif,173218,2a885256e21304a9424f0c3413a1592fa9eba371134764d6182f5d8fdd654246
h3/out/rand150/RAND_CHEMBL5834289_antagonist/seed_42/RAND_CHEMBL5834289_antagonist_seed_42_sample_1_model.cif,173251,2b2a8076e24f8e5c12fd466d89d945d3e907f6e9890d363893e68546c70797e2
h3/out/rand150/RAND_CHEMBL5834289_antagonist/seed_42/RAND_CHEMBL5834289_antagonist_seed_42_sample_2_model.cif,173257,60f5732f81367b7fe45dfbe7d4075a6ff9cad28127decf813ccfdce2b8893e71
h3/out/rand150/RAND_CHEMBL5834289_antagonist/seed_42/RAND_CHEMBL5834289_antagonist_seed_42_sample_3_model.cif,172940,9be1096f9e2be5619ead6d50257c80b15ad970d3541a8510ec6172912cbb999a
h3/out/rand150/RAND_CHEMBL5834289_antagonist/seed_42/RAND_CHEMBL5834289_antagonist_seed_42_sample_4_model.cif,173330,84c51c1278c95538fec13e98bea9a52e3bba585edde58034b06c7f98ee081de4
h3/out/rand150/RAND_CHEMBL5834289_antagonist/seed_42/RAND_CHEMBL5834289_antagonist_seed_42_sample_5_model.cif,173055,68264f553371480b92351c03feb4f5d63de7712f0b44442e76b0a50bc2fb4b3c
h3/out/rand150/RAND_CHEMBL5836020_antagonist/seed_42/RAND_CHEMBL5836020_antagonist_seed_42_sample_1_model.cif,173756,6aeafb1614e788bc0ce43740975f03ca3f64de5b9e3ba53fa8f51f0bb876300b
h3/out/rand150/RAND_CHEMBL5836020_antagonist/seed_42/RAND_CHEMBL5836020_antagonist_seed_42_sample_2_model.cif,173572,f7c7b5317e0fdd1593c57f05435ca3d484da9fc9242ffffa99229ee94920e897
h3/out/rand150/RAND_CHEMBL5836020_antagonist/seed_42/RAND_CHEMBL5836020_antagonist_seed_42_sample_3_model.cif,173589,cb96e2d2e4752dbb0e83bd8c83b49c86b2bee2b7556977536dbfcbe63fb31751
h3/out/rand150/RAND_CHEMBL5836020_antagonist/seed_42/RAND_CHEMBL5836020_antagonist_seed_42_sample_4_model.cif,173710,52235d5c4d161d2acb0b8b3761d518b1d1daf9d5d0216823fe87317e41c6e9e7
h3/out/rand150/RAND_CHEMBL5836020_antagonist/seed_42/RAND_CHEMBL5836020_antagonist_seed_42_sample_5_model.cif,173557,f5d323e64f4fe39e9da03f19ed3514c81efcd94cfd320238b33b43dca744f0f3
h3/out/rand150/RAND_CHEMBL5839073_antagonist/seed_42/RAND_CHEMBL5839073_antagonist_seed_42_sample_1_model.cif,173563,7ac58bb8cbfafef45aa50aeed5da7a3b0790819d88aa6ca26a307930456b29e7
h3/out/rand150/RAND_CHEMBL5839073_antagonist/seed_42/RAND_CHEMBL5839073_antagonist_seed_42_sample_2_model.cif,173544,1e09244e3ac2dc472f4f9815818c2bf8e844bdd73588945f5a67ad1cad42f366
h3/out/rand150/RAND_CHEMBL5839073_antagonist/seed_42/RAND_CHEMBL5839073_antagonist_seed_42_sample_3_model.cif,173553,51277dd5e45172e7b2a176e2110fb898ea037760d2c32ef94dcc91658d9872f3
h3/out/rand150/RAND_CHEMBL5839073_antagonist/seed_42/RAND_CHEMBL5839073_antagonist_seed_42_sample_4_model.cif,173851,1ba1f8597293c15d2741a2fd43c349f2cc7294a2ec52c65c09447e6e1cfaff63
h3/out/rand150/RAND_CHEMBL5839073_antagonist/seed_42/RAND_CHEMBL5839073_antagonist_seed_42_sample_5_model.cif,173434,aba57a876fff7d18f7322f6720bf9a094b2de3b42cfa43e45fbc356bc088ad29
h3/out/rand150/RAND_CHEMBL5850461_agonist/seed_42/RAND_CHEMBL5850461_agonist_seed_42_sample_1_model.cif,173354,25370d03d9efbcd85c057f2eb24caeba867a7fcf71b670c48bd3555723277f3b
h3/out/rand150/RAND_CHEMBL5850461_agonist/seed_42/RAND_CHEMBL5850461_agonist_seed_42_sample_2_model.cif,173411,d4a1ff62cd2ab663ffd3bb3ee9020c570071b063439fef95106320cb1dde1f53
h3/out/rand150/RAND_CHEMBL5850461_agonist/seed_42/RAND_CHEMBL5850461_agonist_seed_42_sample_3_model.cif,173366,41e5da5e612c297577c687e7d02d578681c07d9bd73b150673518d1b9901bb77
h3/out/rand150/RAND_CHEMBL5850461_agonist/seed_42/RAND_CHEMBL5850461_agonist_seed_42_sample_4_model.cif,173676,bc8963656d06edc0bed45c81302501bcf9471c9d04cd998b5cf8364ab76fd6ba
h3/out/rand150/RAND_CHEMBL5850461_agonist/seed_42/RAND_CHEMBL5850461_agonist_seed_42_sample_5_model.cif,173428,eace3c13d84d82e4b448829bb67ba6c53eb5ec313ee758318c28f69cb6aded6f
h3/out/rand150/RAND_CHEMBL5859429_antagonist/seed_42/RAND_CHEMBL5859429_antagonist_seed_42_sample_1_model.cif,174200,e82d726e23f0e1f89a1c9cbad58519e3aeec879041b1072cadd692efe6c1b8d5
h3/out/rand150/RAND_CHEMBL5859429_antagonist/seed_42/RAND_CHEMBL5859429_antagonist_seed_42_sample_2_model.cif,173946,85ccf899b7eaea72384edd0a9692e18b0b876bf9995c2ef9ca0c86df6ae783a4
h3/out/rand150/RAND_CHEMBL5859429_antagonist/seed_42/RAND_CHEMBL5859429_antagonist_seed_42_sample_3_model.cif,174294,baeb96115b14863b1aa5f805a5834058e7698c8612b9bfce7bb2deebc759513d
h3/out/rand150/RAND_CHEMBL5859429_antagonist/seed_42/RAND_CHEMBL5859429_antagonist_seed_42_sample_4_model.cif,174125,74ab8f17893c57298ac7c035c56c67e9d835897f9f210f96157712400439eb86
h3/out/rand150/RAND_CHEMBL5859429_antagonist/seed_42/RAND_CHEMBL5859429_antagonist_seed_42_sample_5_model.cif,174294,ddf099be31e5b4f87b5d2ef5d8098b5b9d4b5b549924b91746ba5a16e9079f70
h3/out/rand150/RAND_CHEMBL5867090_antagonist/seed_42/RAND_CHEMBL5867090_antagonist_seed_42_sample_1_model.cif,172670,2babc1589aa80e52cb6bed394d5d14e74cd2973b4da256934a8333a5c3e42bff
h3/out/rand150/RAND_CHEMBL5867090_antagonist/seed_42/RAND_CHEMBL5867090_antagonist_seed_42_sample_2_model.cif,172663,4dccafaf716e25589c34b8a857f27aa208e227dd9c4e2a5f14d87ab254b76b23
h3/out/rand150/RAND_CHEMBL5867090_antagonist/seed_42/RAND_CHEMBL5867090_antagonist_seed_42_sample_3_model.cif,172534,702c94b4beb6b21fbb3a3ee11a89164475b6c9fac9121b5641156d762605950b
h3/out/rand150/RAND_CHEMBL5867090_antagonist/seed_42/RAND_CHEMBL5867090_antagonist_seed_42_sample_4_model.cif,172602,4e85a447f038d0fc073b49329bcbc2a5d20c27bb7d97bb7e0ed38cd3d4ce6cb1
h3/out/rand150/RAND_CHEMBL5867090_antagonist/seed_42/RAND_CHEMBL5867090_antagonist_seed_42_sample_5_model.cif,172450,9576b82cbe14f1155c863d3ff360bac2e1fdd85cb77d1a8c7dc20589d6b8654a
h3/out/rand150/RAND_CHEMBL5867540_antagonist/seed_42/RAND_CHEMBL5867540_antagonist_seed_42_sample_1_model.cif,173777,c2f6f5384e7ecc06f0f17242efc6f4855e01dcf6561208056ffa277940865879
h3/out/rand150/RAND_CHEMBL5867540_antagonist/seed_42/RAND_CHEMBL5867540_antagonist_seed_42_sample_2_model.cif,173564,b5f1ebd45f6e3cd76abcb629330c6428be40de843f23f58f3f1b4c6fd3b74b4c
h3/out/rand150/RAND_CHEMBL5867540_antagonist/seed_42/RAND_CHEMBL5867540_antagonist_seed_42_sample_3_model.cif,173501,0eadcad26f70ca75326453561b05543df9f98235edb3fdc1e93565549ca5469d
h3/out/rand150/RAND_CHEMBL5867540_antagonist/seed_42/RAND_CHEMBL5867540_antagonist_seed_42_sample_4_model.cif,173778,61ffdf29bf5cad15ac974209894d06e9d10b67ee99191f761493237a0870f023
h3/out/rand150/RAND_CHEMBL5867540_antagonist/seed_42/RAND_CHEMBL5867540_antagonist_seed_42_sample_5_model.cif,173502,2cd441405a4941e82710f5fe7799438a2c6dc3e4d3d4b1ab53c0a81b29a2dfa3
h3/out/rand150/RAND_CHEMBL5867825_agonist/seed_42/RAND_CHEMBL5867825_agonist_seed_42_sample_1_model.cif,172943,38cd1711cb58be0cd6d7cbc4d2ebb262388ff2bb4f3f1ca708ac28ebe0328918
h3/out/rand150/RAND_CHEMBL5867825_agonist/seed_42/RAND_CHEMBL5867825_agonist_seed_42_sample_2_model.cif,173022,6a73e1a5f1428df469845dad18ce5617900e30d5f1566078378aead38cf5d5ad
h3/out/rand150/RAND_CHEMBL5867825_agonist/seed_42/RAND_CHEMBL5867825_agonist_seed_42_sample_3_model.cif,173217,fe115131c192ba844af068ee38f30af9b1332e9e0c375483c931d15a6bcb02dd
h3/out/rand150/RAND_CHEMBL5867825_agonist/seed_42/RAND_CHEMBL5867825_agonist_seed_42_sample_4_model.cif,173136,f07fcf024cbeca08dfd525915d855d1fba62ae7860a6ee14f65b001aeb199625
h3/out/rand150/RAND_CHEMBL5867825_agonist/seed_42/RAND_CHEMBL5867825_agonist_seed_42_sample_5_model.cif,172936,0382a2d135d2d7115672dfe93e9bcb1b1160e17fc6c3280eccd800b160c6fc0a
h3/out/rand150/RAND_CHEMBL5875081_antagonist/seed_42/RAND_CHEMBL5875081_antagonist_seed_42_sample_1_model.cif,173638,20e022ae7642cac1b8003b5e28243603899e2a36223f0aa2ec2eab4cad9063e8
h3/out/rand150/RAND_CHEMBL5875081_antagonist/seed_42/RAND_CHEMBL5875081_antagonist_seed_42_sample_2_model.cif,173460,324af517458c5edbf342f97f5b2b2a87ea542e3b0954d2edb99e5328518c7389
h3/out/rand150/RAND_CHEMBL5875081_antagonist/seed_42/RAND_CHEMBL5875081_antagonist_seed_42_sample_3_model.cif,173510,acfa68188feebd283b377d2d4c7ce59174cd262fab552f90b50a54db2b0bfe4e
h3/out/rand150/RAND_CHEMBL5875081_antagonist/seed_42/RAND_CHEMBL5875081_antagonist_seed_42_sample_4_model.cif,173843,6c4516263ffd1b224821eb9ff5ca5441b0fe3478547b7b1e42c106a1d4782f62
h3/out/rand150/RAND_CHEMBL5875081_antagonist/seed_42/RAND_CHEMBL5875081_antagonist_seed_42_sample_5_model.cif,173436,efe458294524f485728cf226fd6bbf123fe21ced1f304d56f07729f5ae32c77e
h3/out/rand150/RAND_CHEMBL5875331_antagonist/seed_42/RAND_CHEMBL5875331_antagonist_seed_42_sample_1_model.cif,173471,4d485173955b1f85c64eadcf959699561b96eab6d9ee65e429082aa6a49f2bb2
h3/out/rand150/RAND_CHEMBL5875331_antagonist/seed_42/RAND_CHEMBL5875331_antagonist_seed_42_sample_2_model.cif,173445,d04b05bdd8a1f12d10cb85275636356789ed939e17fd3a70298c6f2b6a02e005
h3/out/rand150/RAND_CHEMBL5875331_antagonist/seed_42/RAND_CHEMBL5875331_antagonist_seed_42_sample_3_model.cif,173371,ced389cac91e5bcc0dc51f18aa78251554019b175a762d2640c73ca208b8f46a
h3/out/rand150/RAND_CHEMBL5875331_antagonist/seed_42/RAND_CHEMBL5875331_antagonist_seed_42_sample_4_model.cif,173640,18a784fd67b22ae30eefa330509479ba159cf3fed4d1c79f11c38490216d4bb7
h3/out/rand150/RAND_CHEMBL5875331_antagonist/seed_42/RAND_CHEMBL5875331_antagonist_seed_42_sample_5_model.cif,173626,62510fca33a0988ed80eda8570362b15df6aa03a1f4fadb0067807fadc153af5
h3/out/rand150/RAND_CHEMBL5877834_antagonist/seed_42/RAND_CHEMBL5877834_antagonist_seed_42_sample_1_model.cif,173541,5385d86d9d6416fcd9a964e75007cf409a26080269d1ee105aab09932c1b80c0
h3/out/rand150/RAND_CHEMBL5877834_antagonist/seed_42/RAND_CHEMBL5877834_antagonist_seed_42_sample_2_model.cif,173254,9ec8c63586ee12e841779c6ad52b75fd33d6c038507ee4c59e8bad1d97542dd5
h3/out/rand150/RAND_CHEMBL5877834_antagonist/seed_42/RAND_CHEMBL5877834_antagonist_seed_42_sample_3_model.cif,173310,3187f8266a61ab557c64ef87ce2b0909d2b6d03cbd74736c13edef1652fb59dc
h3/out/rand150/RAND_CHEMBL5877834_antagonist/seed_42/RAND_CHEMBL5877834_antagonist_seed_42_sample_4_model.cif,173405,f60e7c74a70c2c89bf54ce0be69bb7f5aa18ab3bab824b2ac835d78c806d8650
h3/out/rand150/RAND_CHEMBL5877834_antagonist/seed_42/RAND_CHEMBL5877834_antagonist_seed_42_sample_5_model.cif,173327,229742589ef849a68322469c99d14243a1acf929418e37c46922a5d6742c1d59
h3/out/rand150/RAND_CHEMBL5880263_antagonist/seed_42/RAND_CHEMBL5880263_antagonist_seed_42_sample_1_model.cif,173142,42adc4ad341716d6b35b833d93839e6fb6fa4e7ee435bb9cefb9b144e40f23ac
h3/out/rand150/RAND_CHEMBL5880263_antagonist/seed_42/RAND_CHEMBL5880263_antagonist_seed_42_sample_2_model.cif,173199,1a49943f4ed1b9261b0cdc5c16b15d7a2b27c7e5b4747b4fde09a04c54822c9e
h3/out/rand150/RAND_CHEMBL5880263_antagonist/seed_42/RAND_CHEMBL5880263_antagonist_seed_42_sample_3_model.cif,172876,3b862730dbb8d1b773f23d86291557c890b778ac369e7e108e969a31d9726556
h3/out/rand150/RAND_CHEMBL5880263_antagonist/seed_42/RAND_CHEMBL5880263_antagonist_seed_42_sample_4_model.cif,173286,25b8902967cd5a50b0f725c4ba9c36ed608fab146681fbea7806d0931e1b6590
h3/out/rand150/RAND_CHEMBL5880263_antagonist/seed_42/RAND_CHEMBL5880263_antagonist_seed_42_sample_5_model.cif,172947,92851323f03e3da0cb1e4ce2856cf5e80c04eccf939cf1d7fc6501fa87f28ffe
h3/out/rand150/RAND_CHEMBL5880489_antagonist/seed_42/RAND_CHEMBL5880489_antagonist_seed_42_sample_1_model.cif,173375,f58bf4833f9468a9e00581a367b0cea66fd578de873a05beeae1689f981491f7
h3/out/rand150/RAND_CHEMBL5880489_antagonist/seed_42/RAND_CHEMBL5880489_antagonist_seed_42_sample_2_model.cif,173209,27d38856a6685d43c9d0e011a7b22d4a9d7a624c75c9ef089e539e0dcb72a0f9
h3/out/rand150/RAND_CHEMBL5880489_antagonist/seed_42/RAND_CHEMBL5880489_antagonist_seed_42_sample_3_model.cif,173253,dfbe52c7a6833ab2a44b32951a8256c64a9d2f65350c03bc2d8a632d7efa8f98
h3/out/rand150/RAND_CHEMBL5880489_antagonist/seed_42/RAND_CHEMBL5880489_antagonist_seed_42_sample_4_model.cif,173436,84010b8811786309ccc27d0c35d84bf5920eeffbbea113950cd2d5598734d7fa
h3/out/rand150/RAND_CHEMBL5880489_antagonist/seed_42/RAND_CHEMBL5880489_antagonist_seed_42_sample_5_model.cif,173269,6ebfbfe534373acbd2bb618e7f2ab747a1721e498ec9ba19b6aee5a46153e124
h3/out/rand150/RAND_CHEMBL5890977_antagonist/seed_42/RAND_CHEMBL5890977_antagonist_seed_42_sample_1_model.cif,173186,93802c071093563843db4563e12c6d97c28d40bb82bff609fa4dd050efc9d482
h3/out/rand150/RAND_CHEMBL5890977_antagonist/seed_42/RAND_CHEMBL5890977_antagonist_seed_42_sample_2_model.cif,173038,115b51e8306aa5739c7802564a90ae1d5e6d1148e64e9231ea831afa5df697ca
h3/out/rand150/RAND_CHEMBL5890977_antagonist/seed_42/RAND_CHEMBL5890977_antagonist_seed_42_sample_3_model.cif,172950,19dee1b7b4f3b3fdb88eaf2c2f14686f79a60039af7d4f0415c7111e6b23a9c7
h3/out/rand150/RAND_CHEMBL5890977_antagonist/seed_42/RAND_CHEMBL5890977_antagonist_seed_42_sample_4_model.cif,173233,caf70098151d925db214a9a15f354f2f8bac0d6dd17b275905661fe735553997
h3/out/rand150/RAND_CHEMBL5890977_antagonist/seed_42/RAND_CHEMBL5890977_antagonist_seed_42_sample_5_model.cif,173214,d437060ae0060fb73a08e36a541a495f552d891388d9c3da99c043c089e3b95e
h3/out/rand150/RAND_CHEMBL5892069_agonist/seed_42/RAND_CHEMBL5892069_agonist_seed_42_sample_1_model.cif,173306,4a550bbb385ff62fbdda2de46add65593f9557e2072c1c39e456b2c732c33b5e
h3/out/rand150/RAND_CHEMBL5892069_agonist/seed_42/RAND_CHEMBL5892069_agonist_seed_42_sample_2_model.cif,173235,2b61047b5b6492c49809dc9d3cc057fe8d0edaa43c815bfb670d0394c32d56e8
h3/out/rand150/RAND_CHEMBL5892069_agonist/seed_42/RAND_CHEMBL5892069_agonist_seed_42_sample_3_model.cif,173273,9cade30752e69876701ca65e307998d0a9e642540bfe2a45b1fc46166b643327
h3/out/rand150/RAND_CHEMBL5892069_agonist/seed_42/RAND_CHEMBL5892069_agonist_seed_42_sample_4_model.cif,173441,a4b8e055aa54633b419d4dd396e5d18c0e887d78ada4dc183792499b96244742
h3/out/rand150/RAND_CHEMBL5892069_agonist/seed_42/RAND_CHEMBL5892069_agonist_seed_42_sample_5_model.cif,173187,406d04c3f2cbac93363953b74c13dab3d7c295e0f61a1b53c9538b7c767d8ebf
h3/out/rand150/RAND_CHEMBL5897451_antagonist/seed_42/RAND_CHEMBL5897451_antagonist_seed_42_sample_1_model.cif,173763,2a98398494af70c2168efdaef7fbc00b6b0330623069007716ee2abb97c69b82
h3/out/rand150/RAND_CHEMBL5897451_antagonist/seed_42/RAND_CHEMBL5897451_antagonist_seed_42_sample_2_model.cif,173585,24653b01ea2755d98f425faeca59bcb0ce7f1d005371671662c578f56a2b74d6
h3/out/rand150/RAND_CHEMBL5897451_antagonist/seed_42/RAND_CHEMBL5897451_antagonist_seed_42_sample_3_model.cif,173524,bec6e46791ac072c570d6968e6eea052695e9003efc6924271f889b3ee19195e
h3/out/rand150/RAND_CHEMBL5897451_antagonist/seed_42/RAND_CHEMBL5897451_antagonist_seed_42_sample_4_model.cif,173759,041a3d43c1723e09d354af705701451e223d4236f6496cbe85f565479af8846e
h3/out/rand150/RAND_CHEMBL5897451_antagonist/seed_42/RAND_CHEMBL5897451_antagonist_seed_42_sample_5_model.cif,173618,6c6155f2f2aa8cf9ac2f3863199e70d3fbc38371216f2ece884f9c205400c528
h3/out/rand150/RAND_CHEMBL5898496_antagonist/seed_42/RAND_CHEMBL5898496_antagonist_seed_42_sample_1_model.cif,173214,d2c5ff2080c0bd65863d2bff891d9855afa2809a53e31a43176ef364c843628b
h3/out/rand150/RAND_CHEMBL5898496_antagonist/seed_42/RAND_CHEMBL5898496_antagonist_seed_42_sample_2_model.cif,173054,e642b57652f5f4ec11603b5fbe1ac724d35f365c7bf0203d101490ba5e1395f0
h3/out/rand150/RAND_CHEMBL5898496_antagonist/seed_42/RAND_CHEMBL5898496_antagonist_seed_42_sample_3_model.cif,173053,ebeea87cac33290071fe532ecc4e3998742aebf2c51c3a0565227ba178c1a1db
h3/out/rand150/RAND_CHEMBL5898496_antagonist/seed_42/RAND_CHEMBL5898496_antagonist_seed_42_sample_4_model.cif,173158,90f3194b0037aa32fa856e9d3b2755dc1c0ce66dd81516f3625801319252a2d4
h3/out/rand150/RAND_CHEMBL5898496_antagonist/seed_42/RAND_CHEMBL5898496_antagonist_seed_42_sample_5_model.cif,173240,3ba00a7875faebde4da67360706fb4467cc77d4c1049bb95eca95d1d3765df4f
h3/out/rand150/RAND_CHEMBL5902173_agonist/seed_42/RAND_CHEMBL5902173_agonist_seed_42_sample_1_model.cif,172786,4dcd66843c1edfe94f47e04e2f32d2822ea14442a24d39f03d00216c1bc29fd8
h3/out/rand150/RAND_CHEMBL5902173_agonist/seed_42/RAND_CHEMBL5902173_agonist_seed_42_sample_2_model.cif,172623,f974cc769818d7c90cd1023725d7d25e4a10730536f85c027d73de21cd283400
h3/out/rand150/RAND_CHEMBL5902173_agonist/seed_42/RAND_CHEMBL5902173_agonist_seed_42_sample_3_model.cif,172939,08832d4e999771ef3acbc30c280eef89f35c38b4935d5c9c868a3e60854972eb
h3/out/rand150/RAND_CHEMBL5902173_agonist/seed_42/RAND_CHEMBL5902173_agonist_seed_42_sample_4_model.cif,172942,8019270e0b7e5da6fd0e206d6e8620af582b600fc191999c687ce15788710995
h3/out/rand150/RAND_CHEMBL5902173_agonist/seed_42/RAND_CHEMBL5902173_agonist_seed_42_sample_5_model.cif,172809,97b7f2cea8e5a8792be535091b49dd82d6253ec8c422d074e7dd1a33ab84d919
h3/out/rand150/RAND_CHEMBL5910914_antagonist/seed_42/RAND_CHEMBL5910914_antagonist_seed_42_sample_1_model.cif,173374,749b9d91d412d5f46b2f2143932a726a53799cee259e6fca891698211c4dd823
h3/out/rand150/RAND_CHEMBL5910914_antagonist/seed_42/RAND_CHEMBL5910914_antagonist_seed_42_sample_2_model.cif,173194,d8fb10084f7c634159e33e5508d5e5ae02b8a99bb2f347fa26c42f47670d29f7
h3/out/rand150/RAND_CHEMBL5910914_antagonist/seed_42/RAND_CHEMBL5910914_antagonist_seed_42_sample_3_model.cif,173292,10e50c2fdeb331b93c159acfcde7424e3f68b6d15a25beb281fe8832eb438741
h3/out/rand150/RAND_CHEMBL5910914_antagonist/seed_42/RAND_CHEMBL5910914_antagonist_seed_42_sample_4_model.cif,173435,f2c78a845537e499389b6aeb07eafea5a91c58228c707316618548ad07411d24
h3/out/rand150/RAND_CHEMBL5910914_antagonist/seed_42/RAND_CHEMBL5910914_antagonist_seed_42_sample_5_model.cif,173322,0460d50ff67521606412c683fc1fa5c075af76efdfd66d333a00a6c441ba601a
h3/out/rand150/RAND_CHEMBL5918239_agonist/seed_42/RAND_CHEMBL5918239_agonist_seed_42_sample_1_model.cif,172935,6ca83a4a50084ff096d5681af51ef0e090cf06d65d1e1e9fd86ec761cb841b5b
h3/out/rand150/RAND_CHEMBL5918239_agonist/seed_42/RAND_CHEMBL5918239_agonist_seed_42_sample_2_model.cif,173025,488619acea9e3e78857d419b0db3eff95f1344ecc92a94110357cb090fec2a75
h3/out/rand150/RAND_CHEMBL5918239_agonist/seed_42/RAND_CHEMBL5918239_agonist_seed_42_sample_3_model.cif,172845,035d743e9795a48ae361666515ee5d837ae08772c4258a44ba16e9c2dd3c63a1
h3/out/rand150/RAND_CHEMBL5918239_agonist/seed_42/RAND_CHEMBL5918239_agonist_seed_42_sample_4_model.cif,173164,9965f121deb251e504a7ac2802115c62f71cc0f8fd1f8e94d6ff47e1683213f5
h3/out/rand150/RAND_CHEMBL5918239_agonist/seed_42/RAND_CHEMBL5918239_agonist_seed_42_sample_5_model.cif,172876,1fcfe92d0eaa1f6595920eb66cec2e8c6c8cf3365b2da27fa6d82c27d8fb01f6
h3/out/rand150/RAND_CHEMBL5920888_agonist/seed_42/RAND_CHEMBL5920888_agonist_seed_42_sample_1_model.cif,173118,660332a6d2b114f1070e6f6ee4d2b2efd84b20652f04d3fabf56f1b698ee57de
h3/out/rand150/RAND_CHEMBL5920888_agonist/seed_42/RAND_CHEMBL5920888_agonist_seed_42_sample_2_model.cif,173164,ef43488a5277f4cbce02a99457130659a5918a1b73773bbc031e2a204a9c92aa
h3/out/rand150/RAND_CHEMBL5920888_agonist/seed_42/RAND_CHEMBL5920888_agonist_seed_42_sample_3_model.cif,173006,88af8e190c8fd4145681c5e631b71ed2281816616f5348e3accb6eacbd44e2da
h3/out/rand150/RAND_CHEMBL5920888_agonist/seed_42/RAND_CHEMBL5920888_agonist_seed_42_sample_4_model.cif,173313,c3561e097356228c87201baa8a77cd65bd933112e89b54827dc564d0f515a50b
h3/out/rand150/RAND_CHEMBL5920888_agonist/seed_42/RAND_CHEMBL5920888_agonist_seed_42_sample_5_model.cif,173251,2e81c9f0bfc094fdc7c7fed56b1cbc95e7ba5bd617706054eeebb3c0ee275d99
h3/out/rand150/RAND_CHEMBL5940583_agonist/seed_42/RAND_CHEMBL5940583_agonist_seed_42_sample_1_model.cif,172800,3f28a8334e2d09d35cb7bfa95ec25b586eafb7b90b8a25cf1a2e441e3eaac3cd
h3/out/rand150/RAND_CHEMBL5940583_agonist/seed_42/RAND_CHEMBL5940583_agonist_seed_42_sample_2_model.cif,172779,6f6261a5b088b769c820a3f537eaacbe706be07810750fe016335431a3e8e670
h3/out/rand150/RAND_CHEMBL5940583_agonist/seed_42/RAND_CHEMBL5940583_agonist_seed_42_sample_3_model.cif,172696,61af3f08f4bc024717d1c222278def2dae21eca65d423b9de2daf5a9434dc789
h3/out/rand150/RAND_CHEMBL5940583_agonist/seed_42/RAND_CHEMBL5940583_agonist_seed_42_sample_4_model.cif,173155,7d7ebfd51358a5e2b8553087e4292c24a1545e4371a8daf9abc473894fb9d070
h3/out/rand150/RAND_CHEMBL5940583_agonist/seed_42/RAND_CHEMBL5940583_agonist_seed_42_sample_5_model.cif,172882,4dc076ae3f09a07f024c970ae182fe6e444baf060bc16a426cc1de42579448e2
h3/out/rand150/RAND_CHEMBL5943144_antagonist/seed_42/RAND_CHEMBL5943144_antagonist_seed_42_sample_1_model.cif,173010,1dd66fed458a80f95ceea93906d9578d566ea7b5f4d1748c4135ef8d0f0334cd
h3/out/rand150/RAND_CHEMBL5943144_antagonist/seed_42/RAND_CHEMBL5943144_antagonist_seed_42_sample_2_model.cif,173036,e07c6dfce57366fb4546720972ba45c4adc631ac6b299d4446cfacf58ab1acd4
h3/out/rand150/RAND_CHEMBL5943144_antagonist/seed_42/RAND_CHEMBL5943144_antagonist_seed_42_sample_3_model.cif,172774,17eb362017f9a1929356e4e9e6220ca4c6ff65b8407351104167777697a68377
h3/out/rand150/RAND_CHEMBL5943144_antagonist/seed_42/RAND_CHEMBL5943144_antagonist_seed_42_sample_4_model.cif,173131,801bf0bb061bda8d0fb767351036de685fc00f904905aef55cf6d64c4c7ed20b
h3/out/rand150/RAND_CHEMBL5943144_antagonist/seed_42/RAND_CHEMBL5943144_antagonist_seed_42_sample_5_model.cif,172926,eb0c3301a232d4547f8a3dd06e9d5dd5112c2c25b67af49e6c591bbfe3779bd3
h3/out/rand150/RAND_CHEMBL5943390_agonist/seed_42/RAND_CHEMBL5943390_agonist_seed_42_sample_1_model.cif,172709,20eafa8034ede62650b42afb53dea57b7d7c615ff24f678f638ca732fcc1f6ad
h3/out/rand150/RAND_CHEMBL5943390_agonist/seed_42/RAND_CHEMBL5943390_agonist_seed_42_sample_2_model.cif,172775,6b5e44846f284812f270c7eb968a58901ff178595ad9e9e46e68241ab551a8a6
h3/out/rand150/RAND_CHEMBL5943390_agonist/seed_42/RAND_CHEMBL5943390_agonist_seed_42_sample_3_model.cif,173006,b9f97407385afb2789ea755b52187f0a081bbd347dc66a344b116283be5caefd
h3/out/rand150/RAND_CHEMBL5943390_agonist/seed_42/RAND_CHEMBL5943390_agonist_seed_42_sample_4_model.cif,172979,a1d2a35298be2132bb5d501a68c8a91109a64ffc248495baf776a07622e56623
h3/out/rand150/RAND_CHEMBL5943390_agonist/seed_42/RAND_CHEMBL5943390_agonist_seed_42_sample_5_model.cif,172775,8241ad4247a7576a5316205085a813d8f44de9c8e93bf1acc54b145ee8349f70
h3/out/rand150/RAND_CHEMBL5944112_antagonist/seed_42/RAND_CHEMBL5944112_antagonist_seed_42_sample_1_model.cif,173582,745f5295887e5bb5032f10049dca3c20ab8dc9723613083fa0ef5ae55249bad2
h3/out/rand150/RAND_CHEMBL5944112_antagonist/seed_42/RAND_CHEMBL5944112_antagonist_seed_42_sample_2_model.cif,173410,7c7e4ab3a6c9609107a986518a45c6f864ae611e17e5e2d97c5b507fc6fc0177
h3/out/rand150/RAND_CHEMBL5944112_antagonist/seed_42/RAND_CHEMBL5944112_antagonist_seed_42_sample_3_model.cif,173468,0a84f18784a2ab4940ec12f31b96cb244a50f6edd626cfea53d0722979c80920
h3/out/rand150/RAND_CHEMBL5944112_antagonist/seed_42/RAND_CHEMBL5944112_antagonist_seed_42_sample_4_model.cif,173707,cff77eb401eee1bc238b298c764a5dfd2f201b4b3e752f9de84e8e864dfe3fcd
h3/out/rand150/RAND_CHEMBL5944112_antagonist/seed_42/RAND_CHEMBL5944112_antagonist_seed_42_sample_5_model.cif,173442,7cf846b5197046384bd6d0dd0741b90b53d87e688bc1d46dacdfebfc8b0cd4c0
h3/out/rand150/RAND_CHEMBL5951176_agonist/seed_42/RAND_CHEMBL5951176_agonist_seed_42_sample_1_model.cif,173041,a7bff2b5ed010275e86840f8018472a0433448e9c36fe96df2dbefc3768fa91c
h3/out/rand150/RAND_CHEMBL5951176_agonist/seed_42/RAND_CHEMBL5951176_agonist_seed_42_sample_2_model.cif,173096,f26741d9161a2cf9c55efd494287540ac3c81e373e9cf1d96fa2237d0dbeed5f
h3/out/rand150/RAND_CHEMBL5951176_agonist/seed_42/RAND_CHEMBL5951176_agonist_seed_42_sample_3_model.cif,173033,9a8e662774fe4ec20b8b5b4db1b0df9e1793500ea0c92b4fdca0bd9888046ad1
h3/out/rand150/RAND_CHEMBL5951176_agonist/seed_42/RAND_CHEMBL5951176_agonist_seed_42_sample_4_model.cif,173352,51752a3d25cf4b01525b230f1137ad2fcd07cfa04140c6575c13878152724e1b
h3/out/rand150/RAND_CHEMBL5951176_agonist/seed_42/RAND_CHEMBL5951176_agonist_seed_42_sample_5_model.cif,173319,0707f749c5dfb2a12a15c99ecaad84d9a1cfcdb61dc6199a415258d9e72084b4
h3/out/rand150/RAND_CHEMBL5953210_agonist/seed_42/RAND_CHEMBL5953210_agonist_seed_42_sample_1_model.cif,172501,692bb533df8f37f9c1fb5bb2123c1e890e623c18725df17e031daa0c562c7ae7
h3/out/rand150/RAND_CHEMBL5953210_agonist/seed_42/RAND_CHEMBL5953210_agonist_seed_42_sample_2_model.cif,172638,82e5ec4190fab89cf91e7bbed8f7f39df5a48a40eacef372f8be05d1de40f2f5
h3/out/rand150/RAND_CHEMBL5953210_agonist/seed_42/RAND_CHEMBL5953210_agonist_seed_42_sample_3_model.cif,172498,2160ab62b79f5030bdb2c02304c98089559bc3c62ae5882a0317927639876046
h3/out/rand150/RAND_CHEMBL5953210_agonist/seed_42/RAND_CHEMBL5953210_agonist_seed_42_sample_4_model.cif,172581,9a4dd6e3a2bf3cca841e0ce34fff1296f0b70e6fbe25d12dd08f63df06affaba
h3/out/rand150/RAND_CHEMBL5953210_agonist/seed_42/RAND_CHEMBL5953210_agonist_seed_42_sample_5_model.cif,172473,857109a7e5413fcea622ba41b61adb43bfe7345ec4bfe4d0f8e7aa31578eb86c
h3/out/rand150/RAND_CHEMBL5962887_antagonist/seed_42/RAND_CHEMBL5962887_antagonist_seed_42_sample_1_model.cif,173139,d7d92698b7cd14ab0d9cee1b22d262d9fb59cf843e3d31baff125f2293e09a71
h3/out/rand150/RAND_CHEMBL5962887_antagonist/seed_42/RAND_CHEMBL5962887_antagonist_seed_42_sample_2_model.cif,173048,0f2dc23216e8bae2457151a3956e84bb45e402517c7438e4734991028e9fd69e
h3/out/rand150/RAND_CHEMBL5962887_antagonist/seed_42/RAND_CHEMBL5962887_antagonist_seed_42_sample_3_model.cif,172959,9ffba4051a4e39982577355c5c409d77fc9d56fc36cddeb4539c3a2a18b925ac
h3/out/rand150/RAND_CHEMBL5962887_antagonist/seed_42/RAND_CHEMBL5962887_antagonist_seed_42_sample_4_model.cif,173108,f9907602c64c2c5178c0e0c21047ffc8120829c0c21747500f36854cd3c33d17
h3/out/rand150/RAND_CHEMBL5962887_antagonist/seed_42/RAND_CHEMBL5962887_antagonist_seed_42_sample_5_model.cif,173218,3d267f7a4aa78e23a3f361c2ceb050908e55a1d6a9ea0757f179069669042660
h3/out/rand150/RAND_CHEMBL5965241_antagonist/seed_42/RAND_CHEMBL5965241_antagonist_seed_42_sample_1_model.cif,173716,15a0cb6c55326fd02506fd1b160f9d9af2eeab1b2b0db4e73ee664d0d92f9a89
h3/out/rand150/RAND_CHEMBL5965241_antagonist/seed_42/RAND_CHEMBL5965241_antagonist_seed_42_sample_2_model.cif,173617,f522c01728f991be070013a0cc032b735a78cd0fd25bbcb148fa74deb2525e1d
h3/out/rand150/RAND_CHEMBL5965241_antagonist/seed_42/RAND_CHEMBL5965241_antagonist_seed_42_sample_3_model.cif,173577,f39152c89c9f0655c7850aef22d98ac17893817efbf44c2bdb52c761683e0403
h3/out/rand150/RAND_CHEMBL5965241_antagonist/seed_42/RAND_CHEMBL5965241_antagonist_seed_42_sample_4_model.cif,173915,117d46b27e21dc2057a6313cf101ba437201c5ac00733f47a89500a55eccbab3
h3/out/rand150/RAND_CHEMBL5965241_antagonist/seed_42/RAND_CHEMBL5965241_antagonist_seed_42_sample_5_model.cif,173692,34c37f8ab59ee8b1e50bb687c9f90f31560b93ace38f0fba35456ccd3b7dc494
h3/out/rand150/RAND_CHEMBL5972735_antagonist/seed_42/RAND_CHEMBL5972735_antagonist_seed_42_sample_1_model.cif,173547,ba38122c0a00b7d10d80115381de16e6e68f0074d7453cf8d5f26d516a4de2cb
h3/out/rand150/RAND_CHEMBL5972735_antagonist/seed_42/RAND_CHEMBL5972735_antagonist_seed_42_sample_2_model.cif,173425,fbe80ffd99d8102a614490e50f863db7a85602f65cc9d943b66d0aa7cd20106c
h3/out/rand150/RAND_CHEMBL5972735_antagonist/seed_42/RAND_CHEMBL5972735_antagonist_seed_42_sample_3_model.cif,173440,87c3bb181015282bc847668b86e031d245fc66ea93c8d833242621f5cd69be77
h3/out/rand150/RAND_CHEMBL5972735_antagonist/seed_42/RAND_CHEMBL5972735_antagonist_seed_42_sample_4_model.cif,173676,720804afe2eafb6a0866c7807352bc9cc08b5914b84ba077fa9f0b1b111283fc
h3/out/rand150/RAND_CHEMBL5972735_antagonist/seed_42/RAND_CHEMBL5972735_antagonist_seed_42_sample_5_model.cif,173576,3e00bd9fa2d53680b6cde937451b2daeb15c8706668f70671d0c9bdfc7872f59
h3/out/rand150/RAND_CHEMBL5974193_agonist/seed_42/RAND_CHEMBL5974193_agonist_seed_42_sample_1_model.cif,173013,deea27b2b974151ca03906555fdb34441baeecd0e025ef9334c04615a65f7236
h3/out/rand150/RAND_CHEMBL5974193_agonist/seed_42/RAND_CHEMBL5974193_agonist_seed_42_sample_2_model.cif,173146,835853dc2cf771426b56d7cabc768a6ecdbbeaa70ef44d8e4f775012e99b9ce9
h3/out/rand150/RAND_CHEMBL5974193_agonist/seed_42/RAND_CHEMBL5974193_agonist_seed_42_sample_3_model.cif,173063,3c9c053587883df54413f02cb47d6e11e7f7b4db6b5d40b14a04dc8d880f1529
h3/out/rand150/RAND_CHEMBL5974193_agonist/seed_42/RAND_CHEMBL5974193_agonist_seed_42_sample_4_model.cif,173288,e88e825044d377c6b8df1f8a15937290cfeef904133d40f282dc2a0fe0d49038
h3/out/rand150/RAND_CHEMBL5974193_agonist/seed_42/RAND_CHEMBL5974193_agonist_seed_42_sample_5_model.cif,173335,191084dc8a9873614c08b173ab99786c7f7928094ddcc98b4dd85ff60596c118
h3/out/rand150/RAND_CHEMBL5984085_antagonist/seed_42/RAND_CHEMBL5984085_antagonist_seed_42_sample_1_model.cif,173011,023286ff9cd665c4e7dcf9bb0bb988e1316e64fa68f97522981047fa21a3c100
h3/out/rand150/RAND_CHEMBL5984085_antagonist/seed_42/RAND_CHEMBL5984085_antagonist_seed_42_sample_2_model.cif,172945,ab3c09057a8810aa51e0454a4475a55834775b7f65b7e1685a3ca80c3fcd7a8d
h3/out/rand150/RAND_CHEMBL5984085_antagonist/seed_42/RAND_CHEMBL5984085_antagonist_seed_42_sample_3_model.cif,172819,66d50f02037e776a723071987754887ca20c7d5ba2d8dd57c5931ff4a8c889a7
h3/out/rand150/RAND_CHEMBL5984085_antagonist/seed_42/RAND_CHEMBL5984085_antagonist_seed_42_sample_4_model.cif,173250,8928ebd0090266bfa247565a0f4e5b4c1a70e5243f156c5b373960762635aab6
h3/out/rand150/RAND_CHEMBL5984085_antagonist/seed_42/RAND_CHEMBL5984085_antagonist_seed_42_sample_5_model.cif,172925,db81b69ec0f800c89f0b010942d338af65f694609d7758eb1ed8e4b9a56e86f7
h3/out/rand150/RAND_CHEMBL5986130_agonist/seed_42/RAND_CHEMBL5986130_agonist_seed_42_sample_1_model.cif,172762,ebd8cfe5ff00afb06f4ac734fb1ae2a50516fe3e7ab2db442b42556a17409543
h3/out/rand150/RAND_CHEMBL5986130_agonist/seed_42/RAND_CHEMBL5986130_agonist_seed_42_sample_2_model.cif,172659,029d2419f219c0b708aafa26413e8784f6de4cb556f67edc8f7e86a6013b598d
h3/out/rand150/RAND_CHEMBL5986130_agonist/seed_42/RAND_CHEMBL5986130_agonist_seed_42_sample_3_model.cif,172926,e19ddf41132d793add7edc8992dc5e8e25da976f5c5640a4d2be34998d856f4d
h3/out/rand150/RAND_CHEMBL5986130_agonist/seed_42/RAND_CHEMBL5986130_agonist_seed_42_sample_4_model.cif,172996,1633af41239c40f2cc6c907e07b5fb773673d65a70e0cd8efdf755a5d4c433bf
h3/out/rand150/RAND_CHEMBL5986130_agonist/seed_42/RAND_CHEMBL5986130_agonist_seed_42_sample_5_model.cif,172765,bb9eae64dc94aa8c82d59c4a22a47cddfc37fdf5fcd533d7fe4c80cfe0f1f8cb
h3/out/rand150/RAND_CHEMBL5990020_antagonist/seed_42/RAND_CHEMBL5990020_antagonist_seed_42_sample_1_model.cif,173947,e6fa82f1fd1a6c8b78c0483dc076962335629be6843202ba5932a243477c38a2
h3/out/rand150/RAND_CHEMBL5990020_antagonist/seed_42/RAND_CHEMBL5990020_antagonist_seed_42_sample_2_model.cif,173708,31b83def951bc59fc1bab4025f06de5773e12b59683e8295a3abfcc6bb63b020
h3/out/rand150/RAND_CHEMBL5990020_antagonist/seed_42/RAND_CHEMBL5990020_antagonist_seed_42_sample_3_model.cif,173854,05abbea00d9f64b19e229c57037eb346bff41d886f404ecedd88b8b4ec425053
h3/out/rand150/RAND_CHEMBL5990020_antagonist/seed_42/RAND_CHEMBL5990020_antagonist_seed_42_sample_4_model.cif,173961,351553d61a5dcc4b3b39c843118f5674e42e4289ab3e0801e4802960c6c6699d
h3/out/rand150/RAND_CHEMBL5990020_antagonist/seed_42/RAND_CHEMBL5990020_antagonist_seed_42_sample_5_model.cif,173830,c7b126fa7d593c5d45c287049dd4e7d855e5bbbbfe007c89a3f68dc393b7315b
h3/out/rand150/RAND_CHEMBL5993128_agonist/seed_42/RAND_CHEMBL5993128_agonist_seed_42_sample_1_model.cif,172648,0ac33eed2b07b058ba76ce4714727b2e33fd6517c32e55fc9c6f2642b86fdd99
h3/out/rand150/RAND_CHEMBL5993128_agonist/seed_42/RAND_CHEMBL5993128_agonist_seed_42_sample_2_model.cif,172764,35f6dfa3a1981c933b2f8bf9c355cf630b937ef0bd75f5e64cbecea8c12adc89
h3/out/rand150/RAND_CHEMBL5993128_agonist/seed_42/RAND_CHEMBL5993128_agonist_seed_42_sample_3_model.cif,172649,7dadbdd772683b618a73a82475d81c7dfa6b2ee13da778f4708f03175290e72e
h3/out/rand150/RAND_CHEMBL5993128_agonist/seed_42/RAND_CHEMBL5993128_agonist_seed_42_sample_4_model.cif,172926,d516cee14e2fd4ba57baf138bd68a23b44767230bbb71f79c10e6e81e060a1e5
h3/out/rand150/RAND_CHEMBL5993128_agonist/seed_42/RAND_CHEMBL5993128_agonist_seed_42_sample_5_model.cif,172639,bd9d5fa5ed7af84b33d8ebf7197621193a119cadb285eb25aa4b448b07f4ea45
h3/out/rand150/RAND_CHEMBL5998039_antagonist/seed_42/RAND_CHEMBL5998039_antagonist_seed_42_sample_1_model.cif,173598,1d15a4ddea899a31f3fc82cc03669248d3872cd00c43d1a7a894a0e7ccc9ae98
h3/out/rand150/RAND_CHEMBL5998039_antagonist/seed_42/RAND_CHEMBL5998039_antagonist_seed_42_sample_2_model.cif,173548,6087ee7f4c76da82d5e8844a602a4da0bdcb17f61719855cd8682ed645541f8d
h3/out/rand150/RAND_CHEMBL5998039_antagonist/seed_42/RAND_CHEMBL5998039_antagonist_seed_42_sample_3_model.cif,173583,a659984ff6904e2e15bbfffb0a4599fc76b121688109b3884a9941ecd5e9e86e
h3/out/rand150/RAND_CHEMBL5998039_antagonist/seed_42/RAND_CHEMBL5998039_antagonist_seed_42_sample_4_model.cif,173836,85759e0cd3b6c79324329c0b641d633b20346e3e450eeb0068cada934cefb799
h3/out/rand150/RAND_CHEMBL5998039_antagonist/seed_42/RAND_CHEMBL5998039_antagonist_seed_42_sample_5_model.cif,173433,d82839187933a6197f86eb6ad3e5a6020df010e6a2e00c5e7e50ca8b63c86ff8
h3/out/rand150/RAND_CHEMBL5998057_antagonist/seed_42/RAND_CHEMBL5998057_antagonist_seed_42_sample_1_model.cif,173434,312ef3c3b50f5f5b7dc28d1dde94048310ed14d8dc456ae37c896e6ccf7adb40
h3/out/rand150/RAND_CHEMBL5998057_antagonist/seed_42/RAND_CHEMBL5998057_antagonist_seed_42_sample_2_model.cif,173278,b13bad7795d4ca2549651c6fd0c9cd3ee2ec3f43218c1f90d3310161008cd1b2
h3/out/rand150/RAND_CHEMBL5998057_antagonist/seed_42/RAND_CHEMBL5998057_antagonist_seed_42_sample_3_model.cif,173293,bab673cb24dfaf55f9c75d205b768a48c40ff1c678ec3cdeb2e70386f3a75320
h3/out/rand150/RAND_CHEMBL5998057_antagonist/seed_42/RAND_CHEMBL5998057_antagonist_seed_42_sample_4_model.cif,173527,094ea909a641b5f0969ba6be4c043a143d3e7611c9c2bff5ec96914df66555d2
h3/out/rand150/RAND_CHEMBL5998057_antagonist/seed_42/RAND_CHEMBL5998057_antagonist_seed_42_sample_5_model.cif,173409,3d29ee104a8cf562681ee2231bb7df59068d98092f3fbac962ee04ba3b792d25
h3/out/rand150/RAND_CHEMBL6001168_agonist/seed_42/RAND_CHEMBL6001168_agonist_seed_42_sample_1_model.cif,172976,930ddd5b907340aba9b49d207c421899513ea2ed226870e29755e4b814e0ed0e
h3/out/rand150/RAND_CHEMBL6001168_agonist/seed_42/RAND_CHEMBL6001168_agonist_seed_42_sample_2_model.cif,173201,d973ada10d91cf66fcc68c6de47857c19523282890f3b3330376bd53040e6325
h3/out/rand150/RAND_CHEMBL6001168_agonist/seed_42/RAND_CHEMBL6001168_agonist_seed_42_sample_3_model.cif,172807,420d793c105b2cfd4484b8a8429f31a01656fb2b6cb76cbdb1ca20df89ca0abc
h3/out/rand150/RAND_CHEMBL6001168_agonist/seed_42/RAND_CHEMBL6001168_agonist_seed_42_sample_4_model.cif,173261,c9688f069a8bd955b1cde18c3aed43ffba37c39adf2500001ffcab4bed7d846c
h3/out/rand150/RAND_CHEMBL6001168_agonist/seed_42/RAND_CHEMBL6001168_agonist_seed_42_sample_5_model.cif,173013,091ec9d1c6395e664fb73e0c946a88b02431184c013448493308cf7ef990f086
h3/out/rand150/RAND_CHEMBL6003966_antagonist/seed_42/RAND_CHEMBL6003966_antagonist_seed_42_sample_1_model.cif,173560,78cc360a3f7a5d163ad46bc174bca0288642fa8f6d3b7da2108e092b63f41887
h3/out/rand150/RAND_CHEMBL6003966_antagonist/seed_42/RAND_CHEMBL6003966_antagonist_seed_42_sample_2_model.cif,173315,5a0c1bebc0fcd089a8418423a3b35fabb52919bbf9eb0aecdf073331b2dd72dc
h3/out/rand150/RAND_CHEMBL6003966_antagonist/seed_42/RAND_CHEMBL6003966_antagonist_seed_42_sample_3_model.cif,173376,e638caba38460f7d6c0c9dfa4d314dac55c7009518c2175effb165922ae4bfac
h3/out/rand150/RAND_CHEMBL6003966_antagonist/seed_42/RAND_CHEMBL6003966_antagonist_seed_42_sample_4_model.cif,173480,15e6c2ad3bd802d032dda7f64f5dc1e22e77146fc0a34aa26eff93e6f46f7e57
h3/out/rand150/RAND_CHEMBL6003966_antagonist/seed_42/RAND_CHEMBL6003966_antagonist_seed_42_sample_5_model.cif,173408,77387d6109533542b8b9487b6a1d77e6bac55d893635de9d7b5cf9134cabcd0e
h3/out/rand150/RAND_CHEMBL6007121_antagonist/seed_42/RAND_CHEMBL6007121_antagonist_seed_42_sample_1_model.cif,173387,0ca80719bf13385025895fea04ebfe7ad87c66704417b60a78c87b9968f7cbd9
h3/out/rand150/RAND_CHEMBL6007121_antagonist/seed_42/RAND_CHEMBL6007121_antagonist_seed_42_sample_2_model.cif,173285,05207f3efc995705e4730bc7d7630083a53dceff627def7ed06242aaa9c60dc6
h3/out/rand150/RAND_CHEMBL6007121_antagonist/seed_42/RAND_CHEMBL6007121_antagonist_seed_42_sample_3_model.cif,173140,5cc174b2f510ba6f74a7a7451d3a4995882f2172b96d0ec8759c6f366b906065
h3/out/rand150/RAND_CHEMBL6007121_antagonist/seed_42/RAND_CHEMBL6007121_antagonist_seed_42_sample_4_model.cif,173319,b4ad57f50b8a63739795b248fe8f8b70d9bd6e50b1330999aeac1eef5f308fd3
h3/out/rand150/RAND_CHEMBL6007121_antagonist/seed_42/RAND_CHEMBL6007121_antagonist_seed_42_sample_5_model.cif,173256,c95623ef94be6cb5f8476e30a61605c4c66001e5ce07c5ab1fb5a4342c9fdc59
h3/out/rand150/RAND_CHEMBL6011105_agonist/seed_42/RAND_CHEMBL6011105_agonist_seed_42_sample_1_model.cif,173087,3b8bc0a4735841023bd54391d85737984fb0def6fb47579ee73a7d26a249743f
h3/out/rand150/RAND_CHEMBL6011105_agonist/seed_42/RAND_CHEMBL6011105_agonist_seed_42_sample_2_model.cif,173193,49b633231f22e34b2a5064119753f92507ca7b96ecd275ee84c94e20bc33395d
h3/out/rand150/RAND_CHEMBL6011105_agonist/seed_42/RAND_CHEMBL6011105_agonist_seed_42_sample_3_model.cif,173009,c91d283d6d6a4fb3d65f891d849e1c6d5824d2c7d3109e9169d241c0ec28c140
h3/out/rand150/RAND_CHEMBL6011105_agonist/seed_42/RAND_CHEMBL6011105_agonist_seed_42_sample_4_model.cif,173282,e2c32c0a05b88a2b9754fea75e00a38af241caaeaed57b68ff1d77dcb55d7ec1
h3/out/rand150/RAND_CHEMBL6011105_agonist/seed_42/RAND_CHEMBL6011105_agonist_seed_42_sample_5_model.cif,173261,7c50ae1394fbd4e796a4cd607f63dc351d2e3a6c7658c6d8fe7eef354dd1956e
h3/out/rand150/RAND_CHEMBL6016295_agonist/seed_42/RAND_CHEMBL6016295_agonist_seed_42_sample_1_model.cif,173463,ee32925ab2dd598174db25c0e31e80b56b0ead6f44d5157e9a76504a76c7a3b9
h3/out/rand150/RAND_CHEMBL6016295_agonist/seed_42/RAND_CHEMBL6016295_agonist_seed_42_sample_2_model.cif,173341,ad0a228b4ac21361ded15e238728fa359ec1b5569199c697af206af9c679c596
h3/out/rand150/RAND_CHEMBL6016295_agonist/seed_42/RAND_CHEMBL6016295_agonist_seed_42_sample_3_model.cif,173439,f27b88690d468365627cd4b8c1857418a6f0fd2e8ddc3209e54bc078c82f0ee3
h3/out/rand150/RAND_CHEMBL6016295_agonist/seed_42/RAND_CHEMBL6016295_agonist_seed_42_sample_4_model.cif,173549,5ce864c476ad7d59db743af8d02fcb28e1633fec621b80ad7ac4d9ab09eb17b9
h3/out/rand150/RAND_CHEMBL6016295_agonist/seed_42/RAND_CHEMBL6016295_agonist_seed_42_sample_5_model.cif,173436,6b32a79333a09298c154a77aac1faa91a423268179bded2d4091582068c0e2eb
h3/out/rand150/RAND_CHEMBL6016819_agonist/seed_42/RAND_CHEMBL6016819_agonist_seed_42_sample_1_model.cif,172944,90372f18e74796d99d1da4af4800f27ade25bb4da15909068b7928c589569dc1
h3/out/rand150/RAND_CHEMBL6016819_agonist/seed_42/RAND_CHEMBL6016819_agonist_seed_42_sample_2_model.cif,173141,b52acc37daf9954697d3d7e61f058141a8b8e40ba1b5884f54c7737ebf66375c
h3/out/rand150/RAND_CHEMBL6016819_agonist/seed_42/RAND_CHEMBL6016819_agonist_seed_42_sample_3_model.cif,172845,d97393dfe6d39a8b8fe381fb4ad31e58b3cacbd1ee4e2b8557000598526a9c1f
h3/out/rand150/RAND_CHEMBL6016819_agonist/seed_42/RAND_CHEMBL6016819_agonist_seed_42_sample_4_model.cif,173233,7aaf6528ff953024a8a15f8843f2cba417ce6bbd57c3261819271874dae17983
h3/out/rand150/RAND_CHEMBL6016819_agonist/seed_42/RAND_CHEMBL6016819_agonist_seed_42_sample_5_model.cif,172939,3e63cd20193a28545283d15f8ab8eed567a9276b19339027017323efc02e17ec
h3/out/rand150/RAND_CHEMBL6023400_agonist/seed_42/RAND_CHEMBL6023400_agonist_seed_42_sample_1_model.cif,173061,d46a451c07539c33b1f44f35cd6600ffb02e0546e14a264a44837f76aa9fa4b6
h3/out/rand150/RAND_CHEMBL6023400_agonist/seed_42/RAND_CHEMBL6023400_agonist_seed_42_sample_2_model.cif,172992,df8ba7f2ab7da874b6cfcce78308e7e7b0d2277bfd563db84d7a6c5aca545672
h3/out/rand150/RAND_CHEMBL6023400_agonist/seed_42/RAND_CHEMBL6023400_agonist_seed_42_sample_3_model.cif,173072,0e5ddead0dbc6709d39de3a2678787b45e3a66c8a9e885fdfb087c697b398cef
h3/out/rand150/RAND_CHEMBL6023400_agonist/seed_42/RAND_CHEMBL6023400_agonist_seed_42_sample_4_model.cif,173291,192f3a66ffa3605e06ad10f474b35356eb8a360de1ab3c4a74dfec3f810422f1
h3/out/rand150/RAND_CHEMBL6023400_agonist/seed_42/RAND_CHEMBL6023400_agonist_seed_42_sample_5_model.cif,173218,74dfef602359a32910ba5ce2a6bbd83774f837f28c1ec78a3464e32489b74866
h3/out/rand150/RAND_CHEMBL6023459_agonist/seed_42/RAND_CHEMBL6023459_agonist_seed_42_sample_1_model.cif,172607,9d867c445c1d909f4a546af2999afac26e2a65b39fba8cd0d5de85f126fe8c18
h3/out/rand150/RAND_CHEMBL6023459_agonist/seed_42/RAND_CHEMBL6023459_agonist_seed_42_sample_2_model.cif,172749,9711b2c34024310da812b2936efcbcd58d936c5f41d9ecd87d93a9e678dcef9c
h3/out/rand150/RAND_CHEMBL6023459_agonist/seed_42/RAND_CHEMBL6023459_agonist_seed_42_sample_3_model.cif,172635,cdd971ae75ef769f0157c3242cdcf8253fe74869e197af93f6e79700ce1aa687
h3/out/rand150/RAND_CHEMBL6023459_agonist/seed_42/RAND_CHEMBL6023459_agonist_seed_42_sample_4_model.cif,172928,9a85ed79e2e5eb400bebf82d4a411d706c4fec40ad78829e2a194f25933a61ea
h3/out/rand150/RAND_CHEMBL6023459_agonist/seed_42/RAND_CHEMBL6023459_agonist_seed_42_sample_5_model.cif,172641,b6b7af71910aa4679c31d0936e3b491891e3248ab0ff41e6435d5c30d066309f
h3/out/rand150/RAND_CHEMBL6028453_antagonist/seed_42/RAND_CHEMBL6028453_antagonist_seed_42_sample_1_model.cif,173734,a2eaff9b00876fd122a7189d146508578c5f5f1501d5ad79fd736570caf0e940
h3/out/rand150/RAND_CHEMBL6028453_antagonist/seed_42/RAND_CHEMBL6028453_antagonist_seed_42_sample_2_model.cif,173486,a89692843dfab408e099bdee2dd43f001cd25e87cc55ae18b4def96784f36921
h3/out/rand150/RAND_CHEMBL6028453_antagonist/seed_42/RAND_CHEMBL6028453_antagonist_seed_42_sample_3_model.cif,173560,7a22afa71166ea7ebf5ac8b4654482ac23167660f5d98ecafd33931adde0b3fb
h3/out/rand150/RAND_CHEMBL6028453_antagonist/seed_42/RAND_CHEMBL6028453_antagonist_seed_42_sample_4_model.cif,173838,14c46394bc2feb1d60ec9f8fa2a718c8cb524caa7f5c436f47803c2ce572631d
h3/out/rand150/RAND_CHEMBL6028453_antagonist/seed_42/RAND_CHEMBL6028453_antagonist_seed_42_sample_5_model.cif,173445,58aa1e45c4270223e962e346539c3601836b939401dba42c072675e8e338958d
h3/out/rand150/RAND_CHEMBL6031221_antagonist/seed_42/RAND_CHEMBL6031221_antagonist_seed_42_sample_1_model.cif,173388,f0b60bd278fbc8cadb4d2083cfc827871e42fb1c7e15c3da1fb01f1a5a46fa54
h3/out/rand150/RAND_CHEMBL6031221_antagonist/seed_42/RAND_CHEMBL6031221_antagonist_seed_42_sample_2_model.cif,173351,2126a97af493f3b7ba2edaa7fb85b7f18a64d7c59bafe17deea1b472c1afff31
h3/out/rand150/RAND_CHEMBL6031221_antagonist/seed_42/RAND_CHEMBL6031221_antagonist_seed_42_sample_3_model.cif,173334,729daa78e2352c33a8e1fe291f8f8371f3fe1bbc9b83d97b40c860134e9533fa
h3/out/rand150/RAND_CHEMBL6031221_antagonist/seed_42/RAND_CHEMBL6031221_antagonist_seed_42_sample_4_model.cif,173559,802440b485d99218b429232c41cb48b52b30c0d11caf1de1f22b4fdc601ee7d8
h3/out/rand150/RAND_CHEMBL6031221_antagonist/seed_42/RAND_CHEMBL6031221_antagonist_seed_42_sample_5_model.cif,173376,823a686c15c115161f24976a3e260ad8faa60cd84e6d2c0151a218799a026cf9
h3/out/rand150/RAND_CHEMBL6034054_antagonist/seed_42/RAND_CHEMBL6034054_antagonist_seed_42_sample_1_model.cif,173894,972a3fdd3946889e92198c0fd9cd892b1cb7c2c155849df998744d8ab33788e6
h3/out/rand150/RAND_CHEMBL6034054_antagonist/seed_42/RAND_CHEMBL6034054_antagonist_seed_42_sample_2_model.cif,173518,d1c6e06cb954cdc029c3c59f09f13e29c51fe12fe874d705a3216a92fefb56b4
h3/out/rand150/RAND_CHEMBL6034054_antagonist/seed_42/RAND_CHEMBL6034054_antagonist_seed_42_sample_3_model.cif,173555,3a90cdd05685bff4a14d5451fe94533ba9c1f72140acdac2e17e8f1da62433e4
h3/out/rand150/RAND_CHEMBL6034054_antagonist/seed_42/RAND_CHEMBL6034054_antagonist_seed_42_sample_4_model.cif,173888,3dc332d8bb41cf7db20ed1dec4d3032569e37c27ad7c7eb689403790637ffba8
h3/out/rand150/RAND_CHEMBL6034054_antagonist/seed_42/RAND_CHEMBL6034054_antagonist_seed_42_sample_5_model.cif,173740,c0a1d36459a89d57775490d2f37fc32d6a877a9aa0598fab6f80cdc54c050b17
h3/out/rand150/RAND_CHEMBL6052651_antagonist/seed_42/RAND_CHEMBL6052651_antagonist_seed_42_sample_1_model.cif,174072,2fc54877706fb499cebd001746e8def8193fd1e31d14a0bf0c8a73de804aaedf
h3/out/rand150/RAND_CHEMBL6052651_antagonist/seed_42/RAND_CHEMBL6052651_antagonist_seed_42_sample_2_model.cif,173863,d9ee5174fe9001961bada8c735052e05012ced2357b5cba07ff48ad67a01020b
h3/out/rand150/RAND_CHEMBL6052651_antagonist/seed_42/RAND_CHEMBL6052651_antagonist_seed_42_sample_3_model.cif,174006,25447fded660f7bf3a3a80513efb26b1c8f58c0627af03ddb7407b321348aa15
h3/out/rand150/RAND_CHEMBL6052651_antagonist/seed_42/RAND_CHEMBL6052651_antagonist_seed_42_sample_4_model.cif,174134,5fae53e1036834a59a89860ae80569aaab1921f7e8cde3c41c2a3acee9ad3a23
h3/out/rand150/RAND_CHEMBL6052651_antagonist/seed_42/RAND_CHEMBL6052651_antagonist_seed_42_sample_5_model.cif,174026,a5924c2e2b94e29dee18b4476feb3f4aa08f537fb53f3a141b2077a5fde2baac
h3/out/rand150/RAND_CHEMBL6053001_antagonist/seed_42/RAND_CHEMBL6053001_antagonist_seed_42_sample_1_model.cif,173550,0b0efcc9cfc175b5bbdb7d9b0e86072971f65549324c92a3b494338e63967c7e
h3/out/rand150/RAND_CHEMBL6053001_antagonist/seed_42/RAND_CHEMBL6053001_antagonist_seed_42_sample_2_model.cif,173243,df278e332a4efbb944ce113107bbb223a7bc76e103b7f816412961d1fc364c18
h3/out/rand150/RAND_CHEMBL6053001_antagonist/seed_42/RAND_CHEMBL6053001_antagonist_seed_42_sample_3_model.cif,173442,72557f41a143d77c36aca7036e2eb8a6f8ee629b89177309ba53f407fa674679
h3/out/rand150/RAND_CHEMBL6053001_antagonist/seed_42/RAND_CHEMBL6053001_antagonist_seed_42_sample_4_model.cif,173657,0377c8abac1bd33d91081c6117f6cb26dde3f29aac6c861e190f38181399566f
h3/out/rand150/RAND_CHEMBL6053001_antagonist/seed_42/RAND_CHEMBL6053001_antagonist_seed_42_sample_5_model.cif,173540,59f13b2f0cb9aa4912ee0e3ff7ccb06766de1ceef2cd3f0e998255cf3e581434
h3/out/rand150/RAND_CHEMBL6055423_agonist/seed_42/RAND_CHEMBL6055423_agonist_seed_42_sample_1_model.cif,172664,f01af2db09af63cfa54d6f91d3ad7d3924518f6ff5276752c4ce8c83e40cc8b3
h3/out/rand150/RAND_CHEMBL6055423_agonist/seed_42/RAND_CHEMBL6055423_agonist_seed_42_sample_2_model.cif,172666,bfeff5424420b17259adb41d593f6e50a11a1f5d05a1ed4ba07629c2bc28cac4
h3/out/rand150/RAND_CHEMBL6055423_agonist/seed_42/RAND_CHEMBL6055423_agonist_seed_42_sample_3_model.cif,172985,727588438ff6c3c67c8afe35aa2e7f382a5496b1456f46c6e7e5b1237bb3f093
h3/out/rand150/RAND_CHEMBL6055423_agonist/seed_42/RAND_CHEMBL6055423_agonist_seed_42_sample_4_model.cif,172997,2f409851b3b18addc7c154f8cabac6ca12527f568c9d8d39d6d1507277b8f3c9
h3/out/rand150/RAND_CHEMBL6055423_agonist/seed_42/RAND_CHEMBL6055423_agonist_seed_42_sample_5_model.cif,172724,df77570c7c83d4eb3c629f8e9c00eac9b3038c6c05a709c151e65bb942d0c39d
h3/out/rand150/RAND_CHEMBL6060615_antagonist/seed_42/RAND_CHEMBL6060615_antagonist_seed_42_sample_1_model.cif,173216,dcd2f582d0335cee546bdaf9e2b9c7e2f990fcfa2f7edc549378e4ef2a23af3e
h3/out/rand150/RAND_CHEMBL6060615_antagonist/seed_42/RAND_CHEMBL6060615_antagonist_seed_42_sample_2_model.cif,172779,88b2f9cb73d222f6c72643802dc5ce545bba423669a80e86c9112087f3cd203d
h3/out/rand150/RAND_CHEMBL6060615_antagonist/seed_42/RAND_CHEMBL6060615_antagonist_seed_42_sample_3_model.cif,173024,a357dc339a0152f74a496e5067eee0040b7156ca5955b2c2a05f89a7af2e9692
h3/out/rand150/RAND_CHEMBL6060615_antagonist/seed_42/RAND_CHEMBL6060615_antagonist_seed_42_sample_4_model.cif,173174,9258c6e444414669ac3dee6148d5e0b85dd6a7ec3a8f90773b76f5ff065919f6
h3/out/rand150/RAND_CHEMBL6060615_antagonist/seed_42/RAND_CHEMBL6060615_antagonist_seed_42_sample_5_model.cif,173232,5c664865953d466384857e48586c8994cccedd6764a71d2fed90bd831f73714e
h3/out/rand150/RAND_CHEMBL6063063_antagonist/seed_42/RAND_CHEMBL6063063_antagonist_seed_42_sample_1_model.cif,173533,43b50176c92f953e8733741289d7fc70896a46faaeb0dda0eb95a36d07badf58
h3/out/rand150/RAND_CHEMBL6063063_antagonist/seed_42/RAND_CHEMBL6063063_antagonist_seed_42_sample_2_model.cif,173317,babe20556969db480b71970df27630c1f7f5a3ede1aaffd19ee330705d1767b3
h3/out/rand150/RAND_CHEMBL6063063_antagonist/seed_42/RAND_CHEMBL6063063_antagonist_seed_42_sample_3_model.cif,173288,ca293fb089e29072fc0ce03898555118cb541d5d3af05dca39f1e3f042981d13
h3/out/rand150/RAND_CHEMBL6063063_antagonist/seed_42/RAND_CHEMBL6063063_antagonist_seed_42_sample_4_model.cif,173437,bb47780e56129dd8da7cdee2c769e4ef38fc9c15269e8bbd592bd507bfe799ab
h3/out/rand150/RAND_CHEMBL6063063_antagonist/seed_42/RAND_CHEMBL6063063_antagonist_seed_42_sample_5_model.cif,173376,9c367a0046210d5948ed70a6ecb79dff75d01e0d479d68a86b32a5748b52764d
h3/out/rand150/RAND_CHEMBL6063921_agonist/seed_42/RAND_CHEMBL6063921_agonist_seed_42_sample_1_model.cif,171994,57c41d25102582c600bb6a9a89ffad83b73becf11355ee837f8bb9d6136a9787
h3/out/rand150/RAND_CHEMBL6063921_agonist/seed_42/RAND_CHEMBL6063921_agonist_seed_42_sample_2_model.cif,172062,a4b76890e6e223c4350bd97ec573c6d5fc51dbc429e2c6c73b48bd2a23d2f974
h3/out/rand150/RAND_CHEMBL6063921_agonist/seed_42/RAND_CHEMBL6063921_agonist_seed_42_sample_3_model.cif,171998,7efe31dd33c1f046ada1950403513d665ddda040f5a533398ec082227d0260c0
h3/out/rand150/RAND_CHEMBL6063921_agonist/seed_42/RAND_CHEMBL6063921_agonist_seed_42_sample_4_model.cif,172179,76dd7ca5fba315052be55a5c50934005e7a3deb762d78f6fe6d7176b3a9fe509
h3/out/rand150/RAND_CHEMBL6063921_agonist/seed_42/RAND_CHEMBL6063921_agonist_seed_42_sample_5_model.cif,172070,1f1d9063144262323ef3ef59b842af295ac0536a176f5567ffedbf42e26f0d97
h3/out/rand150/RAND_CHEMBL6064848_antagonist/seed_42/RAND_CHEMBL6064848_antagonist_seed_42_sample_1_model.cif,173285,64f5b25b5b483e73844532cea833ea02054d3b4907032cb426f26a220f5e9113
h3/out/rand150/RAND_CHEMBL6064848_antagonist/seed_42/RAND_CHEMBL6064848_antagonist_seed_42_sample_2_model.cif,172927,6a8527f6b5ede06bd52637f1e1d28a67867a167df6092fa6529d5207fb0fac84
h3/out/rand150/RAND_CHEMBL6064848_antagonist/seed_42/RAND_CHEMBL6064848_antagonist_seed_42_sample_3_model.cif,173014,2ccc64794031c73df5f78a247a535240ff11e4b312d0ae014233b080bfe4373e
h3/out/rand150/RAND_CHEMBL6064848_antagonist/seed_42/RAND_CHEMBL6064848_antagonist_seed_42_sample_4_model.cif,173214,3abf618036767b76c4e07535ec68af97c99e3f43743289799d4d095ceba7bbab
h3/out/rand150/RAND_CHEMBL6064848_antagonist/seed_42/RAND_CHEMBL6064848_antagonist_seed_42_sample_5_model.cif,173280,53e7c197ba20e5e9ff08c06471ca064df77bae0ced07634338cd15ce9610aba0
