┌──────────────────────────────────────────────────────────────────────────────┐
│                               APHERIS Metrics                                │
│              Compute quality metrics for predicted structures.               │
└──────────────────────────────────────────────────────────────────────────────┘
[depth..del] Read 3 entities from `_entity` table.                              
[depth..del] Read 1 polymer type from `_entity_poly` table.                     
[depth..del] Read 1 entities with a total of 225 residues from                  
`_entity_poly_seq` block.                                                       
[depth..del] Read 3 chains from `_struct_asym` table.                           
[depth..del] Read 1 assembly operation matrix from `_pdbx_struct_oper_list`     
table.                                                                          
[depth..del] Read 1 assembly from `_pdbx_struct_assembly_gen` table.            
[depth..del] Read 22 components from `_chem_comp` block.                        
[depth..del] Read 3 entities from `_entity` table.                              
[depth..del] Read 1 polymer type from `_entity_poly` table.                     
[depth..del] Read 1 entities with a total of 225 residues from                  
`_entity_poly_seq` block.                                                       
[depth..del] Read 3 entities from `_entity` table.                              
[depth..del] Read 3 chains from `_struct_asym` table.                           
[depth..del] Read 1 assembly operation matrix from `_pdbx_struct_oper_list`     
table.                                                                          
[depth..del] Read 1 polymer type from `_entity_poly` table.                     
[depth..del] Read 1 assembly from `_pdbx_struct_assembly_gen` table.            
[depth..del] Read 22 components from `_chem_comp` block.                        
[depth..del] Read 1 entities with a total of 225 residues from                  
`_entity_poly_seq` block.                                                       
[depth..del] Read 3 chains from `_struct_asym` table.                           
[depth..del] Read 1 assembly operation matrix from `_pdbx_struct_oper_list`     
table.                                                                          
[depth..del] Read 1 assembly from `_pdbx_struct_assembly_gen` table.            
[depth..del] Read 22 components from `_chem_comp` block.                        
[depth..del] Read 3 entities from `_entity` table.                              
[depth..del] Read 1 polymer type from `_entity_poly` table.                     
[depth..del] Read 3 entities from `_entity` table.                              
[depth..del] Read 1 entities with a total of 225 residues from                  
`_entity_poly_seq` block.                                                       
[depth..del] Read 1 polymer type from `_entity_poly` table.                     
[depth..del] Read 3 chains from `_struct_asym` table.                           
[depth..del] Read 1 assembly operation matrix from `_pdbx_struct_oper_list`     
table.                                                                          
[depth..del] Read 1 entities with a total of 225 residues from                  
`_entity_poly_seq` block.                                                       
[depth..del] Read 1 assembly from `_pdbx_struct_assembly_gen` table.            
[depth..del] Read 3 chains from `_struct_asym` table.                           
[depth..del] Read 22 components from `_chem_comp` block.                        
[depth..del] Read 1 assembly operation matrix from `_pdbx_struct_oper_list`     
table.                                                                          
[depth..del] Read 1 assembly from `_pdbx_struct_assembly_gen` table.            
[depth..del] Read 22 components from `_chem_comp` block.                        
[depth..del] Read 3 entities from `_entity` table.                              
[depth..del] Read 1 polymer type from `_entity_poly` table.                     
[depth..del] Read 1 entities with a total of 225 residues from                  
`_entity_poly_seq` block.                                                       
[depth..del] Read 3 chains from `_struct_asym` table.                           
[depth..del] Read 1 assembly operation matrix from `_pdbx_struct_oper_list`     
table.                                                                          
[depth..del] Read 1 assembly from `_pdbx_struct_assembly_gen` table.            
[depth..del] Read 22 components from `_chem_comp` block.                        
[depth..del] Read 3 entities from `_entity` table.                              
[depth..del] Read 1 polymer type from `_entity_poly` table.                     
[depth..del] Read 1 entities with a total of 225 residues from                  
`_entity_poly_seq` block.                                                       
[depth..del] Read 3 chains from `_struct_asym` table.                           
[depth..del] Read 1 assembly operation matrix from `_pdbx_struct_oper_list`     
table.                                                                          
[depth..del] Read 1 assembly from `_pdbx_struct_assembly_gen` table.            
[depth..del] Read 22 components from `_chem_comp` block.                        
[depth..del] Read 3 entities from `_entity` table.                              
[depth..del] Read 1 polymer type from `_entity_poly` table.                     
[depth..del] Read 1 entities with a total of 225 residues from                  
`_entity_poly_seq` block.                                                       
[depth..del] Read 3 chains from `_struct_asym` table.                           
[depth..del] Read 1 assembly operation matrix from `_pdbx_struct_oper_list`     
table.                                                                          
[depth..del] Read 1 assembly from `_pdbx_struct_assembly_gen` table.            
[depth..del] Read 22 components from `_chem_comp` block.                        
[depth..del] Read 3 entities from `_entity` table.                              
[depth..del] Read 1 polymer type from `_entity_poly` table.                     
[depth..del] Read 1 entities with a total of 225 residues from                  
`_entity_poly_seq` block.                                                       
[depth..del] Read 3 chains from `_struct_asym` table.                           
[depth..del] Read 1 assembly operation matrix from `_pdbx_struct_oper_list`     
table.                                                                          
[depth..del] Read 1 assembly from `_pdbx_struct_assembly_gen` table.            
[depth..del] Read 22 components from `_chem_comp` block.                        
[depth..del] Read 3 entities from `_entity` table.                              
[depth..del] Read 1 polymer type from `_entity_poly` table.                     
[depth..del] Read 1 entities with a total of 225 residues from                  
`_entity_poly_seq` block.                                                       
[depth..del] Read 3 chains from `_struct_asym` table.                           
[depth..del] Read 1 assembly operation matrix from `_pdbx_struct_oper_list`     
table.                                                                          
[depth..del] Read 1 assembly from `_pdbx_struct_assembly_gen` table.            
[depth..del] Read 22 components from `_chem_comp` block.                        
[depth..del] Read 3 entities from `_entity` table.                              
[depth..del] Read 1 polymer type from `_entity_poly` table.                     
[depth..del] Read 1 entities with a total of 225 residues from                  
`_entity_poly_seq` block.                                                       
[depth..del] Read 3 entities from `_entity` table.                              
[depth..del] Read 3 chains from `_struct_asym` table.                           
[depth..del] Read 1 assembly operation matrix from `_pdbx_struct_oper_list`     
table.                                                                          
[depth..del] Read 1 polymer type from `_entity_poly` table.                     
[depth..del] Read 1 assembly from `_pdbx_struct_assembly_gen` table.            
[depth..del] Read 22 components from `_chem_comp` block.                        
[depth..del] Read 1 entities with a total of 225 residues from                  
`_entity_poly_seq` block.                                                       
[depth..del] Read 3 chains from `_struct_asym` table.                           
[depth..del] Read 1 assembly operation matrix from `_pdbx_struct_oper_list`     
table.                                                                          
[depth..del] Read 1 assembly from `_pdbx_struct_assembly_gen` table.            
[depth..del] Read 22 components from `_chem_comp` block.                        
[depth..del] Read 3 entities from `_entity` table.                              
[depth..del] Read 1 polymer type from `_entity_poly` table.                     
[depth..del] Read 1 entities with a total of 225 residues from                  
`_entity_poly_seq` block.                                                       
[depth..del] Read 3 entities from `_entity` table.                              
[depth..del] Read 3 chains from `_struct_asym` table.                           
[depth..del] Read 1 polymer type from `_entity_poly` table.                     
[depth..del] Read 1 assembly operation matrix from `_pdbx_struct_oper_list`     
table.                                                                          
[depth..del] Read 1 assembly from `_pdbx_struct_assembly_gen` table.            
[depth..del] Read 22 components from `_chem_comp` block.                        
[depth..del] Read 1 entities with a total of 225 residues from                  
`_entity_poly_seq` block.                                                       
[depth..del] Read 3 chains from `_struct_asym` table.                           
[depth..del] Read 1 assembly operation matrix from `_pdbx_struct_oper_list`     
table.                                                                          
[depth..del] Read 1 assembly from `_pdbx_struct_assembly_gen` table.            
[depth..del] Read 22 components from `_chem_comp` block.                        
[depth..del] Read 3 entities from `_entity` table.                              
[depth..del] Read 1 polymer type from `_entity_poly` table.                     
[depth..del] Read 1 entities with a total of 225 residues from                  
`_entity_poly_seq` block.                                                       
[depth..del] Read 3 chains from `_struct_asym` table.                           
[depth..del] Read 1 assembly operation matrix from `_pdbx_struct_oper_list`     
table.                                                                          
[depth..del] Read 1 assembly from `_pdbx_struct_assembly_gen` table.            
[depth..del] Read 22 components from `_chem_comp` block.                        
[depth..del] Read 1837 atoms from `_atom_site` table.                           
[depth..del] Read 1837 atoms from `_atom_site` table.                           
[depth..del] Identified 256 resolved residue(s) from `_atom_site` table.        
[depth..del] Identified 256 resolved residue(s) from `_atom_site` table.        
[depth..del] Parsed molecule with 1900 atoms (1837 resolved), 1902 bonds, 262   
residues, and 3 chains.                                                         
[depth..del] Read 3 entities from `_entity` table.                              
[depth..del] Read 1 polymer type from `_entity_poly` table.                     
[depth..del] Read 1 entities with a total of 225 residues from                  
`_entity_poly_seq` block.                                                       
[depth..del] Read 2 entities from `_entity` table.                              
[depth..del] Read 3 chains from `_struct_asym` table.                           
[depth..del] Read 1 polymer type from `_entity_poly` table.                     
[depth..del] Read 1 assembly operation matrix from `_pdbx_struct_oper_list`     
table.                                                                          
[depth..del] Read 1 non-polymer entity from `_pdbx_entity_nonpoly` table.       
[depth..del] Read 1 assembly from `_pdbx_struct_assembly_gen` table.            
[depth..del] Read 22 components from `_chem_comp` block.                        
[depth..del] Read 1 entities with a total of 243 residues from                  
`_entity_poly_seq` block.                                                       
[depth..del] Read 1 chain with a total of 243 residues from                     
`_pdbx_poly_seq_scheme` table.                                                  
[depth..del] Read 1 chain with a total of 1 residues from `_pdbx_nonpoly_scheme`
table.                                                                          
[depth..del] Read 2 chains from `_struct_asym` table.                           
[depth..del] Parsed molecule with 1900 atoms (1837 resolved), 1902 bonds, 262   
residues, and 3 chains.                                                         
[depth..del] Read 21 components from `_chem_comp` block.                        
[depth..del] Read 31 atoms from `_chem_comp_atom` block.                        
[depth..del] Read 2 entities from `_entity` table.                              
[depth..del] Read 1 polymer type from `_entity_poly` table.                     
[depth..del] Read 1 non-polymer entity from `_pdbx_entity_nonpoly` table.       
[depth..del] Read 1837 atoms from `_atom_site` table.                           
[depth..del] Read 1 entities with a total of 243 residues from                  
`_entity_poly_seq` block.                                                       
[depth..del] Read 1 chain with a total of 243 residues from                     
`_pdbx_poly_seq_scheme` table.                                                  
[depth..del] Read 1 chain with a total of 1 residues from `_pdbx_nonpoly_scheme`
table.                                                                          
[depth..del] Read 2 chains from `_struct_asym` table.                           
[depth..del] Read 21 components from `_chem_comp` block.                        
[depth..del] Read 31 atoms from `_chem_comp_atom` block.                        
[depth..del] Read 1837 atoms from `_atom_site` table.                           
[depth..del] Read 1837 atoms from `_atom_site` table.                           
[depth..del] Read 1837 atoms from `_atom_site` table.                           
[depth..del] Read 1837 atoms from `_atom_site` table.                           
[depth..del] Identified 256 resolved residue(s) from `_atom_site` table.        
[depth..del] Identified 256 resolved residue(s) from `_atom_site` table.        
[depth..del] Read 2017 atoms from `_atom_site` table.                           
[depth..del] Read 2017 atoms from `_atom_site` table.                           
[depth..del] Identified 256 resolved residue(s) from `_atom_site` table.        
[depth..del] Identified 256 resolved residue(s) from `_atom_site` table.        
[depth..del] Identified 244 resolved residue(s) from `_atom_site` table.        
[depth..del] Identified 244 resolved residue(s) from `_atom_site` table.        
[depth..del] Parsed molecule with 1900 atoms (1837 resolved), 1902 bonds, 262   
residues, and 3 chains.                                                         
[depth..del] Parsed molecule with 1900 atoms (1837 resolved), 1902 bonds, 262   
residues, and 3 chains.                                                         
[depth..del] Identified 256 resolved residue(s) from `_atom_site` table.        
[depth..del] Read 2 entities from `_entity` table.                              
[depth..del] Read 2 entities from `_entity` table.                              
[depth..del] Read 1 polymer type from `_entity_poly` table.                     
[depth..del] Read 1 polymer type from `_entity_poly` table.                     
[depth..del] Read 1 non-polymer entity from `_pdbx_entity_nonpoly` table.       
[depth..del] Read 1 non-polymer entity from `_pdbx_entity_nonpoly` table.       
[depth..del] Read 1 entities with a total of 243 residues from                  
`_entity_poly_seq` block.                                                       
[depth..del] Read 1 entities with a total of 243 residues from                  
`_entity_poly_seq` block.                                                       
[depth..del] Read 1 chain with a total of 243 residues from                     
`_pdbx_poly_seq_scheme` table.                                                  
[depth..del] Read 1 chain with a total of 243 residues from                     
`_pdbx_poly_seq_scheme` table.                                                  
[depth..del] Read 1 chain with a total of 1 residues from `_pdbx_nonpoly_scheme`
table.                                                                          
[depth..del] Read 1 chain with a total of 1 residues from `_pdbx_nonpoly_scheme`
table.                                                                          
[depth..del] Read 2 chains from `_struct_asym` table.                           
[depth..del] Read 2 chains from `_struct_asym` table.                           
[depth..del] Read 21 components from `_chem_comp` block.                        
[depth..del] Read 21 components from `_chem_comp` block.                        
[depth..del] Read 31 atoms from `_chem_comp_atom` block.                        
[depth..del] Read 31 atoms from `_chem_comp_atom` block.                        
[depth..del] Parsed molecule with 1900 atoms (1837 resolved), 1902 bonds, 262   
residues, and 3 chains.                                                         
[depth..del] Parsed molecule with 2018 atoms (2017 resolved), 2064 bonds, 244   
residues, and 2 chains.                                                         
[depth..del] Parsed molecule with 2018 atoms (2017 resolved), 2064 bonds, 244   
residues, and 2 chains.                                                         
[depth..del] Read 2 entities from `_entity` table.                              
[depth..del] Read 1 polymer type from `_entity_poly` table.                     
[depth..del] Parsed molecule with 1900 atoms (1837 resolved), 1902 bonds, 262   
residues, and 3 chains.                                                         
[depth..del] Read 1 non-polymer entity from `_pdbx_entity_nonpoly` table.       
[depth..del] Read 1 entities with a total of 243 residues from                  
`_entity_poly_seq` block.                                                       
[depth..del] Read 1 chain with a total of 243 residues from                     
`_pdbx_poly_seq_scheme` table.                                                  
[depth..del] Read 1 chain with a total of 1 residues from `_pdbx_nonpoly_scheme`
table.                                                                          
[depth..del] Read 2 chains from `_struct_asym` table.                           
[depth..del] Read 21 components from `_chem_comp` block.                        
[depth..del] Read 2017 atoms from `_atom_site` table.                           
[depth..del] Read 31 atoms from `_chem_comp_atom` block.                        
[depth..del] Read 2 entities from `_entity` table.                              
[depth..del] Read 1 polymer type from `_entity_poly` table.                     
[depth..del] Read 1 non-polymer entity from `_pdbx_entity_nonpoly` table.       
[depth..del] Read 1 entities with a total of 243 residues from                  
`_entity_poly_seq` block.                                                       
[depth..del] Read 1 chain with a total of 243 residues from                     
`_pdbx_poly_seq_scheme` table.                                                  
[depth..del] Read 1 chain with a total of 1 residues from `_pdbx_nonpoly_scheme`
table.                                                                          
[depth..del] Read 2 chains from `_struct_asym` table.                           
[depth..del] Identified 244 resolved residue(s) from `_atom_site` table.        
[depth..del] Read 21 components from `_chem_comp` block.                        
[depth..del] Read 31 atoms from `_chem_comp_atom` block.                        
[depth..del] Read 1837 atoms from `_atom_site` table.                           
[depth..del] Read 2017 atoms from `_atom_site` table.                           
[depth..del] Identified 244 resolved residue(s) from `_atom_site` table.        
[depth..del] Read 2017 atoms from `_atom_site` table.                           
[depth..del] Parsed molecule with 2018 atoms (2017 resolved), 2064 bonds, 244   
residues, and 2 chains.                                                         
[depth..del] Parsed molecule with 1900 atoms (1837 resolved), 1902 bonds, 262   
residues, and 3 chains.                                                         
[depth..del] Identified 244 resolved residue(s) from `_atom_site` table.        
[depth..del] Read 2017 atoms from `_atom_site` table.                           
[depth..del] Read 2 entities from `_entity` table.                              
[depth..del] Read 1 polymer type from `_entity_poly` table.                     
[depth..del] Read 1 non-polymer entity from `_pdbx_entity_nonpoly` table.       
[depth..del] Read 1 entities with a total of 243 residues from                  
`_entity_poly_seq` block.                                                       
[depth..del] Read 1 chain with a total of 243 residues from                     
`_pdbx_poly_seq_scheme` table.                                                  
[depth..del] Parsed molecule with 2018 atoms (2017 resolved), 2064 bonds, 244   
residues, and 2 chains.                                                         
[depth..del] Identified 256 resolved residue(s) from `_atom_site` table.        
[depth..del] Read 1 chain with a total of 1 residues from `_pdbx_nonpoly_scheme`
table.                                                                          
[depth..del] Read 2 chains from `_struct_asym` table.                           
[depth..del] Read 21 components from `_chem_comp` block.                        
[depth..del] Read 31 atoms from `_chem_comp_atom` block.                        
[depth..del] Parsed molecule with 2018 atoms (2017 resolved), 2064 bonds, 244   
residues, and 2 chains.                                                         
[depth..del] Read 1837 atoms from `_atom_site` table.                           
[depth..del] Identified 256 resolved residue(s) from `_atom_site` table.        
[depth..del] Identified 244 resolved residue(s) from `_atom_site` table.        
[depth..del] Parsed molecule with 1900 atoms (1837 resolved), 1902 bonds, 262   
residues, and 3 chains.                                                         
[depth..del] Read 2 entities from `_entity` table.                              
[depth..del] Read 1 polymer type from `_entity_poly` table.                     
[depth..del] Read 1 non-polymer entity from `_pdbx_entity_nonpoly` table.       
[depth..del] Read 1837 atoms from `_atom_site` table.                           
[depth..del] Read 1 entities with a total of 243 residues from                  
`_entity_poly_seq` block.                                                       
[depth..del] Read 1 chain with a total of 243 residues from                     
`_pdbx_poly_seq_scheme` table.                                                  
[depth..del] Read 2017 atoms from `_atom_site` table.                           
[depth..del] Read 1 chain with a total of 1 residues from `_pdbx_nonpoly_scheme`
table.                                                                          
[depth..del] Read 2 chains from `_struct_asym` table.                           
[depth..del] Read 21 components from `_chem_comp` block.                        
[depth..del] Read 31 atoms from `_chem_comp_atom` block.                        
[depth..del] Parsed molecule with 1900 atoms (1837 resolved), 1902 bonds, 262   
residues, and 3 chains.                                                         
[depth..del] Parsed molecule with 2018 atoms (2017 resolved), 2064 bonds, 244   
residues, and 2 chains.                                                         
[depth..del] Read 2 entities from `_entity` table.                              
[depth..del] Read 1 polymer type from `_entity_poly` table.                     
[depth..del] Read 1 non-polymer entity from `_pdbx_entity_nonpoly` table.       
[depth..del] Identified 244 resolved residue(s) from `_atom_site` table.        
[depth..del] Identified 256 resolved residue(s) from `_atom_site` table.        
[depth..del] Read 1 entities with a total of 243 residues from                  
`_entity_poly_seq` block.                                                       
[depth..del] Read 1 chain with a total of 243 residues from                     
`_pdbx_poly_seq_scheme` table.                                                  
[depth..del] Read 1 chain with a total of 1 residues from `_pdbx_nonpoly_scheme`
table.                                                                          
[depth..del] Read 2 chains from `_struct_asym` table.                           
[depth..del] Read 21 components from `_chem_comp` block.                        
[depth..del] Read 31 atoms from `_chem_comp_atom` block.                        
[depth..del] Read 1837 atoms from `_atom_site` table.                           
[depth..del] Read 1837 atoms from `_atom_site` table.                           
[depth..del] Read 1837 atoms from `_atom_site` table.                           
[depth..del] Identified 256 resolved residue(s) from `_atom_site` table.        
[depth..del] Read 2017 atoms from `_atom_site` table.                           
[depth..del] Read 1837 atoms from `_atom_site` table.                           
[depth..del] Identified 256 resolved residue(s) from `_atom_site` table.        
[depth..del] Identified 244 resolved residue(s) from `_atom_site` table.        
[depth..del] Parsed molecule with 1900 atoms (1837 resolved), 1902 bonds, 262   
residues, and 3 chains.                                                         
[depth..del] Read 2 entities from `_entity` table.                              
[depth..del] Read 1 polymer type from `_entity_poly` table.                     
[depth..del] Read 1 non-polymer entity from `_pdbx_entity_nonpoly` table.       
[depth..del] Identified 256 resolved residue(s) from `_atom_site` table.        
[depth..del] Read 1 entities with a total of 243 residues from                  
`_entity_poly_seq` block.                                                       
[depth..del] Identified 256 resolved residue(s) from `_atom_site` table.        
[depth..del] Read 1 chain with a total of 243 residues from                     
`_pdbx_poly_seq_scheme` table.                                                  
[depth..del] Read 1 chain with a total of 1 residues from `_pdbx_nonpoly_scheme`
table.                                                                          
[depth..del] Read 2 chains from `_struct_asym` table.                           
[depth..del] Read 21 components from `_chem_comp` block.                        
[depth..del] Read 31 atoms from `_chem_comp_atom` block.                        
[depth..del] Parsed molecule with 1900 atoms (1837 resolved), 1902 bonds, 262   
residues, and 3 chains.                                                         
[depth..del] Parsed molecule with 2018 atoms (2017 resolved), 2064 bonds, 244   
residues, and 2 chains.                                                         
[depth..del] Read 2 entities from `_entity` table.                              
[depth..del] Read 1 polymer type from `_entity_poly` table.                     
[depth..del] Read 1 non-polymer entity from `_pdbx_entity_nonpoly` table.       
[depth..del] Parsed molecule with 1900 atoms (1837 resolved), 1902 bonds, 262   
residues, and 3 chains.                                                         
[depth..del] Read 1 entities with a total of 243 residues from                  
`_entity_poly_seq` block.                                                       
[depth..del] Parsed molecule with 2018 atoms (2017 resolved), 2064 bonds, 244   
residues, and 2 chains.                                                         
[depth..del] Read 1 chain with a total of 243 residues from                     
`_pdbx_poly_seq_scheme` table.                                                  
[depth..del] Read 1 chain with a total of 1 residues from `_pdbx_nonpoly_scheme`
table.                                                                          
[depth..del] Read 2 chains from `_struct_asym` table.                           
[depth..del] Read 21 components from `_chem_comp` block.                        
[depth..del] Read 2017 atoms from `_atom_site` table.                           
[depth..del] Read 31 atoms from `_chem_comp_atom` block.                        
[depth..del] Read 2 entities from `_entity` table.                              
[depth..del] Read 1 polymer type from `_entity_poly` table.                     
[depth..del] Read 1 non-polymer entity from `_pdbx_entity_nonpoly` table.       
[depth..del] Read 1 entities with a total of 243 residues from                  
`_entity_poly_seq` block.                                                       
[depth..del] Read 1 chain with a total of 243 residues from                     
`_pdbx_poly_seq_scheme` table.                                                  
[depth..del] Read 1 chain with a total of 1 residues from `_pdbx_nonpoly_scheme`
table.                                                                          
[depth..del] Read 2 chains from `_struct_asym` table.                           
[depth..del] Parsed molecule with 1900 atoms (1837 resolved), 1902 bonds, 262   
residues, and 3 chains.                                                         
[depth..del] Read 21 components from `_chem_comp` block.                        
[depth..del] Read 31 atoms from `_chem_comp_atom` block.                        
[depth..del] Parsed molecule with 1900 atoms (1837 resolved), 1902 bonds, 262   
residues, and 3 chains.                                                         
[depth..del] Read 2 entities from `_entity` table.                              
[depth..del] Read 1 polymer type from `_entity_poly` table.                     
[depth..del] Read 1 non-polymer entity from `_pdbx_entity_nonpoly` table.       
[depth..del] Read 1 entities with a total of 243 residues from                  
`_entity_poly_seq` block.                                                       
[depth..del] Read 2 entities from `_entity` table.                              
[depth..del] Read 1 polymer type from `_entity_poly` table.                     
[depth..del] Read 1 chain with a total of 243 residues from                     
`_pdbx_poly_seq_scheme` table.                                                  
[depth..del] Read 1 non-polymer entity from `_pdbx_entity_nonpoly` table.       
[depth..del] Read 1 chain with a total of 1 residues from `_pdbx_nonpoly_scheme`
table.                                                                          
[depth..del] Read 2 chains from `_struct_asym` table.                           
[depth..del] Read 1 entities with a total of 243 residues from                  
`_entity_poly_seq` block.                                                       
[depth..del] Read 21 components from `_chem_comp` block.                        
[depth..del] Read 31 atoms from `_chem_comp_atom` block.                        
[depth..del] Read 1 chain with a total of 243 residues from                     
`_pdbx_poly_seq_scheme` table.                                                  
[depth..del] Read 1 chain with a total of 1 residues from `_pdbx_nonpoly_scheme`
table.                                                                          
[depth..del] Read 2 chains from `_struct_asym` table.                           
[depth..del] Read 21 components from `_chem_comp` block.                        
[depth..del] Read 31 atoms from `_chem_comp_atom` block.                        
[depth..del] Read 2017 atoms from `_atom_site` table.                           
[depth..del] Read 2017 atoms from `_atom_site` table.                           
[depth..del] Identified 244 resolved residue(s) from `_atom_site` table.        
[depth..del] Read 1837 atoms from `_atom_site` table.                           
[depth..del] Read 2017 atoms from `_atom_site` table.                           
[depth..del] Identified 244 resolved residue(s) from `_atom_site` table.        
[depth..del] Identified 244 resolved residue(s) from `_atom_site` table.        
[depth..del] Read 2017 atoms from `_atom_site` table.                           
[depth..del] Identified 244 resolved residue(s) from `_atom_site` table.        
[depth..del] Identified 256 resolved residue(s) from `_atom_site` table.        
[depth..del] Parsed molecule with 2018 atoms (2017 resolved), 2064 bonds, 244   
residues, and 2 chains.                                                         
[depth..del] Parsed molecule with 2018 atoms (2017 resolved), 2064 bonds, 244   
residues, and 2 chains.                                                         
[depth..del] Parsed molecule with 2018 atoms (2017 resolved), 2064 bonds, 244   
residues, and 2 chains.                                                         
[depth..del] Read 2017 atoms from `_atom_site` table.                           
[depth..del] Identified 244 resolved residue(s) from `_atom_site` table.        
[depth..del] Parsed molecule with 2018 atoms (2017 resolved), 2064 bonds, 244   
residues, and 2 chains.                                                         
[depth..del] Parsed molecule with 1900 atoms (1837 resolved), 1902 bonds, 262   
residues, and 3 chains.                                                         
[depth..del] Identified 244 resolved residue(s) from `_atom_site` table.        
[depth..del] Read 2 entities from `_entity` table.                              
[depth..del] Read 1 polymer type from `_entity_poly` table.                     
[depth..del] Read 1 non-polymer entity from `_pdbx_entity_nonpoly` table.       
[depth..del] Read 1 entities with a total of 243 residues from                  
`_entity_poly_seq` block.                                                       
[depth..del] Read 1 chain with a total of 243 residues from                     
`_pdbx_poly_seq_scheme` table.                                                  
[depth..del] Read 1 chain with a total of 1 residues from `_pdbx_nonpoly_scheme`
table.                                                                          
[depth..del] Read 2 chains from `_struct_asym` table.                           
[depth..del] Read 21 components from `_chem_comp` block.                        
[depth..del] Read 31 atoms from `_chem_comp_atom` block.                        
[depth..del] Parsed molecule with 2018 atoms (2017 resolved), 2064 bonds, 244   
residues, and 2 chains.                                                         
[depth..del] Parsed molecule with 2018 atoms (2017 resolved), 2064 bonds, 244   
residues, and 2 chains.                                                         
[depth..del] Read 2017 atoms from `_atom_site` table.                           
[depth..del] Identified 244 resolved residue(s) from `_atom_site` table.        
[depth..del] Parsed molecule with 2018 atoms (2017 resolved), 2064 bonds, 244   
residues, and 2 chains.                                                         
[depth..del] Read 1837 atoms from `_atom_site` table.                           
[depth..del] Identified 256 resolved residue(s) from `_atom_site` table.        
[depth..del] Parsed molecule with 1900 atoms (1837 resolved), 1902 bonds, 262   
residues, and 3 chains.                                                         
[depth..del] Read 2 entities from `_entity` table.                              
[depth..del] Read 1 polymer type from `_entity_poly` table.                     
[depth..del] Read 1 non-polymer entity from `_pdbx_entity_nonpoly` table.       
[depth..del] Read 1 entities with a total of 243 residues from                  
`_entity_poly_seq` block.                                                       
[depth..del] Read 1 chain with a total of 243 residues from                     
`_pdbx_poly_seq_scheme` table.                                                  
[depth..del] Read 1 chain with a total of 1 residues from `_pdbx_nonpoly_scheme`
table.                                                                          
[depth..del] Read 2 chains from `_struct_asym` table.                           
[depth..del] Read 21 components from `_chem_comp` block.                        
[depth..del] Read 31 atoms from `_chem_comp_atom` block.                        
[depth..del] Read 2017 atoms from `_atom_site` table.                           
[depth..del] Identified 244 resolved residue(s) from `_atom_site` table.        
[depth..del] Parsed molecule with 2018 atoms (2017 resolved), 2064 bonds, 244   
residues, and 2 chains.                                                         
[depth..del] Internal Ligand RMSD: ligand chain 1 (B, component 01) = 5.706 Å (1
automorphisms, 1 nodes explored)                                                
[depth..del] Ligand bisyRMSD: ligand chain 1 (B, component 01) = 33.794 Å       
[depth..del] Internal Ligand RMSD: ligand chain 1 (B, component 01) = 5.961 Å (1
automorphisms, 1 nodes explored)                                                
[depth..del] Ligand bisyRMSD: ligand chain 1 (B, component 01) = 14.505 Å       
[depth..del] Using bounds matrix reference for component 01                     
[depth..del] Using bounds matrix reference for component 01                     
[depth..del] Using bounds matrix reference for component 01                     
[depth..del] Using bounds matrix reference for component 01                     
[depth..del] Internal Ligand RMSD: ligand chain 1 (B, component 01) = 6.037 Å (1
automorphisms, 1 nodes explored)                                                
[depth..del] Ligand bisyRMSD: ligand chain 1 (B, component 01) = 26.588 Å       
[depth..del] Using bounds matrix reference for component 01                     
[depth..del] Using bounds matrix reference for component 01                     
[depth..del] Internal Ligand RMSD: ligand chain 1 (B, component 01) = 6.066 Å (1
automorphisms, 1 nodes explored)                                                
[depth..del] Ligand bisyRMSD: ligand chain 1 (B, component 01) = 19.396 Å       
[depth..del] Using bounds matrix reference for component 01                     
[depth..del] Using bounds matrix reference for component 01                     
[depth..del] Internal Ligand RMSD: ligand chain 1 (B, component 01) = 6.055 Å (1
automorphisms, 1 nodes explored)                                                
[depth..del] Ligand bisyRMSD: ligand chain 1 (B, component 01) = 15.322 Å       
[depth..del] Using bounds matrix reference for component 01                     
[depth..del] Using bounds matrix reference for component 01                     
[depth..del] Internal Ligand RMSD: ligand chain 1 (B, component 01) = 5.937 Å (1
automorphisms, 1 nodes explored)                                                
[depth..del] Ligand bisyRMSD: ligand chain 1 (B, component 01) = 22.327 Å       
[depth..del] Internal Ligand RMSD: ligand chain 1 (B, component 01) = 5.710 Å (1
automorphisms, 1 nodes explored)                                                
[depth..del] Ligand bisyRMSD: ligand chain 1 (B, component 01) = 18.818 Å       
[depth..del] Using bounds matrix reference for component 01                     
[depth..del] Using bounds matrix reference for component 01                     
[depth..del] Using bounds matrix reference for component 01                     
[depth..del] Using bounds matrix reference for component 01                     
[depth..del] Internal Ligand RMSD: ligand chain 1 (B, component 01) = 6.168 Å (1
automorphisms, 1 nodes explored)                                                
[depth..del] Ligand bisyRMSD: ligand chain 1 (B, component 01) = 15.883 Å       
[depth..del] Using bounds matrix reference for component 01                     
[depth..del] Using bounds matrix reference for component 01                     
[depth..del] Read 3 entities from `_entity` table.                              
[depth..del] Read 1 polymer type from `_entity_poly` table.                     
[depth..del] Read 1 entities with a total of 225 residues from                  
`_entity_poly_seq` block.                                                       
[depth..del] Read 3 chains from `_struct_asym` table.                           
[depth..del] Read 1 assembly operation matrix from `_pdbx_struct_oper_list`     
table.                                                                          
[depth..del] Read 1 assembly from `_pdbx_struct_assembly_gen` table.            
[depth..del] Read 22 components from `_chem_comp` block.                        
[depth..del] Read 1837 atoms from `_atom_site` table.                           
[depth..del] Identified 256 resolved residue(s) from `_atom_site` table.        
[depth..del] Parsed molecule with 1900 atoms (1837 resolved), 1902 bonds, 262   
residues, and 3 chains.                                                         
[depth..del] Read 2 entities from `_entity` table.                              
[depth..del] Read 1 polymer type from `_entity_poly` table.                     
[depth..del] Read 1 non-polymer entity from `_pdbx_entity_nonpoly` table.       
[depth..del] Read 1 entities with a total of 243 residues from                  
`_entity_poly_seq` block.                                                       
[depth..del] Read 1 chain with a total of 243 residues from                     
`_pdbx_poly_seq_scheme` table.                                                  
[depth..del] Read 1 chain with a total of 1 residues from `_pdbx_nonpoly_scheme`
table.                                                                          
[depth..del] Read 2 chains from `_struct_asym` table.                           
[depth..del] Read 21 components from `_chem_comp` block.                        
[depth..del] Read 31 atoms from `_chem_comp_atom` block.                        
[depth..del] Read 2017 atoms from `_atom_site` table.                           
[depth..del] Identified 244 resolved residue(s) from `_atom_site` table.        
[depth..del] Parsed molecule with 2018 atoms (2017 resolved), 2064 bonds, 244   
residues, and 2 chains.                                                         
[depth..del] Internal Ligand RMSD: ligand chain 1 (B, component 01) = 6.008 Å (1
automorphisms, 1 nodes explored)                                                
[depth..del] Ligand bisyRMSD: ligand chain 1 (B, component 01) = 2.267 Å        
[depth..del] Using bounds matrix reference for component 01                     
[depth..del] Using bounds matrix reference for component 01                     
[depth..del] Internal Ligand RMSD: ligand chain 1 (B, component 01) = 5.866 Å (1
automorphisms, 1 nodes explored)                                                
[depth..del] Ligand bisyRMSD: ligand chain 1 (B, component 01) = 1.990 Å        
[depth..del] Using bounds matrix reference for component 01                     
[depth..del] Using bounds matrix reference for component 01                     
[depth..del] Read 3 entities from `_entity` table.                              
[depth..del] Read 1 polymer type from `_entity_poly` table.                     
[depth..del] Read 1 entities with a total of 225 residues from                  
`_entity_poly_seq` block.                                                       
[depth..del] Read 3 chains from `_struct_asym` table.                           
[depth..del] Read 1 assembly operation matrix from `_pdbx_struct_oper_list`     
table.                                                                          
[depth..del] Read 1 assembly from `_pdbx_struct_assembly_gen` table.            
[depth..del] Read 22 components from `_chem_comp` block.                        
[depth..del] Read 1837 atoms from `_atom_site` table.                           
[depth..del] Identified 256 resolved residue(s) from `_atom_site` table.        
[depth..del] Read 3 entities from `_entity` table.                              
[depth..del] Read 1 polymer type from `_entity_poly` table.                     
[depth..del] Read 1 entities with a total of 225 residues from                  
`_entity_poly_seq` block.                                                       
[depth..del] Read 3 chains from `_struct_asym` table.                           
[depth..del] Read 1 assembly operation matrix from `_pdbx_struct_oper_list`     
table.                                                                          
[depth..del] Read 1 assembly from `_pdbx_struct_assembly_gen` table.            
[depth..del] Read 22 components from `_chem_comp` block.                        
[depth..del] Parsed molecule with 1900 atoms (1837 resolved), 1902 bonds, 262   
residues, and 3 chains.                                                         
[depth..del] Read 2 entities from `_entity` table.                              
[depth..del] Read 1 polymer type from `_entity_poly` table.                     
[depth..del] Read 1 non-polymer entity from `_pdbx_entity_nonpoly` table.       
[depth..del] Read 1 entities with a total of 243 residues from                  
`_entity_poly_seq` block.                                                       
[depth..del] Read 1 chain with a total of 243 residues from                     
`_pdbx_poly_seq_scheme` table.                                                  
[depth..del] Internal Ligand RMSD: ligand chain 1 (B, component 01) = 6.023 Å (1
automorphisms, 1 nodes explored)                                                
[depth..del] Read 1 chain with a total of 1 residues from `_pdbx_nonpoly_scheme`
table.                                                                          
[depth..del] Read 2 chains from `_struct_asym` table.                           
[depth..del] Read 21 components from `_chem_comp` block.                        
[depth..del] Read 31 atoms from `_chem_comp_atom` block.                        
[depth..del] Ligand bisyRMSD: ligand chain 1 (B, component 01) = 2.407 Å        
[depth..del] Using bounds matrix reference for component 01                     
[depth..del] Using bounds matrix reference for component 01                     
[depth..del] Read 2017 atoms from `_atom_site` table.                           
[depth..del] Identified 244 resolved residue(s) from `_atom_site` table.        
[depth..del] Parsed molecule with 2018 atoms (2017 resolved), 2064 bonds, 244   
residues, and 2 chains.                                                         
[depth..del] Read 1837 atoms from `_atom_site` table.                           
[depth..del] Identified 256 resolved residue(s) from `_atom_site` table.        
[depth..del] Read 3 entities from `_entity` table.                              
[depth..del] Read 1 polymer type from `_entity_poly` table.                     
[depth..del] Read 1 entities with a total of 225 residues from                  
`_entity_poly_seq` block.                                                       
[depth..del] Read 3 chains from `_struct_asym` table.                           
[depth..del] Read 1 assembly operation matrix from `_pdbx_struct_oper_list`     
table.                                                                          
[depth..del] Read 1 assembly from `_pdbx_struct_assembly_gen` table.            
[depth..del] Read 22 components from `_chem_comp` block.                        
[depth..del] Parsed molecule with 1900 atoms (1837 resolved), 1902 bonds, 262   
residues, and 3 chains.                                                         
[depth..del] Read 2 entities from `_entity` table.                              
[depth..del] Read 1 polymer type from `_entity_poly` table.                     
[depth..del] Read 1 non-polymer entity from `_pdbx_entity_nonpoly` table.       
[depth..del] Read 1 entities with a total of 243 residues from                  
`_entity_poly_seq` block.                                                       
[depth..del] Read 1 chain with a total of 243 residues from                     
`_pdbx_poly_seq_scheme` table.                                                  
[depth..del] Read 1 chain with a total of 1 residues from `_pdbx_nonpoly_scheme`
table.                                                                          
[depth..del] Read 2 chains from `_struct_asym` table.                           
[depth..del] Read 21 components from `_chem_comp` block.                        
[depth..del] Read 31 atoms from `_chem_comp_atom` block.                        
[depth..del] Read 2017 atoms from `_atom_site` table.                           
[depth..del] Identified 244 resolved residue(s) from `_atom_site` table.        
[depth..del] Internal Ligand RMSD: ligand chain 1 (B, component 01) = 6.040 Å (1
automorphisms, 1 nodes explored)                                                
[depth..del] Parsed molecule with 2018 atoms (2017 resolved), 2064 bonds, 244   
residues, and 2 chains.                                                         
[depth..del] Ligand bisyRMSD: ligand chain 1 (B, component 01) = 21.249 Å       
[depth..del] Read 3 entities from `_entity` table.                              
[depth..del] Read 1 polymer type from `_entity_poly` table.                     
[depth..del] Using bounds matrix reference for component 01                     
[depth..del] Read 1 entities with a total of 225 residues from                  
`_entity_poly_seq` block.                                                       
[depth..del] Read 3 chains from `_struct_asym` table.                           
[depth..del] Read 1 assembly operation matrix from `_pdbx_struct_oper_list`     
table.                                                                          
[depth..del] Read 1 assembly from `_pdbx_struct_assembly_gen` table.            
[depth..del] Read 22 components from `_chem_comp` block.                        
[depth..del] Read 1837 atoms from `_atom_site` table.                           
[depth..del] Using bounds matrix reference for component 01                     
[depth..del] Identified 256 resolved residue(s) from `_atom_site` table.        
[depth..del] Internal Ligand RMSD: ligand chain 1 (B, component 01) = 6.006 Å (1
automorphisms, 1 nodes explored)                                                
[depth..del] Ligand bisyRMSD: ligand chain 1 (B, component 01) = 4.779 Å        
[depth..del] Using bounds matrix reference for component 01                     
[depth..del] Parsed molecule with 1900 atoms (1837 resolved), 1902 bonds, 262   
residues, and 3 chains.                                                         
[depth..del] Read 2 entities from `_entity` table.                              
[depth..del] Read 1 polymer type from `_entity_poly` table.                     
[depth..del] Read 1 non-polymer entity from `_pdbx_entity_nonpoly` table.       
[depth..del] Read 1 entities with a total of 243 residues from                  
`_entity_poly_seq` block.                                                       
[depth..del] Read 1 chain with a total of 243 residues from                     
`_pdbx_poly_seq_scheme` table.                                                  
[depth..del] Read 1 chain with a total of 1 residues from `_pdbx_nonpoly_scheme`
table.                                                                          
[depth..del] Read 2 chains from `_struct_asym` table.                           
[depth..del] Read 21 components from `_chem_comp` block.                        
[depth..del] Read 31 atoms from `_chem_comp_atom` block.                        
[depth..del] Using bounds matrix reference for component 01                     
[depth..del] Read 1837 atoms from `_atom_site` table.                           
[depth..del] Internal Ligand RMSD: ligand chain 1 (B, component 01) = 6.033 Å (1
automorphisms, 1 nodes explored)                                                
[depth..del] Ligand bisyRMSD: ligand chain 1 (B, component 01) = 2.226 Å        
[depth..del] Using bounds matrix reference for component 01                     
[depth..del] Using bounds matrix reference for component 01                     
[depth..del] Identified 256 resolved residue(s) from `_atom_site` table.        
[depth..del] Read 2017 atoms from `_atom_site` table.                           
[depth..del] Identified 244 resolved residue(s) from `_atom_site` table.        
[depth..del] Parsed molecule with 2018 atoms (2017 resolved), 2064 bonds, 244   
residues, and 2 chains.                                                         
[depth..del] Parsed molecule with 1900 atoms (1837 resolved), 1902 bonds, 262   
residues, and 3 chains.                                                         
[depth..del] Read 2 entities from `_entity` table.                              
[depth..del] Read 1 polymer type from `_entity_poly` table.                     
[depth..del] Read 1 non-polymer entity from `_pdbx_entity_nonpoly` table.       
[depth..del] Read 1 entities with a total of 243 residues from                  
`_entity_poly_seq` block.                                                       
[depth..del] Read 1 chain with a total of 243 residues from                     
`_pdbx_poly_seq_scheme` table.                                                  
[depth..del] Read 1 chain with a total of 1 residues from `_pdbx_nonpoly_scheme`
table.                                                                          
[depth..del] Read 2 chains from `_struct_asym` table.                           
[depth..del] Read 21 components from `_chem_comp` block.                        
[depth..del] Read 31 atoms from `_chem_comp_atom` block.                        
[depth..del] Internal Ligand RMSD: ligand chain 1 (B, component 01) = 6.166 Å (1
automorphisms, 1 nodes explored)                                                
[depth..del] Ligand bisyRMSD: ligand chain 1 (B, component 01) = 3.070 Å        
[depth..del] Read 2017 atoms from `_atom_site` table.                           
[depth..del] Using bounds matrix reference for component 01                     
[depth..del] Identified 244 resolved residue(s) from `_atom_site` table.        
[depth..del] Parsed molecule with 2018 atoms (2017 resolved), 2064 bonds, 244   
residues, and 2 chains.                                                         
[depth..del] Using bounds matrix reference for component 01                     
[depth..del] Read 3 entities from `_entity` table.                              
[depth..del] Read 1 polymer type from `_entity_poly` table.                     
[depth..del] Read 1 entities with a total of 225 residues from                  
`_entity_poly_seq` block.                                                       
[depth..del] Read 3 chains from `_struct_asym` table.                           
[depth..del] Read 1 assembly operation matrix from `_pdbx_struct_oper_list`     
table.                                                                          
[depth..del] Internal Ligand RMSD: ligand chain 1 (B, component 01) = 5.998 Å (1
automorphisms, 1 nodes explored)                                                
[depth..del] Read 1 assembly from `_pdbx_struct_assembly_gen` table.            
[depth..del] Read 22 components from `_chem_comp` block.                        
[depth..del] Ligand bisyRMSD: ligand chain 1 (B, component 01) = 4.199 Å        
[depth..del] Using bounds matrix reference for component 01                     
[depth..del] Using bounds matrix reference for component 01                     
[depth..del] Internal Ligand RMSD: ligand chain 1 (B, component 01) = 5.362 Å (1
automorphisms, 1 nodes explored)                                                
[depth..del] Read 1837 atoms from `_atom_site` table.                           
[depth..del] Ligand bisyRMSD: ligand chain 1 (B, component 01) = 22.019 Å       
[depth..del] Identified 256 resolved residue(s) from `_atom_site` table.        
[depth..del] Using bounds matrix reference for component 01                     
[depth..del] Parsed molecule with 1900 atoms (1837 resolved), 1902 bonds, 262   
residues, and 3 chains.                                                         
[depth..del] Read 2 entities from `_entity` table.                              
[depth..del] Read 1 polymer type from `_entity_poly` table.                     
[depth..del] Read 1 non-polymer entity from `_pdbx_entity_nonpoly` table.       
[depth..del] Read 1 entities with a total of 243 residues from                  
`_entity_poly_seq` block.                                                       
[depth..del] Read 1 chain with a total of 243 residues from                     
`_pdbx_poly_seq_scheme` table.                                                  
[depth..del] Read 1 chain with a total of 1 residues from `_pdbx_nonpoly_scheme`
table.                                                                          
[depth..del] Read 2 chains from `_struct_asym` table.                           
[depth..del] Read 21 components from `_chem_comp` block.                        
[depth..del] Read 31 atoms from `_chem_comp_atom` block.                        
[depth..del] Using bounds matrix reference for component 01                     
[depth..del] Read 2017 atoms from `_atom_site` table.                           
[depth..del] Identified 244 resolved residue(s) from `_atom_site` table.        
[depth..del] Parsed molecule with 2018 atoms (2017 resolved), 2064 bonds, 244   
residues, and 2 chains.                                                         
[depth..del] Read 3 entities from `_entity` table.                              
[depth..del] Read 1 polymer type from `_entity_poly` table.                     
[depth..del] Read 1 entities with a total of 225 residues from                  
`_entity_poly_seq` block.                                                       
[depth..del] Read 3 chains from `_struct_asym` table.                           
[depth..del] Read 1 assembly operation matrix from `_pdbx_struct_oper_list`     
table.                                                                          
[depth..del] Read 1 assembly from `_pdbx_struct_assembly_gen` table.            
[depth..del] Read 22 components from `_chem_comp` block.                        
[depth..del] Internal Ligand RMSD: ligand chain 1 (B, component 01) = 5.971 Å (1
automorphisms, 1 nodes explored)                                                
[depth..del] Ligand bisyRMSD: ligand chain 1 (B, component 01) = 4.862 Å        
[depth..del] Using bounds matrix reference for component 01                     
[depth..del] Using bounds matrix reference for component 01                     
[depth..del] Read 1837 atoms from `_atom_site` table.                           
[depth..del] Identified 256 resolved residue(s) from `_atom_site` table.        
[depth..del] Parsed molecule with 1900 atoms (1837 resolved), 1902 bonds, 262   
residues, and 3 chains.                                                         
[depth..del] Read 2 entities from `_entity` table.                              
[depth..del] Read 1 polymer type from `_entity_poly` table.                     
[depth..del] Read 1 non-polymer entity from `_pdbx_entity_nonpoly` table.       
[depth..del] Read 1 entities with a total of 243 residues from                  
`_entity_poly_seq` block.                                                       
[depth..del] Read 1 chain with a total of 243 residues from                     
`_pdbx_poly_seq_scheme` table.                                                  
[depth..del] Read 1 chain with a total of 1 residues from `_pdbx_nonpoly_scheme`
table.                                                                          
[depth..del] Read 2 chains from `_struct_asym` table.                           
[depth..del] Read 21 components from `_chem_comp` block.                        
[depth..del] Read 31 atoms from `_chem_comp_atom` block.                        
[depth..del] Internal Ligand RMSD: ligand chain 1 (B, component 01) = 6.140 Å (1
automorphisms, 1 nodes explored)                                                
[depth..del] Ligand bisyRMSD: ligand chain 1 (B, component 01) = 28.731 Å       
[depth..del] Read 2017 atoms from `_atom_site` table.                           
[depth..del] Using bounds matrix reference for component 01                     
[depth..del] Identified 244 resolved residue(s) from `_atom_site` table.        
[depth..del] Using bounds matrix reference for component 01                     
[depth..del] Parsed molecule with 2018 atoms (2017 resolved), 2064 bonds, 244   
residues, and 2 chains.                                                         
[depth..del] Internal Ligand RMSD: ligand chain 1 (B, component 01) = 6.015 Å (1
automorphisms, 1 nodes explored)                                                
[depth..del] Ligand bisyRMSD: ligand chain 1 (B, component 01) = 1.454 Å        
[depth..del] Using bounds matrix reference for component 01                     
[depth..del] Using bounds matrix reference for component 01                     
[depth..del] Read 3 entities from `_entity` table.                              
[depth..del] Read 1 polymer type from `_entity_poly` table.                     
[depth..del] Read 1 entities with a total of 225 residues from                  
`_entity_poly_seq` block.                                                       
[depth..del] Read 3 chains from `_struct_asym` table.                           
[depth..del] Read 1 assembly operation matrix from `_pdbx_struct_oper_list`     
table.                                                                          
[depth..del] Read 1 assembly from `_pdbx_struct_assembly_gen` table.            
[depth..del] Read 22 components from `_chem_comp` block.                        
[depth..del] Read 1837 atoms from `_atom_site` table.                           
[depth..del] Identified 256 resolved residue(s) from `_atom_site` table.        
[depth..del] Parsed molecule with 1900 atoms (1837 resolved), 1902 bonds, 262   
residues, and 3 chains.                                                         
[depth..del] Read 2 entities from `_entity` table.                              
[depth..del] Read 1 polymer type from `_entity_poly` table.                     
[depth..del] Read 1 non-polymer entity from `_pdbx_entity_nonpoly` table.       
[depth..del] Read 1 entities with a total of 243 residues from                  
`_entity_poly_seq` block.                                                       
[depth..del] Read 1 chain with a total of 243 residues from                     
`_pdbx_poly_seq_scheme` table.                                                  
[depth..del] Read 1 chain with a total of 1 residues from `_pdbx_nonpoly_scheme`
table.                                                                          
[depth..del] Read 2 chains from `_struct_asym` table.                           
[depth..del] Read 21 components from `_chem_comp` block.                        
[depth..del] Read 31 atoms from `_chem_comp_atom` block.                        
[depth..del] Read 2017 atoms from `_atom_site` table.                           
[depth..del] Read 3 entities from `_entity` table.                              
[depth..del] Read 1 polymer type from `_entity_poly` table.                     
[depth..del] Read 1 entities with a total of 225 residues from                  
`_entity_poly_seq` block.                                                       
[depth..del] Read 3 chains from `_struct_asym` table.                           
[depth..del] Read 1 assembly operation matrix from `_pdbx_struct_oper_list`     
table.                                                                          
[depth..del] Read 1 assembly from `_pdbx_struct_assembly_gen` table.            
[depth..del] Read 22 components from `_chem_comp` block.                        
[depth..del] Read 1837 atoms from `_atom_site` table.                           
[depth..del] Read 3 entities from `_entity` table.                              
[depth..del] Read 1 polymer type from `_entity_poly` table.                     
[depth..del] Read 1 entities with a total of 225 residues from                  
`_entity_poly_seq` block.                                                       
[depth..del] Read 3 chains from `_struct_asym` table.                           
[depth..del] Read 1 assembly operation matrix from `_pdbx_struct_oper_list`     
table.                                                                          
[depth..del] Read 1 assembly from `_pdbx_struct_assembly_gen` table.            
[depth..del] Read 22 components from `_chem_comp` block.                        
[depth..del] Identified 256 resolved residue(s) from `_atom_site` table.        
[depth..del] Read 1837 atoms from `_atom_site` table.                           
[depth..del] Identified 256 resolved residue(s) from `_atom_site` table.        
[depth..del] Parsed molecule with 1900 atoms (1837 resolved), 1902 bonds, 262   
residues, and 3 chains.                                                         
[depth..del] Read 2 entities from `_entity` table.                              
[depth..del] Read 1 polymer type from `_entity_poly` table.                     
[depth..del] Read 1 non-polymer entity from `_pdbx_entity_nonpoly` table.       
[depth..del] Read 1 entities with a total of 243 residues from                  
`_entity_poly_seq` block.                                                       
[depth..del] Read 1 chain with a total of 243 residues from                     
`_pdbx_poly_seq_scheme` table.                                                  
[depth..del] Read 1 chain with a total of 1 residues from `_pdbx_nonpoly_scheme`
table.                                                                          
[depth..del] Read 2 chains from `_struct_asym` table.                           
[depth..del] Read 21 components from `_chem_comp` block.                        
[depth..del] Read 31 atoms from `_chem_comp_atom` block.                        
[depth..del] Parsed molecule with 1900 atoms (1837 resolved), 1902 bonds, 262   
residues, and 3 chains.                                                         
[depth..del] Read 2 entities from `_entity` table.                              
[depth..del] Read 1 polymer type from `_entity_poly` table.                     
[depth..del] Read 1 non-polymer entity from `_pdbx_entity_nonpoly` table.       
[depth..del] Read 1 entities with a total of 243 residues from                  
`_entity_poly_seq` block.                                                       
[depth..del] Read 2017 atoms from `_atom_site` table.                           
[depth..del] Identified 244 resolved residue(s) from `_atom_site` table.        
[depth..del] Parsed molecule with 2018 atoms (2017 resolved), 2064 bonds, 244   
residues, and 2 chains.                                                         
[depth..del] Read 3 entities from `_entity` table.                              
[depth..del] Read 1 polymer type from `_entity_poly` table.                     
[depth..del] Read 1 entities with a total of 225 residues from                  
`_entity_poly_seq` block.                                                       
[depth..del] Read 3 chains from `_struct_asym` table.                           
[depth..del] Read 1 assembly operation matrix from `_pdbx_struct_oper_list`     
table.                                                                          
[depth..del] Read 1 assembly from `_pdbx_struct_assembly_gen` table.            
[depth..del] Read 22 components from `_chem_comp` block.                        
[depth..del] Read 1 chain with a total of 243 residues from                     
`_pdbx_poly_seq_scheme` table.                                                  
[depth..del] Read 1 chain with a total of 1 residues from `_pdbx_nonpoly_scheme`
table.                                                                          
[depth..del] Read 2 chains from `_struct_asym` table.                           
[depth..del] Read 21 components from `_chem_comp` block.                        
[depth..del] Read 31 atoms from `_chem_comp_atom` block.                        
[depth..del] Identified 244 resolved residue(s) from `_atom_site` table.        
[depth..del] Read 2017 atoms from `_atom_site` table.                           
[depth..del] Identified 244 resolved residue(s) from `_atom_site` table.        
[depth..del] Parsed molecule with 2018 atoms (2017 resolved), 2064 bonds, 244   
residues, and 2 chains.                                                         
[depth..del] Parsed molecule with 2018 atoms (2017 resolved), 2064 bonds, 244   
residues, and 2 chains.                                                         
[depth..del] Internal Ligand RMSD: ligand chain 1 (B, component 01) = 6.002 Å (1
automorphisms, 1 nodes explored)                                                
[depth..del] Ligand bisyRMSD: ligand chain 1 (B, component 01) = 2.585 Å        
[depth..del] Using bounds matrix reference for component 01                     
[depth..del] Using bounds matrix reference for component 01                     
[depth..del] Read 1837 atoms from `_atom_site` table.                           
[depth..del] Identified 256 resolved residue(s) from `_atom_site` table.        
[depth..del] Parsed molecule with 1900 atoms (1837 resolved), 1902 bonds, 262   
residues, and 3 chains.                                                         
[depth..del] Read 2 entities from `_entity` table.                              
[depth..del] Read 1 polymer type from `_entity_poly` table.                     
[depth..del] Read 1 non-polymer entity from `_pdbx_entity_nonpoly` table.       
[depth..del] Read 1 entities with a total of 243 residues from                  
`_entity_poly_seq` block.                                                       
[depth..del] Read 3 entities from `_entity` table.                              
[depth..del] Read 1 polymer type from `_entity_poly` table.                     
[depth..del] Read 1 entities with a total of 225 residues from                  
`_entity_poly_seq` block.                                                       
[depth..del] Read 3 chains from `_struct_asym` table.                           
[depth..del] Read 1 assembly operation matrix from `_pdbx_struct_oper_list`     
table.                                                                          
[depth..del] Read 1 assembly from `_pdbx_struct_assembly_gen` table.            
[depth..del] Read 22 components from `_chem_comp` block.                        
[depth..del] Internal Ligand RMSD: ligand chain 1 (B, component 01) = 6.131 Å (1
automorphisms, 1 nodes explored)                                                
[depth..del] Ligand bisyRMSD: ligand chain 1 (B, component 01) = 16.299 Å       
[depth..del] Using bounds matrix reference for component 01                     
[depth..del] Using bounds matrix reference for component 01                     
[depth..del] Read 1837 atoms from `_atom_site` table.                           
[depth..del] Identified 256 resolved residue(s) from `_atom_site` table.        
[depth..del] Internal Ligand RMSD: ligand chain 1 (B, component 01) = 5.565 Å (1
automorphisms, 1 nodes explored)                                                
[depth..del] Ligand bisyRMSD: ligand chain 1 (B, component 01) = 25.867 Å       
[depth..del] Using bounds matrix reference for component 01                     
[depth..del] Using bounds matrix reference for component 01                     
[depth..del] Parsed molecule with 1900 atoms (1837 resolved), 1902 bonds, 262   
residues, and 3 chains.                                                         
[depth..del] Read 2 entities from `_entity` table.                              
[depth..del] Read 1 polymer type from `_entity_poly` table.                     
[depth..del] Read 1 non-polymer entity from `_pdbx_entity_nonpoly` table.       
[depth..del] Read 1 entities with a total of 243 residues from                  
`_entity_poly_seq` block.                                                       
[depth..del] Read 1 chain with a total of 243 residues from                     
`_pdbx_poly_seq_scheme` table.                                                  
[depth..del] Read 1 chain with a total of 1 residues from `_pdbx_nonpoly_scheme`
table.                                                                          
[depth..del] Read 2 chains from `_struct_asym` table.                           
[depth..del] Read 21 components from `_chem_comp` block.                        
[depth..del] Read 31 atoms from `_chem_comp_atom` block.                        
[depth..del] Read 2017 atoms from `_atom_site` table.                           
[depth..del] Identified 244 resolved residue(s) from `_atom_site` table.        
[depth..del] Parsed molecule with 2018 atoms (2017 resolved), 2064 bonds, 244   
residues, and 2 chains.                                                         
[depth..del] Read 3 entities from `_entity` table.                              
[depth..del] Read 1 polymer type from `_entity_poly` table.                     
[depth..del] Read 1 entities with a total of 225 residues from                  
`_entity_poly_seq` block.                                                       
[depth..del] Read 3 chains from `_struct_asym` table.                           
[depth..del] Read 1 assembly operation matrix from `_pdbx_struct_oper_list`     
table.                                                                          
[depth..del] Read 1 assembly from `_pdbx_struct_assembly_gen` table.            
[depth..del] Read 22 components from `_chem_comp` block.                        
[depth..del] Read 3 entities from `_entity` table.                              
[depth..del] Read 1 polymer type from `_entity_poly` table.                     
[depth..del] Read 1837 atoms from `_atom_site` table.                           
[depth..del] Read 1 entities with a total of 225 residues from                  
`_entity_poly_seq` block.                                                       
[depth..del] Read 3 chains from `_struct_asym` table.                           
[depth..del] Read 1 assembly operation matrix from `_pdbx_struct_oper_list`     
table.                                                                          
[depth..del] Read 1 assembly from `_pdbx_struct_assembly_gen` table.            
[depth..del] Read 22 components from `_chem_comp` block.                        
[depth..del] Internal Ligand RMSD: ligand chain 1 (B, component 01) = 5.999 Å (1
automorphisms, 1 nodes explored)                                                
[depth..del] Identified 256 resolved residue(s) from `_atom_site` table.        
[depth..del] Ligand bisyRMSD: ligand chain 1 (B, component 01) = 2.457 Å        
[depth..del] Using bounds matrix reference for component 01                     
[depth..del] Using bounds matrix reference for component 01                     
[depth..del] Read 1837 atoms from `_atom_site` table.                           
[depth..del] Parsed molecule with 1900 atoms (1837 resolved), 1902 bonds, 262   
residues, and 3 chains.                                                         
[depth..del] Identified 256 resolved residue(s) from `_atom_site` table.        
[depth..del] Read 2 entities from `_entity` table.                              
[depth..del] Read 1 polymer type from `_entity_poly` table.                     
[depth..del] Read 1 non-polymer entity from `_pdbx_entity_nonpoly` table.       
[depth..del] Read 1 entities with a total of 243 residues from                  
`_entity_poly_seq` block.                                                       
[depth..del] Read 1 chain with a total of 243 residues from                     
`_pdbx_poly_seq_scheme` table.                                                  
[depth..del] Read 1 chain with a total of 1 residues from `_pdbx_nonpoly_scheme`
table.                                                                          
[depth..del] Read 2 chains from `_struct_asym` table.                           
[depth..del] Read 21 components from `_chem_comp` block.                        
[depth..del] Read 31 atoms from `_chem_comp_atom` block.                        
[depth..del] Internal Ligand RMSD: ligand chain 1 (B, component 01) = 6.022 Å (1
automorphisms, 1 nodes explored)                                                
[depth..del] Parsed molecule with 1900 atoms (1837 resolved), 1902 bonds, 262   
residues, and 3 chains.                                                         
[depth..del] Ligand bisyRMSD: ligand chain 1 (B, component 01) = 2.339 Å        
[depth..del] Read 2 entities from `_entity` table.                              
[depth..del] Read 1 polymer type from `_entity_poly` table.                     
[depth..del] Read 1 non-polymer entity from `_pdbx_entity_nonpoly` table.       
[depth..del] Read 1 entities with a total of 243 residues from                  
`_entity_poly_seq` block.                                                       
[depth..del] Read 1 chain with a total of 243 residues from                     
`_pdbx_poly_seq_scheme` table.                                                  
[depth..del] Read 1 chain with a total of 1 residues from `_pdbx_nonpoly_scheme`
table.                                                                          
[depth..del] Using bounds matrix reference for component 01                     
[depth..del] Read 2 chains from `_struct_asym` table.                           
[depth..del] Read 21 components from `_chem_comp` block.                        
[depth..del] Read 31 atoms from `_chem_comp_atom` block.                        
[depth..del] Using bounds matrix reference for component 01                     
[depth..del] Read 2017 atoms from `_atom_site` table.                           
[depth..del] Identified 244 resolved residue(s) from `_atom_site` table.        
[depth..del] Parsed molecule with 2018 atoms (2017 resolved), 2064 bonds, 244   
residues, and 2 chains.                                                         
[depth..del] Read 2017 atoms from `_atom_site` table.                           
[depth..del] Read 3 entities from `_entity` table.                              
[depth..del] Read 1 polymer type from `_entity_poly` table.                     
[depth..del] Read 1 entities with a total of 225 residues from                  
`_entity_poly_seq` block.                                                       
[depth..del] Read 3 chains from `_struct_asym` table.                           
[depth..del] Read 1 assembly operation matrix from `_pdbx_struct_oper_list`     
table.                                                                          
[depth..del] Read 1 assembly from `_pdbx_struct_assembly_gen` table.            
[depth..del] Read 22 components from `_chem_comp` block.                        
[depth..del] Read 3 entities from `_entity` table.                              
[depth..del] Read 1 polymer type from `_entity_poly` table.                     
[depth..del] Read 1 entities with a total of 225 residues from                  
`_entity_poly_seq` block.                                                       
[depth..del] Read 3 chains from `_struct_asym` table.                           
[depth..del] Read 1 assembly operation matrix from `_pdbx_struct_oper_list`     
table.                                                                          
[depth..del] Read 1 assembly from `_pdbx_struct_assembly_gen` table.            
[depth..del] Identified 244 resolved residue(s) from `_atom_site` table.        
[depth..del] Read 22 components from `_chem_comp` block.                        
[depth..del] Parsed molecule with 2018 atoms (2017 resolved), 2064 bonds, 244   
residues, and 2 chains.                                                         
[depth..del] Read 1837 atoms from `_atom_site` table.                           
[depth..del] Internal Ligand RMSD: ligand chain 1 (B, component 01) = 6.037 Å (1
automorphisms, 1 nodes explored)                                                
[depth..del] Identified 256 resolved residue(s) from `_atom_site` table.        
[depth..del] Ligand bisyRMSD: ligand chain 1 (B, component 01) = 22.913 Å       
[depth..del] Using bounds matrix reference for component 01                     
[depth..del] Using bounds matrix reference for component 01                     
[depth..del] Parsed molecule with 1900 atoms (1837 resolved), 1902 bonds, 262   
residues, and 3 chains.                                                         
[depth..del] Read 2 entities from `_entity` table.                              
[depth..del] Read 1 polymer type from `_entity_poly` table.                     
[depth..del] Read 1 non-polymer entity from `_pdbx_entity_nonpoly` table.       
[depth..del] Read 1 entities with a total of 243 residues from                  
`_entity_poly_seq` block.                                                       
[depth..del] Read 1 chain with a total of 243 residues from                     
`_pdbx_poly_seq_scheme` table.                                                  
[depth..del] Read 1 chain with a total of 1 residues from `_pdbx_nonpoly_scheme`
table.                                                                          
[depth..del] Read 1 chain with a total of 243 residues from                     
`_pdbx_poly_seq_scheme` table.                                                  
[depth..del] Read 2 chains from `_struct_asym` table.                           
[depth..del] Read 1 chain with a total of 1 residues from `_pdbx_nonpoly_scheme`
table.                                                                          
[depth..del] Read 21 components from `_chem_comp` block.                        
[depth..del] Read 2 chains from `_struct_asym` table.                           
[depth..del] Read 21 components from `_chem_comp` block.                        
[depth..del] Read 31 atoms from `_chem_comp_atom` block.                        
[depth..del] Read 31 atoms from `_chem_comp_atom` block.                        
[depth..del] Read 2017 atoms from `_atom_site` table.                           
[depth..del] Identified 244 resolved residue(s) from `_atom_site` table.        
[depth..del] Internal Ligand RMSD: ligand chain 1 (B, component 01) = 6.051 Å (1
automorphisms, 1 nodes explored)                                                
[depth..del] Ligand bisyRMSD: ligand chain 1 (B, component 01) = 2.164 Å        
[depth..del] Parsed molecule with 2018 atoms (2017 resolved), 2064 bonds, 244   
residues, and 2 chains.                                                         
[depth..del] Using bounds matrix reference for component 01                     
[depth..del] Using bounds matrix reference for component 01                     
[depth..del] Read 2017 atoms from `_atom_site` table.                           
[depth..del] Identified 244 resolved residue(s) from `_atom_site` table.        
[depth..del] Read 1837 atoms from `_atom_site` table.                           
[depth..del] Identified 256 resolved residue(s) from `_atom_site` table.        
[depth..del] Parsed molecule with 1900 atoms (1837 resolved), 1902 bonds, 262   
residues, and 3 chains.                                                         
[depth..del] Read 2 entities from `_entity` table.                              
[depth..del] Read 1 polymer type from `_entity_poly` table.                     
[depth..del] Read 1 non-polymer entity from `_pdbx_entity_nonpoly` table.       
[depth..del] Read 1 entities with a total of 243 residues from                  
`_entity_poly_seq` block.                                                       
[depth..del] Read 1 chain with a total of 243 residues from                     
`_pdbx_poly_seq_scheme` table.                                                  
[depth..del] Read 1 chain with a total of 1 residues from `_pdbx_nonpoly_scheme`
table.                                                                          
[depth..del] Read 2 chains from `_struct_asym` table.                           
[depth..del] Read 21 components from `_chem_comp` block.                        
[depth..del] Read 31 atoms from `_chem_comp_atom` block.                        
[depth..del] Parsed molecule with 2018 atoms (2017 resolved), 2064 bonds, 244   
residues, and 2 chains.                                                         
[depth..del] Read 2017 atoms from `_atom_site` table.                           
[depth..del] Identified 244 resolved residue(s) from `_atom_site` table.        
[depth..del] Internal Ligand RMSD: ligand chain 1 (B, component 01) = 5.368 Å (1
automorphisms, 1 nodes explored)                                                
[depth..del] Ligand bisyRMSD: ligand chain 1 (B, component 01) = 25.760 Å       
[depth..del] Using bounds matrix reference for component 01                     
[depth..del] Parsed molecule with 2018 atoms (2017 resolved), 2064 bonds, 244   
residues, and 2 chains.                                                         
[depth..del] Using bounds matrix reference for component 01                     
[depth..del] Read 3 entities from `_entity` table.                              
[depth..del] Read 1 polymer type from `_entity_poly` table.                     
[depth..del] Read 1 entities with a total of 225 residues from                  
`_entity_poly_seq` block.                                                       
[depth..del] Read 3 chains from `_struct_asym` table.                           
[depth..del] Read 1 assembly operation matrix from `_pdbx_struct_oper_list`     
table.                                                                          
[depth..del] Read 1 assembly from `_pdbx_struct_assembly_gen` table.            
[depth..del] Read 22 components from `_chem_comp` block.                        
[depth..del] Read 3 entities from `_entity` table.                              
[depth..del] Read 1 polymer type from `_entity_poly` table.                     
[depth..del] Read 1 entities with a total of 225 residues from                  
`_entity_poly_seq` block.                                                       
[depth..del] Read 3 chains from `_struct_asym` table.                           
[depth..del] Read 1 assembly operation matrix from `_pdbx_struct_oper_list`     
table.                                                                          
[depth..del] Read 1 assembly from `_pdbx_struct_assembly_gen` table.            
[depth..del] Read 22 components from `_chem_comp` block.                        
[depth..del] Read 3 entities from `_entity` table.                              
[depth..del] Read 1 polymer type from `_entity_poly` table.                     
[depth..del] Read 1 entities with a total of 225 residues from                  
`_entity_poly_seq` block.                                                       
[depth..del] Read 3 chains from `_struct_asym` table.                           
[depth..del] Read 1 assembly operation matrix from `_pdbx_struct_oper_list`     
table.                                                                          
[depth..del] Read 1 assembly from `_pdbx_struct_assembly_gen` table.            
[depth..del] Read 22 components from `_chem_comp` block.                        
[depth..del] Read 1837 atoms from `_atom_site` table.                           
[depth..del] Identified 256 resolved residue(s) from `_atom_site` table.        
[depth..del] Parsed molecule with 1900 atoms (1837 resolved), 1902 bonds, 262   
residues, and 3 chains.                                                         
[depth..del] Read 2 entities from `_entity` table.                              
[depth..del] Read 1 polymer type from `_entity_poly` table.                     
[depth..del] Read 1 non-polymer entity from `_pdbx_entity_nonpoly` table.       
[depth..del] Read 1 entities with a total of 243 residues from                  
`_entity_poly_seq` block.                                                       
[depth..del] Read 1 chain with a total of 243 residues from                     
`_pdbx_poly_seq_scheme` table.                                                  
[depth..del] Read 1 chain with a total of 1 residues from `_pdbx_nonpoly_scheme`
table.                                                                          
[depth..del] Read 2 chains from `_struct_asym` table.                           
[depth..del] Read 21 components from `_chem_comp` block.                        
[depth..del] Read 31 atoms from `_chem_comp_atom` block.                        
[depth..del] Read 2017 atoms from `_atom_site` table.                           
[depth..del] Identified 244 resolved residue(s) from `_atom_site` table.        
[depth..del] Parsed molecule with 2018 atoms (2017 resolved), 2064 bonds, 244   
residues, and 2 chains.                                                         
[depth..del] Read 1837 atoms from `_atom_site` table.                           
[depth..del] Identified 256 resolved residue(s) from `_atom_site` table.        
[depth..del] Read 1837 atoms from `_atom_site` table.                           
[depth..del] Identified 256 resolved residue(s) from `_atom_site` table.        
[depth..del] Internal Ligand RMSD: ligand chain 1 (B, component 01) = 6.071 Å (1
automorphisms, 1 nodes explored)                                                
[depth..del] Parsed molecule with 1900 atoms (1837 resolved), 1902 bonds, 262   
residues, and 3 chains.                                                         
[depth..del] Ligand bisyRMSD: ligand chain 1 (B, component 01) = 15.998 Å       
[depth..del] Read 2 entities from `_entity` table.                              
[depth..del] Read 1 polymer type from `_entity_poly` table.                     
[depth..del] Parsed molecule with 1900 atoms (1837 resolved), 1902 bonds, 262   
residues, and 3 chains.                                                         
[depth..del] Read 1 non-polymer entity from `_pdbx_entity_nonpoly` table.       
[depth..del] Read 1 entities with a total of 243 residues from                  
`_entity_poly_seq` block.                                                       
[depth..del] Read 1 chain with a total of 243 residues from                     
`_pdbx_poly_seq_scheme` table.                                                  
[depth..del] Read 1 chain with a total of 1 residues from `_pdbx_nonpoly_scheme`
table.                                                                          
[depth..del] Read 2 chains from `_struct_asym` table.                           
[depth..del] Read 21 components from `_chem_comp` block.                        
[depth..del] Read 31 atoms from `_chem_comp_atom` block.                        
[depth..del] Using bounds matrix reference for component 01                     
[depth..del] Read 2 entities from `_entity` table.                              
[depth..del] Read 1 polymer type from `_entity_poly` table.                     
[depth..del] Read 1 non-polymer entity from `_pdbx_entity_nonpoly` table.       
[depth..del] Read 1 entities with a total of 243 residues from                  
`_entity_poly_seq` block.                                                       
[depth..del] Read 1 chain with a total of 243 residues from                     
`_pdbx_poly_seq_scheme` table.                                                  
[depth..del] Read 1 chain with a total of 1 residues from `_pdbx_nonpoly_scheme`
table.                                                                          
[depth..del] Read 2 chains from `_struct_asym` table.                           
[depth..del] Read 21 components from `_chem_comp` block.                        
[depth..del] Read 31 atoms from `_chem_comp_atom` block.                        
[depth..del] Read 2017 atoms from `_atom_site` table.                           
[depth..del] Using bounds matrix reference for component 01                     
[depth..del] Identified 244 resolved residue(s) from `_atom_site` table.        
[depth..del] Parsed molecule with 2018 atoms (2017 resolved), 2064 bonds, 244   
residues, and 2 chains.                                                         
[depth..del] Read 3 entities from `_entity` table.                              
[depth..del] Read 1 polymer type from `_entity_poly` table.                     
[depth..del] Read 1 entities with a total of 225 residues from                  
`_entity_poly_seq` block.                                                       
[depth..del] Read 3 chains from `_struct_asym` table.                           
[depth..del] Read 1 assembly operation matrix from `_pdbx_struct_oper_list`     
table.                                                                          
[depth..del] Read 1 assembly from `_pdbx_struct_assembly_gen` table.            
[depth..del] Read 22 components from `_chem_comp` block.                        
[depth..del] Read 2017 atoms from `_atom_site` table.                           
[depth..del] Identified 244 resolved residue(s) from `_atom_site` table.        
[depth..del] Read 1837 atoms from `_atom_site` table.                           
[depth..del] Parsed molecule with 2018 atoms (2017 resolved), 2064 bonds, 244   
residues, and 2 chains.                                                         
[depth..del] Identified 256 resolved residue(s) from `_atom_site` table.        
[depth..del] Parsed molecule with 1900 atoms (1837 resolved), 1902 bonds, 262   
residues, and 3 chains.                                                         
[depth..del] Read 2 entities from `_entity` table.                              
[depth..del] Read 1 polymer type from `_entity_poly` table.                     
[depth..del] Read 1 non-polymer entity from `_pdbx_entity_nonpoly` table.       
[depth..del] Read 1 entities with a total of 243 residues from                  
`_entity_poly_seq` block.                                                       
[depth..del] Read 1 chain with a total of 243 residues from                     
`_pdbx_poly_seq_scheme` table.                                                  
[depth..del] Read 1 chain with a total of 1 residues from `_pdbx_nonpoly_scheme`
table.                                                                          
[depth..del] Read 2 chains from `_struct_asym` table.                           
[depth..del] Read 21 components from `_chem_comp` block.                        
[depth..del] Read 31 atoms from `_chem_comp_atom` block.                        
[depth..del] Read 2017 atoms from `_atom_site` table.                           
[depth..del] Identified 244 resolved residue(s) from `_atom_site` table.        
[depth..del] Parsed molecule with 2018 atoms (2017 resolved), 2064 bonds, 244   
residues, and 2 chains.                                                         
[depth..del] Read 3 entities from `_entity` table.                              
[depth..del] Read 1 polymer type from `_entity_poly` table.                     
[depth..del] Read 1 entities with a total of 225 residues from                  
`_entity_poly_seq` block.                                                       
[depth..del] Read 3 chains from `_struct_asym` table.                           
[depth..del] Read 1 assembly operation matrix from `_pdbx_struct_oper_list`     
table.                                                                          
[depth..del] Read 1 assembly from `_pdbx_struct_assembly_gen` table.            
[depth..del] Read 22 components from `_chem_comp` block.                        
[depth..del] Read 1837 atoms from `_atom_site` table.                           
[depth..del] Identified 256 resolved residue(s) from `_atom_site` table.        
[depth..del] Parsed molecule with 1900 atoms (1837 resolved), 1902 bonds, 262   
residues, and 3 chains.                                                         
[depth..del] Read 2 entities from `_entity` table.                              
[depth..del] Read 1 polymer type from `_entity_poly` table.                     
[depth..del] Read 1 non-polymer entity from `_pdbx_entity_nonpoly` table.       
[depth..del] Read 1 entities with a total of 243 residues from                  
`_entity_poly_seq` block.                                                       
[depth..del] Read 1 chain with a total of 243 residues from                     
`_pdbx_poly_seq_scheme` table.                                                  
[depth..del] Read 1 chain with a total of 1 residues from `_pdbx_nonpoly_scheme`
table.                                                                          
[depth..del] Read 2 chains from `_struct_asym` table.                           
[depth..del] Read 21 components from `_chem_comp` block.                        
[depth..del] Read 31 atoms from `_chem_comp_atom` block.                        
[depth..del] Internal Ligand RMSD: ligand chain 1 (B, component 01) = 5.983 Å (1
automorphisms, 1 nodes explored)                                                
[depth..del] Ligand bisyRMSD: ligand chain 1 (B, component 01) = 25.716 Å       
[depth..del] Read 2017 atoms from `_atom_site` table.                           
[depth..del] Using bounds matrix reference for component 01                     
[depth..del] Identified 244 resolved residue(s) from `_atom_site` table.        
[depth..del] Using bounds matrix reference for component 01                     
[depth..del] Parsed molecule with 2018 atoms (2017 resolved), 2064 bonds, 244   
residues, and 2 chains.                                                         
[depth..del] Internal Ligand RMSD: ligand chain 1 (B, component 01) = 6.054 Å (1
automorphisms, 1 nodes explored)                                                
[depth..del] Ligand bisyRMSD: ligand chain 1 (B, component 01) = 2.397 Å        
[depth..del] Using bounds matrix reference for component 01                     
[depth..del] Using bounds matrix reference for component 01                     
[depth..del] Internal Ligand RMSD: ligand chain 1 (B, component 01) = 5.749 Å (1
automorphisms, 1 nodes explored)                                                
[depth..del] Ligand bisyRMSD: ligand chain 1 (B, component 01) = 11.254 Å       
[depth..del] Using bounds matrix reference for component 01                     
[depth..del] Using bounds matrix reference for component 01                     
[depth..del] Read 3 entities from `_entity` table.                              
[depth..del] Read 1 polymer type from `_entity_poly` table.                     
[depth..del] Read 1 entities with a total of 225 residues from                  
`_entity_poly_seq` block.                                                       
[depth..del] Read 3 chains from `_struct_asym` table.                           
[depth..del] Read 1 assembly operation matrix from `_pdbx_struct_oper_list`     
table.                                                                          
[depth..del] Read 1 assembly from `_pdbx_struct_assembly_gen` table.            
[depth..del] Read 22 components from `_chem_comp` block.                        
[depth..del] Internal Ligand RMSD: ligand chain 1 (B, component 01) = 5.987 Å (1
automorphisms, 1 nodes explored)                                                
[depth..del] Ligand bisyRMSD: ligand chain 1 (B, component 01) = 2.152 Å        
[depth..del] Using bounds matrix reference for component 01                     
[depth..del] Read 1837 atoms from `_atom_site` table.                           
[depth..del] Read 3 entities from `_entity` table.                              
[depth..del] Read 1 polymer type from `_entity_poly` table.                     
[depth..del] Using bounds matrix reference for component 01                     
[depth..del] Read 1 entities with a total of 225 residues from                  
`_entity_poly_seq` block.                                                       
[depth..del] Read 3 chains from `_struct_asym` table.                           
[depth..del] Read 1 assembly operation matrix from `_pdbx_struct_oper_list`     
table.                                                                          
[depth..del] Read 1 assembly from `_pdbx_struct_assembly_gen` table.            
[depth..del] Read 22 components from `_chem_comp` block.                        
[depth..del] Identified 256 resolved residue(s) from `_atom_site` table.        
[depth..del] Read 1837 atoms from `_atom_site` table.                           
[depth..del] Identified 256 resolved residue(s) from `_atom_site` table.        
[depth..del] Parsed molecule with 1900 atoms (1837 resolved), 1902 bonds, 262   
residues, and 3 chains.                                                         
[depth..del] Read 2 entities from `_entity` table.                              
[depth..del] Read 1 polymer type from `_entity_poly` table.                     
[depth..del] Read 1 non-polymer entity from `_pdbx_entity_nonpoly` table.       
[depth..del] Read 1 entities with a total of 243 residues from                  
`_entity_poly_seq` block.                                                       
[depth..del] Parsed molecule with 1900 atoms (1837 resolved), 1902 bonds, 262   
residues, and 3 chains.                                                         
[depth..del] Read 1 chain with a total of 243 residues from                     
`_pdbx_poly_seq_scheme` table.                                                  
[depth..del] Read 1 chain with a total of 1 residues from `_pdbx_nonpoly_scheme`
table.                                                                          
[depth..del] Read 2 chains from `_struct_asym` table.                           
[depth..del] Read 21 components from `_chem_comp` block.                        
[depth..del] Read 31 atoms from `_chem_comp_atom` block.                        
[depth..del] Read 2 entities from `_entity` table.                              
[depth..del] Read 1 polymer type from `_entity_poly` table.                     
[depth..del] Read 1 non-polymer entity from `_pdbx_entity_nonpoly` table.       
[depth..del] Read 1 entities with a total of 243 residues from                  
`_entity_poly_seq` block.                                                       
[depth..del] Read 1 chain with a total of 243 residues from                     
`_pdbx_poly_seq_scheme` table.                                                  
[depth..del] Read 1 chain with a total of 1 residues from `_pdbx_nonpoly_scheme`
table.                                                                          
[depth..del] Read 2017 atoms from `_atom_site` table.                           
[depth..del] Read 2 chains from `_struct_asym` table.                           
[depth..del] Read 21 components from `_chem_comp` block.                        
[depth..del] Read 31 atoms from `_chem_comp_atom` block.                        
[depth..del] Identified 244 resolved residue(s) from `_atom_site` table.        
[depth..del] Parsed molecule with 2018 atoms (2017 resolved), 2064 bonds, 244   
residues, and 2 chains.                                                         
[depth..del] Read 2017 atoms from `_atom_site` table.                           
[depth..del] Identified 244 resolved residue(s) from `_atom_site` table.        
[depth..del] Internal Ligand RMSD: ligand chain 1 (B, component 01) = 6.198 Å (1
automorphisms, 1 nodes explored)                                                
[depth..del] Ligand bisyRMSD: ligand chain 1 (B, component 01) = 1.837 Å        
[depth..del] Using bounds matrix reference for component 01                     
[depth..del] Parsed molecule with 2018 atoms (2017 resolved), 2064 bonds, 244   
residues, and 2 chains.                                                         
[depth..del] Using bounds matrix reference for component 01                     
[depth..del] Internal Ligand RMSD: ligand chain 1 (B, component 01) = 5.998 Å (1
automorphisms, 1 nodes explored)                                                
[depth..del] Ligand bisyRMSD: ligand chain 1 (B, component 01) = 2.291 Å        
[depth..del] Using bounds matrix reference for component 01                     
[depth..del] Using bounds matrix reference for component 01                     
[depth..del] Internal Ligand RMSD: ligand chain 1 (B, component 01) = 5.990 Å (1
automorphisms, 1 nodes explored)                                                
[depth..del] Ligand bisyRMSD: ligand chain 1 (B, component 01) = 15.515 Å       
[depth..del] Read 3 entities from `_entity` table.                              
[depth..del] Read 1 polymer type from `_entity_poly` table.                     
[depth..del] Read 1 entities with a total of 225 residues from                  
`_entity_poly_seq` block.                                                       
[depth..del] Read 3 chains from `_struct_asym` table.                           
[depth..del] Read 1 assembly operation matrix from `_pdbx_struct_oper_list`     
table.                                                                          
[depth..del] Read 1 assembly from `_pdbx_struct_assembly_gen` table.            
[depth..del] Read 22 components from `_chem_comp` block.                        
[depth..del] Using bounds matrix reference for component 01                     
[depth..del] Using bounds matrix reference for component 01                     
[depth..del] Read 1837 atoms from `_atom_site` table.                           
[depth..del] Internal Ligand RMSD: ligand chain 1 (B, component 01) = 6.047 Å (1
automorphisms, 1 nodes explored)                                                
[depth..del] Read 3 entities from `_entity` table.                              
[depth..del] Read 1 polymer type from `_entity_poly` table.                     
[depth..del] Ligand bisyRMSD: ligand chain 1 (B, component 01) = 2.581 Å        
[depth..del] Identified 256 resolved residue(s) from `_atom_site` table.        
[depth..del] Read 1 entities with a total of 225 residues from                  
`_entity_poly_seq` block.                                                       
[depth..del] Read 3 chains from `_struct_asym` table.                           
[depth..del] Read 1 assembly operation matrix from `_pdbx_struct_oper_list`     
table.                                                                          
[depth..del] Read 1 assembly from `_pdbx_struct_assembly_gen` table.            
[depth..del] Using bounds matrix reference for component 01                     
[depth..del] Read 22 components from `_chem_comp` block.                        
[depth..del] Using bounds matrix reference for component 01                     
[depth..del] Read 3 entities from `_entity` table.                              
[depth..del] Read 1 polymer type from `_entity_poly` table.                     
[depth..del] Read 1 entities with a total of 225 residues from                  
`_entity_poly_seq` block.                                                       
[depth..del] Read 3 chains from `_struct_asym` table.                           
[depth..del] Read 1 assembly operation matrix from `_pdbx_struct_oper_list`     
table.                                                                          
[depth..del] Read 1 assembly from `_pdbx_struct_assembly_gen` table.            
[depth..del] Read 22 components from `_chem_comp` block.                        
[depth..del] Parsed molecule with 1900 atoms (1837 resolved), 1902 bonds, 262   
residues, and 3 chains.                                                         
[depth..del] Read 2 entities from `_entity` table.                              
[depth..del] Read 1 polymer type from `_entity_poly` table.                     
[depth..del] Read 1 non-polymer entity from `_pdbx_entity_nonpoly` table.       
[depth..del] Read 1837 atoms from `_atom_site` table.                           
[depth..del] Read 1 entities with a total of 243 residues from                  
`_entity_poly_seq` block.                                                       
[depth..del] Read 1 chain with a total of 243 residues from                     
`_pdbx_poly_seq_scheme` table.                                                  
[depth..del] Read 1 chain with a total of 1 residues from `_pdbx_nonpoly_scheme`
table.                                                                          
[depth..del] Read 2 chains from `_struct_asym` table.                           
[depth..del] Read 21 components from `_chem_comp` block.                        
[depth..del] Read 31 atoms from `_chem_comp_atom` block.                        
[depth..del] Identified 256 resolved residue(s) from `_atom_site` table.        
[depth..del] Read 2017 atoms from `_atom_site` table.                           
[depth..del] Parsed molecule with 1900 atoms (1837 resolved), 1902 bonds, 262   
residues, and 3 chains.                                                         
[depth..del] Read 2 entities from `_entity` table.                              
[depth..del] Read 1 polymer type from `_entity_poly` table.                     
[depth..del] Read 1 non-polymer entity from `_pdbx_entity_nonpoly` table.       
[depth..del] Read 1 entities with a total of 243 residues from                  
`_entity_poly_seq` block.                                                       
[depth..del] Identified 244 resolved residue(s) from `_atom_site` table.        
[depth..del] Read 1 chain with a total of 243 residues from                     
`_pdbx_poly_seq_scheme` table.                                                  
[depth..del] Read 1 chain with a total of 1 residues from `_pdbx_nonpoly_scheme`
table.                                                                          
[depth..del] Read 2 chains from `_struct_asym` table.                           
[depth..del] Read 21 components from `_chem_comp` block.                        
[depth..del] Read 31 atoms from `_chem_comp_atom` block.                        
[depth..del] Read 2017 atoms from `_atom_site` table.                           
[depth..del] Read 1837 atoms from `_atom_site` table.                           
[depth..del] Identified 244 resolved residue(s) from `_atom_site` table.        
[depth..del] Parsed molecule with 2018 atoms (2017 resolved), 2064 bonds, 244   
residues, and 2 chains.                                                         
[depth..del] Identified 256 resolved residue(s) from `_atom_site` table.        
[depth..del] Parsed molecule with 2018 atoms (2017 resolved), 2064 bonds, 244   
residues, and 2 chains.                                                         
[depth..del] Parsed molecule with 1900 atoms (1837 resolved), 1902 bonds, 262   
residues, and 3 chains.                                                         
[depth..del] Read 2 entities from `_entity` table.                              
[depth..del] Read 1 polymer type from `_entity_poly` table.                     
[depth..del] Read 1 non-polymer entity from `_pdbx_entity_nonpoly` table.       
[depth..del] Read 1 entities with a total of 243 residues from                  
`_entity_poly_seq` block.                                                       
[depth..del] Read 1 chain with a total of 243 residues from                     
`_pdbx_poly_seq_scheme` table.                                                  
[depth..del] Read 1 chain with a total of 1 residues from `_pdbx_nonpoly_scheme`
table.                                                                          
[depth..del] Read 2 chains from `_struct_asym` table.                           
[depth..del] Read 21 components from `_chem_comp` block.                        
[depth..del] Read 31 atoms from `_chem_comp_atom` block.                        
[depth..del] Read 2017 atoms from `_atom_site` table.                           
[depth..del] Identified 244 resolved residue(s) from `_atom_site` table.        
[depth..del] Parsed molecule with 2018 atoms (2017 resolved), 2064 bonds, 244   
residues, and 2 chains.                                                         
[depth..del] Read 3 entities from `_entity` table.                              
[depth..del] Read 1 polymer type from `_entity_poly` table.                     
[depth..del] Read 1 entities with a total of 225 residues from                  
`_entity_poly_seq` block.                                                       
[depth..del] Read 3 chains from `_struct_asym` table.                           
[depth..del] Read 1 assembly operation matrix from `_pdbx_struct_oper_list`     
table.                                                                          
[depth..del] Read 1 assembly from `_pdbx_struct_assembly_gen` table.            
[depth..del] Read 22 components from `_chem_comp` block.                        
[depth..del] Read 1837 atoms from `_atom_site` table.                           
[depth..del] Identified 256 resolved residue(s) from `_atom_site` table.        
[depth..del] Internal Ligand RMSD: ligand chain 1 (B, component 01) = 6.031 Å (1
automorphisms, 1 nodes explored)                                                
[depth..del] Ligand bisyRMSD: ligand chain 1 (B, component 01) = 16.732 Å       
[depth..del] Using bounds matrix reference for component 01                     
[depth..del] Using bounds matrix reference for component 01                     
[depth..del] Parsed molecule with 1900 atoms (1837 resolved), 1902 bonds, 262   
residues, and 3 chains.                                                         
[depth..del] Read 2 entities from `_entity` table.                              
[depth..del] Read 1 polymer type from `_entity_poly` table.                     
[depth..del] Read 1 non-polymer entity from `_pdbx_entity_nonpoly` table.       
[depth..del] Read 1 entities with a total of 243 residues from                  
`_entity_poly_seq` block.                                                       
[depth..del] Read 1 chain with a total of 243 residues from                     
`_pdbx_poly_seq_scheme` table.                                                  
[depth..del] Read 1 chain with a total of 1 residues from `_pdbx_nonpoly_scheme`
table.                                                                          
[depth..del] Read 2 chains from `_struct_asym` table.                           
[depth..del] Read 21 components from `_chem_comp` block.                        
[depth..del] Read 31 atoms from `_chem_comp_atom` block.                        
[depth..del] Read 3 entities from `_entity` table.                              
[depth..del] Read 1 polymer type from `_entity_poly` table.                     
[depth..del] Read 1 entities with a total of 225 residues from                  
`_entity_poly_seq` block.                                                       
[depth..del] Read 3 chains from `_struct_asym` table.                           
[depth..del] Read 3 entities from `_entity` table.                              
[depth..del] Read 1 assembly operation matrix from `_pdbx_struct_oper_list`     
table.                                                                          
[depth..del] Read 1 polymer type from `_entity_poly` table.                     
[depth..del] Read 1 assembly from `_pdbx_struct_assembly_gen` table.            
[depth..del] Read 22 components from `_chem_comp` block.                        
[depth..del] Read 1 entities with a total of 225 residues from                  
`_entity_poly_seq` block.                                                       
[depth..del] Read 3 chains from `_struct_asym` table.                           
[depth..del] Read 1 assembly operation matrix from `_pdbx_struct_oper_list`     
table.                                                                          
[depth..del] Read 1 assembly from `_pdbx_struct_assembly_gen` table.            
[depth..del] Read 22 components from `_chem_comp` block.                        
[depth..del] Read 2017 atoms from `_atom_site` table.                           
[depth..del] Identified 244 resolved residue(s) from `_atom_site` table.        
[depth..del] Parsed molecule with 2018 atoms (2017 resolved), 2064 bonds, 244   
residues, and 2 chains.                                                         
[depth..del] Read 1837 atoms from `_atom_site` table.                           
[depth..del] Identified 256 resolved residue(s) from `_atom_site` table.        
[depth..del] Read 1837 atoms from `_atom_site` table.                           
[depth..del] Identified 256 resolved residue(s) from `_atom_site` table.        
[depth..del] Parsed molecule with 1900 atoms (1837 resolved), 1902 bonds, 262   
residues, and 3 chains.                                                         
[depth..del] Read 2 entities from `_entity` table.                              
[depth..del] Read 1 polymer type from `_entity_poly` table.                     
[depth..del] Read 1 non-polymer entity from `_pdbx_entity_nonpoly` table.       
[depth..del] Read 1 entities with a total of 243 residues from                  
`_entity_poly_seq` block.                                                       
[depth..del] Read 1 chain with a total of 243 residues from                     
`_pdbx_poly_seq_scheme` table.                                                  
[depth..del] Read 1 chain with a total of 1 residues from `_pdbx_nonpoly_scheme`
table.                                                                          
[depth..del] Read 2 chains from `_struct_asym` table.                           
[depth..del] Read 21 components from `_chem_comp` block.                        
[depth..del] Read 31 atoms from `_chem_comp_atom` block.                        
[depth..del] Parsed molecule with 1900 atoms (1837 resolved), 1902 bonds, 262   
residues, and 3 chains.                                                         
[depth..del] Read 2 entities from `_entity` table.                              
[depth..del] Read 1 polymer type from `_entity_poly` table.                     
[depth..del] Read 1 non-polymer entity from `_pdbx_entity_nonpoly` table.       
[depth..del] Read 1 entities with a total of 243 residues from                  
`_entity_poly_seq` block.                                                       
[depth..del] Read 1 chain with a total of 243 residues from                     
`_pdbx_poly_seq_scheme` table.                                                  
[depth..del] Read 1 chain with a total of 1 residues from `_pdbx_nonpoly_scheme`
table.                                                                          
[depth..del] Read 2 chains from `_struct_asym` table.                           
[depth..del] Read 21 components from `_chem_comp` block.                        
[depth..del] Read 31 atoms from `_chem_comp_atom` block.                        
[depth..del] Read 2017 atoms from `_atom_site` table.                           
[depth..del] Read 2017 atoms from `_atom_site` table.                           
[depth..del] Identified 244 resolved residue(s) from `_atom_site` table.        
[depth..del] Internal Ligand RMSD: ligand chain 1 (B, component 01) = 6.078 Å (1
automorphisms, 1 nodes explored)                                                
[depth..del] Ligand bisyRMSD: ligand chain 1 (B, component 01) = 24.187 Å       
[depth..del] Using bounds matrix reference for component 01                     
[depth..del] Identified 244 resolved residue(s) from `_atom_site` table.        
[depth..del] Parsed molecule with 2018 atoms (2017 resolved), 2064 bonds, 244   
residues, and 2 chains.                                                         
[depth..del] Using bounds matrix reference for component 01                     
[depth..del] Parsed molecule with 2018 atoms (2017 resolved), 2064 bonds, 244   
residues, and 2 chains.                                                         
[depth..del] Internal Ligand RMSD: ligand chain 1 (B, component 01) = 6.022 Å (1
automorphisms, 1 nodes explored)                                                
[depth..del] Ligand bisyRMSD: ligand chain 1 (B, component 01) = 2.514 Å        
[depth..del] Internal Ligand RMSD: ligand chain 1 (B, component 01) = 5.998 Å (1
automorphisms, 1 nodes explored)                                                
[depth..del] Using bounds matrix reference for component 01                     
[depth..del] Ligand bisyRMSD: ligand chain 1 (B, component 01) = 9.934 Å        
[depth..del] Using bounds matrix reference for component 01                     
[depth..del] Using bounds matrix reference for component 01                     
[depth..del] Using bounds matrix reference for component 01                     
[depth..del] Read 3 entities from `_entity` table.                              
[depth..del] Read 1 polymer type from `_entity_poly` table.                     
[depth..del] Internal Ligand RMSD: ligand chain 1 (B, component 01) = 6.151 Å (1
automorphisms, 1 nodes explored)                                                
[depth..del] Read 1 entities with a total of 225 residues from                  
`_entity_poly_seq` block.                                                       
[depth..del] Read 3 chains from `_struct_asym` table.                           
[depth..del] Read 1 assembly operation matrix from `_pdbx_struct_oper_list`     
table.                                                                          
[depth..del] Read 1 assembly from `_pdbx_struct_assembly_gen` table.            
[depth..del] Read 22 components from `_chem_comp` block.                        
[depth..del] Ligand bisyRMSD: ligand chain 1 (B, component 01) = 1.900 Å        
[depth..del] Using bounds matrix reference for component 01                     
[depth..del] Using bounds matrix reference for component 01                     
[depth..del] Read 3 entities from `_entity` table.                              
[depth..del] Read 1 polymer type from `_entity_poly` table.                     
[depth..del] Read 1 entities with a total of 225 residues from                  
`_entity_poly_seq` block.                                                       
[depth..del] Read 3 chains from `_struct_asym` table.                           
[depth..del] Read 1 assembly operation matrix from `_pdbx_struct_oper_list`     
table.                                                                          
[depth..del] Read 1 assembly from `_pdbx_struct_assembly_gen` table.            
[depth..del] Read 22 components from `_chem_comp` block.                        
[depth..del] Read 1837 atoms from `_atom_site` table.                           
[depth..del] Read 1837 atoms from `_atom_site` table.                           
[depth..del] Identified 256 resolved residue(s) from `_atom_site` table.        
[depth..del] Identified 256 resolved residue(s) from `_atom_site` table.        
[depth..del] Parsed molecule with 1900 atoms (1837 resolved), 1902 bonds, 262   
residues, and 3 chains.                                                         
[depth..del] Read 2 entities from `_entity` table.                              
[depth..del] Read 1 polymer type from `_entity_poly` table.                     
[depth..del] Read 1 non-polymer entity from `_pdbx_entity_nonpoly` table.       
[depth..del] Read 1 entities with a total of 243 residues from                  
`_entity_poly_seq` block.                                                       
[depth..del] Read 1 chain with a total of 243 residues from                     
`_pdbx_poly_seq_scheme` table.                                                  
[depth..del] Read 1 chain with a total of 1 residues from `_pdbx_nonpoly_scheme`
table.                                                                          
[depth..del] Read 2 chains from `_struct_asym` table.                           
[depth..del] Read 21 components from `_chem_comp` block.                        
[depth..del] Read 31 atoms from `_chem_comp_atom` block.                        
[depth..del] Read 2017 atoms from `_atom_site` table.                           
[depth..del] Identified 244 resolved residue(s) from `_atom_site` table.        
[depth..del] Parsed molecule with 1900 atoms (1837 resolved), 1902 bonds, 262   
residues, and 3 chains.                                                         
[depth..del] Read 2 entities from `_entity` table.                              
[depth..del] Read 1 polymer type from `_entity_poly` table.                     
[depth..del] Read 1 non-polymer entity from `_pdbx_entity_nonpoly` table.       
[depth..del] Parsed molecule with 2018 atoms (2017 resolved), 2064 bonds, 244   
residues, and 2 chains.                                                         
[depth..del] Read 1 entities with a total of 243 residues from                  
`_entity_poly_seq` block.                                                       
[depth..del] Read 1 chain with a total of 243 residues from                     
`_pdbx_poly_seq_scheme` table.                                                  
[depth..del] Read 1 chain with a total of 1 residues from `_pdbx_nonpoly_scheme`
table.                                                                          
[depth..del] Read 2 chains from `_struct_asym` table.                           
[depth..del] Read 21 components from `_chem_comp` block.                        
[depth..del] Read 31 atoms from `_chem_comp_atom` block.                        
[depth..del] Read 2017 atoms from `_atom_site` table.                           
[depth..del] Identified 244 resolved residue(s) from `_atom_site` table.        
[depth..del] Parsed molecule with 2018 atoms (2017 resolved), 2064 bonds, 244   
residues, and 2 chains.                                                         
[depth..del] Read 3 entities from `_entity` table.                              
[depth..del] Read 1 polymer type from `_entity_poly` table.                     
[depth..del] Read 1 entities with a total of 225 residues from                  
`_entity_poly_seq` block.                                                       
[depth..del] Read 3 chains from `_struct_asym` table.                           
[depth..del] Read 1 assembly operation matrix from `_pdbx_struct_oper_list`     
table.                                                                          
[depth..del] Read 1 assembly from `_pdbx_struct_assembly_gen` table.            
[depth..del] Read 22 components from `_chem_comp` block.                        
[depth..del] Read 3 entities from `_entity` table.                              
[depth..del] Read 1 polymer type from `_entity_poly` table.                     
[depth..del] Read 1 entities with a total of 225 residues from                  
`_entity_poly_seq` block.                                                       
[depth..del] Read 3 chains from `_struct_asym` table.                           
[depth..del] Read 1 assembly operation matrix from `_pdbx_struct_oper_list`     
table.                                                                          
[depth..del] Read 1 assembly from `_pdbx_struct_assembly_gen` table.            
[depth..del] Read 22 components from `_chem_comp` block.                        
[depth..del] Read 3 entities from `_entity` table.                              
[depth..del] Read 1 polymer type from `_entity_poly` table.                     
[depth..del] Read 1 entities with a total of 225 residues from                  
`_entity_poly_seq` block.                                                       
[depth..del] Read 1837 atoms from `_atom_site` table.                           
[depth..del] Read 3 chains from `_struct_asym` table.                           
[depth..del] Read 1 assembly operation matrix from `_pdbx_struct_oper_list`     
table.                                                                          
[depth..del] Read 1837 atoms from `_atom_site` table.                           
[depth..del] Read 1 assembly from `_pdbx_struct_assembly_gen` table.            
[depth..del] Read 22 components from `_chem_comp` block.                        
[depth..del] Identified 256 resolved residue(s) from `_atom_site` table.        
[depth..del] Identified 256 resolved residue(s) from `_atom_site` table.        
[depth..del] Parsed molecule with 1900 atoms (1837 resolved), 1902 bonds, 262   
residues, and 3 chains.                                                         
[depth..del] Read 3 entities from `_entity` table.                              
[depth..del] Read 1 polymer type from `_entity_poly` table.                     
[depth..del] Read 1 entities with a total of 225 residues from                  
`_entity_poly_seq` block.                                                       
[depth..del] Read 3 chains from `_struct_asym` table.                           
[depth..del] Read 1 assembly operation matrix from `_pdbx_struct_oper_list`     
table.                                                                          
[depth..del] Read 1 assembly from `_pdbx_struct_assembly_gen` table.            
[depth..del] Parsed molecule with 1900 atoms (1837 resolved), 1902 bonds, 262   
residues, and 3 chains.                                                         
[depth..del] Read 22 components from `_chem_comp` block.                        
[depth..del] Read 3 entities from `_entity` table.                              
[depth..del] Read 1 polymer type from `_entity_poly` table.                     
[depth..del] Read 2 entities from `_entity` table.                              
[depth..del] Read 1 polymer type from `_entity_poly` table.                     
[depth..del] Read 1 entities with a total of 225 residues from                  
`_entity_poly_seq` block.                                                       
[depth..del] Read 1 non-polymer entity from `_pdbx_entity_nonpoly` table.       
[depth..del] Read 3 chains from `_struct_asym` table.                           
[depth..del] Read 1 entities with a total of 243 residues from                  
`_entity_poly_seq` block.                                                       
[depth..del] Read 1 assembly operation matrix from `_pdbx_struct_oper_list`     
table.                                                                          
[depth..del] Read 1 assembly from `_pdbx_struct_assembly_gen` table.            
[depth..del] Read 22 components from `_chem_comp` block.                        
[depth..del] Read 1 chain with a total of 243 residues from                     
`_pdbx_poly_seq_scheme` table.                                                  
[depth..del] Read 1 chain with a total of 1 residues from `_pdbx_nonpoly_scheme`
table.                                                                          
[depth..del] Read 2 chains from `_struct_asym` table.                           
[depth..del] Read 21 components from `_chem_comp` block.                        
[depth..del] Read 31 atoms from `_chem_comp_atom` block.                        
[depth..del] Read 2 entities from `_entity` table.                              
[depth..del] Read 1 polymer type from `_entity_poly` table.                     
[depth..del] Read 1 non-polymer entity from `_pdbx_entity_nonpoly` table.       
[depth..del] Read 1 entities with a total of 243 residues from                  
`_entity_poly_seq` block.                                                       
[depth..del] Read 1 chain with a total of 243 residues from                     
`_pdbx_poly_seq_scheme` table.                                                  
[depth..del] Read 1 chain with a total of 1 residues from `_pdbx_nonpoly_scheme`
table.                                                                          
[depth..del] Read 2 chains from `_struct_asym` table.                           
[depth..del] Read 21 components from `_chem_comp` block.                        
[depth..del] Read 31 atoms from `_chem_comp_atom` block.                        
[depth..del] Read 1837 atoms from `_atom_site` table.                           
[depth..del] Read 1837 atoms from `_atom_site` table.                           
[depth..del] Identified 256 resolved residue(s) from `_atom_site` table.        
[depth..del] Identified 256 resolved residue(s) from `_atom_site` table.        
[depth..del] Parsed molecule with 1900 atoms (1837 resolved), 1902 bonds, 262   
residues, and 3 chains.                                                         
[depth..del] Read 2 entities from `_entity` table.                              
[depth..del] Read 1 polymer type from `_entity_poly` table.                     
[depth..del] Read 1 non-polymer entity from `_pdbx_entity_nonpoly` table.       
[depth..del] Read 1 entities with a total of 243 residues from                  
`_entity_poly_seq` block.                                                       
[depth..del] Read 1 chain with a total of 243 residues from                     
`_pdbx_poly_seq_scheme` table.                                                  
[depth..del] Read 1 chain with a total of 1 residues from `_pdbx_nonpoly_scheme`
table.                                                                          
[depth..del] Read 2 chains from `_struct_asym` table.                           
[depth..del] Read 21 components from `_chem_comp` block.                        
[depth..del] Read 31 atoms from `_chem_comp_atom` block.                        
[depth..del] Parsed molecule with 1900 atoms (1837 resolved), 1902 bonds, 262   
residues, and 3 chains.                                                         
[depth..del] Read 1837 atoms from `_atom_site` table.                           
[depth..del] Read 2 entities from `_entity` table.                              
[depth..del] Read 1 polymer type from `_entity_poly` table.                     
[depth..del] Read 1 non-polymer entity from `_pdbx_entity_nonpoly` table.       
[depth..del] Read 1 entities with a total of 243 residues from                  
`_entity_poly_seq` block.                                                       
[depth..del] Read 1 chain with a total of 243 residues from                     
`_pdbx_poly_seq_scheme` table.                                                  
[depth..del] Read 1 chain with a total of 1 residues from `_pdbx_nonpoly_scheme`
table.                                                                          
[depth..del] Read 2 chains from `_struct_asym` table.                           
[depth..del] Read 2017 atoms from `_atom_site` table.                           
[depth..del] Read 21 components from `_chem_comp` block.                        
[depth..del] Read 31 atoms from `_chem_comp_atom` block.                        
[depth..del] Read 2017 atoms from `_atom_site` table.                           
[depth..del] Identified 256 resolved residue(s) from `_atom_site` table.        
[depth..del] Identified 244 resolved residue(s) from `_atom_site` table.        
[depth..del] Identified 244 resolved residue(s) from `_atom_site` table.        
[depth..del] Read 2017 atoms from `_atom_site` table.                           
[depth..del] Read 2017 atoms from `_atom_site` table.                           
[depth..del] Identified 244 resolved residue(s) from `_atom_site` table.        
[depth..del] Internal Ligand RMSD: ligand chain 1 (B, component 01) = 6.023 Å (1
automorphisms, 1 nodes explored)                                                
[depth..del] Identified 244 resolved residue(s) from `_atom_site` table.        
[depth..del] Parsed molecule with 2018 atoms (2017 resolved), 2064 bonds, 244   
residues, and 2 chains.                                                         
[depth..del] Ligand bisyRMSD: ligand chain 1 (B, component 01) = 2.594 Å        
[depth..del] Parsed molecule with 2018 atoms (2017 resolved), 2064 bonds, 244   
residues, and 2 chains.                                                         
[depth..del] Using bounds matrix reference for component 01                     
[depth..del] Internal Ligand RMSD: ligand chain 1 (B, component 01) = 5.945 Å (1
automorphisms, 1 nodes explored)                                                
[depth..del] Using bounds matrix reference for component 01                     
[depth..del] Ligand bisyRMSD: ligand chain 1 (B, component 01) = 2.322 Å        
[depth..del] Parsed molecule with 1900 atoms (1837 resolved), 1902 bonds, 262   
residues, and 3 chains.                                                         
[depth..del] Parsed molecule with 2018 atoms (2017 resolved), 2064 bonds, 244   
residues, and 2 chains.                                                         
[depth..del] Parsed molecule with 2018 atoms (2017 resolved), 2064 bonds, 244   
residues, and 2 chains.                                                         
[depth..del] Using bounds matrix reference for component 01                     
[depth..del] Read 2 entities from `_entity` table.                              
[depth..del] Read 1 polymer type from `_entity_poly` table.                     
[depth..del] Read 1 non-polymer entity from `_pdbx_entity_nonpoly` table.       
[depth..del] Read 1 entities with a total of 243 residues from                  
`_entity_poly_seq` block.                                                       
[depth..del] Using bounds matrix reference for component 01                     
[depth..del] Read 1 chain with a total of 243 residues from                     
`_pdbx_poly_seq_scheme` table.                                                  
[depth..del] Read 1 chain with a total of 1 residues from `_pdbx_nonpoly_scheme`
table.                                                                          
[depth..del] Read 2 chains from `_struct_asym` table.                           
[depth..del] Read 21 components from `_chem_comp` block.                        
[depth..del] Read 31 atoms from `_chem_comp_atom` block.                        
[depth..del] Internal Ligand RMSD: ligand chain 1 (B, component 01) = 6.207 Å (1
automorphisms, 1 nodes explored)                                                
[depth..del] Ligand bisyRMSD: ligand chain 1 (B, component 01) = 14.666 Å       
[depth..del] Read 3 entities from `_entity` table.                              
[depth..del] Read 2017 atoms from `_atom_site` table.                           
[depth..del] Read 1 polymer type from `_entity_poly` table.                     
[depth..del] Read 1 entities with a total of 225 residues from                  
`_entity_poly_seq` block.                                                       
[depth..del] Read 3 chains from `_struct_asym` table.                           
[depth..del] Read 1 assembly operation matrix from `_pdbx_struct_oper_list`     
table.                                                                          
[depth..del] Read 1 assembly from `_pdbx_struct_assembly_gen` table.            
[depth..del] Read 22 components from `_chem_comp` block.                        
[depth..del] Using bounds matrix reference for component 01                     
[depth..del] Identified 244 resolved residue(s) from `_atom_site` table.        
[depth..del] Using bounds matrix reference for component 01                     
[depth..del] Read 1837 atoms from `_atom_site` table.                           
[depth..del] Parsed molecule with 2018 atoms (2017 resolved), 2064 bonds, 244   
residues, and 2 chains.                                                         
[depth..del] Identified 256 resolved residue(s) from `_atom_site` table.        
[depth..del] Internal Ligand RMSD: ligand chain 1 (B, component 01) = 6.101 Å (1
automorphisms, 1 nodes explored)                                                
[depth..del] Ligand bisyRMSD: ligand chain 1 (B, component 01) = 27.754 Å       
[depth..del] Read 3 entities from `_entity` table.                              
[depth..del] Read 1 polymer type from `_entity_poly` table.                     
[depth..del] Read 1 entities with a total of 225 residues from                  
`_entity_poly_seq` block.                                                       
[depth..del] Read 3 chains from `_struct_asym` table.                           
[depth..del] Read 1 assembly operation matrix from `_pdbx_struct_oper_list`     
table.                                                                          
[depth..del] Read 1 assembly from `_pdbx_struct_assembly_gen` table.            
[depth..del] Read 22 components from `_chem_comp` block.                        
[depth..del] Using bounds matrix reference for component 01                     
[depth..del] Using bounds matrix reference for component 01                     
[depth..del] Read 1837 atoms from `_atom_site` table.                           
[depth..del] Identified 256 resolved residue(s) from `_atom_site` table.        
[depth..del] Parsed molecule with 1900 atoms (1837 resolved), 1902 bonds, 262   
residues, and 3 chains.                                                         
[depth..del] Read 2 entities from `_entity` table.                              
[depth..del] Read 1 polymer type from `_entity_poly` table.                     
[depth..del] Internal Ligand RMSD: ligand chain 1 (B, component 01) = 5.969 Å (1
automorphisms, 1 nodes explored)                                                
[depth..del] Ligand bisyRMSD: ligand chain 1 (B, component 01) = 16.251 Å       
[depth..del] Read 1 non-polymer entity from `_pdbx_entity_nonpoly` table.       
[depth..del] Read 1 entities with a total of 243 residues from                  
`_entity_poly_seq` block.                                                       
[depth..del] Read 1 chain with a total of 243 residues from                     
`_pdbx_poly_seq_scheme` table.                                                  
[depth..del] Read 1 chain with a total of 1 residues from `_pdbx_nonpoly_scheme`
table.                                                                          
[depth..del] Read 2 chains from `_struct_asym` table.                           
[depth..del] Read 21 components from `_chem_comp` block.                        
[depth..del] Read 31 atoms from `_chem_comp_atom` block.                        
[depth..del] Using bounds matrix reference for component 01                     
[depth..del] Using bounds matrix reference for component 01                     
[depth..del] Parsed molecule with 1900 atoms (1837 resolved), 1902 bonds, 262   
residues, and 3 chains.                                                         
[depth..del] Read 2 entities from `_entity` table.                              
[depth..del] Read 1 polymer type from `_entity_poly` table.                     
[depth..del] Read 1 non-polymer entity from `_pdbx_entity_nonpoly` table.       
[depth..del] Read 1 entities with a total of 243 residues from                  
`_entity_poly_seq` block.                                                       
[depth..del] Read 1 chain with a total of 243 residues from                     
`_pdbx_poly_seq_scheme` table.                                                  
[depth..del] Read 1 chain with a total of 1 residues from `_pdbx_nonpoly_scheme`
table.                                                                          
[depth..del] Read 2 chains from `_struct_asym` table.                           
[depth..del] Read 21 components from `_chem_comp` block.                        
[depth..del] Read 2017 atoms from `_atom_site` table.                           
[depth..del] Read 31 atoms from `_chem_comp_atom` block.                        
[depth..del] Identified 244 resolved residue(s) from `_atom_site` table.        
[depth..del] Parsed molecule with 2018 atoms (2017 resolved), 2064 bonds, 244   
residues, and 2 chains.                                                         
[depth..del] Read 3 entities from `_entity` table.                              
[depth..del] Read 1 polymer type from `_entity_poly` table.                     
[depth..del] Read 1 entities with a total of 225 residues from                  
`_entity_poly_seq` block.                                                       
[depth..del] Read 3 chains from `_struct_asym` table.                           
[depth..del] Read 1 assembly operation matrix from `_pdbx_struct_oper_list`     
table.                                                                          
[depth..del] Read 1 assembly from `_pdbx_struct_assembly_gen` table.            
[depth..del] Read 22 components from `_chem_comp` block.                        
[depth..del] Internal Ligand RMSD: ligand chain 1 (B, component 01) = 5.449 Å (1
automorphisms, 1 nodes explored)                                                
[depth..del] Ligand bisyRMSD: ligand chain 1 (B, component 01) = 19.841 Å       
[depth..del] Using bounds matrix reference for component 01                     
[depth..del] Read 2017 atoms from `_atom_site` table.                           
[depth..del] Using bounds matrix reference for component 01                     
[depth..del] Read 1837 atoms from `_atom_site` table.                           
[depth..del] Identified 244 resolved residue(s) from `_atom_site` table.        
[depth..del] Parsed molecule with 2018 atoms (2017 resolved), 2064 bonds, 244   
residues, and 2 chains.                                                         
[depth..del] Identified 256 resolved residue(s) from `_atom_site` table.        
[depth..del] Parsed molecule with 1900 atoms (1837 resolved), 1902 bonds, 262   
residues, and 3 chains.                                                         
[depth..del] Read 2 entities from `_entity` table.                              
[depth..del] Read 1 polymer type from `_entity_poly` table.                     
[depth..del] Read 1 non-polymer entity from `_pdbx_entity_nonpoly` table.       
[depth..del] Read 1 entities with a total of 243 residues from                  
`_entity_poly_seq` block.                                                       
[depth..del] Read 1 chain with a total of 243 residues from                     
`_pdbx_poly_seq_scheme` table.                                                  
[depth..del] Read 1 chain with a total of 1 residues from `_pdbx_nonpoly_scheme`
table.                                                                          
[depth..del] Read 2 chains from `_struct_asym` table.                           
[depth..del] Read 21 components from `_chem_comp` block.                        
[depth..del] Read 31 atoms from `_chem_comp_atom` block.                        
[depth..del] Read 2017 atoms from `_atom_site` table.                           
[depth..del] Internal Ligand RMSD: ligand chain 1 (B, component 01) = 5.956 Å (1
automorphisms, 1 nodes explored)                                                
[depth..del] Ligand bisyRMSD: ligand chain 1 (B, component 01) = 11.736 Å       
[depth..del] Using bounds matrix reference for component 01                     
[depth..del] Identified 244 resolved residue(s) from `_atom_site` table.        
[depth..del] Using bounds matrix reference for component 01                     
[depth..del] Parsed molecule with 2018 atoms (2017 resolved), 2064 bonds, 244   
residues, and 2 chains.                                                         
[depth..del] Read 3 entities from `_entity` table.                              
[depth..del] Internal Ligand RMSD: ligand chain 1 (B, component 01) = 6.004 Å (1
automorphisms, 1 nodes explored)                                                
[depth..del] Ligand bisyRMSD: ligand chain 1 (B, component 01) = 2.246 Å        
[depth..del] Read 1 polymer type from `_entity_poly` table.                     
[depth..del] Read 1 entities with a total of 225 residues from                  
`_entity_poly_seq` block.                                                       
[depth..del] Using bounds matrix reference for component 01                     
[depth..del] Read 3 chains from `_struct_asym` table.                           
[depth..del] Read 1 assembly operation matrix from `_pdbx_struct_oper_list`     
table.                                                                          
[depth..del] Read 1 assembly from `_pdbx_struct_assembly_gen` table.            
[depth..del] Read 22 components from `_chem_comp` block.                        
[depth..del] Using bounds matrix reference for component 01                     
[depth..del] Read 1837 atoms from `_atom_site` table.                           
[depth..del] Identified 256 resolved residue(s) from `_atom_site` table.        
[depth..del] Parsed molecule with 1900 atoms (1837 resolved), 1902 bonds, 262   
residues, and 3 chains.                                                         
[depth..del] Read 2 entities from `_entity` table.                              
[depth..del] Read 1 polymer type from `_entity_poly` table.                     
[depth..del] Read 1 non-polymer entity from `_pdbx_entity_nonpoly` table.       
[depth..del] Read 1 entities with a total of 243 residues from                  
`_entity_poly_seq` block.                                                       
[depth..del] Read 1 chain with a total of 243 residues from                     
`_pdbx_poly_seq_scheme` table.                                                  
[depth..del] Read 1 chain with a total of 1 residues from `_pdbx_nonpoly_scheme`
table.                                                                          
[depth..del] Read 2 chains from `_struct_asym` table.                           
[depth..del] Read 21 components from `_chem_comp` block.                        
[depth..del] Read 31 atoms from `_chem_comp_atom` block.                        
[depth..del] Internal Ligand RMSD: ligand chain 1 (B, component 01) = 6.043 Å (1
automorphisms, 1 nodes explored)                                                
[depth..del] Ligand bisyRMSD: ligand chain 1 (B, component 01) = 2.548 Å        
[depth..del] Using bounds matrix reference for component 01                     
[depth..del] Using bounds matrix reference for component 01                     
[depth..del] Read 2017 atoms from `_atom_site` table.                           
[depth..del] Identified 244 resolved residue(s) from `_atom_site` table.        
[depth..del] Parsed molecule with 2018 atoms (2017 resolved), 2064 bonds, 244   
residues, and 2 chains.                                                         
[depth..del] Internal Ligand RMSD: ligand chain 1 (B, component 01) = 6.001 Å (1
automorphisms, 1 nodes explored)                                                
[depth..del] Ligand bisyRMSD: ligand chain 1 (B, component 01) = 2.321 Å        
[depth..del] Using bounds matrix reference for component 01                     
[depth..del] Internal Ligand RMSD: ligand chain 1 (B, component 01) = 6.146 Å (1
automorphisms, 1 nodes explored)                                                
[depth..del] Ligand bisyRMSD: ligand chain 1 (B, component 01) = 11.224 Å       
[depth..del] Using bounds matrix reference for component 01                     
[depth..del] Read 3 entities from `_entity` table.                              
[depth..del] Using bounds matrix reference for component 01                     
[depth..del] Read 1 polymer type from `_entity_poly` table.                     
[depth..del] Read 1 entities with a total of 225 residues from                  
`_entity_poly_seq` block.                                                       
[depth..del] Using bounds matrix reference for component 01                     
[depth..del] Read 3 chains from `_struct_asym` table.                           
[depth..del] Read 1 assembly operation matrix from `_pdbx_struct_oper_list`     
table.                                                                          
[depth..del] Read 1 assembly from `_pdbx_struct_assembly_gen` table.            
[depth..del] Read 22 components from `_chem_comp` block.                        
[depth..del] Read 3 entities from `_entity` table.                              
[depth..del] Read 1 polymer type from `_entity_poly` table.                     
[depth..del] Read 1 entities with a total of 225 residues from                  
`_entity_poly_seq` block.                                                       
[depth..del] Read 3 chains from `_struct_asym` table.                           
[depth..del] Read 1 assembly operation matrix from `_pdbx_struct_oper_list`     
table.                                                                          
[depth..del] Read 1 assembly from `_pdbx_struct_assembly_gen` table.            
[depth..del] Read 22 components from `_chem_comp` block.                        
[depth..del] Read 1837 atoms from `_atom_site` table.                           
[depth..del] Identified 256 resolved residue(s) from `_atom_site` table.        
[depth..del] Parsed molecule with 1900 atoms (1837 resolved), 1902 bonds, 262   
residues, and 3 chains.                                                         
[depth..del] Read 2 entities from `_entity` table.                              
[depth..del] Read 1 polymer type from `_entity_poly` table.                     
[depth..del] Read 1 non-polymer entity from `_pdbx_entity_nonpoly` table.       
[depth..del] Read 1 entities with a total of 243 residues from                  
`_entity_poly_seq` block.                                                       
[depth..del] Read 1 chain with a total of 243 residues from                     
`_pdbx_poly_seq_scheme` table.                                                  
[depth..del] Read 1 chain with a total of 1 residues from `_pdbx_nonpoly_scheme`
table.                                                                          
[depth..del] Read 2 chains from `_struct_asym` table.                           
[depth..del] Read 21 components from `_chem_comp` block.                        
[depth..del] Read 31 atoms from `_chem_comp_atom` block.                        
[depth..del] Read 2017 atoms from `_atom_site` table.                           
[depth..del] Identified 244 resolved residue(s) from `_atom_site` table.        
[depth..del] Parsed molecule with 2018 atoms (2017 resolved), 2064 bonds, 244   
residues, and 2 chains.                                                         
[depth..del] Read 1837 atoms from `_atom_site` table.                           
[depth..del] Identified 256 resolved residue(s) from `_atom_site` table.        
[depth..del] Read 3 entities from `_entity` table.                              
[depth..del] Read 1 polymer type from `_entity_poly` table.                     
[depth..del] Read 1 entities with a total of 225 residues from                  
`_entity_poly_seq` block.                                                       
[depth..del] Read 3 chains from `_struct_asym` table.                           
[depth..del] Read 1 assembly operation matrix from `_pdbx_struct_oper_list`     
table.                                                                          
[depth..del] Read 1 assembly from `_pdbx_struct_assembly_gen` table.            
[depth..del] Read 22 components from `_chem_comp` block.                        
[depth..del] Parsed molecule with 1900 atoms (1837 resolved), 1902 bonds, 262   
residues, and 3 chains.                                                         
[depth..del] Read 2 entities from `_entity` table.                              
[depth..del] Read 1 polymer type from `_entity_poly` table.                     
[depth..del] Read 1 non-polymer entity from `_pdbx_entity_nonpoly` table.       
[depth..del] Read 1 entities with a total of 243 residues from                  
`_entity_poly_seq` block.                                                       
[depth..del] Read 1 chain with a total of 243 residues from                     
`_pdbx_poly_seq_scheme` table.                                                  
[depth..del] Read 1 chain with a total of 1 residues from `_pdbx_nonpoly_scheme`
table.                                                                          
[depth..del] Read 2 chains from `_struct_asym` table.                           
[depth..del] Read 21 components from `_chem_comp` block.                        
[depth..del] Read 31 atoms from `_chem_comp_atom` block.                        
[depth..del] Read 2017 atoms from `_atom_site` table.                           
[depth..del] Identified 244 resolved residue(s) from `_atom_site` table.        
[depth..del] Read 1837 atoms from `_atom_site` table.                           
[depth..del] Parsed molecule with 2018 atoms (2017 resolved), 2064 bonds, 244   
residues, and 2 chains.                                                         
[depth..del] Identified 256 resolved residue(s) from `_atom_site` table.        
[depth..del] Read 3 entities from `_entity` table.                              
[depth..del] Read 1 polymer type from `_entity_poly` table.                     
[depth..del] Read 1 entities with a total of 225 residues from                  
`_entity_poly_seq` block.                                                       
[depth..del] Read 3 chains from `_struct_asym` table.                           
[depth..del] Read 1 assembly operation matrix from `_pdbx_struct_oper_list`     
table.                                                                          
[depth..del] Read 1 assembly from `_pdbx_struct_assembly_gen` table.            
[depth..del] Read 22 components from `_chem_comp` block.                        
[depth..del] Read 3 entities from `_entity` table.                              
[depth..del] Read 1 polymer type from `_entity_poly` table.                     
[depth..del] Read 1 entities with a total of 225 residues from                  
`_entity_poly_seq` block.                                                       
[depth..del] Read 3 chains from `_struct_asym` table.                           
[depth..del] Read 1 assembly operation matrix from `_pdbx_struct_oper_list`     
table.                                                                          
[depth..del] Read 1 assembly from `_pdbx_struct_assembly_gen` table.            
[depth..del] Read 22 components from `_chem_comp` block.                        
[depth..del] Read 1837 atoms from `_atom_site` table.                           
[depth..del] Parsed molecule with 1900 atoms (1837 resolved), 1902 bonds, 262   
residues, and 3 chains.                                                         
[depth..del] Identified 256 resolved residue(s) from `_atom_site` table.        
[depth..del] Read 2 entities from `_entity` table.                              
[depth..del] Read 1 polymer type from `_entity_poly` table.                     
[depth..del] Read 1 non-polymer entity from `_pdbx_entity_nonpoly` table.       
[depth..del] Read 1 entities with a total of 243 residues from                  
`_entity_poly_seq` block.                                                       
[depth..del] Read 1 chain with a total of 243 residues from                     
`_pdbx_poly_seq_scheme` table.                                                  
[depth..del] Read 1 chain with a total of 1 residues from `_pdbx_nonpoly_scheme`
table.                                                                          
[depth..del] Read 2 chains from `_struct_asym` table.                           
[depth..del] Read 21 components from `_chem_comp` block.                        
[depth..del] Read 31 atoms from `_chem_comp_atom` block.                        
[depth..del] Parsed molecule with 1900 atoms (1837 resolved), 1902 bonds, 262   
residues, and 3 chains.                                                         
[depth..del] Read 3 entities from `_entity` table.                              
[depth..del] Read 1 polymer type from `_entity_poly` table.                     
[depth..del] Read 2 entities from `_entity` table.                              
[depth..del] Read 1 polymer type from `_entity_poly` table.                     
[depth..del] Read 2017 atoms from `_atom_site` table.                           
[depth..del] Read 1 non-polymer entity from `_pdbx_entity_nonpoly` table.       
[depth..del] Read 1837 atoms from `_atom_site` table.                           
[depth..del] Read 1 entities with a total of 225 residues from                  
`_entity_poly_seq` block.                                                       
[depth..del] Read 1 entities with a total of 243 residues from                  
`_entity_poly_seq` block.                                                       
[depth..del] Read 1 chain with a total of 243 residues from                     
`_pdbx_poly_seq_scheme` table.                                                  
[depth..del] Read 1 chain with a total of 1 residues from `_pdbx_nonpoly_scheme`
table.                                                                          
[depth..del] Read 2 chains from `_struct_asym` table.                           
[depth..del] Read 21 components from `_chem_comp` block.                        
[depth..del] Read 31 atoms from `_chem_comp_atom` block.                        
[depth..del] Identified 256 resolved residue(s) from `_atom_site` table.        
[depth..del] Internal Ligand RMSD: ligand chain 1 (B, component 01) = 6.025 Å (1
automorphisms, 1 nodes explored)                                                
[depth..del] Identified 244 resolved residue(s) from `_atom_site` table.        
[depth..del] Ligand bisyRMSD: ligand chain 1 (B, component 01) = 2.329 Å        
[depth..del] Read 3 chains from `_struct_asym` table.                           
[depth..del] Read 1 assembly operation matrix from `_pdbx_struct_oper_list`     
table.                                                                          
[depth..del] Read 1 assembly from `_pdbx_struct_assembly_gen` table.            
[depth..del] Read 22 components from `_chem_comp` block.                        
[depth..del] Parsed molecule with 1900 atoms (1837 resolved), 1902 bonds, 262   
residues, and 3 chains.                                                         
[depth..del] Read 2 entities from `_entity` table.                              
[depth..del] Read 1 polymer type from `_entity_poly` table.                     
[depth..del] Read 1 non-polymer entity from `_pdbx_entity_nonpoly` table.       
[depth..del] Read 1 entities with a total of 243 residues from                  
`_entity_poly_seq` block.                                                       
[depth..del] Read 2017 atoms from `_atom_site` table.                           
[depth..del] Read 1 chain with a total of 243 residues from                     
`_pdbx_poly_seq_scheme` table.                                                  
[depth..del] Read 1 chain with a total of 1 residues from `_pdbx_nonpoly_scheme`
table.                                                                          
[depth..del] Read 2 chains from `_struct_asym` table.                           
[depth..del] Read 21 components from `_chem_comp` block.                        
[depth..del] Read 31 atoms from `_chem_comp_atom` block.                        
[depth..del] Parsed molecule with 2018 atoms (2017 resolved), 2064 bonds, 244   
residues, and 2 chains.                                                         
[depth..del] Identified 244 resolved residue(s) from `_atom_site` table.        
[depth..del] Using bounds matrix reference for component 01                     
[depth..del] Read 2017 atoms from `_atom_site` table.                           
[depth..del] Parsed molecule with 2018 atoms (2017 resolved), 2064 bonds, 244   
residues, and 2 chains.                                                         
[depth..del] Internal Ligand RMSD: ligand chain 1 (B, component 01) = 6.038 Å (1
automorphisms, 1 nodes explored)                                                
[depth..del] Ligand bisyRMSD: ligand chain 1 (B, component 01) = 2.169 Å        
[depth..del] Identified 244 resolved residue(s) from `_atom_site` table.        
[depth..del] Using bounds matrix reference for component 01                     
[depth..del] Using bounds matrix reference for component 01                     
[depth..del] Using bounds matrix reference for component 01                     
[depth..del] Parsed molecule with 2018 atoms (2017 resolved), 2064 bonds, 244   
residues, and 2 chains.                                                         
[depth..del] Internal Ligand RMSD: ligand chain 1 (B, component 01) = 5.905 Å (1
automorphisms, 1 nodes explored)                                                
[depth..del] Ligand bisyRMSD: ligand chain 1 (B, component 01) = 13.217 Å       
[depth..del] Using bounds matrix reference for component 01                     
[depth..del] Read 1837 atoms from `_atom_site` table.                           
[depth..del] Using bounds matrix reference for component 01                     
[depth..del] Identified 256 resolved residue(s) from `_atom_site` table.        
[depth..del] Parsed molecule with 1900 atoms (1837 resolved), 1902 bonds, 262   
residues, and 3 chains.                                                         
[depth..del] Read 2 entities from `_entity` table.                              
[depth..del] Read 1 polymer type from `_entity_poly` table.                     
[depth..del] Read 1 non-polymer entity from `_pdbx_entity_nonpoly` table.       
[depth..del] Read 1 entities with a total of 243 residues from                  
`_entity_poly_seq` block.                                                       
[depth..del] Read 1 chain with a total of 243 residues from                     
`_pdbx_poly_seq_scheme` table.                                                  
[depth..del] Read 1 chain with a total of 1 residues from `_pdbx_nonpoly_scheme`
table.                                                                          
[depth..del] Read 2 chains from `_struct_asym` table.                           
[depth..del] Read 21 components from `_chem_comp` block.                        
[depth..del] Read 31 atoms from `_chem_comp_atom` block.                        
[depth..del] Read 2017 atoms from `_atom_site` table.                           
[depth..del] Identified 244 resolved residue(s) from `_atom_site` table.        
[depth..del] Parsed molecule with 2018 atoms (2017 resolved), 2064 bonds, 244   
residues, and 2 chains.                                                         
[depth..del] Read 3 entities from `_entity` table.                              
[depth..del] Read 1 polymer type from `_entity_poly` table.                     
[depth..del] Read 1 entities with a total of 225 residues from                  
`_entity_poly_seq` block.                                                       
[depth..del] Read 3 chains from `_struct_asym` table.                           
[depth..del] Read 1 assembly operation matrix from `_pdbx_struct_oper_list`     
table.                                                                          
[depth..del] Read 1 assembly from `_pdbx_struct_assembly_gen` table.            
[depth..del] Read 22 components from `_chem_comp` block.                        
[depth..del] Read 1837 atoms from `_atom_site` table.                           
[depth..del] Identified 256 resolved residue(s) from `_atom_site` table.        
[depth..del] Internal Ligand RMSD: ligand chain 1 (B, component 01) = 6.023 Å (1
automorphisms, 1 nodes explored)                                                
[depth..del] Ligand bisyRMSD: ligand chain 1 (B, component 01) = 2.412 Å        
[depth..del] Using bounds matrix reference for component 01                     
[depth..del] Using bounds matrix reference for component 01                     
[depth..del] Parsed molecule with 1900 atoms (1837 resolved), 1902 bonds, 262   
residues, and 3 chains.                                                         
[depth..del] Read 2 entities from `_entity` table.                              
[depth..del] Read 1 polymer type from `_entity_poly` table.                     
[depth..del] Read 1 non-polymer entity from `_pdbx_entity_nonpoly` table.       
[depth..del] Read 1 entities with a total of 243 residues from                  
`_entity_poly_seq` block.                                                       
[depth..del] Read 1 chain with a total of 243 residues from                     
`_pdbx_poly_seq_scheme` table.                                                  
[depth..del] Read 1 chain with a total of 1 residues from `_pdbx_nonpoly_scheme`
table.                                                                          
[depth..del] Read 2 chains from `_struct_asym` table.                           
[depth..del] Read 21 components from `_chem_comp` block.                        
[depth..del] Read 31 atoms from `_chem_comp_atom` block.                        
[depth..del] Read 2017 atoms from `_atom_site` table.                           
[depth..del] Identified 244 resolved residue(s) from `_atom_site` table.        
[depth..del] Parsed molecule with 2018 atoms (2017 resolved), 2064 bonds, 244   
residues, and 2 chains.                                                         
[depth..del] Internal Ligand RMSD: ligand chain 1 (B, component 01) = 5.440 Å (1
automorphisms, 1 nodes explored)                                                
[depth..del] Read 3 entities from `_entity` table.                              
[depth..del] Read 1 polymer type from `_entity_poly` table.                     
[depth..del] Ligand bisyRMSD: ligand chain 1 (B, component 01) = 23.391 Å       
[depth..del] Read 1 entities with a total of 225 residues from                  
`_entity_poly_seq` block.                                                       
[depth..del] Read 3 chains from `_struct_asym` table.                           
[depth..del] Read 1 assembly operation matrix from `_pdbx_struct_oper_list`     
table.                                                                          
[depth..del] Read 1 assembly from `_pdbx_struct_assembly_gen` table.            
[depth..del] Read 22 components from `_chem_comp` block.                        
[depth..del] Using bounds matrix reference for component 01                     
[depth..del] Using bounds matrix reference for component 01                     
[depth..del] Internal Ligand RMSD: ligand chain 1 (B, component 01) = 5.986 Å (1
automorphisms, 1 nodes explored)                                                
[depth..del] Ligand bisyRMSD: ligand chain 1 (B, component 01) = 16.610 Å       
[depth..del] Using bounds matrix reference for component 01                     
[depth..del] Using bounds matrix reference for component 01                     
[depth..del] Read 1837 atoms from `_atom_site` table.                           
[depth..del] Identified 256 resolved residue(s) from `_atom_site` table.        
[depth..del] Parsed molecule with 1900 atoms (1837 resolved), 1902 bonds, 262   
residues, and 3 chains.                                                         
[depth..del] Read 2 entities from `_entity` table.                              
[depth..del] Read 1 polymer type from `_entity_poly` table.                     
[depth..del] Read 1 non-polymer entity from `_pdbx_entity_nonpoly` table.       
[depth..del] Read 1 entities with a total of 243 residues from                  
`_entity_poly_seq` block.                                                       
[depth..del] Read 1 chain with a total of 243 residues from                     
`_pdbx_poly_seq_scheme` table.                                                  
[depth..del] Read 1 chain with a total of 1 residues from `_pdbx_nonpoly_scheme`
table.                                                                          
[depth..del] Read 2 chains from `_struct_asym` table.                           
[depth..del] Read 21 components from `_chem_comp` block.                        
[depth..del] Read 31 atoms from `_chem_comp_atom` block.                        
[depth..del] Read 2017 atoms from `_atom_site` table.                           
[depth..del] Identified 244 resolved residue(s) from `_atom_site` table.        
[depth..del] Parsed molecule with 2018 atoms (2017 resolved), 2064 bonds, 244   
residues, and 2 chains.                                                         
[depth..del] Internal Ligand RMSD: ligand chain 1 (B, component 01) = 5.989 Å (1
automorphisms, 1 nodes explored)                                                
[depth..del] Ligand bisyRMSD: ligand chain 1 (B, component 01) = 2.274 Å        
[depth..del] Using bounds matrix reference for component 01                     
[depth..del] Using bounds matrix reference for component 01                     
[depth..del] Read 3 entities from `_entity` table.                              
[depth..del] Read 1 polymer type from `_entity_poly` table.                     
[depth..del] Read 1 entities with a total of 225 residues from                  
`_entity_poly_seq` block.                                                       
[depth..del] Read 3 chains from `_struct_asym` table.                           
[depth..del] Read 1 assembly operation matrix from `_pdbx_struct_oper_list`     
table.                                                                          
[depth..del] Read 1 assembly from `_pdbx_struct_assembly_gen` table.            
[depth..del] Read 22 components from `_chem_comp` block.                        
[depth..del] Internal Ligand RMSD: ligand chain 1 (B, component 01) = 5.882 Å (1
automorphisms, 1 nodes explored)                                                
[depth..del] Ligand bisyRMSD: ligand chain 1 (B, component 01) = 6.639 Å        
[depth..del] Using bounds matrix reference for component 01                     
[depth..del] Read 1837 atoms from `_atom_site` table.                           
[depth..del] Identified 256 resolved residue(s) from `_atom_site` table.        
[depth..del] Using bounds matrix reference for component 01                     
[depth..del] Parsed molecule with 1900 atoms (1837 resolved), 1902 bonds, 262   
residues, and 3 chains.                                                         
[depth..del] Read 2 entities from `_entity` table.                              
[depth..del] Read 1 polymer type from `_entity_poly` table.                     
[depth..del] Read 1 non-polymer entity from `_pdbx_entity_nonpoly` table.       
[depth..del] Read 1 entities with a total of 243 residues from                  
`_entity_poly_seq` block.                                                       
[depth..del] Read 1 chain with a total of 243 residues from                     
`_pdbx_poly_seq_scheme` table.                                                  
[depth..del] Read 1 chain with a total of 1 residues from `_pdbx_nonpoly_scheme`
table.                                                                          
[depth..del] Read 2 chains from `_struct_asym` table.                           
[depth..del] Read 21 components from `_chem_comp` block.                        
[depth..del] Read 31 atoms from `_chem_comp_atom` block.                        
[depth..del] Read 2017 atoms from `_atom_site` table.                           
[depth..del] Identified 244 resolved residue(s) from `_atom_site` table.        
[depth..del] Parsed molecule with 2018 atoms (2017 resolved), 2064 bonds, 244   
residues, and 2 chains.                                                         
[depth..del] Internal Ligand RMSD: ligand chain 1 (B, component 01) = 6.012 Å (1
automorphisms, 1 nodes explored)                                                
[depth..del] Ligand bisyRMSD: ligand chain 1 (B, component 01) = 2.927 Å        
[depth..del] Using bounds matrix reference for component 01                     
[depth..del] Using bounds matrix reference for component 01                     
[depth..del] Internal Ligand RMSD: ligand chain 1 (B, component 01) = 6.011 Å (1
automorphisms, 1 nodes explored)                                                
[depth..del] Ligand bisyRMSD: ligand chain 1 (B, component 01) = 2.294 Å        
[depth..del] Using bounds matrix reference for component 01                     
[depth..del] Using bounds matrix reference for component 01                     
[depth..del] Read 3 entities from `_entity` table.                              
[depth..del] Read 1 polymer type from `_entity_poly` table.                     
[depth..del] Read 1 entities with a total of 225 residues from                  
`_entity_poly_seq` block.                                                       
[depth..del] Read 3 chains from `_struct_asym` table.                           
[depth..del] Read 1 assembly operation matrix from `_pdbx_struct_oper_list`     
table.                                                                          
[depth..del] Read 1 assembly from `_pdbx_struct_assembly_gen` table.            
[depth..del] Read 22 components from `_chem_comp` block.                        
[depth..del] Read 3 entities from `_entity` table.                              
[depth..del] Read 1 polymer type from `_entity_poly` table.                     
[depth..del] Read 1 entities with a total of 225 residues from                  
`_entity_poly_seq` block.                                                       
[depth..del] Read 3 chains from `_struct_asym` table.                           
[depth..del] Read 3 entities from `_entity` table.                              
[depth..del] Read 1 assembly operation matrix from `_pdbx_struct_oper_list`     
table.                                                                          
[depth..del] Read 1 polymer type from `_entity_poly` table.                     
[depth..del] Read 1 assembly from `_pdbx_struct_assembly_gen` table.            
[depth..del] Read 22 components from `_chem_comp` block.                        
[depth..del] Read 1 entities with a total of 225 residues from                  
`_entity_poly_seq` block.                                                       
[depth..del] Read 3 chains from `_struct_asym` table.                           
[depth..del] Read 1 assembly operation matrix from `_pdbx_struct_oper_list`     
table.                                                                          
[depth..del] Read 1 assembly from `_pdbx_struct_assembly_gen` table.            
[depth..del] Read 22 components from `_chem_comp` block.                        
[depth..del] Read 3 entities from `_entity` table.                              
[depth..del] Read 1 polymer type from `_entity_poly` table.                     
[depth..del] Read 1 entities with a total of 225 residues from                  
`_entity_poly_seq` block.                                                       
[depth..del] Read 3 chains from `_struct_asym` table.                           
[depth..del] Read 1 assembly operation matrix from `_pdbx_struct_oper_list`     
table.                                                                          
[depth..del] Read 1 assembly from `_pdbx_struct_assembly_gen` table.            
[depth..del] Read 22 components from `_chem_comp` block.                        
[depth..del] Read 3 entities from `_entity` table.                              
[depth..del] Read 1 polymer type from `_entity_poly` table.                     
[depth..del] Read 1 entities with a total of 225 residues from                  
`_entity_poly_seq` block.                                                       
[depth..del] Read 3 chains from `_struct_asym` table.                           
[depth..del] Read 1 assembly operation matrix from `_pdbx_struct_oper_list`     
table.                                                                          
[depth..del] Read 1 assembly from `_pdbx_struct_assembly_gen` table.            
[depth..del] Read 22 components from `_chem_comp` block.                        
[depth..del] Read 1837 atoms from `_atom_site` table.                           
[depth..del] Identified 256 resolved residue(s) from `_atom_site` table.        
[depth..del] Read 1837 atoms from `_atom_site` table.                           
[depth..del] Read 1837 atoms from `_atom_site` table.                           
[depth..del] Parsed molecule with 1900 atoms (1837 resolved), 1902 bonds, 262   
residues, and 3 chains.                                                         
[depth..del] Read 2 entities from `_entity` table.                              
[depth..del] Read 1 polymer type from `_entity_poly` table.                     
[depth..del] Read 1 non-polymer entity from `_pdbx_entity_nonpoly` table.       
[depth..del] Read 1 entities with a total of 243 residues from                  
`_entity_poly_seq` block.                                                       
[depth..del] Read 1 chain with a total of 243 residues from                     
`_pdbx_poly_seq_scheme` table.                                                  
[depth..del] Read 1 chain with a total of 1 residues from `_pdbx_nonpoly_scheme`
table.                                                                          
[depth..del] Read 2 chains from `_struct_asym` table.                           
[depth..del] Read 21 components from `_chem_comp` block.                        
[depth..del] Read 31 atoms from `_chem_comp_atom` block.                        
[depth..del] Read 1837 atoms from `_atom_site` table.                           
[depth..del] Identified 256 resolved residue(s) from `_atom_site` table.        
[depth..del] Identified 256 resolved residue(s) from `_atom_site` table.        
[depth..del] Read 2017 atoms from `_atom_site` table.                           
[depth..del] Identified 244 resolved residue(s) from `_atom_site` table.        
[depth..del] Parsed molecule with 1900 atoms (1837 resolved), 1902 bonds, 262   
residues, and 3 chains.                                                         
[depth..del] Read 2 entities from `_entity` table.                              
[depth..del] Read 1 polymer type from `_entity_poly` table.                     
[depth..del] Read 1 non-polymer entity from `_pdbx_entity_nonpoly` table.       
[depth..del] Read 1 entities with a total of 243 residues from                  
`_entity_poly_seq` block.                                                       
[depth..del] Read 1 chain with a total of 243 residues from                     
`_pdbx_poly_seq_scheme` table.                                                  
[depth..del] Read 1 chain with a total of 1 residues from `_pdbx_nonpoly_scheme`
table.                                                                          
[depth..del] Read 2 chains from `_struct_asym` table.                           
[depth..del] Read 21 components from `_chem_comp` block.                        
[depth..del] Read 31 atoms from `_chem_comp_atom` block.                        
[depth..del] Parsed molecule with 2018 atoms (2017 resolved), 2064 bonds, 244   
residues, and 2 chains.                                                         
[depth..del] Identified 256 resolved residue(s) from `_atom_site` table.        
[depth..del] Read 2017 atoms from `_atom_site` table.                           
[depth..del] Parsed molecule with 1900 atoms (1837 resolved), 1902 bonds, 262   
residues, and 3 chains.                                                         
[depth..del] Read 1837 atoms from `_atom_site` table.                           
[depth..del] Read 2 entities from `_entity` table.                              
[depth..del] Read 1 polymer type from `_entity_poly` table.                     
[depth..del] Read 1 non-polymer entity from `_pdbx_entity_nonpoly` table.       
[depth..del] Read 1 entities with a total of 243 residues from                  
`_entity_poly_seq` block.                                                       
[depth..del] Internal Ligand RMSD: ligand chain 1 (B, component 01) = 6.003 Å (1
automorphisms, 1 nodes explored)                                                
[depth..del] Read 1 chain with a total of 243 residues from                     
`_pdbx_poly_seq_scheme` table.                                                  
[depth..del] Read 1 chain with a total of 1 residues from `_pdbx_nonpoly_scheme`
table.                                                                          
[depth..del] Read 2 chains from `_struct_asym` table.                           
[depth..del] Ligand bisyRMSD: ligand chain 1 (B, component 01) = 2.675 Å        
[depth..del] Read 21 components from `_chem_comp` block.                        
[depth..del] Read 31 atoms from `_chem_comp_atom` block.                        
[depth..del] Identified 244 resolved residue(s) from `_atom_site` table.        
[depth..del] Using bounds matrix reference for component 01                     
[depth..del] Identified 256 resolved residue(s) from `_atom_site` table.        
[depth..del] Parsed molecule with 1900 atoms (1837 resolved), 1902 bonds, 262   
residues, and 3 chains.                                                         
[depth..del] Using bounds matrix reference for component 01                     
[depth..del] Read 2017 atoms from `_atom_site` table.                           
[depth..del] Identified 244 resolved residue(s) from `_atom_site` table.        
[depth..del] Read 3 entities from `_entity` table.                              
[depth..del] Read 2 entities from `_entity` table.                              
[depth..del] Read 1 polymer type from `_entity_poly` table.                     
[depth..del] Read 1 polymer type from `_entity_poly` table.                     
[depth..del] Parsed molecule with 2018 atoms (2017 resolved), 2064 bonds, 244   
residues, and 2 chains.                                                         
[depth..del] Read 1 entities with a total of 225 residues from                  
`_entity_poly_seq` block.                                                       
[depth..del] Read 1 non-polymer entity from `_pdbx_entity_nonpoly` table.       
[depth..del] Read 3 chains from `_struct_asym` table.                           
[depth..del] Read 1 assembly operation matrix from `_pdbx_struct_oper_list`     
table.                                                                          
[depth..del] Read 1 assembly from `_pdbx_struct_assembly_gen` table.            
[depth..del] Read 22 components from `_chem_comp` block.                        
[depth..del] Parsed molecule with 1900 atoms (1837 resolved), 1902 bonds, 262   
residues, and 3 chains.                                                         
[depth..del] Read 1 entities with a total of 243 residues from                  
`_entity_poly_seq` block.                                                       
[depth..del] Read 1 chain with a total of 243 residues from                     
`_pdbx_poly_seq_scheme` table.                                                  
[depth..del] Read 2 entities from `_entity` table.                              
[depth..del] Read 1 polymer type from `_entity_poly` table.                     
[depth..del] Read 1 non-polymer entity from `_pdbx_entity_nonpoly` table.       
[depth..del] Read 1 entities with a total of 243 residues from                  
`_entity_poly_seq` block.                                                       
[depth..del] Parsed molecule with 2018 atoms (2017 resolved), 2064 bonds, 244   
residues, and 2 chains.                                                         
[depth..del] Read 1 chain with a total of 1 residues from `_pdbx_nonpoly_scheme`
table.                                                                          
[depth..del] Read 2 chains from `_struct_asym` table.                           
[depth..del] Read 21 components from `_chem_comp` block.                        
[depth..del] Read 1 chain with a total of 243 residues from                     
`_pdbx_poly_seq_scheme` table.                                                  
[depth..del] Read 1 chain with a total of 1 residues from `_pdbx_nonpoly_scheme`
table.                                                                          
[depth..del] Read 2 chains from `_struct_asym` table.                           
[depth..del] Read 21 components from `_chem_comp` block.                        
[depth..del] Read 31 atoms from `_chem_comp_atom` block.                        
[depth..del] Read 31 atoms from `_chem_comp_atom` block.                        
[depth..del] Read 3 entities from `_entity` table.                              
[depth..del] Read 1 polymer type from `_entity_poly` table.                     
[depth..del] Read 1 entities with a total of 225 residues from                  
`_entity_poly_seq` block.                                                       
[depth..del] Read 3 chains from `_struct_asym` table.                           
[depth..del] Read 1 assembly operation matrix from `_pdbx_struct_oper_list`     
table.                                                                          
[depth..del] Read 1 assembly from `_pdbx_struct_assembly_gen` table.            
[depth..del] Read 22 components from `_chem_comp` block.                        
[depth..del] Read 1837 atoms from `_atom_site` table.                           
[depth..del] Read 2017 atoms from `_atom_site` table.                           
[depth..del] Identified 256 resolved residue(s) from `_atom_site` table.        
[depth..del] Read 2017 atoms from `_atom_site` table.                           
[depth..del] Identified 244 resolved residue(s) from `_atom_site` table.        
[depth..del] Identified 244 resolved residue(s) from `_atom_site` table.        
[depth..del] Parsed molecule with 2018 atoms (2017 resolved), 2064 bonds, 244   
residues, and 2 chains.                                                         
[depth..del] Internal Ligand RMSD: ligand chain 1 (B, component 01) = 6.164 Å (1
automorphisms, 1 nodes explored)                                                
[depth..del] Ligand bisyRMSD: ligand chain 1 (B, component 01) = 1.491 Å        
[depth..del] Parsed molecule with 2018 atoms (2017 resolved), 2064 bonds, 244   
residues, and 2 chains.                                                         
[depth..del] Parsed molecule with 1900 atoms (1837 resolved), 1902 bonds, 262   
residues, and 3 chains.                                                         
[depth..del] Read 2 entities from `_entity` table.                              
[depth..del] Read 1 polymer type from `_entity_poly` table.                     
[depth..del] Read 1 non-polymer entity from `_pdbx_entity_nonpoly` table.       
[depth..del] Read 1837 atoms from `_atom_site` table.                           
[depth..del] Read 1 entities with a total of 243 residues from                  
`_entity_poly_seq` block.                                                       
[depth..del] Read 1 chain with a total of 243 residues from                     
`_pdbx_poly_seq_scheme` table.                                                  
[depth..del] Read 1 chain with a total of 1 residues from `_pdbx_nonpoly_scheme`
table.                                                                          
[depth..del] Read 2 chains from `_struct_asym` table.                           
[depth..del] Read 21 components from `_chem_comp` block.                        
[depth..del] Read 31 atoms from `_chem_comp_atom` block.                        
[depth..del] Using bounds matrix reference for component 01                     
[depth..del] Identified 256 resolved residue(s) from `_atom_site` table.        
[depth..del] Read 3 entities from `_entity` table.                              
[depth..del] Read 1 polymer type from `_entity_poly` table.                     
[depth..del] Read 1 entities with a total of 225 residues from                  
`_entity_poly_seq` block.                                                       
[depth..del] Read 3 chains from `_struct_asym` table.                           
[depth..del] Read 1 assembly operation matrix from `_pdbx_struct_oper_list`     
table.                                                                          
[depth..del] Read 1 assembly from `_pdbx_struct_assembly_gen` table.            
[depth..del] Read 22 components from `_chem_comp` block.                        
[depth..del] Internal Ligand RMSD: ligand chain 1 (B, component 01) = 5.713 Å (1
automorphisms, 1 nodes explored)                                                
[depth..del] Ligand bisyRMSD: ligand chain 1 (B, component 01) = 22.229 Å       
[depth..del] Using bounds matrix reference for component 01                     
[depth..del] Using bounds matrix reference for component 01                     
[depth..del] Using bounds matrix reference for component 01                     
[depth..del] Parsed molecule with 1900 atoms (1837 resolved), 1902 bonds, 262   
residues, and 3 chains.                                                         
[depth..del] Read 2017 atoms from `_atom_site` table.                           
[depth..del] Read 2 entities from `_entity` table.                              
[depth..del] Read 1 polymer type from `_entity_poly` table.                     
[depth..del] Read 1 non-polymer entity from `_pdbx_entity_nonpoly` table.       
[depth..del] Read 1 entities with a total of 243 residues from                  
`_entity_poly_seq` block.                                                       
[depth..del] Read 1 chain with a total of 243 residues from                     
`_pdbx_poly_seq_scheme` table.                                                  
[depth..del] Read 1 chain with a total of 1 residues from `_pdbx_nonpoly_scheme`
table.                                                                          
[depth..del] Read 1837 atoms from `_atom_site` table.                           
[depth..del] Read 2 chains from `_struct_asym` table.                           
[depth..del] Read 21 components from `_chem_comp` block.                        
[depth..del] Read 31 atoms from `_chem_comp_atom` block.                        
[depth..del] Identified 244 resolved residue(s) from `_atom_site` table.        
[depth..del] Identified 256 resolved residue(s) from `_atom_site` table.        
[depth..del] Parsed molecule with 1900 atoms (1837 resolved), 1902 bonds, 262   
residues, and 3 chains.                                                         
[depth..del] Read 2 entities from `_entity` table.                              
[depth..del] Read 1 polymer type from `_entity_poly` table.                     
[depth..del] Read 1 non-polymer entity from `_pdbx_entity_nonpoly` table.       
[depth..del] Read 1 entities with a total of 243 residues from                  
`_entity_poly_seq` block.                                                       
[depth..del] Read 1 chain with a total of 243 residues from                     
`_pdbx_poly_seq_scheme` table.                                                  
[depth..del] Read 1 chain with a total of 1 residues from `_pdbx_nonpoly_scheme`
table.                                                                          
[depth..del] Read 2 chains from `_struct_asym` table.                           
[depth..del] Read 21 components from `_chem_comp` block.                        
[depth..del] Read 31 atoms from `_chem_comp_atom` block.                        
[depth..del] Read 2017 atoms from `_atom_site` table.                           
[depth..del] Parsed molecule with 2018 atoms (2017 resolved), 2064 bonds, 244   
residues, and 2 chains.                                                         
[depth..del] Read 2017 atoms from `_atom_site` table.                           
[depth..del] Identified 244 resolved residue(s) from `_atom_site` table.        
[depth..del] Identified 244 resolved residue(s) from `_atom_site` table.        
[depth..del] Parsed molecule with 2018 atoms (2017 resolved), 2064 bonds, 244   
residues, and 2 chains.                                                         
[depth..del] Parsed molecule with 2018 atoms (2017 resolved), 2064 bonds, 244   
residues, and 2 chains.                                                         
[depth..del] Internal Ligand RMSD: ligand chain 1 (B, component 01) = 6.092 Å (1
automorphisms, 1 nodes explored)                                                
[depth..del] Ligand bisyRMSD: ligand chain 1 (B, component 01) = 35.626 Å       
[depth..del] Internal Ligand RMSD: ligand chain 1 (B, component 01) = 6.110 Å (1
automorphisms, 1 nodes explored)                                                
[depth..del] Ligand bisyRMSD: ligand chain 1 (B, component 01) = 14.134 Å       
[depth..del] Using bounds matrix reference for component 01                     
[depth..del] Using bounds matrix reference for component 01                     
[depth..del] Using bounds matrix reference for component 01                     
[depth..del] Using bounds matrix reference for component 01                     
[depth..del] Read 3 entities from `_entity` table.                              
[depth..del] Read 1 polymer type from `_entity_poly` table.                     
[depth..del] Read 1 entities with a total of 225 residues from                  
`_entity_poly_seq` block.                                                       
[depth..del] Read 3 chains from `_struct_asym` table.                           
[depth..del] Read 1 assembly operation matrix from `_pdbx_struct_oper_list`     
table.                                                                          
[depth..del] Read 1 assembly from `_pdbx_struct_assembly_gen` table.            
[depth..del] Read 22 components from `_chem_comp` block.                        
[depth..del] Read 1837 atoms from `_atom_site` table.                           
[depth..del] Identified 256 resolved residue(s) from `_atom_site` table.        
[depth..del] Parsed molecule with 1900 atoms (1837 resolved), 1902 bonds, 262   
residues, and 3 chains.                                                         
[depth..del] Read 2 entities from `_entity` table.                              
[depth..del] Read 1 polymer type from `_entity_poly` table.                     
[depth..del] Read 1 non-polymer entity from `_pdbx_entity_nonpoly` table.       
[depth..del] Read 1 entities with a total of 243 residues from                  
`_entity_poly_seq` block.                                                       
[depth..del] Read 1 chain with a total of 243 residues from                     
`_pdbx_poly_seq_scheme` table.                                                  
[depth..del] Read 1 chain with a total of 1 residues from `_pdbx_nonpoly_scheme`
table.                                                                          
[depth..del] Read 2 chains from `_struct_asym` table.                           
[depth..del] Read 21 components from `_chem_comp` block.                        
[depth..del] Read 31 atoms from `_chem_comp_atom` block.                        
[depth..del] Read 3 entities from `_entity` table.                              
[depth..del] Read 1 polymer type from `_entity_poly` table.                     
[depth..del] Read 1 entities with a total of 225 residues from                  
`_entity_poly_seq` block.                                                       
[depth..del] Read 3 chains from `_struct_asym` table.                           
[depth..del] Read 1 assembly operation matrix from `_pdbx_struct_oper_list`     
table.                                                                          
[depth..del] Read 1 assembly from `_pdbx_struct_assembly_gen` table.            
[depth..del] Read 22 components from `_chem_comp` block.                        
[depth..del] Read 2017 atoms from `_atom_site` table.                           
[depth..del] Read 1837 atoms from `_atom_site` table.                           
[depth..del] Identified 244 resolved residue(s) from `_atom_site` table.        
[depth..del] Identified 256 resolved residue(s) from `_atom_site` table.        
[depth..del] Parsed molecule with 2018 atoms (2017 resolved), 2064 bonds, 244   
residues, and 2 chains.                                                         
[depth..del] Internal Ligand RMSD: ligand chain 1 (B, component 01) = 5.905 Å (1
automorphisms, 1 nodes explored)                                                
[depth..del] Ligand bisyRMSD: ligand chain 1 (B, component 01) = 25.871 Å       
[depth..del] Parsed molecule with 1900 atoms (1837 resolved), 1902 bonds, 262   
residues, and 3 chains.                                                         
[depth..del] Read 2 entities from `_entity` table.                              
[depth..del] Read 1 polymer type from `_entity_poly` table.                     
[depth..del] Read 1 non-polymer entity from `_pdbx_entity_nonpoly` table.       
[depth..del] Read 1 entities with a total of 243 residues from                  
`_entity_poly_seq` block.                                                       
[depth..del] Read 1 chain with a total of 243 residues from                     
`_pdbx_poly_seq_scheme` table.                                                  
[depth..del] Read 1 chain with a total of 1 residues from `_pdbx_nonpoly_scheme`
table.                                                                          
[depth..del] Read 2 chains from `_struct_asym` table.                           
[depth..del] Read 21 components from `_chem_comp` block.                        
[depth..del] Read 31 atoms from `_chem_comp_atom` block.                        
[depth..del] Using bounds matrix reference for component 01                     
[depth..del] Read 2017 atoms from `_atom_site` table.                           
[depth..del] Identified 244 resolved residue(s) from `_atom_site` table.        
[depth..del] Using bounds matrix reference for component 01                     
[depth..del] Parsed molecule with 2018 atoms (2017 resolved), 2064 bonds, 244   
residues, and 2 chains.                                                         
[depth..del] Read 3 entities from `_entity` table.                              
[depth..del] Read 1 polymer type from `_entity_poly` table.                     
[depth..del] Read 1 entities with a total of 225 residues from                  
`_entity_poly_seq` block.                                                       
[depth..del] Read 3 chains from `_struct_asym` table.                           
[depth..del] Read 1 assembly operation matrix from `_pdbx_struct_oper_list`     
table.                                                                          
[depth..del] Read 1 assembly from `_pdbx_struct_assembly_gen` table.            
[depth..del] Read 22 components from `_chem_comp` block.                        
[depth..del] Read 1837 atoms from `_atom_site` table.                           
[depth..del] Identified 256 resolved residue(s) from `_atom_site` table.        
[depth..del] Parsed molecule with 1900 atoms (1837 resolved), 1902 bonds, 262   
residues, and 3 chains.                                                         
[depth..del] Read 2 entities from `_entity` table.                              
[depth..del] Read 1 polymer type from `_entity_poly` table.                     
[depth..del] Read 1 non-polymer entity from `_pdbx_entity_nonpoly` table.       
[depth..del] Read 1 entities with a total of 243 residues from                  
`_entity_poly_seq` block.                                                       
[depth..del] Read 1 chain with a total of 243 residues from                     
`_pdbx_poly_seq_scheme` table.                                                  
[depth..del] Read 1 chain with a total of 1 residues from `_pdbx_nonpoly_scheme`
table.                                                                          
[depth..del] Read 2 chains from `_struct_asym` table.                           
[depth..del] Read 21 components from `_chem_comp` block.                        
[depth..del] Read 31 atoms from `_chem_comp_atom` block.                        
[depth..del] Read 2017 atoms from `_atom_site` table.                           
[depth..del] Identified 244 resolved residue(s) from `_atom_site` table.        
[depth..del] Parsed molecule with 2018 atoms (2017 resolved), 2064 bonds, 244   
residues, and 2 chains.                                                         
[depth..del] Internal Ligand RMSD: ligand chain 1 (B, component 01) = 5.999 Å (1
automorphisms, 1 nodes explored)                                                
[depth..del] Ligand bisyRMSD: ligand chain 1 (B, component 01) = 1.169 Å        
[depth..del] Using bounds matrix reference for component 01                     
[depth..del] Using bounds matrix reference for component 01                     
[depth..del] Internal Ligand RMSD: ligand chain 1 (B, component 01) = 6.079 Å (1
automorphisms, 1 nodes explored)                                                
[depth..del] Ligand bisyRMSD: ligand chain 1 (B, component 01) = 26.114 Å       
[depth..del] Using bounds matrix reference for component 01                     
[depth..del] Using bounds matrix reference for component 01                     
[depth..del] Internal Ligand RMSD: ligand chain 1 (B, component 01) = 5.863 Å (1
automorphisms, 1 nodes explored)                                                
[depth..del] Ligand bisyRMSD: ligand chain 1 (B, component 01) = 18.748 Å       
[depth..del] Using bounds matrix reference for component 01                     
[depth..del] Using bounds matrix reference for component 01                     
[depth..del] Read 3 entities from `_entity` table.                              
[depth..del] Read 1 polymer type from `_entity_poly` table.                     
[depth..del] Read 1 entities with a total of 225 residues from                  
`_entity_poly_seq` block.                                                       
[depth..del] Read 3 chains from `_struct_asym` table.                           
[depth..del] Read 1 assembly operation matrix from `_pdbx_struct_oper_list`     
table.                                                                          
[depth..del] Read 1 assembly from `_pdbx_struct_assembly_gen` table.            
[depth..del] Read 22 components from `_chem_comp` block.                        
[depth..del] Internal Ligand RMSD: ligand chain 1 (B, component 01) = 5.990 Å (1
automorphisms, 1 nodes explored)                                                
[depth..del] Ligand bisyRMSD: ligand chain 1 (B, component 01) = 2.355 Å        
[depth..del] Using bounds matrix reference for component 01                     
[depth..del] Using bounds matrix reference for component 01                     
[depth..del] Read 1837 atoms from `_atom_site` table.                           
[depth..del] Read 3 entities from `_entity` table.                              
[depth..del] Read 1 polymer type from `_entity_poly` table.                     
[depth..del] Identified 256 resolved residue(s) from `_atom_site` table.        
[depth..del] Read 1 entities with a total of 225 residues from                  
`_entity_poly_seq` block.                                                       
[depth..del] Read 3 chains from `_struct_asym` table.                           
[depth..del] Read 1 assembly operation matrix from `_pdbx_struct_oper_list`     
table.                                                                          
[depth..del] Read 1 assembly from `_pdbx_struct_assembly_gen` table.            
[depth..del] Read 22 components from `_chem_comp` block.                        
[depth..del] Parsed molecule with 1900 atoms (1837 resolved), 1902 bonds, 262   
residues, and 3 chains.                                                         
[depth..del] Read 2 entities from `_entity` table.                              
[depth..del] Read 1 polymer type from `_entity_poly` table.                     
[depth..del] Read 1 non-polymer entity from `_pdbx_entity_nonpoly` table.       
[depth..del] Read 1 entities with a total of 243 residues from                  
`_entity_poly_seq` block.                                                       
[depth..del] Read 1 chain with a total of 243 residues from                     
`_pdbx_poly_seq_scheme` table.                                                  
[depth..del] Read 1 chain with a total of 1 residues from `_pdbx_nonpoly_scheme`
table.                                                                          
[depth..del] Read 2 chains from `_struct_asym` table.                           
[depth..del] Read 21 components from `_chem_comp` block.                        
[depth..del] Read 31 atoms from `_chem_comp_atom` block.                        
[depth..del] Read 1837 atoms from `_atom_site` table.                           
[depth..del] Read 3 entities from `_entity` table.                              
[depth..del] Read 1 polymer type from `_entity_poly` table.                     
[depth..del] Read 2017 atoms from `_atom_site` table.                           
[depth..del] Identified 256 resolved residue(s) from `_atom_site` table.        
[depth..del] Identified 244 resolved residue(s) from `_atom_site` table.        
[depth..del] Read 1 entities with a total of 225 residues from                  
`_entity_poly_seq` block.                                                       
[depth..del] Read 3 chains from `_struct_asym` table.                           
[depth..del] Read 1 assembly operation matrix from `_pdbx_struct_oper_list`     
table.                                                                          
[depth..del] Read 1 assembly from `_pdbx_struct_assembly_gen` table.            
[depth..del] Read 22 components from `_chem_comp` block.                        
[depth..del] Parsed molecule with 1900 atoms (1837 resolved), 1902 bonds, 262   
residues, and 3 chains.                                                         
[depth..del] Parsed molecule with 2018 atoms (2017 resolved), 2064 bonds, 244   
residues, and 2 chains.                                                         
[depth..del] Read 2 entities from `_entity` table.                              
[depth..del] Read 1 polymer type from `_entity_poly` table.                     
[depth..del] Read 1 non-polymer entity from `_pdbx_entity_nonpoly` table.       
[depth..del] Read 1 entities with a total of 243 residues from                  
`_entity_poly_seq` block.                                                       
[depth..del] Read 1 chain with a total of 243 residues from                     
`_pdbx_poly_seq_scheme` table.                                                  
[depth..del] Read 1 chain with a total of 1 residues from `_pdbx_nonpoly_scheme`
table.                                                                          
[depth..del] Read 2 chains from `_struct_asym` table.                           
[depth..del] Read 21 components from `_chem_comp` block.                        
[depth..del] Read 31 atoms from `_chem_comp_atom` block.                        
[depth..del] Internal Ligand RMSD: ligand chain 1 (B, component 01) = 6.028 Å (1
automorphisms, 1 nodes explored)                                                
[depth..del] Ligand bisyRMSD: ligand chain 1 (B, component 01) = 2.362 Å        
[depth..del] Read 2017 atoms from `_atom_site` table.                           
[depth..del] Identified 244 resolved residue(s) from `_atom_site` table.        
[depth..del] Read 3 entities from `_entity` table.                              
[depth..del] Using bounds matrix reference for component 01                     
[depth..del] Parsed molecule with 2018 atoms (2017 resolved), 2064 bonds, 244   
residues, and 2 chains.                                                         
[depth..del] Read 1 polymer type from `_entity_poly` table.                     
[depth..del] Read 1 entities with a total of 225 residues from                  
`_entity_poly_seq` block.                                                       
[depth..del] Read 3 chains from `_struct_asym` table.                           
[depth..del] Read 1 assembly operation matrix from `_pdbx_struct_oper_list`     
table.                                                                          
[depth..del] Read 1 assembly from `_pdbx_struct_assembly_gen` table.            
[depth..del] Read 22 components from `_chem_comp` block.                        
[depth..del] Read 1837 atoms from `_atom_site` table.                           
[depth..del] Identified 256 resolved residue(s) from `_atom_site` table.        
[depth..del] Using bounds matrix reference for component 01                     
[depth..del] Parsed molecule with 1900 atoms (1837 resolved), 1902 bonds, 262   
residues, and 3 chains.                                                         
[depth..del] Read 2 entities from `_entity` table.                              
[depth..del] Read 1 polymer type from `_entity_poly` table.                     
[depth..del] Read 1 non-polymer entity from `_pdbx_entity_nonpoly` table.       
[depth..del] Read 1 entities with a total of 243 residues from                  
`_entity_poly_seq` block.                                                       
[depth..del] Read 1 chain with a total of 243 residues from                     
`_pdbx_poly_seq_scheme` table.                                                  
[depth..del] Read 1 chain with a total of 1 residues from `_pdbx_nonpoly_scheme`
table.                                                                          
[depth..del] Read 2 chains from `_struct_asym` table.                           
[depth..del] Read 21 components from `_chem_comp` block.                        
[depth..del] Read 31 atoms from `_chem_comp_atom` block.                        
[depth..del] Read 2017 atoms from `_atom_site` table.                           
[depth..del] Read 3 entities from `_entity` table.                              
[depth..del] Read 1 polymer type from `_entity_poly` table.                     
[depth..del] Read 1 entities with a total of 225 residues from                  
`_entity_poly_seq` block.                                                       
[depth..del] Identified 244 resolved residue(s) from `_atom_site` table.        
[depth..del] Read 3 chains from `_struct_asym` table.                           
[depth..del] Read 1 assembly operation matrix from `_pdbx_struct_oper_list`     
table.                                                                          
[depth..del] Read 1 assembly from `_pdbx_struct_assembly_gen` table.            
[depth..del] Read 22 components from `_chem_comp` block.                        
[depth..del] Read 3 entities from `_entity` table.                              
[depth..del] Read 1 polymer type from `_entity_poly` table.                     
[depth..del] Read 1 entities with a total of 225 residues from                  
`_entity_poly_seq` block.                                                       
[depth..del] Read 3 chains from `_struct_asym` table.                           
[depth..del] Parsed molecule with 2018 atoms (2017 resolved), 2064 bonds, 244   
residues, and 2 chains.                                                         
[depth..del] Read 1 assembly operation matrix from `_pdbx_struct_oper_list`     
table.                                                                          
[depth..del] Read 1 assembly from `_pdbx_struct_assembly_gen` table.            
[depth..del] Read 22 components from `_chem_comp` block.                        
[depth..del] Read 1837 atoms from `_atom_site` table.                           
[depth..del] Identified 256 resolved residue(s) from `_atom_site` table.        
[depth..del] Parsed molecule with 1900 atoms (1837 resolved), 1902 bonds, 262   
residues, and 3 chains.                                                         
[depth..del] Read 1837 atoms from `_atom_site` table.                           
[depth..del] Read 2 entities from `_entity` table.                              
[depth..del] Read 1 polymer type from `_entity_poly` table.                     
[depth..del] Read 1 non-polymer entity from `_pdbx_entity_nonpoly` table.       
[depth..del] Read 1 entities with a total of 243 residues from                  
`_entity_poly_seq` block.                                                       
[depth..del] Read 1 chain with a total of 243 residues from                     
`_pdbx_poly_seq_scheme` table.                                                  
[depth..del] Read 1 chain with a total of 1 residues from `_pdbx_nonpoly_scheme`
table.                                                                          
[depth..del] Read 2 chains from `_struct_asym` table.                           
[depth..del] Read 21 components from `_chem_comp` block.                        
[depth..del] Read 31 atoms from `_chem_comp_atom` block.                        
[depth..del] Read 1837 atoms from `_atom_site` table.                           
[depth..del] Read 2017 atoms from `_atom_site` table.                           
[depth..del] Identified 256 resolved residue(s) from `_atom_site` table.        
[depth..del] Identified 244 resolved residue(s) from `_atom_site` table.        
[depth..del] Parsed molecule with 2018 atoms (2017 resolved), 2064 bonds, 244   
residues, and 2 chains.                                                         
[depth..del] Identified 256 resolved residue(s) from `_atom_site` table.        
[depth..del] Parsed molecule with 1900 atoms (1837 resolved), 1902 bonds, 262   
residues, and 3 chains.                                                         
[depth..del] Read 2 entities from `_entity` table.                              
[depth..del] Read 1 polymer type from `_entity_poly` table.                     
[depth..del] Read 1 non-polymer entity from `_pdbx_entity_nonpoly` table.       
[depth..del] Read 1 entities with a total of 243 residues from                  
`_entity_poly_seq` block.                                                       
[depth..del] Read 1 chain with a total of 243 residues from                     
`_pdbx_poly_seq_scheme` table.                                                  
[depth..del] Read 1 chain with a total of 1 residues from `_pdbx_nonpoly_scheme`
table.                                                                          
[depth..del] Read 2 chains from `_struct_asym` table.                           
[depth..del] Read 21 components from `_chem_comp` block.                        
[depth..del] Read 31 atoms from `_chem_comp_atom` block.                        
[depth..del] Parsed molecule with 1900 atoms (1837 resolved), 1902 bonds, 262   
residues, and 3 chains.                                                         
[depth..del] Read 2017 atoms from `_atom_site` table.                           
[depth..del] Read 2 entities from `_entity` table.                              
[depth..del] Read 1 polymer type from `_entity_poly` table.                     
[depth..del] Read 1 non-polymer entity from `_pdbx_entity_nonpoly` table.       
[depth..del] Identified 244 resolved residue(s) from `_atom_site` table.        
[depth..del] Read 1 entities with a total of 243 residues from                  
`_entity_poly_seq` block.                                                       
[depth..del] Internal Ligand RMSD: ligand chain 1 (B, component 01) = 6.121 Å (1
automorphisms, 1 nodes explored)                                                
[depth..del] Ligand bisyRMSD: ligand chain 1 (B, component 01) = 25.487 Å       
[depth..del] Read 1 chain with a total of 243 residues from                     
`_pdbx_poly_seq_scheme` table.                                                  
[depth..del] Read 1 chain with a total of 1 residues from `_pdbx_nonpoly_scheme`
table.                                                                          
[depth..del] Read 2 chains from `_struct_asym` table.                           
[depth..del] Read 21 components from `_chem_comp` block.                        
[depth..del] Read 31 atoms from `_chem_comp_atom` block.                        
[depth..del] Parsed molecule with 2018 atoms (2017 resolved), 2064 bonds, 244   
residues, and 2 chains.                                                         
[depth..del] Read 3 entities from `_entity` table.                              
[depth..del] Read 1 polymer type from `_entity_poly` table.                     
[depth..del] Read 1 entities with a total of 225 residues from                  
`_entity_poly_seq` block.                                                       
[depth..del] Read 3 chains from `_struct_asym` table.                           
[depth..del] Read 1 assembly operation matrix from `_pdbx_struct_oper_list`     
table.                                                                          
[depth..del] Read 1 assembly from `_pdbx_struct_assembly_gen` table.            
[depth..del] Read 22 components from `_chem_comp` block.                        
[depth..del] Using bounds matrix reference for component 01                     
[depth..del] Read 1837 atoms from `_atom_site` table.                           
[depth..del] Identified 256 resolved residue(s) from `_atom_site` table.        
[depth..del] Using bounds matrix reference for component 01                     
[depth..del] Parsed molecule with 1900 atoms (1837 resolved), 1902 bonds, 262   
residues, and 3 chains.                                                         
[depth..del] Read 2 entities from `_entity` table.                              
[depth..del] Read 1 polymer type from `_entity_poly` table.                     
[depth..del] Read 1 non-polymer entity from `_pdbx_entity_nonpoly` table.       
[depth..del] Read 1 entities with a total of 243 residues from                  
`_entity_poly_seq` block.                                                       
[depth..del] Read 1 chain with a total of 243 residues from                     
`_pdbx_poly_seq_scheme` table.                                                  
[depth..del] Read 1 chain with a total of 1 residues from `_pdbx_nonpoly_scheme`
table.                                                                          
[depth..del] Read 2 chains from `_struct_asym` table.                           
[depth..del] Read 21 components from `_chem_comp` block.                        
[depth..del] Read 31 atoms from `_chem_comp_atom` block.                        
[depth..del] Read 2017 atoms from `_atom_site` table.                           
[depth..del] Read 2017 atoms from `_atom_site` table.                           
[depth..del] Identified 244 resolved residue(s) from `_atom_site` table.        
[depth..del] Identified 244 resolved residue(s) from `_atom_site` table.        
[depth..del] Parsed molecule with 2018 atoms (2017 resolved), 2064 bonds, 244   
residues, and 2 chains.                                                         
[depth..del] Parsed molecule with 2018 atoms (2017 resolved), 2064 bonds, 244   
residues, and 2 chains.                                                         
[depth..del] Internal Ligand RMSD: ligand chain 1 (B, component 01) = 6.088 Å (1
automorphisms, 1 nodes explored)                                                
[depth..del] Ligand bisyRMSD: ligand chain 1 (B, component 01) = 25.832 Å       
[depth..del] Using bounds matrix reference for component 01                     
[depth..del] Using bounds matrix reference for component 01                     
[depth..del] Internal Ligand RMSD: ligand chain 1 (B, component 01) = 6.000 Å (1
automorphisms, 1 nodes explored)                                                
[depth..del] Ligand bisyRMSD: ligand chain 1 (B, component 01) = 2.179 Å        
[depth..del] Using bounds matrix reference for component 01                     
[depth..del] Using bounds matrix reference for component 01                     
[depth..del] Read 3 entities from `_entity` table.                              
[depth..del] Read 1 polymer type from `_entity_poly` table.                     
[depth..del] Read 1 entities with a total of 225 residues from                  
`_entity_poly_seq` block.                                                       
[depth..del] Read 3 chains from `_struct_asym` table.                           
[depth..del] Read 1 assembly operation matrix from `_pdbx_struct_oper_list`     
table.                                                                          
[depth..del] Read 1 assembly from `_pdbx_struct_assembly_gen` table.            
[depth..del] Read 3 entities from `_entity` table.                              
[depth..del] Read 1 polymer type from `_entity_poly` table.                     
[depth..del] Read 1 entities with a total of 225 residues from                  
`_entity_poly_seq` block.                                                       
[depth..del] Read 3 chains from `_struct_asym` table.                           
[depth..del] Read 1 assembly operation matrix from `_pdbx_struct_oper_list`     
table.                                                                          
[depth..del] Read 1 assembly from `_pdbx_struct_assembly_gen` table.            
[depth..del] Read 22 components from `_chem_comp` block.                        
[depth..del] Read 22 components from `_chem_comp` block.                        
[depth..del] Read 1837 atoms from `_atom_site` table.                           
[depth..del] Identified 256 resolved residue(s) from `_atom_site` table.        
[depth..del] Read 1837 atoms from `_atom_site` table.                           
[depth..del] Parsed molecule with 1900 atoms (1837 resolved), 1902 bonds, 262   
residues, and 3 chains.                                                         
[depth..del] Identified 256 resolved residue(s) from `_atom_site` table.        
[depth..del] Read 2 entities from `_entity` table.                              
[depth..del] Read 1 polymer type from `_entity_poly` table.                     
[depth..del] Read 1 non-polymer entity from `_pdbx_entity_nonpoly` table.       
[depth..del] Read 1 entities with a total of 243 residues from                  
`_entity_poly_seq` block.                                                       
[depth..del] Read 1 chain with a total of 243 residues from                     
`_pdbx_poly_seq_scheme` table.                                                  
[depth..del] Read 1 chain with a total of 1 residues from `_pdbx_nonpoly_scheme`
table.                                                                          
[depth..del] Read 2 chains from `_struct_asym` table.                           
[depth..del] Read 21 components from `_chem_comp` block.                        
[depth..del] Read 31 atoms from `_chem_comp_atom` block.                        
[depth..del] Parsed molecule with 1900 atoms (1837 resolved), 1902 bonds, 262   
residues, and 3 chains.                                                         
[depth..del] Read 2 entities from `_entity` table.                              
[depth..del] Read 1 polymer type from `_entity_poly` table.                     
[depth..del] Read 1 non-polymer entity from `_pdbx_entity_nonpoly` table.       
[depth..del] Read 1 entities with a total of 243 residues from                  
`_entity_poly_seq` block.                                                       
[depth..del] Read 1 chain with a total of 243 residues from                     
`_pdbx_poly_seq_scheme` table.                                                  
[depth..del] Read 1 chain with a total of 1 residues from `_pdbx_nonpoly_scheme`
table.                                                                          
[depth..del] Read 2 chains from `_struct_asym` table.                           
[depth..del] Read 21 components from `_chem_comp` block.                        
[depth..del] Read 31 atoms from `_chem_comp_atom` block.                        
[depth..del] Read 2017 atoms from `_atom_site` table.                           
[depth..del] Identified 244 resolved residue(s) from `_atom_site` table.        
[depth..del] Read 2017 atoms from `_atom_site` table.                           
[depth..del] Identified 244 resolved residue(s) from `_atom_site` table.        
[depth..del] Parsed molecule with 2018 atoms (2017 resolved), 2064 bonds, 244   
residues, and 2 chains.                                                         
[depth..del] Parsed molecule with 2018 atoms (2017 resolved), 2064 bonds, 244   
residues, and 2 chains.                                                         
[depth..del] Internal Ligand RMSD: ligand chain 1 (B, component 01) = 6.147 Å (1
automorphisms, 1 nodes explored)                                                
[depth..del] Ligand bisyRMSD: ligand chain 1 (B, component 01) = 28.745 Å       
[depth..del] Using bounds matrix reference for component 01                     
[depth..del] Using bounds matrix reference for component 01                     
[depth..del] Internal Ligand RMSD: ligand chain 1 (B, component 01) = 5.966 Å (1
automorphisms, 1 nodes explored)                                                
[depth..del] Ligand bisyRMSD: ligand chain 1 (B, component 01) = 17.543 Å       
[depth..del] Using bounds matrix reference for component 01                     
[depth..del] Using bounds matrix reference for component 01                     
[depth..del] Internal Ligand RMSD: ligand chain 1 (B, component 01) = 6.033 Å (1
automorphisms, 1 nodes explored)                                                
[depth..del] Ligand bisyRMSD: ligand chain 1 (B, component 01) = 1.017 Å        
[depth..del] Using bounds matrix reference for component 01                     
[depth..del] Using bounds matrix reference for component 01                     
[depth..del] Read 3 entities from `_entity` table.                              
[depth..del] Read 1 polymer type from `_entity_poly` table.                     
[depth..del] Read 1 entities with a total of 225 residues from                  
`_entity_poly_seq` block.                                                       
[depth..del] Read 3 chains from `_struct_asym` table.                           
[depth..del] Read 1 assembly operation matrix from `_pdbx_struct_oper_list`     
table.                                                                          
[depth..del] Read 1 assembly from `_pdbx_struct_assembly_gen` table.            
[depth..del] Read 22 components from `_chem_comp` block.                        
[depth..del] Read 1837 atoms from `_atom_site` table.                           
[depth..del] Identified 256 resolved residue(s) from `_atom_site` table.        
[depth..del] Parsed molecule with 1900 atoms (1837 resolved), 1902 bonds, 262   
residues, and 3 chains.                                                         
[depth..del] Read 2 entities from `_entity` table.                              
[depth..del] Read 1 polymer type from `_entity_poly` table.                     
[depth..del] Read 1 non-polymer entity from `_pdbx_entity_nonpoly` table.       
[depth..del] Read 1 entities with a total of 243 residues from                  
`_entity_poly_seq` block.                                                       
[depth..del] Read 1 chain with a total of 243 residues from                     
`_pdbx_poly_seq_scheme` table.                                                  
[depth..del] Read 1 chain with a total of 1 residues from `_pdbx_nonpoly_scheme`
table.                                                                          
[depth..del] Read 2 chains from `_struct_asym` table.                           
[depth..del] Read 21 components from `_chem_comp` block.                        
[depth..del] Read 31 atoms from `_chem_comp_atom` block.                        
[depth..del] Read 2017 atoms from `_atom_site` table.                           
[depth..del] Identified 244 resolved residue(s) from `_atom_site` table.        
[depth..del] Parsed molecule with 2018 atoms (2017 resolved), 2064 bonds, 244   
residues, and 2 chains.                                                         
[depth..del] Internal Ligand RMSD: ligand chain 1 (B, component 01) = 6.115 Å (1
automorphisms, 1 nodes explored)                                                
[depth..del] Ligand bisyRMSD: ligand chain 1 (B, component 01) = 3.364 Å        
[depth..del] Using bounds matrix reference for component 01                     
[depth..del] Using bounds matrix reference for component 01                     
[depth..del] Internal Ligand RMSD: ligand chain 1 (B, component 01) = 6.106 Å (1
automorphisms, 1 nodes explored)                                                
[depth..del] Ligand bisyRMSD: ligand chain 1 (B, component 01) = 1.902 Å        
[depth..del] Using bounds matrix reference for component 01                     
[depth..del] Using bounds matrix reference for component 01                     
[depth..del] Internal Ligand RMSD: ligand chain 1 (B, component 01) = 6.104 Å (1
automorphisms, 1 nodes explored)                                                
[depth..del] Ligand bisyRMSD: ligand chain 1 (B, component 01) = 31.935 Å       
[depth..del] Using bounds matrix reference for component 01                     
[depth..del] Using bounds matrix reference for component 01                     
[depth..del] Internal Ligand RMSD: ligand chain 1 (B, component 01) = 6.045 Å (1
automorphisms, 1 nodes explored)                                                
[depth..del] Ligand bisyRMSD: ligand chain 1 (B, component 01) = 2.374 Å        
[depth..del] Using bounds matrix reference for component 01                     
[depth..del] Using bounds matrix reference for component 01                     
[depth..del] Read 3 entities from `_entity` table.                              
[depth..del] Read 1 polymer type from `_entity_poly` table.                     
[depth..del] Read 1 entities with a total of 225 residues from                  
`_entity_poly_seq` block.                                                       
[depth..del] Read 3 chains from `_struct_asym` table.                           
[depth..del] Read 1 assembly operation matrix from `_pdbx_struct_oper_list`     
table.                                                                          
[depth..del] Read 1 assembly from `_pdbx_struct_assembly_gen` table.            
[depth..del] Read 3 entities from `_entity` table.                              
[depth..del] Read 1 polymer type from `_entity_poly` table.                     
[depth..del] Read 1 entities with a total of 225 residues from                  
`_entity_poly_seq` block.                                                       
[depth..del] Read 3 chains from `_struct_asym` table.                           
[depth..del] Read 1 assembly operation matrix from `_pdbx_struct_oper_list`     
table.                                                                          
[depth..del] Read 1 assembly from `_pdbx_struct_assembly_gen` table.            
[depth..del] Read 22 components from `_chem_comp` block.                        
[depth..del] Read 22 components from `_chem_comp` block.                        
[depth..del] Internal Ligand RMSD: ligand chain 1 (B, component 01) = 6.053 Å (1
automorphisms, 1 nodes explored)                                                
[depth..del] Ligand bisyRMSD: ligand chain 1 (B, component 01) = 2.478 Å        
[depth..del] Using bounds matrix reference for component 01                     
[depth..del] Using bounds matrix reference for component 01                     
[depth..del] Read 1837 atoms from `_atom_site` table.                           
[depth..del] Identified 256 resolved residue(s) from `_atom_site` table.        
[depth..del] Read 1837 atoms from `_atom_site` table.                           
[depth..del] Parsed molecule with 1900 atoms (1837 resolved), 1902 bonds, 262   
residues, and 3 chains.                                                         
[depth..del] Identified 256 resolved residue(s) from `_atom_site` table.        
[depth..del] Read 2 entities from `_entity` table.                              
[depth..del] Read 1 polymer type from `_entity_poly` table.                     
[depth..del] Read 1 non-polymer entity from `_pdbx_entity_nonpoly` table.       
[depth..del] Read 1 entities with a total of 243 residues from                  
`_entity_poly_seq` block.                                                       
[depth..del] Read 1 chain with a total of 243 residues from                     
`_pdbx_poly_seq_scheme` table.                                                  
[depth..del] Read 1 chain with a total of 1 residues from `_pdbx_nonpoly_scheme`
table.                                                                          
[depth..del] Read 2 chains from `_struct_asym` table.                           
[depth..del] Read 21 components from `_chem_comp` block.                        
[depth..del] Read 31 atoms from `_chem_comp_atom` block.                        
[depth..del] Read 2017 atoms from `_atom_site` table.                           
[depth..del] Parsed molecule with 1900 atoms (1837 resolved), 1902 bonds, 262   
residues, and 3 chains.                                                         
[depth..del] Read 2 entities from `_entity` table.                              
[depth..del] Read 1 polymer type from `_entity_poly` table.                     
[depth..del] Read 1 non-polymer entity from `_pdbx_entity_nonpoly` table.       
[depth..del] Read 1 entities with a total of 243 residues from                  
`_entity_poly_seq` block.                                                       
[depth..del] Read 1 chain with a total of 243 residues from                     
`_pdbx_poly_seq_scheme` table.                                                  
[depth..del] Read 1 chain with a total of 1 residues from `_pdbx_nonpoly_scheme`
table.                                                                          
[depth..del] Read 2 chains from `_struct_asym` table.                           
[depth..del] Read 21 components from `_chem_comp` block.                        
[depth..del] Read 31 atoms from `_chem_comp_atom` block.                        
[depth..del] Identified 244 resolved residue(s) from `_atom_site` table.        
[depth..del] Read 3 entities from `_entity` table.                              
[depth..del] Read 1 polymer type from `_entity_poly` table.                     
[depth..del] Read 1 entities with a total of 225 residues from                  
`_entity_poly_seq` block.                                                       
[depth..del] Read 3 chains from `_struct_asym` table.                           
[depth..del] Read 1 assembly operation matrix from `_pdbx_struct_oper_list`     
table.                                                                          
[depth..del] Read 1 assembly from `_pdbx_struct_assembly_gen` table.            
[depth..del] Read 22 components from `_chem_comp` block.                        
[depth..del] Read 3 entities from `_entity` table.                              
[depth..del] Read 1 polymer type from `_entity_poly` table.                     
[depth..del] Read 1 entities with a total of 225 residues from                  
`_entity_poly_seq` block.                                                       
[depth..del] Read 3 chains from `_struct_asym` table.                           
[depth..del] Read 1 assembly operation matrix from `_pdbx_struct_oper_list`     
table.                                                                          
[depth..del] Parsed molecule with 2018 atoms (2017 resolved), 2064 bonds, 244   
residues, and 2 chains.                                                         
[depth..del] Read 1 assembly from `_pdbx_struct_assembly_gen` table.            
[depth..del] Read 22 components from `_chem_comp` block.                        
[depth..del] Read 3 entities from `_entity` table.                              
[depth..del] Read 1 polymer type from `_entity_poly` table.                     
[depth..del] Read 1 entities with a total of 225 residues from                  
`_entity_poly_seq` block.                                                       
[depth..del] Read 3 chains from `_struct_asym` table.                           
[depth..del] Read 1 assembly operation matrix from `_pdbx_struct_oper_list`     
table.                                                                          
[depth..del] Read 1 assembly from `_pdbx_struct_assembly_gen` table.            
[depth..del] Read 22 components from `_chem_comp` block.                        
[depth..del] Read 2017 atoms from `_atom_site` table.                           
[depth..del] Read 1837 atoms from `_atom_site` table.                           
[depth..del] Identified 244 resolved residue(s) from `_atom_site` table.        
[depth..del] Parsed molecule with 2018 atoms (2017 resolved), 2064 bonds, 244   
residues, and 2 chains.                                                         
[depth..del] Read 1837 atoms from `_atom_site` table.                           
[depth..del] Identified 256 resolved residue(s) from `_atom_site` table.        
[depth..del] Read 1837 atoms from `_atom_site` table.                           
[depth..del] Read 3 entities from `_entity` table.                              
[depth..del] Read 1 polymer type from `_entity_poly` table.                     
[depth..del] Read 1 entities with a total of 225 residues from                  
`_entity_poly_seq` block.                                                       
[depth..del] Read 3 chains from `_struct_asym` table.                           
[depth..del] Read 1 assembly operation matrix from `_pdbx_struct_oper_list`     
table.                                                                          
[depth..del] Read 1 assembly from `_pdbx_struct_assembly_gen` table.            
[depth..del] Read 22 components from `_chem_comp` block.                        
[depth..del] Identified 256 resolved residue(s) from `_atom_site` table.        
[depth..del] Identified 256 resolved residue(s) from `_atom_site` table.        
[depth..del] Parsed molecule with 1900 atoms (1837 resolved), 1902 bonds, 262   
residues, and 3 chains.                                                         
[depth..del] Read 2 entities from `_entity` table.                              
[depth..del] Read 1 polymer type from `_entity_poly` table.                     
[depth..del] Read 1 non-polymer entity from `_pdbx_entity_nonpoly` table.       
[depth..del] Read 1 entities with a total of 243 residues from                  
`_entity_poly_seq` block.                                                       
[depth..del] Read 1 chain with a total of 243 residues from                     
`_pdbx_poly_seq_scheme` table.                                                  
[depth..del] Read 1 chain with a total of 1 residues from `_pdbx_nonpoly_scheme`
table.                                                                          
[depth..del] Read 2 chains from `_struct_asym` table.                           
[depth..del] Read 21 components from `_chem_comp` block.                        
[depth..del] Read 31 atoms from `_chem_comp_atom` block.                        
[depth..del] Parsed molecule with 1900 atoms (1837 resolved), 1902 bonds, 262   
residues, and 3 chains.                                                         
[depth..del] Read 2 entities from `_entity` table.                              
[depth..del] Read 1 polymer type from `_entity_poly` table.                     
[depth..del] Read 1 non-polymer entity from `_pdbx_entity_nonpoly` table.       
[depth..del] Read 1 entities with a total of 243 residues from                  
`_entity_poly_seq` block.                                                       
[depth..del] Read 1 chain with a total of 243 residues from                     
`_pdbx_poly_seq_scheme` table.                                                  
[depth..del] Read 1 chain with a total of 1 residues from `_pdbx_nonpoly_scheme`
table.                                                                          
[depth..del] Read 2 chains from `_struct_asym` table.                           
[depth..del] Read 21 components from `_chem_comp` block.                        
[depth..del] Read 31 atoms from `_chem_comp_atom` block.                        
[depth..del] Parsed molecule with 1900 atoms (1837 resolved), 1902 bonds, 262   
residues, and 3 chains.                                                         
[depth..del] Read 2 entities from `_entity` table.                              
[depth..del] Read 1 polymer type from `_entity_poly` table.                     
[depth..del] Read 1 non-polymer entity from `_pdbx_entity_nonpoly` table.       
[depth..del] Read 1 entities with a total of 243 residues from                  
`_entity_poly_seq` block.                                                       
[depth..del] Read 1 chain with a total of 243 residues from                     
`_pdbx_poly_seq_scheme` table.                                                  
[depth..del] Read 1 chain with a total of 1 residues from `_pdbx_nonpoly_scheme`
table.                                                                          
[depth..del] Read 2 chains from `_struct_asym` table.                           
[depth..del] Read 21 components from `_chem_comp` block.                        
[depth..del] Read 31 atoms from `_chem_comp_atom` block.                        
[depth..del] Read 2017 atoms from `_atom_site` table.                           
[depth..del] Read 1837 atoms from `_atom_site` table.                           
[depth..del] Identified 244 resolved residue(s) from `_atom_site` table.        
[depth..del] Parsed molecule with 2018 atoms (2017 resolved), 2064 bonds, 244   
residues, and 2 chains.                                                         
[depth..del] Identified 256 resolved residue(s) from `_atom_site` table.        
[depth..del] Read 3 entities from `_entity` table.                              
[depth..del] Read 1 polymer type from `_entity_poly` table.                     
[depth..del] Read 2017 atoms from `_atom_site` table.                           
[depth..del] Read 1 entities with a total of 225 residues from                  
`_entity_poly_seq` block.                                                       
[depth..del] Read 3 chains from `_struct_asym` table.                           
[depth..del] Read 1 assembly operation matrix from `_pdbx_struct_oper_list`     
table.                                                                          
[depth..del] Read 1 assembly from `_pdbx_struct_assembly_gen` table.            
[depth..del] Read 22 components from `_chem_comp` block.                        
[depth..del] Identified 244 resolved residue(s) from `_atom_site` table.        
[depth..del] Parsed molecule with 1900 atoms (1837 resolved), 1902 bonds, 262   
residues, and 3 chains.                                                         
[depth..del] Read 2 entities from `_entity` table.                              
[depth..del] Read 2017 atoms from `_atom_site` table.                           
[depth..del] Read 1 polymer type from `_entity_poly` table.                     
[depth..del] Read 1 non-polymer entity from `_pdbx_entity_nonpoly` table.       
[depth..del] Read 1 entities with a total of 243 residues from                  
`_entity_poly_seq` block.                                                       
[depth..del] Internal Ligand RMSD: ligand chain 1 (B, component 01) = 6.138 Å (1
automorphisms, 1 nodes explored)                                                
[depth..del] Read 1 chain with a total of 243 residues from                     
`_pdbx_poly_seq_scheme` table.                                                  
[depth..del] Read 1 chain with a total of 1 residues from `_pdbx_nonpoly_scheme`
table.                                                                          
[depth..del] Read 2 chains from `_struct_asym` table.                           
[depth..del] Read 21 components from `_chem_comp` block.                        
[depth..del] Read 31 atoms from `_chem_comp_atom` block.                        
[depth..del] Ligand bisyRMSD: ligand chain 1 (B, component 01) = 33.320 Å       
[depth..del] Identified 244 resolved residue(s) from `_atom_site` table.        
[depth..del] Using bounds matrix reference for component 01                     
[depth..del] Parsed molecule with 2018 atoms (2017 resolved), 2064 bonds, 244   
residues, and 2 chains.                                                         
[depth..del] Using bounds matrix reference for component 01                     
[depth..del] Read 1837 atoms from `_atom_site` table.                           
[depth..del] Read 2017 atoms from `_atom_site` table.                           
[depth..del] Parsed molecule with 2018 atoms (2017 resolved), 2064 bonds, 244   
residues, and 2 chains.                                                         
[depth..del] Identified 244 resolved residue(s) from `_atom_site` table.        
[depth..del] Read 3 entities from `_entity` table.                              
[depth..del] Read 1 polymer type from `_entity_poly` table.                     
[depth..del] Read 1 entities with a total of 225 residues from                  
`_entity_poly_seq` block.                                                       
[depth..del] Read 3 chains from `_struct_asym` table.                           
[depth..del] Read 1 assembly operation matrix from `_pdbx_struct_oper_list`     
table.                                                                          
[depth..del] Read 1 assembly from `_pdbx_struct_assembly_gen` table.            
[depth..del] Read 22 components from `_chem_comp` block.                        
[depth..del] Parsed molecule with 2018 atoms (2017 resolved), 2064 bonds, 244   
residues, and 2 chains.                                                         
[depth..del] Identified 256 resolved residue(s) from `_atom_site` table.        
[depth..del] Read 3 entities from `_entity` table.                              
[depth..del] Read 1 polymer type from `_entity_poly` table.                     
[depth..del] Read 1 entities with a total of 225 residues from                  
`_entity_poly_seq` block.                                                       
[depth..del] Read 3 chains from `_struct_asym` table.                           
[depth..del] Read 1 assembly operation matrix from `_pdbx_struct_oper_list`     
table.                                                                          
[depth..del] Read 1 assembly from `_pdbx_struct_assembly_gen` table.            
[depth..del] Read 22 components from `_chem_comp` block.                        
[depth..del] Read 1837 atoms from `_atom_site` table.                           
[depth..del] Identified 256 resolved residue(s) from `_atom_site` table.        
[depth..del] Read 1837 atoms from `_atom_site` table.                           
[depth..del] Parsed molecule with 1900 atoms (1837 resolved), 1902 bonds, 262   
residues, and 3 chains.                                                         
[depth..del] Parsed molecule with 1900 atoms (1837 resolved), 1902 bonds, 262   
residues, and 3 chains.                                                         
[depth..del] Read 2 entities from `_entity` table.                              
[depth..del] Read 1 polymer type from `_entity_poly` table.                     
[depth..del] Read 1 non-polymer entity from `_pdbx_entity_nonpoly` table.       
[depth..del] Read 1 entities with a total of 243 residues from                  
`_entity_poly_seq` block.                                                       
[depth..del] Read 2 entities from `_entity` table.                              
[depth..del] Read 1 polymer type from `_entity_poly` table.                     
[depth..del] Read 1 non-polymer entity from `_pdbx_entity_nonpoly` table.       
[depth..del] Read 1 entities with a total of 243 residues from                  
`_entity_poly_seq` block.                                                       
[depth..del] Read 1 chain with a total of 243 residues from                     
`_pdbx_poly_seq_scheme` table.                                                  
[depth..del] Read 1 chain with a total of 1 residues from `_pdbx_nonpoly_scheme`
table.                                                                          
[depth..del] Read 2 chains from `_struct_asym` table.                           
[depth..del] Read 21 components from `_chem_comp` block.                        
[depth..del] Read 31 atoms from `_chem_comp_atom` block.                        
[depth..del] Read 1 chain with a total of 243 residues from                     
`_pdbx_poly_seq_scheme` table.                                                  
[depth..del] Read 1 chain with a total of 1 residues from `_pdbx_nonpoly_scheme`
table.                                                                          
[depth..del] Read 2 chains from `_struct_asym` table.                           
[depth..del] Read 21 components from `_chem_comp` block.                        
[depth..del] Read 31 atoms from `_chem_comp_atom` block.                        
[depth..del] Identified 256 resolved residue(s) from `_atom_site` table.        
[depth..del] Read 2017 atoms from `_atom_site` table.                           
[depth..del] Identified 244 resolved residue(s) from `_atom_site` table.        
[depth..del] Parsed molecule with 1900 atoms (1837 resolved), 1902 bonds, 262   
residues, and 3 chains.                                                         
[depth..del] Read 2 entities from `_entity` table.                              
[depth..del] Read 1 polymer type from `_entity_poly` table.                     
[depth..del] Read 1 non-polymer entity from `_pdbx_entity_nonpoly` table.       
[depth..del] Internal Ligand RMSD: ligand chain 1 (B, component 01) = 6.015 Å (1
automorphisms, 1 nodes explored)                                                
[depth..del] Ligand bisyRMSD: ligand chain 1 (B, component 01) = 3.850 Å        
[depth..del] Parsed molecule with 2018 atoms (2017 resolved), 2064 bonds, 244   
residues, and 2 chains.                                                         
[depth..del] Read 1 entities with a total of 243 residues from                  
`_entity_poly_seq` block.                                                       
[depth..del] Read 1 chain with a total of 243 residues from                     
`_pdbx_poly_seq_scheme` table.                                                  
[depth..del] Read 1 chain with a total of 1 residues from `_pdbx_nonpoly_scheme`
table.                                                                          
[depth..del] Using bounds matrix reference for component 01                     
[depth..del] Read 2 chains from `_struct_asym` table.                           
[depth..del] Read 21 components from `_chem_comp` block.                        
[depth..del] Read 31 atoms from `_chem_comp_atom` block.                        
[depth..del] Using bounds matrix reference for component 01                     
[depth..del] Read 2017 atoms from `_atom_site` table.                           
[depth..del] Read 2017 atoms from `_atom_site` table.                           
[depth..del] Identified 244 resolved residue(s) from `_atom_site` table.        
[depth..del] Identified 244 resolved residue(s) from `_atom_site` table.        
[depth..del] Parsed molecule with 2018 atoms (2017 resolved), 2064 bonds, 244   
residues, and 2 chains.                                                         
[depth..del] Parsed molecule with 2018 atoms (2017 resolved), 2064 bonds, 244   
residues, and 2 chains.                                                         
[depth..del] Read 3 entities from `_entity` table.                              
[depth..del] Read 1 polymer type from `_entity_poly` table.                     
[depth..del] Read 1 entities with a total of 225 residues from                  
`_entity_poly_seq` block.                                                       
[depth..del] Read 3 chains from `_struct_asym` table.                           
[depth..del] Read 1 assembly operation matrix from `_pdbx_struct_oper_list`     
table.                                                                          
[depth..del] Read 1 assembly from `_pdbx_struct_assembly_gen` table.            
[depth..del] Read 22 components from `_chem_comp` block.                        
[depth..del] Internal Ligand RMSD: ligand chain 1 (B, component 01) = 6.192 Å (1
automorphisms, 1 nodes explored)                                                
[depth..del] Ligand bisyRMSD: ligand chain 1 (B, component 01) = 17.774 Å       
[depth..del] Using bounds matrix reference for component 01                     
[depth..del] Using bounds matrix reference for component 01                     
[depth..del] Read 1837 atoms from `_atom_site` table.                           
[depth..del] Identified 256 resolved residue(s) from `_atom_site` table.        
[depth..del] Parsed molecule with 1900 atoms (1837 resolved), 1902 bonds, 262   
residues, and 3 chains.                                                         
[depth..del] Read 2 entities from `_entity` table.                              
[depth..del] Read 1 polymer type from `_entity_poly` table.                     
[depth..del] Read 1 non-polymer entity from `_pdbx_entity_nonpoly` table.       
[depth..del] Read 1 entities with a total of 243 residues from                  
`_entity_poly_seq` block.                                                       
[depth..del] Read 1 chain with a total of 243 residues from                     
`_pdbx_poly_seq_scheme` table.                                                  
[depth..del] Read 1 chain with a total of 1 residues from `_pdbx_nonpoly_scheme`
table.                                                                          
[depth..del] Internal Ligand RMSD: ligand chain 1 (B, component 01) = 5.913 Å (1
automorphisms, 1 nodes explored)                                                
[depth..del] Read 2 chains from `_struct_asym` table.                           
[depth..del] Ligand bisyRMSD: ligand chain 1 (B, component 01) = 19.046 Å       
[depth..del] Read 21 components from `_chem_comp` block.                        
[depth..del] Read 31 atoms from `_chem_comp_atom` block.                        
[depth..del] Using bounds matrix reference for component 01                     
[depth..del] Using bounds matrix reference for component 01                     
[depth..del] Internal Ligand RMSD: ligand chain 1 (B, component 01) = 5.712 Å (1
automorphisms, 1 nodes explored)                                                
[depth..del] Ligand bisyRMSD: ligand chain 1 (B, component 01) = 8.451 Å        
[depth..del] Using bounds matrix reference for component 01                     
[depth..del] Using bounds matrix reference for component 01                     
[depth..del] Read 3 entities from `_entity` table.                              
[depth..del] Read 1 polymer type from `_entity_poly` table.                     
[depth..del] Read 1 entities with a total of 225 residues from                  
`_entity_poly_seq` block.                                                       
[depth..del] Read 3 chains from `_struct_asym` table.                           
[depth..del] Read 1 assembly operation matrix from `_pdbx_struct_oper_list`     
table.                                                                          
[depth..del] Read 1 assembly from `_pdbx_struct_assembly_gen` table.            
[depth..del] Read 2017 atoms from `_atom_site` table.                           
[depth..del] Read 22 components from `_chem_comp` block.                        
[depth..del] Read 1837 atoms from `_atom_site` table.                           
[depth..del] Identified 256 resolved residue(s) from `_atom_site` table.        
[depth..del] Identified 244 resolved residue(s) from `_atom_site` table.        
[depth..del] Parsed molecule with 2018 atoms (2017 resolved), 2064 bonds, 244   
residues, and 2 chains.                                                         
[depth..del] Parsed molecule with 1900 atoms (1837 resolved), 1902 bonds, 262   
residues, and 3 chains.                                                         
[depth..del] Read 2 entities from `_entity` table.                              
[depth..del] Read 1 polymer type from `_entity_poly` table.                     
[depth..del] Read 1 non-polymer entity from `_pdbx_entity_nonpoly` table.       
[depth..del] Read 1 entities with a total of 243 residues from                  
`_entity_poly_seq` block.                                                       
[depth..del] Read 1 chain with a total of 243 residues from                     
`_pdbx_poly_seq_scheme` table.                                                  
[depth..del] Read 1 chain with a total of 1 residues from `_pdbx_nonpoly_scheme`
table.                                                                          
[depth..del] Read 2 chains from `_struct_asym` table.                           
[depth..del] Read 21 components from `_chem_comp` block.                        
[depth..del] Read 31 atoms from `_chem_comp_atom` block.                        
[depth..del] Read 3 entities from `_entity` table.                              
[depth..del] Read 1 polymer type from `_entity_poly` table.                     
[depth..del] Read 1 entities with a total of 225 residues from                  
`_entity_poly_seq` block.                                                       
[depth..del] Read 3 chains from `_struct_asym` table.                           
[depth..del] Read 1 assembly operation matrix from `_pdbx_struct_oper_list`     
table.                                                                          
[depth..del] Read 1 assembly from `_pdbx_struct_assembly_gen` table.            
[depth..del] Read 22 components from `_chem_comp` block.                        
[depth..del] Read 1837 atoms from `_atom_site` table.                           
[depth..del] Identified 256 resolved residue(s) from `_atom_site` table.        
[depth..del] Read 2017 atoms from `_atom_site` table.                           
[depth..del] Parsed molecule with 1900 atoms (1837 resolved), 1902 bonds, 262   
residues, and 3 chains.                                                         
[depth..del] Identified 244 resolved residue(s) from `_atom_site` table.        
[depth..del] Read 2 entities from `_entity` table.                              
[depth..del] Read 1 polymer type from `_entity_poly` table.                     
[depth..del] Read 1 non-polymer entity from `_pdbx_entity_nonpoly` table.       
[depth..del] Read 1 entities with a total of 243 residues from                  
`_entity_poly_seq` block.                                                       
[depth..del] Read 1 chain with a total of 243 residues from                     
`_pdbx_poly_seq_scheme` table.                                                  
[depth..del] Read 1 chain with a total of 1 residues from `_pdbx_nonpoly_scheme`
table.                                                                          
[depth..del] Read 2 chains from `_struct_asym` table.                           
[depth..del] Read 21 components from `_chem_comp` block.                        
[depth..del] Read 31 atoms from `_chem_comp_atom` block.                        
[depth..del] Parsed molecule with 2018 atoms (2017 resolved), 2064 bonds, 244   
residues, and 2 chains.                                                         
[depth..del] Read 2017 atoms from `_atom_site` table.                           
[depth..del] Internal Ligand RMSD: ligand chain 1 (B, component 01) = 5.989 Å (1
automorphisms, 1 nodes explored)                                                
[depth..del] Ligand bisyRMSD: ligand chain 1 (B, component 01) = 9.941 Å        
[depth..del] Using bounds matrix reference for component 01                     
[depth..del] Using bounds matrix reference for component 01                     
[depth..del] Identified 244 resolved residue(s) from `_atom_site` table.        
[depth..del] Read 3 entities from `_entity` table.                              
[depth..del] Read 1 polymer type from `_entity_poly` table.                     
[depth..del] Read 1 entities with a total of 225 residues from                  
`_entity_poly_seq` block.                                                       
[depth..del] Read 3 chains from `_struct_asym` table.                           
[depth..del] Read 1 assembly operation matrix from `_pdbx_struct_oper_list`     
table.                                                                          
[depth..del] Read 1 assembly from `_pdbx_struct_assembly_gen` table.            
[depth..del] Read 22 components from `_chem_comp` block.                        
[depth..del] Internal Ligand RMSD: ligand chain 1 (B, component 01) = 5.989 Å (1
automorphisms, 1 nodes explored)                                                
[depth..del] Ligand bisyRMSD: ligand chain 1 (B, component 01) = 2.650 Å        
[depth..del] Parsed molecule with 2018 atoms (2017 resolved), 2064 bonds, 244   
residues, and 2 chains.                                                         
[depth..del] Read 3 entities from `_entity` table.                              
[depth..del] Read 1 polymer type from `_entity_poly` table.                     
[depth..del] Using bounds matrix reference for component 01                     
[depth..del] Read 1 entities with a total of 225 residues from                  
`_entity_poly_seq` block.                                                       
[depth..del] Read 3 chains from `_struct_asym` table.                           
[depth..del] Read 1 assembly operation matrix from `_pdbx_struct_oper_list`     
table.                                                                          
[depth..del] Read 1 assembly from `_pdbx_struct_assembly_gen` table.            
[depth..del] Read 22 components from `_chem_comp` block.                        
[depth..del] Using bounds matrix reference for component 01                     
[depth..del] Read 1837 atoms from `_atom_site` table.                           
[depth..del] Identified 256 resolved residue(s) from `_atom_site` table.        
[depth..del] Read 3 entities from `_entity` table.                              
[depth..del] Read 1 polymer type from `_entity_poly` table.                     
[depth..del] Read 1 entities with a total of 225 residues from                  
`_entity_poly_seq` block.                                                       
[depth..del] Read 3 chains from `_struct_asym` table.                           
[depth..del] Read 1 assembly operation matrix from `_pdbx_struct_oper_list`     
table.                                                                          
[depth..del] Read 1 assembly from `_pdbx_struct_assembly_gen` table.            
[depth..del] Read 22 components from `_chem_comp` block.                        
[depth..del] Parsed molecule with 1900 atoms (1837 resolved), 1902 bonds, 262   
residues, and 3 chains.                                                         
[depth..del] Read 2 entities from `_entity` table.                              
[depth..del] Read 1 polymer type from `_entity_poly` table.                     
[depth..del] Read 1 non-polymer entity from `_pdbx_entity_nonpoly` table.       
[depth..del] Read 1 entities with a total of 243 residues from                  
`_entity_poly_seq` block.                                                       
[depth..del] Read 1 chain with a total of 243 residues from                     
`_pdbx_poly_seq_scheme` table.                                                  
[depth..del] Read 1 chain with a total of 1 residues from `_pdbx_nonpoly_scheme`
table.                                                                          
[depth..del] Read 2 chains from `_struct_asym` table.                           
[depth..del] Read 21 components from `_chem_comp` block.                        
[depth..del] Read 31 atoms from `_chem_comp_atom` block.                        
[depth..del] Read 2017 atoms from `_atom_site` table.                           
[depth..del] Identified 244 resolved residue(s) from `_atom_site` table.        
[depth..del] Parsed molecule with 2018 atoms (2017 resolved), 2064 bonds, 244   
residues, and 2 chains.                                                         
[depth..del] Read 1837 atoms from `_atom_site` table.                           
[depth..del] Identified 256 resolved residue(s) from `_atom_site` table.        
[depth..del] Read 1837 atoms from `_atom_site` table.                           
[depth..del] Identified 256 resolved residue(s) from `_atom_site` table.        
[depth..del] Parsed molecule with 1900 atoms (1837 resolved), 1902 bonds, 262   
residues, and 3 chains.                                                         
[depth..del] Read 2 entities from `_entity` table.                              
[depth..del] Read 1 polymer type from `_entity_poly` table.                     
[depth..del] Read 1 non-polymer entity from `_pdbx_entity_nonpoly` table.       
[depth..del] Read 1 entities with a total of 243 residues from                  
`_entity_poly_seq` block.                                                       
[depth..del] Read 1 chain with a total of 243 residues from                     
`_pdbx_poly_seq_scheme` table.                                                  
[depth..del] Read 1 chain with a total of 1 residues from `_pdbx_nonpoly_scheme`
table.                                                                          
[depth..del] Read 2 chains from `_struct_asym` table.                           
[depth..del] Read 21 components from `_chem_comp` block.                        
[depth..del] Read 31 atoms from `_chem_comp_atom` block.                        
[depth..del] Parsed molecule with 1900 atoms (1837 resolved), 1902 bonds, 262   
residues, and 3 chains.                                                         
[depth..del] Read 2017 atoms from `_atom_site` table.                           
[depth..del] Identified 244 resolved residue(s) from `_atom_site` table.        
[depth..del] Read 2 entities from `_entity` table.                              
[depth..del] Read 1 polymer type from `_entity_poly` table.                     
[depth..del] Read 1 non-polymer entity from `_pdbx_entity_nonpoly` table.       
[depth..del] Parsed molecule with 2018 atoms (2017 resolved), 2064 bonds, 244   
residues, and 2 chains.                                                         
[depth..del] Read 1 entities with a total of 243 residues from                  
`_entity_poly_seq` block.                                                       
[depth..del] Read 1 chain with a total of 243 residues from                     
`_pdbx_poly_seq_scheme` table.                                                  
[depth..del] Read 1 chain with a total of 1 residues from `_pdbx_nonpoly_scheme`
table.                                                                          
[depth..del] Read 2 chains from `_struct_asym` table.                           
[depth..del] Read 21 components from `_chem_comp` block.                        
[depth..del] Read 31 atoms from `_chem_comp_atom` block.                        
[depth..del] Read 2017 atoms from `_atom_site` table.                           
[depth..del] Internal Ligand RMSD: ligand chain 1 (B, component 01) = 6.015 Å (1
automorphisms, 1 nodes explored)                                                
[depth..del] Identified 244 resolved residue(s) from `_atom_site` table.        
[depth..del] Ligand bisyRMSD: ligand chain 1 (B, component 01) = 2.580 Å        
[depth..del] Using bounds matrix reference for component 01                     
[depth..del] Internal Ligand RMSD: ligand chain 1 (B, component 01) = 5.967 Å (1
automorphisms, 1 nodes explored)                                                
[depth..del] Ligand bisyRMSD: ligand chain 1 (B, component 01) = 17.763 Å       
[depth..del] Using bounds matrix reference for component 01                     
[depth..del] Parsed molecule with 2018 atoms (2017 resolved), 2064 bonds, 244   
residues, and 2 chains.                                                         
[depth..del] Using bounds matrix reference for component 01                     
[depth..del] Using bounds matrix reference for component 01                     
[depth..del] Internal Ligand RMSD: ligand chain 1 (B, component 01) = 5.873 Å (1
automorphisms, 1 nodes explored)                                                
[depth..del] Ligand bisyRMSD: ligand chain 1 (B, component 01) = 29.281 Å       
[depth..del] Using bounds matrix reference for component 01                     
[depth..del] Using bounds matrix reference for component 01                     
[depth..del] Read 3 entities from `_entity` table.                              
[depth..del] Read 1 polymer type from `_entity_poly` table.                     
[depth..del] Read 1 entities with a total of 225 residues from                  
`_entity_poly_seq` block.                                                       
[depth..del] Read 3 chains from `_struct_asym` table.                           
[depth..del] Read 1 assembly operation matrix from `_pdbx_struct_oper_list`     
table.                                                                          
[depth..del] Read 1 assembly from `_pdbx_struct_assembly_gen` table.            
[depth..del] Read 22 components from `_chem_comp` block.                        
[depth..del] Internal Ligand RMSD: ligand chain 1 (B, component 01) = 6.074 Å (1
automorphisms, 1 nodes explored)                                                
[depth..del] Ligand bisyRMSD: ligand chain 1 (B, component 01) = 2.238 Å        
[depth..del] Using bounds matrix reference for component 01                     
[depth..del] Read 1837 atoms from `_atom_site` table.                           
[depth..del] Using bounds matrix reference for component 01                     
[depth..del] Identified 256 resolved residue(s) from `_atom_site` table.        
[depth..del] Parsed molecule with 1900 atoms (1837 resolved), 1902 bonds, 262   
residues, and 3 chains.                                                         
[depth..del] Read 2 entities from `_entity` table.                              
[depth..del] Read 1 polymer type from `_entity_poly` table.                     
[depth..del] Read 1 non-polymer entity from `_pdbx_entity_nonpoly` table.       
[depth..del] Read 1 entities with a total of 243 residues from                  
`_entity_poly_seq` block.                                                       
[depth..del] Read 1 chain with a total of 243 residues from                     
`_pdbx_poly_seq_scheme` table.                                                  
[depth..del] Read 1 chain with a total of 1 residues from `_pdbx_nonpoly_scheme`
table.                                                                          
[depth..del] Read 2 chains from `_struct_asym` table.                           
[depth..del] Read 21 components from `_chem_comp` block.                        
[depth..del] Read 31 atoms from `_chem_comp_atom` block.                        
[depth..del] Read 2017 atoms from `_atom_site` table.                           
[depth..del] Identified 244 resolved residue(s) from `_atom_site` table.        
[depth..del] Parsed molecule with 2018 atoms (2017 resolved), 2064 bonds, 244   
residues, and 2 chains.                                                         
[depth..del] Internal Ligand RMSD: ligand chain 1 (B, component 01) = 6.022 Å (1
automorphisms, 1 nodes explored)                                                
[depth..del] Ligand bisyRMSD: ligand chain 1 (B, component 01) = 2.642 Å        
[depth..del] Using bounds matrix reference for component 01                     
[depth..del] Using bounds matrix reference for component 01                     
[depth..del] Read 3 entities from `_entity` table.                              
[depth..del] Read 1 polymer type from `_entity_poly` table.                     
[depth..del] Internal Ligand RMSD: ligand chain 1 (B, component 01) = 6.037 Å (1
automorphisms, 1 nodes explored)                                                
[depth..del] Ligand bisyRMSD: ligand chain 1 (B, component 01) = 2.383 Å        
[depth..del] Read 1 entities with a total of 225 residues from                  
`_entity_poly_seq` block.                                                       
[depth..del] Read 3 chains from `_struct_asym` table.                           
[depth..del] Read 1 assembly operation matrix from `_pdbx_struct_oper_list`     
table.                                                                          
[depth..del] Read 1 assembly from `_pdbx_struct_assembly_gen` table.            
[depth..del] Read 22 components from `_chem_comp` block.                        
[depth..del] Using bounds matrix reference for component 01                     
[depth..del] Read 3 entities from `_entity` table.                              
[depth..del] Read 1 polymer type from `_entity_poly` table.                     
[depth..del] Read 3 entities from `_entity` table.                              
[depth..del] Read 1 entities with a total of 225 residues from                  
`_entity_poly_seq` block.                                                       
[depth..del] Read 3 chains from `_struct_asym` table.                           
[depth..del] Read 1 assembly operation matrix from `_pdbx_struct_oper_list`     
table.                                                                          
[depth..del] Read 1 assembly from `_pdbx_struct_assembly_gen` table.            
[depth..del] Read 22 components from `_chem_comp` block.                        
[depth..del] Read 1 polymer type from `_entity_poly` table.                     
[depth..del] Read 1 entities with a total of 225 residues from                  
`_entity_poly_seq` block.                                                       
[depth..del] Read 3 chains from `_struct_asym` table.                           
[depth..del] Read 1 assembly operation matrix from `_pdbx_struct_oper_list`     
table.                                                                          
[depth..del] Read 1 assembly from `_pdbx_struct_assembly_gen` table.            
[depth..del] Read 22 components from `_chem_comp` block.                        
[depth..del] Using bounds matrix reference for component 01                     
[depth..del] Internal Ligand RMSD: ligand chain 1 (B, component 01) = 5.985 Å (1
automorphisms, 1 nodes explored)                                                
[depth..del] Ligand bisyRMSD: ligand chain 1 (B, component 01) = 2.333 Å        
[depth..del] Using bounds matrix reference for component 01                     
[depth..del] Using bounds matrix reference for component 01                     
[depth..del] Read 1837 atoms from `_atom_site` table.                           
[depth..del] Read 1837 atoms from `_atom_site` table.                           
[depth..del] Identified 256 resolved residue(s) from `_atom_site` table.        
[depth..del] Read 1837 atoms from `_atom_site` table.                           
[depth..del] Identified 256 resolved residue(s) from `_atom_site` table.        
[depth..del] Parsed molecule with 1900 atoms (1837 resolved), 1902 bonds, 262   
residues, and 3 chains.                                                         
[depth..del] Identified 256 resolved residue(s) from `_atom_site` table.        
[depth..del] Read 2 entities from `_entity` table.                              
[depth..del] Read 1 polymer type from `_entity_poly` table.                     
[depth..del] Read 1 non-polymer entity from `_pdbx_entity_nonpoly` table.       
[depth..del] Read 1 entities with a total of 243 residues from                  
`_entity_poly_seq` block.                                                       
[depth..del] Read 1 chain with a total of 243 residues from                     
`_pdbx_poly_seq_scheme` table.                                                  
[depth..del] Read 1 chain with a total of 1 residues from `_pdbx_nonpoly_scheme`
table.                                                                          
[depth..del] Read 2 chains from `_struct_asym` table.                           
[depth..del] Read 21 components from `_chem_comp` block.                        
[depth..del] Read 31 atoms from `_chem_comp_atom` block.                        
[depth..del] Parsed molecule with 1900 atoms (1837 resolved), 1902 bonds, 262   
residues, and 3 chains.                                                         
[depth..del] Read 2 entities from `_entity` table.                              
[depth..del] Read 1 polymer type from `_entity_poly` table.                     
[depth..del] Parsed molecule with 1900 atoms (1837 resolved), 1902 bonds, 262   
residues, and 3 chains.                                                         
[depth..del] Read 1 non-polymer entity from `_pdbx_entity_nonpoly` table.       
[depth..del] Read 1 entities with a total of 243 residues from                  
`_entity_poly_seq` block.                                                       
[depth..del] Read 1 chain with a total of 243 residues from                     
`_pdbx_poly_seq_scheme` table.                                                  
[depth..del] Read 1 chain with a total of 1 residues from `_pdbx_nonpoly_scheme`
table.                                                                          
[depth..del] Read 2 chains from `_struct_asym` table.                           
[depth..del] Read 21 components from `_chem_comp` block.                        
[depth..del] Read 31 atoms from `_chem_comp_atom` block.                        
[depth..del] Internal Ligand RMSD: ligand chain 1 (B, component 01) = 5.961 Å (1
automorphisms, 1 nodes explored)                                                
[depth..del] Read 3 entities from `_entity` table.                              
[depth..del] Ligand bisyRMSD: ligand chain 1 (B, component 01) = 15.013 Å       
[depth..del] Read 2017 atoms from `_atom_site` table.                           
[depth..del] Read 2 entities from `_entity` table.                              
[depth..del] Read 1 polymer type from `_entity_poly` table.                     
[depth..del] Read 1 non-polymer entity from `_pdbx_entity_nonpoly` table.       
[depth..del] Read 1 entities with a total of 243 residues from                  
`_entity_poly_seq` block.                                                       
[depth..del] Identified 244 resolved residue(s) from `_atom_site` table.        
[depth..del] Read 1 polymer type from `_entity_poly` table.                     
[depth..del] Read 1 entities with a total of 225 residues from                  
`_entity_poly_seq` block.                                                       
[depth..del] Read 1 chain with a total of 243 residues from                     
`_pdbx_poly_seq_scheme` table.                                                  
[depth..del] Read 3 chains from `_struct_asym` table.                           
[depth..del] Read 1 assembly operation matrix from `_pdbx_struct_oper_list`     
table.                                                                          
[depth..del] Read 1 assembly from `_pdbx_struct_assembly_gen` table.            
[depth..del] Read 22 components from `_chem_comp` block.                        
[depth..del] Read 1 chain with a total of 1 residues from `_pdbx_nonpoly_scheme`
table.                                                                          
[depth..del] Read 2 chains from `_struct_asym` table.                           
[depth..del] Read 21 components from `_chem_comp` block.                        
[depth..del] Read 31 atoms from `_chem_comp_atom` block.                        
[depth..del] Using bounds matrix reference for component 01                     
[depth..del] Parsed molecule with 2018 atoms (2017 resolved), 2064 bonds, 244   
residues, and 2 chains.                                                         
[depth..del] Using bounds matrix reference for component 01                     
[depth..del] Read 2017 atoms from `_atom_site` table.                           
[depth..del] Identified 244 resolved residue(s) from `_atom_site` table.        
[depth..del] Read 2017 atoms from `_atom_site` table.                           
[depth..del] Parsed molecule with 2018 atoms (2017 resolved), 2064 bonds, 244   
residues, and 2 chains.                                                         
[depth..del] Identified 244 resolved residue(s) from `_atom_site` table.        
[depth..del] Parsed molecule with 2018 atoms (2017 resolved), 2064 bonds, 244   
residues, and 2 chains.                                                         
[depth..del] Read 1837 atoms from `_atom_site` table.                           
[depth..del] Identified 256 resolved residue(s) from `_atom_site` table.        
[depth..del] Parsed molecule with 1900 atoms (1837 resolved), 1902 bonds, 262   
residues, and 3 chains.                                                         
[depth..del] Read 2 entities from `_entity` table.                              
[depth..del] Read 1 polymer type from `_entity_poly` table.                     
[depth..del] Read 1 non-polymer entity from `_pdbx_entity_nonpoly` table.       
[depth..del] Read 1 entities with a total of 243 residues from                  
`_entity_poly_seq` block.                                                       
[depth..del] Read 1 chain with a total of 243 residues from                     
`_pdbx_poly_seq_scheme` table.                                                  
[depth..del] Read 1 chain with a total of 1 residues from `_pdbx_nonpoly_scheme`
table.                                                                          
[depth..del] Read 3 entities from `_entity` table.                              
[depth..del] Read 2 chains from `_struct_asym` table.                           
[depth..del] Read 21 components from `_chem_comp` block.                        
[depth..del] Read 1 polymer type from `_entity_poly` table.                     
[depth..del] Read 31 atoms from `_chem_comp_atom` block.                        
[depth..del] Read 1 entities with a total of 225 residues from                  
`_entity_poly_seq` block.                                                       
[depth..del] Read 3 chains from `_struct_asym` table.                           
[depth..del] Read 1 assembly operation matrix from `_pdbx_struct_oper_list`     
table.                                                                          
[depth..del] Read 1 assembly from `_pdbx_struct_assembly_gen` table.            
[depth..del] Read 22 components from `_chem_comp` block.                        
[depth..del] Read 1837 atoms from `_atom_site` table.                           
[depth..del] Internal Ligand RMSD: ligand chain 1 (B, component 01) = 6.010 Å (1
automorphisms, 1 nodes explored)                                                
[depth..del] Ligand bisyRMSD: ligand chain 1 (B, component 01) = 2.270 Å        
[depth..del] Identified 256 resolved residue(s) from `_atom_site` table.        
[depth..del] Using bounds matrix reference for component 01                     
[depth..del] Parsed molecule with 1900 atoms (1837 resolved), 1902 bonds, 262   
residues, and 3 chains.                                                         
[depth..del] Read 2 entities from `_entity` table.                              
[depth..del] Read 1 polymer type from `_entity_poly` table.                     
[depth..del] Read 1 non-polymer entity from `_pdbx_entity_nonpoly` table.       
[depth..del] Read 1 entities with a total of 243 residues from                  
`_entity_poly_seq` block.                                                       
[depth..del] Read 1 chain with a total of 243 residues from                     
`_pdbx_poly_seq_scheme` table.                                                  
[depth..del] Read 1 chain with a total of 1 residues from `_pdbx_nonpoly_scheme`
table.                                                                          
[depth..del] Read 2017 atoms from `_atom_site` table.                           
[depth..del] Read 2 chains from `_struct_asym` table.                           
[depth..del] Read 21 components from `_chem_comp` block.                        
[depth..del] Using bounds matrix reference for component 01                     
[depth..del] Read 31 atoms from `_chem_comp_atom` block.                        
[depth..del] Identified 244 resolved residue(s) from `_atom_site` table.        
[depth..del] Read 3 entities from `_entity` table.                              
[depth..del] Read 1 polymer type from `_entity_poly` table.                     
[depth..del] Read 1 entities with a total of 225 residues from                  
`_entity_poly_seq` block.                                                       
[depth..del] Read 3 chains from `_struct_asym` table.                           
[depth..del] Read 1 assembly operation matrix from `_pdbx_struct_oper_list`     
table.                                                                          
[depth..del] Read 2017 atoms from `_atom_site` table.                           
[depth..del] Parsed molecule with 2018 atoms (2017 resolved), 2064 bonds, 244   
residues, and 2 chains.                                                         
[depth..del] Read 1 assembly from `_pdbx_struct_assembly_gen` table.            
[depth..del] Read 22 components from `_chem_comp` block.                        
[depth..del] Identified 244 resolved residue(s) from `_atom_site` table.        
[depth..del] Parsed molecule with 2018 atoms (2017 resolved), 2064 bonds, 244   
residues, and 2 chains.                                                         
[depth..del] Internal Ligand RMSD: ligand chain 1 (B, component 01) = 6.227 Å (1
automorphisms, 1 nodes explored)                                                
[depth..del] Ligand bisyRMSD: ligand chain 1 (B, component 01) = 18.905 Å       
[depth..del] Using bounds matrix reference for component 01                     
[depth..del] Using bounds matrix reference for component 01                     
[depth..del] Read 3 entities from `_entity` table.                              
[depth..del] Read 1 polymer type from `_entity_poly` table.                     
[depth..del] Read 1 entities with a total of 225 residues from                  
`_entity_poly_seq` block.                                                       
[depth..del] Read 3 chains from `_struct_asym` table.                           
[depth..del] Read 1 assembly operation matrix from `_pdbx_struct_oper_list`     
table.                                                                          
[depth..del] Read 1 assembly from `_pdbx_struct_assembly_gen` table.            
[depth..del] Read 22 components from `_chem_comp` block.                        
[depth..del] Read 1837 atoms from `_atom_site` table.                           
[depth..del] Identified 256 resolved residue(s) from `_atom_site` table.        
[depth..del] Read 1837 atoms from `_atom_site` table.                           
[depth..del] Identified 256 resolved residue(s) from `_atom_site` table.        
[depth..del] Parsed molecule with 1900 atoms (1837 resolved), 1902 bonds, 262   
residues, and 3 chains.                                                         
[depth..del] Read 2 entities from `_entity` table.                              
[depth..del] Read 1 polymer type from `_entity_poly` table.                     
[depth..del] Read 1 non-polymer entity from `_pdbx_entity_nonpoly` table.       
[depth..del] Read 1 entities with a total of 243 residues from                  
`_entity_poly_seq` block.                                                       
[depth..del] Read 1 chain with a total of 243 residues from                     
`_pdbx_poly_seq_scheme` table.                                                  
[depth..del] Read 1 chain with a total of 1 residues from `_pdbx_nonpoly_scheme`
table.                                                                          
[depth..del] Read 2 chains from `_struct_asym` table.                           
[depth..del] Read 21 components from `_chem_comp` block.                        
[depth..del] Read 31 atoms from `_chem_comp_atom` block.                        
[depth..del] Parsed molecule with 1900 atoms (1837 resolved), 1902 bonds, 262   
residues, and 3 chains.                                                         
[depth..del] Read 2 entities from `_entity` table.                              
[depth..del] Read 1 polymer type from `_entity_poly` table.                     
[depth..del] Read 1 non-polymer entity from `_pdbx_entity_nonpoly` table.       
[depth..del] Read 1 entities with a total of 243 residues from                  
`_entity_poly_seq` block.                                                       
[depth..del] Read 1 chain with a total of 243 residues from                     
`_pdbx_poly_seq_scheme` table.                                                  
[depth..del] Read 1 chain with a total of 1 residues from `_pdbx_nonpoly_scheme`
table.                                                                          
[depth..del] Read 2 chains from `_struct_asym` table.                           
[depth..del] Read 21 components from `_chem_comp` block.                        
[depth..del] Read 31 atoms from `_chem_comp_atom` block.                        
[depth..del] Read 2017 atoms from `_atom_site` table.                           
[depth..del] Identified 244 resolved residue(s) from `_atom_site` table.        
[depth..del] Parsed molecule with 2018 atoms (2017 resolved), 2064 bonds, 244   
residues, and 2 chains.                                                         
[depth..del] Read 2017 atoms from `_atom_site` table.                           
[depth..del] Identified 244 resolved residue(s) from `_atom_site` table.        
[depth..del] Parsed molecule with 2018 atoms (2017 resolved), 2064 bonds, 244   
residues, and 2 chains.                                                         
[depth..del] Read 3 entities from `_entity` table.                              
[depth..del] Read 1 polymer type from `_entity_poly` table.                     
[depth..del] Read 1 entities with a total of 225 residues from                  
`_entity_poly_seq` block.                                                       
[depth..del] Read 3 chains from `_struct_asym` table.                           
[depth..del] Read 1 assembly operation matrix from `_pdbx_struct_oper_list`     
table.                                                                          
[depth..del] Read 1 assembly from `_pdbx_struct_assembly_gen` table.            
[depth..del] Read 22 components from `_chem_comp` block.                        
[depth..del] Internal Ligand RMSD: ligand chain 1 (B, component 01) = 6.025 Å (1
automorphisms, 1 nodes explored)                                                
[depth..del] Ligand bisyRMSD: ligand chain 1 (B, component 01) = 29.404 Å       
[depth..del] Using bounds matrix reference for component 01                     
[depth..del] Using bounds matrix reference for component 01                     
[depth..del] Read 1837 atoms from `_atom_site` table.                           
[depth..del] Identified 256 resolved residue(s) from `_atom_site` table.        
[depth..del] Parsed molecule with 1900 atoms (1837 resolved), 1902 bonds, 262   
residues, and 3 chains.                                                         
[depth..del] Internal Ligand RMSD: ligand chain 1 (B, component 01) = 6.175 Å (1
automorphisms, 1 nodes explored)                                                
[depth..del] Ligand bisyRMSD: ligand chain 1 (B, component 01) = 37.146 Å       
[depth..del] Using bounds matrix reference for component 01                     
[depth..del] Read 2 entities from `_entity` table.                              
[depth..del] Read 1 polymer type from `_entity_poly` table.                     
[depth..del] Read 1 non-polymer entity from `_pdbx_entity_nonpoly` table.       
[depth..del] Using bounds matrix reference for component 01                     
[depth..del] Read 1 entities with a total of 243 residues from                  
`_entity_poly_seq` block.                                                       
[depth..del] Read 1 chain with a total of 243 residues from                     
`_pdbx_poly_seq_scheme` table.                                                  
[depth..del] Read 1 chain with a total of 1 residues from `_pdbx_nonpoly_scheme`
table.                                                                          
[depth..del] Read 2 chains from `_struct_asym` table.                           
[depth..del] Read 21 components from `_chem_comp` block.                        
[depth..del] Read 31 atoms from `_chem_comp_atom` block.                        
[depth..del] Internal Ligand RMSD: ligand chain 1 (B, component 01) = 6.066 Å (1
automorphisms, 1 nodes explored)                                                
[depth..del] Ligand bisyRMSD: ligand chain 1 (B, component 01) = 2.149 Å        
[depth..del] Using bounds matrix reference for component 01                     
[depth..del] Read 2017 atoms from `_atom_site` table.                           
[depth..del] Using bounds matrix reference for component 01                     
[depth..del] Identified 244 resolved residue(s) from `_atom_site` table.        
[depth..del] Parsed molecule with 2018 atoms (2017 resolved), 2064 bonds, 244   
residues, and 2 chains.                                                         
[depth..del] Internal Ligand RMSD: ligand chain 1 (B, component 01) = 6.038 Å (1
automorphisms, 1 nodes explored)                                                
[depth..del] Ligand bisyRMSD: ligand chain 1 (B, component 01) = 7.549 Å        
[depth..del] Using bounds matrix reference for component 01                     
[depth..del] Using bounds matrix reference for component 01                     
[depth..del] Read 3 entities from `_entity` table.                              
[depth..del] Read 1 polymer type from `_entity_poly` table.                     
[depth..del] Read 1 entities with a total of 225 residues from                  
`_entity_poly_seq` block.                                                       
[depth..del] Read 3 chains from `_struct_asym` table.                           
[depth..del] Read 1 assembly operation matrix from `_pdbx_struct_oper_list`     
table.                                                                          
[depth..del] Read 1 assembly from `_pdbx_struct_assembly_gen` table.            
[depth..del] Read 22 components from `_chem_comp` block.                        
[depth..del] Read 1837 atoms from `_atom_site` table.                           
[depth..del] Identified 256 resolved residue(s) from `_atom_site` table.        
[depth..del] Parsed molecule with 1900 atoms (1837 resolved), 1902 bonds, 262   
residues, and 3 chains.                                                         
[depth..del] Read 2 entities from `_entity` table.                              
[depth..del] Read 1 polymer type from `_entity_poly` table.                     
[depth..del] Read 1 non-polymer entity from `_pdbx_entity_nonpoly` table.       
[depth..del] Read 1 entities with a total of 243 residues from                  
`_entity_poly_seq` block.                                                       
[depth..del] Read 1 chain with a total of 243 residues from                     
`_pdbx_poly_seq_scheme` table.                                                  
[depth..del] Read 1 chain with a total of 1 residues from `_pdbx_nonpoly_scheme`
table.                                                                          
[depth..del] Read 2 chains from `_struct_asym` table.                           
[depth..del] Read 21 components from `_chem_comp` block.                        
[depth..del] Read 31 atoms from `_chem_comp_atom` block.                        
[depth..del] Read 2017 atoms from `_atom_site` table.                           
[depth..del] Identified 244 resolved residue(s) from `_atom_site` table.        
[depth..del] Parsed molecule with 2018 atoms (2017 resolved), 2064 bonds, 244   
residues, and 2 chains.                                                         
[depth..del] Read 3 entities from `_entity` table.                              
[depth..del] Read 1 polymer type from `_entity_poly` table.                     
[depth..del] Read 1 entities with a total of 225 residues from                  
`_entity_poly_seq` block.                                                       
[depth..del] Read 3 chains from `_struct_asym` table.                           
[depth..del] Read 1 assembly operation matrix from `_pdbx_struct_oper_list`     
table.                                                                          
[depth..del] Read 1 assembly from `_pdbx_struct_assembly_gen` table.            
[depth..del] Read 22 components from `_chem_comp` block.                        
[depth..del] Internal Ligand RMSD: ligand chain 1 (B, component 01) = 6.049 Å (1
automorphisms, 1 nodes explored)                                                
[depth..del] Ligand bisyRMSD: ligand chain 1 (B, component 01) = 2.236 Å        
[depth..del] Using bounds matrix reference for component 01                     
[depth..del] Read 1837 atoms from `_atom_site` table.                           
[depth..del] Using bounds matrix reference for component 01                     
[depth..del] Identified 256 resolved residue(s) from `_atom_site` table.        
[depth..del] Internal Ligand RMSD: ligand chain 1 (B, component 01) = 6.030 Å (1
automorphisms, 1 nodes explored)                                                
[depth..del] Ligand bisyRMSD: ligand chain 1 (B, component 01) = 2.329 Å        
[depth..del] Using bounds matrix reference for component 01                     
[depth..del] Parsed molecule with 1900 atoms (1837 resolved), 1902 bonds, 262   
residues, and 3 chains.                                                         
[depth..del] Using bounds matrix reference for component 01                     
[depth..del] Read 2 entities from `_entity` table.                              
[depth..del] Read 1 polymer type from `_entity_poly` table.                     
[depth..del] Read 1 non-polymer entity from `_pdbx_entity_nonpoly` table.       
[depth..del] Read 1 entities with a total of 243 residues from                  
`_entity_poly_seq` block.                                                       
[depth..del] Read 1 chain with a total of 243 residues from                     
`_pdbx_poly_seq_scheme` table.                                                  
[depth..del] Read 1 chain with a total of 1 residues from `_pdbx_nonpoly_scheme`
table.                                                                          
[depth..del] Read 2 chains from `_struct_asym` table.                           
[depth..del] Read 21 components from `_chem_comp` block.                        
[depth..del] Read 31 atoms from `_chem_comp_atom` block.                        
[depth..del] Internal Ligand RMSD: ligand chain 1 (B, component 01) = 6.085 Å (1
automorphisms, 1 nodes explored)                                                
[depth..del] Ligand bisyRMSD: ligand chain 1 (B, component 01) = 2.120 Å        
[depth..del] Using bounds matrix reference for component 01                     
[depth..del] Using bounds matrix reference for component 01                     
[depth..del] Read 3 entities from `_entity` table.                              
[depth..del] Read 1 polymer type from `_entity_poly` table.                     
[depth..del] Read 1 entities with a total of 225 residues from                  
`_entity_poly_seq` block.                                                       
[depth..del] Read 3 chains from `_struct_asym` table.                           
[depth..del] Read 1 assembly operation matrix from `_pdbx_struct_oper_list`     
table.                                                                          
[depth..del] Read 2017 atoms from `_atom_site` table.                           
[depth..del] Read 1 assembly from `_pdbx_struct_assembly_gen` table.            
[depth..del] Read 22 components from `_chem_comp` block.                        
[depth..del] Identified 244 resolved residue(s) from `_atom_site` table.        
[depth..del] Parsed molecule with 2018 atoms (2017 resolved), 2064 bonds, 244   
residues, and 2 chains.                                                         
[depth..del] Read 3 entities from `_entity` table.                              
[depth..del] Read 1 polymer type from `_entity_poly` table.                     
[depth..del] Read 1 entities with a total of 225 residues from                  
`_entity_poly_seq` block.                                                       
[depth..del] Read 3 chains from `_struct_asym` table.                           
[depth..del] Read 1 assembly operation matrix from `_pdbx_struct_oper_list`     
table.                                                                          
[depth..del] Read 1 assembly from `_pdbx_struct_assembly_gen` table.            
[depth..del] Read 22 components from `_chem_comp` block.                        
[depth..del] Read 1837 atoms from `_atom_site` table.                           
[depth..del] Identified 256 resolved residue(s) from `_atom_site` table.        
[depth..del] Parsed molecule with 1900 atoms (1837 resolved), 1902 bonds, 262   
residues, and 3 chains.                                                         
[depth..del] Read 2 entities from `_entity` table.                              
[depth..del] Read 1 polymer type from `_entity_poly` table.                     
[depth..del] Read 1 non-polymer entity from `_pdbx_entity_nonpoly` table.       
[depth..del] Read 1 entities with a total of 243 residues from                  
`_entity_poly_seq` block.                                                       
[depth..del] Read 1 chain with a total of 243 residues from                     
`_pdbx_poly_seq_scheme` table.                                                  
[depth..del] Read 1837 atoms from `_atom_site` table.                           
[depth..del] Read 1 chain with a total of 1 residues from `_pdbx_nonpoly_scheme`
table.                                                                          
[depth..del] Read 2 chains from `_struct_asym` table.                           
[depth..del] Read 21 components from `_chem_comp` block.                        
[depth..del] Read 31 atoms from `_chem_comp_atom` block.                        
[depth..del] Identified 256 resolved residue(s) from `_atom_site` table.        
[depth..del] Read 3 entities from `_entity` table.                              
[depth..del] Read 1 polymer type from `_entity_poly` table.                     
[depth..del] Read 1 entities with a total of 225 residues from                  
`_entity_poly_seq` block.                                                       
[depth..del] Read 3 chains from `_struct_asym` table.                           
[depth..del] Read 1 assembly operation matrix from `_pdbx_struct_oper_list`     
table.                                                                          
[depth..del] Read 1 assembly from `_pdbx_struct_assembly_gen` table.            
[depth..del] Read 22 components from `_chem_comp` block.                        
[depth..del] Parsed molecule with 1900 atoms (1837 resolved), 1902 bonds, 262   
residues, and 3 chains.                                                         
[depth..del] Read 2 entities from `_entity` table.                              
[depth..del] Read 1 polymer type from `_entity_poly` table.                     
[depth..del] Read 1 non-polymer entity from `_pdbx_entity_nonpoly` table.       
[depth..del] Read 1 entities with a total of 243 residues from                  
`_entity_poly_seq` block.                                                       
[depth..del] Read 2017 atoms from `_atom_site` table.                           
[depth..del] Read 1 chain with a total of 243 residues from                     
`_pdbx_poly_seq_scheme` table.                                                  
[depth..del] Read 1 chain with a total of 1 residues from `_pdbx_nonpoly_scheme`
table.                                                                          
[depth..del] Read 2 chains from `_struct_asym` table.                           
[depth..del] Read 21 components from `_chem_comp` block.                        
[depth..del] Read 31 atoms from `_chem_comp_atom` block.                        
[depth..del] Read 1837 atoms from `_atom_site` table.                           
[depth..del] Identified 244 resolved residue(s) from `_atom_site` table.        
[depth..del] Identified 256 resolved residue(s) from `_atom_site` table.        
[depth..del] Internal Ligand RMSD: ligand chain 1 (B, component 01) = 6.093 Å (1
automorphisms, 1 nodes explored)                                                
[depth..del] Read 3 entities from `_entity` table.                              
[depth..del] Ligand bisyRMSD: ligand chain 1 (B, component 01) = 2.474 Å        
[depth..del] Parsed molecule with 1900 atoms (1837 resolved), 1902 bonds, 262   
residues, and 3 chains.                                                         
[depth..del] Read 2 entities from `_entity` table.                              
[depth..del] Read 1 polymer type from `_entity_poly` table.                     
[depth..del] Parsed molecule with 2018 atoms (2017 resolved), 2064 bonds, 244   
residues, and 2 chains.                                                         
[depth..del] Read 1 non-polymer entity from `_pdbx_entity_nonpoly` table.       
[depth..del] Using bounds matrix reference for component 01                     
[depth..del] Read 1 entities with a total of 243 residues from                  
`_entity_poly_seq` block.                                                       
[depth..del] Read 1 chain with a total of 243 residues from                     
`_pdbx_poly_seq_scheme` table.                                                  
[depth..del] Read 1 chain with a total of 1 residues from `_pdbx_nonpoly_scheme`
table.                                                                          
[depth..del] Read 2 chains from `_struct_asym` table.                           
[depth..del] Read 21 components from `_chem_comp` block.                        
[depth..del] Read 31 atoms from `_chem_comp_atom` block.                        
[depth..del] Using bounds matrix reference for component 01                     
[depth..del] Read 1 polymer type from `_entity_poly` table.                     
[depth..del] Read 1 entities with a total of 225 residues from                  
`_entity_poly_seq` block.                                                       
[depth..del] Read 3 chains from `_struct_asym` table.                           
[depth..del] Read 1 assembly operation matrix from `_pdbx_struct_oper_list`     
table.                                                                          
[depth..del] Read 1 assembly from `_pdbx_struct_assembly_gen` table.            
[depth..del] Read 22 components from `_chem_comp` block.                        
[depth..del] Internal Ligand RMSD: ligand chain 1 (B, component 01) = 6.103 Å (1
automorphisms, 1 nodes explored)                                                
[depth..del] Ligand bisyRMSD: ligand chain 1 (B, component 01) = 15.053 Å       
[depth..del] Using bounds matrix reference for component 01                     
[depth..del] Using bounds matrix reference for component 01                     
[depth..del] Read 2017 atoms from `_atom_site` table.                           
[depth..del] Read 1837 atoms from `_atom_site` table.                           
[depth..del] Read 2017 atoms from `_atom_site` table.                           
[depth..del] Read 3 entities from `_entity` table.                              
[depth..del] Read 1 polymer type from `_entity_poly` table.                     
[depth..del] Read 1 entities with a total of 225 residues from                  
`_entity_poly_seq` block.                                                       
[depth..del] Read 3 chains from `_struct_asym` table.                           
[depth..del] Read 1 assembly operation matrix from `_pdbx_struct_oper_list`     
table.                                                                          
[depth..del] Read 1 assembly from `_pdbx_struct_assembly_gen` table.            
[depth..del] Read 22 components from `_chem_comp` block.                        
[depth..del] Identified 256 resolved residue(s) from `_atom_site` table.        
[depth..del] Identified 244 resolved residue(s) from `_atom_site` table.        
[depth..del] Identified 244 resolved residue(s) from `_atom_site` table.        
[depth..del] Parsed molecule with 2018 atoms (2017 resolved), 2064 bonds, 244   
residues, and 2 chains.                                                         
[depth..del] Read 3 entities from `_entity` table.                              
[depth..del] Parsed molecule with 1900 atoms (1837 resolved), 1902 bonds, 262   
residues, and 3 chains.                                                         
[depth..del] Read 1 polymer type from `_entity_poly` table.                     
[depth..del] Read 1 entities with a total of 225 residues from                  
`_entity_poly_seq` block.                                                       
[depth..del] Read 3 chains from `_struct_asym` table.                           
[depth..del] Read 1 assembly operation matrix from `_pdbx_struct_oper_list`     
table.                                                                          
[depth..del] Read 1 assembly from `_pdbx_struct_assembly_gen` table.            
[depth..del] Read 22 components from `_chem_comp` block.                        
[depth..del] Parsed molecule with 2018 atoms (2017 resolved), 2064 bonds, 244   
residues, and 2 chains.                                                         
[depth..del] Read 2 entities from `_entity` table.                              
[depth..del] Read 1 polymer type from `_entity_poly` table.                     
[depth..del] Read 1 non-polymer entity from `_pdbx_entity_nonpoly` table.       
[depth..del] Read 1 entities with a total of 243 residues from                  
`_entity_poly_seq` block.                                                       
[depth..del] Read 1 chain with a total of 243 residues from                     
`_pdbx_poly_seq_scheme` table.                                                  
[depth..del] Read 1 chain with a total of 1 residues from `_pdbx_nonpoly_scheme`
table.                                                                          
[depth..del] Read 2 chains from `_struct_asym` table.                           
[depth..del] Read 21 components from `_chem_comp` block.                        
[depth..del] Read 31 atoms from `_chem_comp_atom` block.                        
[depth..del] Read 1837 atoms from `_atom_site` table.                           
[depth..del] Read 1837 atoms from `_atom_site` table.                           
[depth..del] Identified 256 resolved residue(s) from `_atom_site` table.        
[depth..del] Identified 256 resolved residue(s) from `_atom_site` table.        
[depth..del] Parsed molecule with 1900 atoms (1837 resolved), 1902 bonds, 262   
residues, and 3 chains.                                                         
[depth..del] Parsed molecule with 1900 atoms (1837 resolved), 1902 bonds, 262   
residues, and 3 chains.                                                         
[depth..del] Read 2 entities from `_entity` table.                              
[depth..del] Read 1 polymer type from `_entity_poly` table.                     
[depth..del] Read 1 non-polymer entity from `_pdbx_entity_nonpoly` table.       
[depth..del] Read 2 entities from `_entity` table.                              
[depth..del] Read 1 polymer type from `_entity_poly` table.                     
[depth..del] Read 1 entities with a total of 243 residues from                  
`_entity_poly_seq` block.                                                       
[depth..del] Read 1 non-polymer entity from `_pdbx_entity_nonpoly` table.       
[depth..del] Read 1 entities with a total of 243 residues from                  
`_entity_poly_seq` block.                                                       
[depth..del] Read 1 chain with a total of 243 residues from                     
`_pdbx_poly_seq_scheme` table.                                                  
[depth..del] Read 1 chain with a total of 1 residues from `_pdbx_nonpoly_scheme`
table.                                                                          
[depth..del] Read 2 chains from `_struct_asym` table.                           
[depth..del] Read 1 chain with a total of 243 residues from                     
`_pdbx_poly_seq_scheme` table.                                                  
[depth..del] Read 21 components from `_chem_comp` block.                        
[depth..del] Read 1 chain with a total of 1 residues from `_pdbx_nonpoly_scheme`
table.                                                                          
[depth..del] Read 31 atoms from `_chem_comp_atom` block.                        
[depth..del] Read 2 chains from `_struct_asym` table.                           
[depth..del] Read 21 components from `_chem_comp` block.                        
[depth..del] Read 31 atoms from `_chem_comp_atom` block.                        
[depth..del] Read 2017 atoms from `_atom_site` table.                           
[depth..del] Read 2017 atoms from `_atom_site` table.                           
[depth..del] Identified 244 resolved residue(s) from `_atom_site` table.        
[depth..del] Identified 244 resolved residue(s) from `_atom_site` table.        
[depth..del] Read 3 entities from `_entity` table.                              
[depth..del] Read 1 polymer type from `_entity_poly` table.                     
[depth..del] Read 1 entities with a total of 225 residues from                  
`_entity_poly_seq` block.                                                       
[depth..del] Read 3 chains from `_struct_asym` table.                           
[depth..del] Read 1 assembly operation matrix from `_pdbx_struct_oper_list`     
table.                                                                          
[depth..del] Read 1 assembly from `_pdbx_struct_assembly_gen` table.            
[depth..del] Read 22 components from `_chem_comp` block.                        
[depth..del] Read 2017 atoms from `_atom_site` table.                           
[depth..del] Parsed molecule with 2018 atoms (2017 resolved), 2064 bonds, 244   
residues, and 2 chains.                                                         
[depth..del] Identified 244 resolved residue(s) from `_atom_site` table.        
[depth..del] Parsed molecule with 2018 atoms (2017 resolved), 2064 bonds, 244   
residues, and 2 chains.                                                         
[depth..del] Read 3 entities from `_entity` table.                              
[depth..del] Read 1 polymer type from `_entity_poly` table.                     
[depth..del] Read 1 entities with a total of 225 residues from                  
`_entity_poly_seq` block.                                                       
[depth..del] Read 3 chains from `_struct_asym` table.                           
[depth..del] Read 1 assembly operation matrix from `_pdbx_struct_oper_list`     
table.                                                                          
[depth..del] Read 1 assembly from `_pdbx_struct_assembly_gen` table.            
[depth..del] Read 22 components from `_chem_comp` block.                        
[depth..del] Read 1837 atoms from `_atom_site` table.                           
[depth..del] Identified 256 resolved residue(s) from `_atom_site` table.        
[depth..del] Parsed molecule with 1900 atoms (1837 resolved), 1902 bonds, 262   
residues, and 3 chains.                                                         
[depth..del] Parsed molecule with 2018 atoms (2017 resolved), 2064 bonds, 244   
residues, and 2 chains.                                                         
[depth..del] Read 2 entities from `_entity` table.                              
[depth..del] Read 1 polymer type from `_entity_poly` table.                     
[depth..del] Read 1 non-polymer entity from `_pdbx_entity_nonpoly` table.       
[depth..del] Read 1 entities with a total of 243 residues from                  
`_entity_poly_seq` block.                                                       
[depth..del] Read 1 chain with a total of 243 residues from                     
`_pdbx_poly_seq_scheme` table.                                                  
[depth..del] Read 1 chain with a total of 1 residues from `_pdbx_nonpoly_scheme`
table.                                                                          
[depth..del] Read 2 chains from `_struct_asym` table.                           
[depth..del] Read 21 components from `_chem_comp` block.                        
[depth..del] Read 31 atoms from `_chem_comp_atom` block.                        
[depth..del] Read 2017 atoms from `_atom_site` table.                           
[depth..del] Identified 244 resolved residue(s) from `_atom_site` table.        
[depth..del] Read 1837 atoms from `_atom_site` table.                           
[depth..del] Identified 256 resolved residue(s) from `_atom_site` table.        
[depth..del] Parsed molecule with 2018 atoms (2017 resolved), 2064 bonds, 244   
residues, and 2 chains.                                                         
[depth..del] Internal Ligand RMSD: ligand chain 1 (B, component 01) = 5.925 Å (1
automorphisms, 1 nodes explored)                                                
[depth..del] Ligand bisyRMSD: ligand chain 1 (B, component 01) = 20.196 Å       
[depth..del] Parsed molecule with 1900 atoms (1837 resolved), 1902 bonds, 262   
residues, and 3 chains.                                                         
[depth..del] Read 2 entities from `_entity` table.                              
[depth..del] Read 1 polymer type from `_entity_poly` table.                     
[depth..del] Read 1 non-polymer entity from `_pdbx_entity_nonpoly` table.       
[depth..del] Read 1 entities with a total of 243 residues from                  
`_entity_poly_seq` block.                                                       
[depth..del] Read 1 chain with a total of 243 residues from                     
`_pdbx_poly_seq_scheme` table.                                                  
[depth..del] Read 1 chain with a total of 1 residues from `_pdbx_nonpoly_scheme`
table.                                                                          
[depth..del] Read 2 chains from `_struct_asym` table.                           
[depth..del] Read 21 components from `_chem_comp` block.                        
[depth..del] Read 31 atoms from `_chem_comp_atom` block.                        
[depth..del] Using bounds matrix reference for component 01                     
[depth..del] Using bounds matrix reference for component 01                     
[depth..del] Read 2017 atoms from `_atom_site` table.                           
[depth..del] Identified 244 resolved residue(s) from `_atom_site` table.        
[depth..del] Parsed molecule with 2018 atoms (2017 resolved), 2064 bonds, 244   
residues, and 2 chains.                                                         
[depth..del] Internal Ligand RMSD: ligand chain 1 (B, component 01) = 6.115 Å (1
automorphisms, 1 nodes explored)                                                
[depth..del] Ligand bisyRMSD: ligand chain 1 (B, component 01) = 15.826 Å       
[depth..del] Using bounds matrix reference for component 01                     
[depth..del] Using bounds matrix reference for component 01                     
[depth..del] Read 3 entities from `_entity` table.                              
[depth..del] Read 1 polymer type from `_entity_poly` table.                     
[depth..del] Read 1 entities with a total of 225 residues from                  
`_entity_poly_seq` block.                                                       
[depth..del] Read 3 chains from `_struct_asym` table.                           
[depth..del] Read 1 assembly operation matrix from `_pdbx_struct_oper_list`     
table.                                                                          
[depth..del] Read 1 assembly from `_pdbx_struct_assembly_gen` table.            
[depth..del] Read 22 components from `_chem_comp` block.                        
[depth..del] Internal Ligand RMSD: ligand chain 1 (B, component 01) = 6.064 Å (1
automorphisms, 1 nodes explored)                                                
[depth..del] Ligand bisyRMSD: ligand chain 1 (B, component 01) = 12.002 Å       
[depth..del] Using bounds matrix reference for component 01                     
[depth..del] Using bounds matrix reference for component 01                     
[depth..del] Read 1837 atoms from `_atom_site` table.                           
[depth..del] Identified 256 resolved residue(s) from `_atom_site` table.        
[depth..del] Parsed molecule with 1900 atoms (1837 resolved), 1902 bonds, 262   
residues, and 3 chains.                                                         
[depth..del] Read 2 entities from `_entity` table.                              
[depth..del] Read 1 polymer type from `_entity_poly` table.                     
[depth..del] Read 1 non-polymer entity from `_pdbx_entity_nonpoly` table.       
[depth..del] Read 1 entities with a total of 243 residues from                  
`_entity_poly_seq` block.                                                       
[depth..del] Read 1 chain with a total of 243 residues from                     
`_pdbx_poly_seq_scheme` table.                                                  
[depth..del] Read 1 chain with a total of 1 residues from `_pdbx_nonpoly_scheme`
table.                                                                          
[depth..del] Read 2 chains from `_struct_asym` table.                           
[depth..del] Read 21 components from `_chem_comp` block.                        
[depth..del] Read 31 atoms from `_chem_comp_atom` block.                        
[depth..del] Read 2017 atoms from `_atom_site` table.                           
[depth..del] Identified 244 resolved residue(s) from `_atom_site` table.        
[depth..del] Parsed molecule with 2018 atoms (2017 resolved), 2064 bonds, 244   
residues, and 2 chains.                                                         
[depth..del] Internal Ligand RMSD: ligand chain 1 (B, component 01) = 5.674 Å (1
automorphisms, 1 nodes explored)                                                
[depth..del] Ligand bisyRMSD: ligand chain 1 (B, component 01) = 9.193 Å        
[depth..del] Using bounds matrix reference for component 01                     
[depth..del] Using bounds matrix reference for component 01                     
[depth..del] Internal Ligand RMSD: ligand chain 1 (B, component 01) = 6.027 Å (1
automorphisms, 1 nodes explored)                                                
[depth..del] Ligand bisyRMSD: ligand chain 1 (B, component 01) = 2.541 Å        
[depth..del] Using bounds matrix reference for component 01                     
[depth..del] Using bounds matrix reference for component 01                     
[depth..del] Read 3 entities from `_entity` table.                              
[depth..del] Read 1 polymer type from `_entity_poly` table.                     
[depth..del] Read 1 entities with a total of 225 residues from                  
`_entity_poly_seq` block.                                                       
[depth..del] Read 3 chains from `_struct_asym` table.                           
[depth..del] Read 1 assembly operation matrix from `_pdbx_struct_oper_list`     
table.                                                                          
[depth..del] Read 1 assembly from `_pdbx_struct_assembly_gen` table.            
[depth..del] Read 22 components from `_chem_comp` block.                        
[depth..del] Internal Ligand RMSD: ligand chain 1 (B, component 01) = 6.002 Å (1
automorphisms, 1 nodes explored)                                                
[depth..del] Ligand bisyRMSD: ligand chain 1 (B, component 01) = 2.360 Å        
[depth..del] Using bounds matrix reference for component 01                     
[depth..del] Using bounds matrix reference for component 01                     
[depth..del] Read 1837 atoms from `_atom_site` table.                           
[depth..del] Identified 256 resolved residue(s) from `_atom_site` table.        
[depth..del] Parsed molecule with 1900 atoms (1837 resolved), 1902 bonds, 262   
residues, and 3 chains.                                                         
[depth..del] Read 2 entities from `_entity` table.                              
[depth..del] Read 1 polymer type from `_entity_poly` table.                     
[depth..del] Read 1 non-polymer entity from `_pdbx_entity_nonpoly` table.       
[depth..del] Read 1 entities with a total of 243 residues from                  
`_entity_poly_seq` block.                                                       
[depth..del] Read 1 chain with a total of 243 residues from                     
`_pdbx_poly_seq_scheme` table.                                                  
[depth..del] Read 1 chain with a total of 1 residues from `_pdbx_nonpoly_scheme`
table.                                                                          
[depth..del] Read 2 chains from `_struct_asym` table.                           
[depth..del] Read 21 components from `_chem_comp` block.                        
[depth..del] Read 31 atoms from `_chem_comp_atom` block.                        
[depth..del] Read 2017 atoms from `_atom_site` table.                           
[depth..del] Identified 244 resolved residue(s) from `_atom_site` table.        
[depth..del] Parsed molecule with 2018 atoms (2017 resolved), 2064 bonds, 244   
residues, and 2 chains.                                                         
[depth..del] Internal Ligand RMSD: ligand chain 1 (B, component 01) = 6.076 Å (1
automorphisms, 1 nodes explored)                                                
[depth..del] Ligand bisyRMSD: ligand chain 1 (B, component 01) = 17.717 Å       
[depth..del] Using bounds matrix reference for component 01                     
[depth..del] Using bounds matrix reference for component 01                     
[depth..del] Read 3 entities from `_entity` table.                              
[depth..del] Read 1 polymer type from `_entity_poly` table.                     
[depth..del] Read 1 entities with a total of 225 residues from                  
`_entity_poly_seq` block.                                                       
[depth..del] Read 3 chains from `_struct_asym` table.                           
[depth..del] Read 1 assembly operation matrix from `_pdbx_struct_oper_list`     
table.                                                                          
[depth..del] Read 1 assembly from `_pdbx_struct_assembly_gen` table.            
[depth..del] Read 22 components from `_chem_comp` block.                        
[depth..del] Internal Ligand RMSD: ligand chain 1 (B, component 01) = 6.061 Å (1
automorphisms, 1 nodes explored)                                                
[depth..del] Ligand bisyRMSD: ligand chain 1 (B, component 01) = 2.092 Å        
[depth..del] Using bounds matrix reference for component 01                     
[depth..del] Using bounds matrix reference for component 01                     
[depth..del] Read 1837 atoms from `_atom_site` table.                           
[depth..del] Identified 256 resolved residue(s) from `_atom_site` table.        
[depth..del] Parsed molecule with 1900 atoms (1837 resolved), 1902 bonds, 262   
residues, and 3 chains.                                                         
[depth..del] Read 2 entities from `_entity` table.                              
[depth..del] Read 1 polymer type from `_entity_poly` table.                     
[depth..del] Read 1 non-polymer entity from `_pdbx_entity_nonpoly` table.       
[depth..del] Read 1 entities with a total of 243 residues from                  
`_entity_poly_seq` block.                                                       
[depth..del] Read 1 chain with a total of 243 residues from                     
`_pdbx_poly_seq_scheme` table.                                                  
[depth..del] Read 1 chain with a total of 1 residues from `_pdbx_nonpoly_scheme`
table.                                                                          
[depth..del] Read 2 chains from `_struct_asym` table.                           
[depth..del] Read 21 components from `_chem_comp` block.                        
[depth..del] Read 31 atoms from `_chem_comp_atom` block.                        
[depth..del] Read 2017 atoms from `_atom_site` table.                           
[depth..del] Identified 244 resolved residue(s) from `_atom_site` table.        
[depth..del] Parsed molecule with 2018 atoms (2017 resolved), 2064 bonds, 244   
residues, and 2 chains.                                                         
[depth..del] Read 3 entities from `_entity` table.                              
[depth..del] Read 1 polymer type from `_entity_poly` table.                     
[depth..del] Read 1 entities with a total of 225 residues from                  
`_entity_poly_seq` block.                                                       
[depth..del] Read 3 chains from `_struct_asym` table.                           
[depth..del] Read 1 assembly operation matrix from `_pdbx_struct_oper_list`     
table.                                                                          
[depth..del] Read 1 assembly from `_pdbx_struct_assembly_gen` table.            
[depth..del] Read 22 components from `_chem_comp` block.                        
[depth..del] Read 1837 atoms from `_atom_site` table.                           
[depth..del] Read 3 entities from `_entity` table.                              
[depth..del] Read 1 polymer type from `_entity_poly` table.                     
[depth..del] Read 1 entities with a total of 225 residues from                  
`_entity_poly_seq` block.                                                       
[depth..del] Read 3 chains from `_struct_asym` table.                           
[depth..del] Read 1 assembly operation matrix from `_pdbx_struct_oper_list`     
table.                                                                          
[depth..del] Read 1 assembly from `_pdbx_struct_assembly_gen` table.            
[depth..del] Read 22 components from `_chem_comp` block.                        
[depth..del] Identified 256 resolved residue(s) from `_atom_site` table.        
[depth..del] Parsed molecule with 1900 atoms (1837 resolved), 1902 bonds, 262   
residues, and 3 chains.                                                         
[depth..del] Read 1837 atoms from `_atom_site` table.                           
[depth..del] Read 2 entities from `_entity` table.                              
[depth..del] Read 1 polymer type from `_entity_poly` table.                     
[depth..del] Read 1 non-polymer entity from `_pdbx_entity_nonpoly` table.       
[depth..del] Read 3 entities from `_entity` table.                              
[depth..del] Read 1 polymer type from `_entity_poly` table.                     
[depth..del] Read 1 entities with a total of 225 residues from                  
`_entity_poly_seq` block.                                                       
[depth..del] Read 3 chains from `_struct_asym` table.                           
[depth..del] Identified 256 resolved residue(s) from `_atom_site` table.        
[depth..del] Read 1 entities with a total of 243 residues from                  
`_entity_poly_seq` block.                                                       
[depth..del] Read 1 chain with a total of 243 residues from                     
`_pdbx_poly_seq_scheme` table.                                                  
[depth..del] Read 1 chain with a total of 1 residues from `_pdbx_nonpoly_scheme`
table.                                                                          
[depth..del] Read 1 assembly operation matrix from `_pdbx_struct_oper_list`     
table.                                                                          
[depth..del] Read 2 chains from `_struct_asym` table.                           
[depth..del] Read 1 assembly from `_pdbx_struct_assembly_gen` table.            
[depth..del] Read 21 components from `_chem_comp` block.                        
[depth..del] Read 22 components from `_chem_comp` block.                        
[depth..del] Internal Ligand RMSD: ligand chain 1 (B, component 01) = 6.126 Å (1
automorphisms, 1 nodes explored)                                                
[depth..del] Read 31 atoms from `_chem_comp_atom` block.                        
[depth..del] Ligand bisyRMSD: ligand chain 1 (B, component 01) = 2.080 Å        
[depth..del] Using bounds matrix reference for component 01                     
[depth..del] Parsed molecule with 1900 atoms (1837 resolved), 1902 bonds, 262   
residues, and 3 chains.                                                         
[depth..del] Read 2 entities from `_entity` table.                              
[depth..del] Using bounds matrix reference for component 01                     
[depth..del] Read 1 polymer type from `_entity_poly` table.                     
[depth..del] Read 1 non-polymer entity from `_pdbx_entity_nonpoly` table.       
[depth..del] Read 1 entities with a total of 243 residues from                  
`_entity_poly_seq` block.                                                       
[depth..del] Read 1 chain with a total of 243 residues from                     
`_pdbx_poly_seq_scheme` table.                                                  
[depth..del] Read 1 chain with a total of 1 residues from `_pdbx_nonpoly_scheme`
table.                                                                          
[depth..del] Read 2 chains from `_struct_asym` table.                           
[depth..del] Read 21 components from `_chem_comp` block.                        
[depth..del] Read 31 atoms from `_chem_comp_atom` block.                        
[depth..del] Read 3 entities from `_entity` table.                              
[depth..del] Read 1 polymer type from `_entity_poly` table.                     
[depth..del] Read 1 entities with a total of 225 residues from                  
`_entity_poly_seq` block.                                                       
[depth..del] Read 3 chains from `_struct_asym` table.                           
[depth..del] Read 1 assembly operation matrix from `_pdbx_struct_oper_list`     
table.                                                                          
[depth..del] Read 1 assembly from `_pdbx_struct_assembly_gen` table.            
[depth..del] Read 22 components from `_chem_comp` block.                        
[depth..del] Read 2017 atoms from `_atom_site` table.                           
[depth..del] Identified 244 resolved residue(s) from `_atom_site` table.        
[depth..del] Read 2017 atoms from `_atom_site` table.                           
[depth..del] Identified 244 resolved residue(s) from `_atom_site` table.        
[depth..del] Parsed molecule with 2018 atoms (2017 resolved), 2064 bonds, 244   
residues, and 2 chains.                                                         
[depth..del] Parsed molecule with 2018 atoms (2017 resolved), 2064 bonds, 244   
residues, and 2 chains.                                                         
[depth..del] Read 1837 atoms from `_atom_site` table.                           
[depth..del] Identified 256 resolved residue(s) from `_atom_site` table.        
[depth..del] Read 1837 atoms from `_atom_site` table.                           
[depth..del] Identified 256 resolved residue(s) from `_atom_site` table.        
[depth..del] Parsed molecule with 1900 atoms (1837 resolved), 1902 bonds, 262   
residues, and 3 chains.                                                         
[depth..del] Read 2 entities from `_entity` table.                              
[depth..del] Read 1 polymer type from `_entity_poly` table.                     
[depth..del] Read 1 non-polymer entity from `_pdbx_entity_nonpoly` table.       
[depth..del] Read 1 entities with a total of 243 residues from                  
`_entity_poly_seq` block.                                                       
[depth..del] Read 1 chain with a total of 243 residues from                     
`_pdbx_poly_seq_scheme` table.                                                  
[depth..del] Read 1 chain with a total of 1 residues from `_pdbx_nonpoly_scheme`
table.                                                                          
[depth..del] Read 2 chains from `_struct_asym` table.                           
[depth..del] Read 21 components from `_chem_comp` block.                        
[depth..del] Read 31 atoms from `_chem_comp_atom` block.                        
[depth..del] Parsed molecule with 1900 atoms (1837 resolved), 1902 bonds, 262   
residues, and 3 chains.                                                         
[depth..del] Read 2 entities from `_entity` table.                              
[depth..del] Read 1 polymer type from `_entity_poly` table.                     
[depth..del] Read 1 non-polymer entity from `_pdbx_entity_nonpoly` table.       
[depth..del] Read 1 entities with a total of 243 residues from                  
`_entity_poly_seq` block.                                                       
[depth..del] Read 1 chain with a total of 243 residues from                     
`_pdbx_poly_seq_scheme` table.                                                  
[depth..del] Read 1 chain with a total of 1 residues from `_pdbx_nonpoly_scheme`
table.                                                                          
[depth..del] Read 2 chains from `_struct_asym` table.                           
[depth..del] Read 21 components from `_chem_comp` block.                        
[depth..del] Read 31 atoms from `_chem_comp_atom` block.                        
[depth..del] Read 2017 atoms from `_atom_site` table.                           
[depth..del] Identified 244 resolved residue(s) from `_atom_site` table.        
[depth..del] Read 2017 atoms from `_atom_site` table.                           
[depth..del] Identified 244 resolved residue(s) from `_atom_site` table.        
[depth..del] Parsed molecule with 2018 atoms (2017 resolved), 2064 bonds, 244   
residues, and 2 chains.                                                         
[depth..del] Parsed molecule with 2018 atoms (2017 resolved), 2064 bonds, 244   
residues, and 2 chains.                                                         
[depth..del] Internal Ligand RMSD: ligand chain 1 (B, component 01) = 6.185 Å (1
automorphisms, 1 nodes explored)                                                
[depth..del] Ligand bisyRMSD: ligand chain 1 (B, component 01) = 2.464 Å        
[depth..del] Using bounds matrix reference for component 01                     
[depth..del] Internal Ligand RMSD: ligand chain 1 (B, component 01) = 6.172 Å (1
automorphisms, 1 nodes explored)                                                
[depth..del] Ligand bisyRMSD: ligand chain 1 (B, component 01) = 25.752 Å       
[depth..del] Using bounds matrix reference for component 01                     
[depth..del] Using bounds matrix reference for component 01                     
[depth..del] Using bounds matrix reference for component 01                     
[depth..del] Internal Ligand RMSD: ligand chain 1 (B, component 01) = 6.000 Å (1
automorphisms, 1 nodes explored)                                                
[depth..del] Read 3 entities from `_entity` table.                              
[depth..del] Ligand bisyRMSD: ligand chain 1 (B, component 01) = 25.996 Å       
[depth..del] Read 1 polymer type from `_entity_poly` table.                     
[depth..del] Read 1 entities with a total of 225 residues from                  
`_entity_poly_seq` block.                                                       
[depth..del] Read 3 chains from `_struct_asym` table.                           
[depth..del] Read 1 assembly operation matrix from `_pdbx_struct_oper_list`     
table.                                                                          
[depth..del] Read 1 assembly from `_pdbx_struct_assembly_gen` table.            
[depth..del] Read 22 components from `_chem_comp` block.                        
[depth..del] Using bounds matrix reference for component 01                     
[depth..del] Using bounds matrix reference for component 01                     
[depth..del] Read 1837 atoms from `_atom_site` table.                           
[depth..del] Identified 256 resolved residue(s) from `_atom_site` table.        
[depth..del] Parsed molecule with 1900 atoms (1837 resolved), 1902 bonds, 262   
residues, and 3 chains.                                                         
[depth..del] Read 2 entities from `_entity` table.                              
[depth..del] Read 1 polymer type from `_entity_poly` table.                     
[depth..del] Read 1 non-polymer entity from `_pdbx_entity_nonpoly` table.       
[depth..del] Read 1 entities with a total of 243 residues from                  
`_entity_poly_seq` block.                                                       
[depth..del] Read 1 chain with a total of 243 residues from                     
`_pdbx_poly_seq_scheme` table.                                                  
[depth..del] Read 1 chain with a total of 1 residues from `_pdbx_nonpoly_scheme`
table.                                                                          
[depth..del] Read 2 chains from `_struct_asym` table.                           
[depth..del] Read 21 components from `_chem_comp` block.                        
[depth..del] Read 31 atoms from `_chem_comp_atom` block.                        
[depth..del] Internal Ligand RMSD: ligand chain 1 (B, component 01) = 6.017 Å (1
automorphisms, 1 nodes explored)                                                
[depth..del] Ligand bisyRMSD: ligand chain 1 (B, component 01) = 1.234 Å        
[depth..del] Read 2017 atoms from `_atom_site` table.                           
[depth..del] Using bounds matrix reference for component 01                     
[depth..del] Read 3 entities from `_entity` table.                              
[depth..del] Read 1 polymer type from `_entity_poly` table.                     
[depth..del] Read 1 entities with a total of 225 residues from                  
`_entity_poly_seq` block.                                                       
[depth..del] Read 3 chains from `_struct_asym` table.                           
[depth..del] Read 1 assembly operation matrix from `_pdbx_struct_oper_list`     
table.                                                                          
[depth..del] Read 1 assembly from `_pdbx_struct_assembly_gen` table.            
[depth..del] Read 22 components from `_chem_comp` block.                        
[depth..del] Identified 244 resolved residue(s) from `_atom_site` table.        
[depth..del] Read 3 entities from `_entity` table.                              
[depth..del] Read 1 polymer type from `_entity_poly` table.                     
[depth..del] Read 1 entities with a total of 225 residues from                  
`_entity_poly_seq` block.                                                       
[depth..del] Read 3 chains from `_struct_asym` table.                           
[depth..del] Read 1 assembly operation matrix from `_pdbx_struct_oper_list`     
table.                                                                          
[depth..del] Read 1 assembly from `_pdbx_struct_assembly_gen` table.            
[depth..del] Read 22 components from `_chem_comp` block.                        
[depth..del] Parsed molecule with 2018 atoms (2017 resolved), 2064 bonds, 244   
residues, and 2 chains.                                                         
[depth..del] Read 1837 atoms from `_atom_site` table.                           
[depth..del] Using bounds matrix reference for component 01                     
[depth..del] Identified 256 resolved residue(s) from `_atom_site` table.        
[depth..del] Read 1837 atoms from `_atom_site` table.                           
[depth..del] Identified 256 resolved residue(s) from `_atom_site` table.        
[depth..del] Parsed molecule with 1900 atoms (1837 resolved), 1902 bonds, 262   
residues, and 3 chains.                                                         
[depth..del] Read 2 entities from `_entity` table.                              
[depth..del] Read 1 polymer type from `_entity_poly` table.                     
[depth..del] Read 1 non-polymer entity from `_pdbx_entity_nonpoly` table.       
[depth..del] Read 1 entities with a total of 243 residues from                  
`_entity_poly_seq` block.                                                       
[depth..del] Parsed molecule with 1900 atoms (1837 resolved), 1902 bonds, 262   
residues, and 3 chains.                                                         
[depth..del] Read 1 chain with a total of 243 residues from                     
`_pdbx_poly_seq_scheme` table.                                                  
[depth..del] Read 1 chain with a total of 1 residues from `_pdbx_nonpoly_scheme`
table.                                                                          
[depth..del] Read 2 entities from `_entity` table.                              
[depth..del] Read 2 chains from `_struct_asym` table.                           
[depth..del] Read 1 polymer type from `_entity_poly` table.                     
[depth..del] Read 21 components from `_chem_comp` block.                        
[depth..del] Read 1 non-polymer entity from `_pdbx_entity_nonpoly` table.       
[depth..del] Read 31 atoms from `_chem_comp_atom` block.                        
[depth..del] Read 1 entities with a total of 243 residues from                  
`_entity_poly_seq` block.                                                       
[depth..del] Read 3 entities from `_entity` table.                              
[depth..del] Read 1 chain with a total of 243 residues from                     
`_pdbx_poly_seq_scheme` table.                                                  
[depth..del] Read 1 chain with a total of 1 residues from `_pdbx_nonpoly_scheme`
table.                                                                          
[depth..del] Read 2 chains from `_struct_asym` table.                           
[depth..del] Read 21 components from `_chem_comp` block.                        
[depth..del] Read 31 atoms from `_chem_comp_atom` block.                        
[depth..del] Read 1 polymer type from `_entity_poly` table.                     
[depth..del] Read 1 entities with a total of 225 residues from                  
`_entity_poly_seq` block.                                                       
[depth..del] Read 3 chains from `_struct_asym` table.                           
[depth..del] Read 1 assembly operation matrix from `_pdbx_struct_oper_list`     
table.                                                                          
[depth..del] Read 1 assembly from `_pdbx_struct_assembly_gen` table.            
[depth..del] Read 22 components from `_chem_comp` block.                        
[depth..del] Read 2017 atoms from `_atom_site` table.                           
[depth..del] Identified 244 resolved residue(s) from `_atom_site` table.        
[depth..del] Read 2017 atoms from `_atom_site` table.                           
[depth..del] Identified 244 resolved residue(s) from `_atom_site` table.        
[depth..del] Read 3 entities from `_entity` table.                              
[depth..del] Read 1 polymer type from `_entity_poly` table.                     
[depth..del] Read 1 entities with a total of 225 residues from                  
`_entity_poly_seq` block.                                                       
[depth..del] Read 3 chains from `_struct_asym` table.                           
[depth..del] Read 1 assembly operation matrix from `_pdbx_struct_oper_list`     
table.                                                                          
[depth..del] Read 1 assembly from `_pdbx_struct_assembly_gen` table.            
[depth..del] Parsed molecule with 2018 atoms (2017 resolved), 2064 bonds, 244   
residues, and 2 chains.                                                         
[depth..del] Read 22 components from `_chem_comp` block.                        
[depth..del] Parsed molecule with 2018 atoms (2017 resolved), 2064 bonds, 244   
residues, and 2 chains.                                                         
[depth..del] Read 1837 atoms from `_atom_site` table.                           
[depth..del] Identified 256 resolved residue(s) from `_atom_site` table.        
[depth..del] Read 3 entities from `_entity` table.                              
[depth..del] Read 1 polymer type from `_entity_poly` table.                     
[depth..del] Read 1 entities with a total of 225 residues from                  
`_entity_poly_seq` block.                                                       
[depth..del] Read 3 chains from `_struct_asym` table.                           
[depth..del] Read 1 assembly operation matrix from `_pdbx_struct_oper_list`     
table.                                                                          
[depth..del] Read 1 assembly from `_pdbx_struct_assembly_gen` table.            
[depth..del] Read 22 components from `_chem_comp` block.                        
[depth..del] Read 1837 atoms from `_atom_site` table.                           
[depth..del] Identified 256 resolved residue(s) from `_atom_site` table.        
[depth..del] Parsed molecule with 1900 atoms (1837 resolved), 1902 bonds, 262   
residues, and 3 chains.                                                         
[depth..del] Read 2 entities from `_entity` table.                              
[depth..del] Read 1 polymer type from `_entity_poly` table.                     
[depth..del] Read 1 non-polymer entity from `_pdbx_entity_nonpoly` table.       
[depth..del] Read 1 entities with a total of 243 residues from                  
`_entity_poly_seq` block.                                                       
[depth..del] Read 1 chain with a total of 243 residues from                     
`_pdbx_poly_seq_scheme` table.                                                  
[depth..del] Read 1 chain with a total of 1 residues from `_pdbx_nonpoly_scheme`
table.                                                                          
[depth..del] Read 2 chains from `_struct_asym` table.                           
[depth..del] Read 21 components from `_chem_comp` block.                        
[depth..del] Read 31 atoms from `_chem_comp_atom` block.                        
[depth..del] Parsed molecule with 1900 atoms (1837 resolved), 1902 bonds, 262   
residues, and 3 chains.                                                         
[depth..del] Internal Ligand RMSD: ligand chain 1 (B, component 01) = 5.543 Å (1
automorphisms, 1 nodes explored)                                                
[depth..del] Read 2 entities from `_entity` table.                              
[depth..del] Ligand bisyRMSD: ligand chain 1 (B, component 01) = 9.502 Å        
[depth..del] Read 1 polymer type from `_entity_poly` table.                     
[depth..del] Read 1 non-polymer entity from `_pdbx_entity_nonpoly` table.       
[depth..del] Using bounds matrix reference for component 01                     
[depth..del] Using bounds matrix reference for component 01                     
[depth..del] Read 1 entities with a total of 243 residues from                  
`_entity_poly_seq` block.                                                       
[depth..del] Read 1 chain with a total of 243 residues from                     
`_pdbx_poly_seq_scheme` table.                                                  
[depth..del] Read 1 chain with a total of 1 residues from `_pdbx_nonpoly_scheme`
table.                                                                          
[depth..del] Read 2 chains from `_struct_asym` table.                           
[depth..del] Read 21 components from `_chem_comp` block.                        
[depth..del] Read 31 atoms from `_chem_comp_atom` block.                        
[depth..del] Internal Ligand RMSD: ligand chain 1 (B, component 01) = 6.026 Å (1
automorphisms, 1 nodes explored)                                                
[depth..del] Ligand bisyRMSD: ligand chain 1 (B, component 01) = 1.193 Å        
[depth..del] Read 1837 atoms from `_atom_site` table.                           
[depth..del] Using bounds matrix reference for component 01                     
[depth..del] Read 2017 atoms from `_atom_site` table.                           
[depth..del] Using bounds matrix reference for component 01                     
[depth..del] Identified 244 resolved residue(s) from `_atom_site` table.        
[depth..del] Identified 256 resolved residue(s) from `_atom_site` table.        
[depth..del] Parsed molecule with 2018 atoms (2017 resolved), 2064 bonds, 244   
residues, and 2 chains.                                                         
[depth..del] Parsed molecule with 1900 atoms (1837 resolved), 1902 bonds, 262   
residues, and 3 chains.                                                         
[depth..del] Read 2 entities from `_entity` table.                              
[depth..del] Read 1 polymer type from `_entity_poly` table.                     
[depth..del] Read 1 non-polymer entity from `_pdbx_entity_nonpoly` table.       
[depth..del] Read 1 entities with a total of 243 residues from                  
`_entity_poly_seq` block.                                                       
[depth..del] Read 1 chain with a total of 243 residues from                     
`_pdbx_poly_seq_scheme` table.                                                  
[depth..del] Read 1 chain with a total of 1 residues from `_pdbx_nonpoly_scheme`
table.                                                                          
[depth..del] Read 2 chains from `_struct_asym` table.                           
[depth..del] Read 21 components from `_chem_comp` block.                        
[depth..del] Read 31 atoms from `_chem_comp_atom` block.                        
[depth..del] Read 2017 atoms from `_atom_site` table.                           
[depth..del] Internal Ligand RMSD: ligand chain 1 (B, component 01) = 5.600 Å (1
automorphisms, 1 nodes explored)                                                
[depth..del] Ligand bisyRMSD: ligand chain 1 (B, component 01) = 16.580 Å       
[depth..del] Read 2017 atoms from `_atom_site` table.                           
[depth..del] Using bounds matrix reference for component 01                     
[depth..del] Identified 244 resolved residue(s) from `_atom_site` table.        
[depth..del] Identified 244 resolved residue(s) from `_atom_site` table.        
[depth..del] Parsed molecule with 2018 atoms (2017 resolved), 2064 bonds, 244   
residues, and 2 chains.                                                         
[depth..del] Using bounds matrix reference for component 01                     
[depth..del] Internal Ligand RMSD: ligand chain 1 (B, component 01) = 6.141 Å (1
automorphisms, 1 nodes explored)                                                
[depth..del] Ligand bisyRMSD: ligand chain 1 (B, component 01) = 3.061 Å        
[depth..del] Using bounds matrix reference for component 01                     
[depth..del] Parsed molecule with 2018 atoms (2017 resolved), 2064 bonds, 244   
residues, and 2 chains.                                                         
[depth..del] Using bounds matrix reference for component 01                     
[depth..del] Read 3 entities from `_entity` table.                              
[depth..del] Read 1 polymer type from `_entity_poly` table.                     
[depth..del] Read 1 entities with a total of 225 residues from                  
`_entity_poly_seq` block.                                                       
[depth..del] Read 3 chains from `_struct_asym` table.                           
[depth..del] Read 1 assembly operation matrix from `_pdbx_struct_oper_list`     
table.                                                                          
[depth..del] Read 1 assembly from `_pdbx_struct_assembly_gen` table.            
[depth..del] Internal Ligand RMSD: ligand chain 1 (B, component 01) = 6.028 Å (1
automorphisms, 1 nodes explored)                                                
[depth..del] Ligand bisyRMSD: ligand chain 1 (B, component 01) = 2.967 Å        
[depth..del] Using bounds matrix reference for component 01                     
[depth..del] Using bounds matrix reference for component 01                     
[depth..del] Read 22 components from `_chem_comp` block.                        
[depth..del] Read 3 entities from `_entity` table.                              
[depth..del] Read 1 polymer type from `_entity_poly` table.                     
[depth..del] Read 1 entities with a total of 225 residues from                  
`_entity_poly_seq` block.                                                       
[depth..del] Read 3 chains from `_struct_asym` table.                           
[depth..del] Read 1 assembly operation matrix from `_pdbx_struct_oper_list`     
table.                                                                          
[depth..del] Read 1 assembly from `_pdbx_struct_assembly_gen` table.            
[depth..del] Read 22 components from `_chem_comp` block.                        
[depth..del] Read 1837 atoms from `_atom_site` table.                           
[depth..del] Identified 256 resolved residue(s) from `_atom_site` table.        
[depth..del] Parsed molecule with 1900 atoms (1837 resolved), 1902 bonds, 262   
residues, and 3 chains.                                                         
[depth..del] Read 2 entities from `_entity` table.                              
[depth..del] Read 1 polymer type from `_entity_poly` table.                     
[depth..del] Read 1 non-polymer entity from `_pdbx_entity_nonpoly` table.       
[depth..del] Read 1 entities with a total of 243 residues from                  
`_entity_poly_seq` block.                                                       
[depth..del] Read 1 chain with a total of 243 residues from                     
`_pdbx_poly_seq_scheme` table.                                                  
[depth..del] Read 1 chain with a total of 1 residues from `_pdbx_nonpoly_scheme`
table.                                                                          
[depth..del] Read 2 chains from `_struct_asym` table.                           
[depth..del] Read 21 components from `_chem_comp` block.                        
[depth..del] Read 31 atoms from `_chem_comp_atom` block.                        
[depth..del] Read 2017 atoms from `_atom_site` table.                           
[depth..del] Internal Ligand RMSD: ligand chain 1 (B, component 01) = 5.596 Å (1
automorphisms, 1 nodes explored)                                                
[depth..del] Ligand bisyRMSD: ligand chain 1 (B, component 01) = 13.294 Å       
[depth..del] Read 1837 atoms from `_atom_site` table.                           
[depth..del] Identified 244 resolved residue(s) from `_atom_site` table.        
[depth..del] Identified 256 resolved residue(s) from `_atom_site` table.        
[depth..del] Parsed molecule with 2018 atoms (2017 resolved), 2064 bonds, 244   
residues, and 2 chains.                                                         
[depth..del] Using bounds matrix reference for component 01                     
[depth..del] Parsed molecule with 1900 atoms (1837 resolved), 1902 bonds, 262   
residues, and 3 chains.                                                         
[depth..del] Using bounds matrix reference for component 01                     
[depth..del] Read 2 entities from `_entity` table.                              
[depth..del] Read 1 polymer type from `_entity_poly` table.                     
[depth..del] Read 1 non-polymer entity from `_pdbx_entity_nonpoly` table.       
[depth..del] Read 1 entities with a total of 243 residues from                  
`_entity_poly_seq` block.                                                       
[depth..del] Read 1 chain with a total of 243 residues from                     
`_pdbx_poly_seq_scheme` table.                                                  
[depth..del] Read 1 chain with a total of 1 residues from `_pdbx_nonpoly_scheme`
table.                                                                          
[depth..del] Read 2 chains from `_struct_asym` table.                           
[depth..del] Read 21 components from `_chem_comp` block.                        
[depth..del] Read 31 atoms from `_chem_comp_atom` block.                        
[depth..del] Read 2017 atoms from `_atom_site` table.                           
[depth..del] Identified 244 resolved residue(s) from `_atom_site` table.        
[depth..del] Read 3 entities from `_entity` table.                              
[depth..del] Read 1 polymer type from `_entity_poly` table.                     
[depth..del] Read 1 entities with a total of 225 residues from                  
`_entity_poly_seq` block.                                                       
[depth..del] Read 3 chains from `_struct_asym` table.                           
[depth..del] Read 1 assembly operation matrix from `_pdbx_struct_oper_list`     
table.                                                                          
[depth..del] Read 1 assembly from `_pdbx_struct_assembly_gen` table.            
[depth..del] Read 22 components from `_chem_comp` block.                        
[depth..del] Parsed molecule with 2018 atoms (2017 resolved), 2064 bonds, 244   
residues, and 2 chains.                                                         
[depth..del] Read 1837 atoms from `_atom_site` table.                           
[depth..del] Internal Ligand RMSD: ligand chain 1 (B, component 01) = 5.891 Å (1
automorphisms, 1 nodes explored)                                                
[depth..del] Ligand bisyRMSD: ligand chain 1 (B, component 01) = 13.949 Å       
[depth..del] Using bounds matrix reference for component 01                     
[depth..del] Using bounds matrix reference for component 01                     
[depth..del] Read 3 entities from `_entity` table.                              
[depth..del] Read 1 polymer type from `_entity_poly` table.                     
[depth..del] Read 1 entities with a total of 225 residues from                  
`_entity_poly_seq` block.                                                       
[depth..del] Read 3 chains from `_struct_asym` table.                           
[depth..del] Read 1 assembly operation matrix from `_pdbx_struct_oper_list`     
table.                                                                          
[depth..del] Read 1 assembly from `_pdbx_struct_assembly_gen` table.            
[depth..del] Read 22 components from `_chem_comp` block.                        
[depth..del] Identified 256 resolved residue(s) from `_atom_site` table.        
[depth..del] Read 3 entities from `_entity` table.                              
[depth..del] Read 1 polymer type from `_entity_poly` table.                     
[depth..del] Read 1 entities with a total of 225 residues from                  
`_entity_poly_seq` block.                                                       
[depth..del] Read 3 chains from `_struct_asym` table.                           
[depth..del] Read 1 assembly operation matrix from `_pdbx_struct_oper_list`     
table.                                                                          
[depth..del] Read 1 assembly from `_pdbx_struct_assembly_gen` table.            
[depth..del] Read 22 components from `_chem_comp` block.                        
[depth..del] Parsed molecule with 1900 atoms (1837 resolved), 1902 bonds, 262   
residues, and 3 chains.                                                         
[depth..del] Read 2 entities from `_entity` table.                              
[depth..del] Read 1 polymer type from `_entity_poly` table.                     
[depth..del] Read 1 non-polymer entity from `_pdbx_entity_nonpoly` table.       
[depth..del] Read 1837 atoms from `_atom_site` table.                           
[depth..del] Read 1 entities with a total of 243 residues from                  
`_entity_poly_seq` block.                                                       
[depth..del] Identified 256 resolved residue(s) from `_atom_site` table.        
[depth..del] Read 1 chain with a total of 243 residues from                     
`_pdbx_poly_seq_scheme` table.                                                  
[depth..del] Read 1 chain with a total of 1 residues from `_pdbx_nonpoly_scheme`
table.                                                                          
[depth..del] Read 2 chains from `_struct_asym` table.                           
[depth..del] Read 21 components from `_chem_comp` block.                        
[depth..del] Read 31 atoms from `_chem_comp_atom` block.                        
[depth..del] Parsed molecule with 1900 atoms (1837 resolved), 1902 bonds, 262   
residues, and 3 chains.                                                         
[depth..del] Read 1837 atoms from `_atom_site` table.                           
[depth..del] Read 2 entities from `_entity` table.                              
[depth..del] Read 1 polymer type from `_entity_poly` table.                     
[depth..del] Read 1 non-polymer entity from `_pdbx_entity_nonpoly` table.       
[depth..del] Identified 256 resolved residue(s) from `_atom_site` table.        
[depth..del] Read 1 entities with a total of 243 residues from                  
`_entity_poly_seq` block.                                                       
[depth..del] Read 1 chain with a total of 243 residues from                     
`_pdbx_poly_seq_scheme` table.                                                  
[depth..del] Read 1 chain with a total of 1 residues from `_pdbx_nonpoly_scheme`
table.                                                                          
[depth..del] Read 2 chains from `_struct_asym` table.                           
[depth..del] Read 21 components from `_chem_comp` block.                        
[depth..del] Read 31 atoms from `_chem_comp_atom` block.                        
[depth..del] Parsed molecule with 1900 atoms (1837 resolved), 1902 bonds, 262   
residues, and 3 chains.                                                         
[depth..del] Read 2 entities from `_entity` table.                              
[depth..del] Read 1 polymer type from `_entity_poly` table.                     
[depth..del] Read 1 non-polymer entity from `_pdbx_entity_nonpoly` table.       
[depth..del] Read 1 entities with a total of 243 residues from                  
`_entity_poly_seq` block.                                                       
[depth..del] Read 1 chain with a total of 243 residues from                     
`_pdbx_poly_seq_scheme` table.                                                  
[depth..del] Read 1 chain with a total of 1 residues from `_pdbx_nonpoly_scheme`
table.                                                                          
[depth..del] Read 2 chains from `_struct_asym` table.                           
[depth..del] Read 21 components from `_chem_comp` block.                        
[depth..del] Read 2017 atoms from `_atom_site` table.                           
[depth..del] Read 3 entities from `_entity` table.                              
[depth..del] Read 1 polymer type from `_entity_poly` table.                     
[depth..del] Read 1 entities with a total of 225 residues from                  
`_entity_poly_seq` block.                                                       
[depth..del] Read 3 chains from `_struct_asym` table.                           
[depth..del] Read 31 atoms from `_chem_comp_atom` block.                        
[depth..del] Read 1 assembly operation matrix from `_pdbx_struct_oper_list`     
table.                                                                          
[depth..del] Read 1 assembly from `_pdbx_struct_assembly_gen` table.            
[depth..del] Read 22 components from `_chem_comp` block.                        
[depth..del] Identified 244 resolved residue(s) from `_atom_site` table.        
[depth..del] Read 1837 atoms from `_atom_site` table.                           
[depth..del] Parsed molecule with 2018 atoms (2017 resolved), 2064 bonds, 244   
residues, and 2 chains.                                                         
[depth..del] Identified 256 resolved residue(s) from `_atom_site` table.        
[depth..del] Read 2017 atoms from `_atom_site` table.                           
[depth..del] Identified 244 resolved residue(s) from `_atom_site` table.        
[depth..del] Parsed molecule with 1900 atoms (1837 resolved), 1902 bonds, 262   
residues, and 3 chains.                                                         
[depth..del] Read 2017 atoms from `_atom_site` table.                           
[depth..del] Read 2 entities from `_entity` table.                              
[depth..del] Read 1 polymer type from `_entity_poly` table.                     
[depth..del] Read 1 non-polymer entity from `_pdbx_entity_nonpoly` table.       
[depth..del] Read 1 entities with a total of 243 residues from                  
`_entity_poly_seq` block.                                                       
[depth..del] Read 1 chain with a total of 243 residues from                     
`_pdbx_poly_seq_scheme` table.                                                  
[depth..del] Read 1 chain with a total of 1 residues from `_pdbx_nonpoly_scheme`
table.                                                                          
[depth..del] Read 2 chains from `_struct_asym` table.                           
[depth..del] Read 21 components from `_chem_comp` block.                        
[depth..del] Read 31 atoms from `_chem_comp_atom` block.                        
[depth..del] Identified 244 resolved residue(s) from `_atom_site` table.        
[depth..del] Parsed molecule with 2018 atoms (2017 resolved), 2064 bonds, 244   
residues, and 2 chains.                                                         
[depth..del] Read 2017 atoms from `_atom_site` table.                           
[depth..del] Identified 244 resolved residue(s) from `_atom_site` table.        
[depth..del] Parsed molecule with 2018 atoms (2017 resolved), 2064 bonds, 244   
residues, and 2 chains.                                                         
[depth..del] Parsed molecule with 2018 atoms (2017 resolved), 2064 bonds, 244   
residues, and 2 chains.                                                         
[depth..del] Internal Ligand RMSD: ligand chain 1 (B, component 01) = 6.012 Å (1
automorphisms, 1 nodes explored)                                                
[depth..del] Ligand bisyRMSD: ligand chain 1 (B, component 01) = 2.316 Å        
[depth..del] Using bounds matrix reference for component 01                     
[depth..del] Using bounds matrix reference for component 01                     
[depth..del] Internal Ligand RMSD: ligand chain 1 (B, component 01) = 6.069 Å (1
automorphisms, 1 nodes explored)                                                
[depth..del] Ligand bisyRMSD: ligand chain 1 (B, component 01) = 26.264 Å       
[depth..del] Using bounds matrix reference for component 01                     
[depth..del] Using bounds matrix reference for component 01                     
[depth..del] Internal Ligand RMSD: ligand chain 1 (B, component 01) = 6.045 Å (1
automorphisms, 1 nodes explored)                                                
[depth..del] Ligand bisyRMSD: ligand chain 1 (B, component 01) = 2.110 Å        
[depth..del] Internal Ligand RMSD: ligand chain 1 (B, component 01) = 6.030 Å (1
automorphisms, 1 nodes explored)                                                
[depth..del] Ligand bisyRMSD: ligand chain 1 (B, component 01) = 2.227 Å        
[depth..del] Using bounds matrix reference for component 01                     
[depth..del] Using bounds matrix reference for component 01                     
[depth..del] Using bounds matrix reference for component 01                     
[depth..del] Read 3 entities from `_entity` table.                              
[depth..del] Read 1 polymer type from `_entity_poly` table.                     
[depth..del] Read 1 entities with a total of 225 residues from                  
`_entity_poly_seq` block.                                                       
[depth..del] Read 3 chains from `_struct_asym` table.                           
[depth..del] Read 1 assembly operation matrix from `_pdbx_struct_oper_list`     
table.                                                                          
[depth..del] Read 1 assembly from `_pdbx_struct_assembly_gen` table.            
[depth..del] Internal Ligand RMSD: ligand chain 1 (B, component 01) = 6.106 Å (1
automorphisms, 1 nodes explored)                                                
[depth..del] Read 22 components from `_chem_comp` block.                        
[depth..del] Ligand bisyRMSD: ligand chain 1 (B, component 01) = 15.042 Å       
[depth..del] Using bounds matrix reference for component 01                     
[depth..del] Using bounds matrix reference for component 01                     
[depth..del] Using bounds matrix reference for component 01                     
[depth..del] Read 1837 atoms from `_atom_site` table.                           
[depth..del] Identified 256 resolved residue(s) from `_atom_site` table.        
[depth..del] Internal Ligand RMSD: ligand chain 1 (B, component 01) = 6.024 Å (1
automorphisms, 1 nodes explored)                                                
[depth..del] Ligand bisyRMSD: ligand chain 1 (B, component 01) = 2.334 Å        
[depth..del] Using bounds matrix reference for component 01                     
[depth..del] Parsed molecule with 1900 atoms (1837 resolved), 1902 bonds, 262   
residues, and 3 chains.                                                         
[depth..del] Read 2 entities from `_entity` table.                              
[depth..del] Read 1 polymer type from `_entity_poly` table.                     
[depth..del] Read 1 non-polymer entity from `_pdbx_entity_nonpoly` table.       
[depth..del] Read 1 entities with a total of 243 residues from                  
`_entity_poly_seq` block.                                                       
[depth..del] Read 1 chain with a total of 243 residues from                     
`_pdbx_poly_seq_scheme` table.                                                  
[depth..del] Read 1 chain with a total of 1 residues from `_pdbx_nonpoly_scheme`
table.                                                                          
[depth..del] Read 2 chains from `_struct_asym` table.                           
[depth..del] Read 21 components from `_chem_comp` block.                        
[depth..del] Read 31 atoms from `_chem_comp_atom` block.                        
[depth..del] Using bounds matrix reference for component 01                     
[depth..del] Read 2017 atoms from `_atom_site` table.                           
[depth..del] Identified 244 resolved residue(s) from `_atom_site` table.        
[depth..del] Parsed molecule with 2018 atoms (2017 resolved), 2064 bonds, 244   
residues, and 2 chains.                                                         
[depth..del] Read 3 entities from `_entity` table.                              
[depth..del] Read 1 polymer type from `_entity_poly` table.                     
[depth..del] Read 1 entities with a total of 225 residues from                  
`_entity_poly_seq` block.                                                       
[depth..del] Read 3 chains from `_struct_asym` table.                           
[depth..del] Read 1 assembly operation matrix from `_pdbx_struct_oper_list`     
table.                                                                          
[depth..del] Read 1 assembly from `_pdbx_struct_assembly_gen` table.            
[depth..del] Read 3 entities from `_entity` table.                              
[depth..del] Read 1 polymer type from `_entity_poly` table.                     
[depth..del] Read 22 components from `_chem_comp` block.                        
[depth..del] Read 1 entities with a total of 225 residues from                  
`_entity_poly_seq` block.                                                       
[depth..del] Read 3 chains from `_struct_asym` table.                           
[depth..del] Read 1 assembly operation matrix from `_pdbx_struct_oper_list`     
table.                                                                          
[depth..del] Read 1 assembly from `_pdbx_struct_assembly_gen` table.            
[depth..del] Read 22 components from `_chem_comp` block.                        
[depth..del] Read 1837 atoms from `_atom_site` table.                           
[depth..del] Identified 256 resolved residue(s) from `_atom_site` table.        
[depth..del] Parsed molecule with 1900 atoms (1837 resolved), 1902 bonds, 262   
residues, and 3 chains.                                                         
[depth..del] Read 2 entities from `_entity` table.                              
[depth..del] Read 1 polymer type from `_entity_poly` table.                     
[depth..del] Read 1 non-polymer entity from `_pdbx_entity_nonpoly` table.       
[depth..del] Read 1 entities with a total of 243 residues from                  
`_entity_poly_seq` block.                                                       
[depth..del] Read 1 chain with a total of 243 residues from                     
`_pdbx_poly_seq_scheme` table.                                                  
[depth..del] Read 1 chain with a total of 1 residues from `_pdbx_nonpoly_scheme`
table.                                                                          
[depth..del] Read 2 chains from `_struct_asym` table.                           
[depth..del] Read 21 components from `_chem_comp` block.                        
[depth..del] Read 31 atoms from `_chem_comp_atom` block.                        
[depth..del] Read 2017 atoms from `_atom_site` table.                           
[depth..del] Read 1837 atoms from `_atom_site` table.                           
[depth..del] Internal Ligand RMSD: ligand chain 1 (B, component 01) = 6.078 Å (1
automorphisms, 1 nodes explored)                                                
[depth..del] Ligand bisyRMSD: ligand chain 1 (B, component 01) = 4.121 Å        
[depth..del] Using bounds matrix reference for component 01                     
[depth..del] Identified 256 resolved residue(s) from `_atom_site` table.        
[depth..del] Using bounds matrix reference for component 01                     
[depth..del] Identified 244 resolved residue(s) from `_atom_site` table.        
[depth..del] Parsed molecule with 1900 atoms (1837 resolved), 1902 bonds, 262   
residues, and 3 chains.                                                         
[depth..del] Read 2 entities from `_entity` table.                              
[depth..del] Read 1 polymer type from `_entity_poly` table.                     
[depth..del] Read 1 non-polymer entity from `_pdbx_entity_nonpoly` table.       
[depth..del] Read 1 entities with a total of 243 residues from                  
`_entity_poly_seq` block.                                                       
[depth..del] Read 1 chain with a total of 243 residues from                     
`_pdbx_poly_seq_scheme` table.                                                  
[depth..del] Read 1 chain with a total of 1 residues from `_pdbx_nonpoly_scheme`
table.                                                                          
[depth..del] Read 2 chains from `_struct_asym` table.                           
[depth..del] Read 21 components from `_chem_comp` block.                        
[depth..del] Read 31 atoms from `_chem_comp_atom` block.                        
[depth..del] Parsed molecule with 2018 atoms (2017 resolved), 2064 bonds, 244   
residues, and 2 chains.                                                         
[depth..del] Read 2017 atoms from `_atom_site` table.                           
[depth..del] Identified 244 resolved residue(s) from `_atom_site` table.        
[depth..del] Read 3 entities from `_entity` table.                              
[depth..del] Read 1 polymer type from `_entity_poly` table.                     
[depth..del] Parsed molecule with 2018 atoms (2017 resolved), 2064 bonds, 244   
residues, and 2 chains.                                                         
[depth..del] Read 1 entities with a total of 225 residues from                  
`_entity_poly_seq` block.                                                       
[depth..del] Read 3 chains from `_struct_asym` table.                           
[depth..del] Read 1 assembly operation matrix from `_pdbx_struct_oper_list`     
table.                                                                          
[depth..del] Read 1 assembly from `_pdbx_struct_assembly_gen` table.            
[depth..del] Read 22 components from `_chem_comp` block.                        
[depth..del] Read 3 entities from `_entity` table.                              
[depth..del] Read 1 polymer type from `_entity_poly` table.                     
[depth..del] Read 1 entities with a total of 225 residues from                  
`_entity_poly_seq` block.                                                       
[depth..del] Read 3 chains from `_struct_asym` table.                           
[depth..del] Read 1 assembly operation matrix from `_pdbx_struct_oper_list`     
table.                                                                          
[depth..del] Read 1 assembly from `_pdbx_struct_assembly_gen` table.            
[depth..del] Read 22 components from `_chem_comp` block.                        
[depth..del] Read 1837 atoms from `_atom_site` table.                           
[depth..del] Read 1837 atoms from `_atom_site` table.                           
[depth..del] Identified 256 resolved residue(s) from `_atom_site` table.        
[depth..del] Identified 256 resolved residue(s) from `_atom_site` table.        
[depth..del] Parsed molecule with 1900 atoms (1837 resolved), 1902 bonds, 262   
residues, and 3 chains.                                                         
[depth..del] Read 2 entities from `_entity` table.                              
[depth..del] Read 1 polymer type from `_entity_poly` table.                     
[depth..del] Read 1 non-polymer entity from `_pdbx_entity_nonpoly` table.       
[depth..del] Read 1 entities with a total of 243 residues from                  
`_entity_poly_seq` block.                                                       
[depth..del] Read 1 chain with a total of 243 residues from                     
`_pdbx_poly_seq_scheme` table.                                                  
[depth..del] Read 1 chain with a total of 1 residues from `_pdbx_nonpoly_scheme`
table.                                                                          
[depth..del] Read 2 chains from `_struct_asym` table.                           
[depth..del] Read 21 components from `_chem_comp` block.                        
[depth..del] Read 31 atoms from `_chem_comp_atom` block.                        
[depth..del] Parsed molecule with 1900 atoms (1837 resolved), 1902 bonds, 262   
residues, and 3 chains.                                                         
[depth..del] Read 2 entities from `_entity` table.                              
[depth..del] Read 1 polymer type from `_entity_poly` table.                     
[depth..del] Read 1 non-polymer entity from `_pdbx_entity_nonpoly` table.       
[depth..del] Read 1 entities with a total of 243 residues from                  
`_entity_poly_seq` block.                                                       
[depth..del] Read 1 chain with a total of 243 residues from                     
`_pdbx_poly_seq_scheme` table.                                                  
[depth..del] Read 1 chain with a total of 1 residues from `_pdbx_nonpoly_scheme`
table.                                                                          
[depth..del] Read 2 chains from `_struct_asym` table.                           
[depth..del] Read 21 components from `_chem_comp` block.                        
[depth..del] Read 31 atoms from `_chem_comp_atom` block.                        
[depth..del] Read 3 entities from `_entity` table.                              
[depth..del] Read 1 polymer type from `_entity_poly` table.                     
[depth..del] Read 1 entities with a total of 225 residues from                  
`_entity_poly_seq` block.                                                       
[depth..del] Read 3 chains from `_struct_asym` table.                           
[depth..del] Read 1 assembly operation matrix from `_pdbx_struct_oper_list`     
table.                                                                          
[depth..del] Read 1 assembly from `_pdbx_struct_assembly_gen` table.            
[depth..del] Read 22 components from `_chem_comp` block.                        
[depth..del] Read 3 entities from `_entity` table.                              
[depth..del] Read 1 polymer type from `_entity_poly` table.                     
[depth..del] Read 1 entities with a total of 225 residues from                  
`_entity_poly_seq` block.                                                       
[depth..del] Read 3 chains from `_struct_asym` table.                           
[depth..del] Read 1 assembly operation matrix from `_pdbx_struct_oper_list`     
table.                                                                          
[depth..del] Read 1 assembly from `_pdbx_struct_assembly_gen` table.            
[depth..del] Read 22 components from `_chem_comp` block.                        
[depth..del] Read 2017 atoms from `_atom_site` table.                           
[depth..del] Internal Ligand RMSD: ligand chain 1 (B, component 01) = 6.107 Å (1
automorphisms, 1 nodes explored)                                                
[depth..del] Identified 244 resolved residue(s) from `_atom_site` table.        
[depth..del] Ligand bisyRMSD: ligand chain 1 (B, component 01) = 6.904 Å        
[depth..del] Read 2017 atoms from `_atom_site` table.                           
[depth..del] Identified 244 resolved residue(s) from `_atom_site` table.        
[depth..del] Using bounds matrix reference for component 01                     
[depth..del] Parsed molecule with 2018 atoms (2017 resolved), 2064 bonds, 244   
residues, and 2 chains.                                                         
[depth..del] Parsed molecule with 2018 atoms (2017 resolved), 2064 bonds, 244   
residues, and 2 chains.                                                         
[depth..del] Using bounds matrix reference for component 01                     
[depth..del] Read 1837 atoms from `_atom_site` table.                           
[depth..del] Read 3 entities from `_entity` table.                              
[depth..del] Read 1 polymer type from `_entity_poly` table.                     
[depth..del] Identified 256 resolved residue(s) from `_atom_site` table.        
[depth..del] Read 1 entities with a total of 225 residues from                  
`_entity_poly_seq` block.                                                       
[depth..del] Read 3 chains from `_struct_asym` table.                           
[depth..del] Read 1 assembly operation matrix from `_pdbx_struct_oper_list`     
table.                                                                          
[depth..del] Read 1 assembly from `_pdbx_struct_assembly_gen` table.            
[depth..del] Read 22 components from `_chem_comp` block.                        
[depth..del] Read 1837 atoms from `_atom_site` table.                           
[depth..del] Identified 256 resolved residue(s) from `_atom_site` table.        
[depth..del] Internal Ligand RMSD: ligand chain 1 (B, component 01) = 6.177 Å (1
automorphisms, 1 nodes explored)                                                
[depth..del] Ligand bisyRMSD: ligand chain 1 (B, component 01) = 2.424 Å        
[depth..del] Using bounds matrix reference for component 01                     
[depth..del] Using bounds matrix reference for component 01                     
[depth..del] Read 1837 atoms from `_atom_site` table.                           
[depth..del] Parsed molecule with 1900 atoms (1837 resolved), 1902 bonds, 262   
residues, and 3 chains.                                                         
[depth..del] Identified 256 resolved residue(s) from `_atom_site` table.        
[depth..del] Read 2 entities from `_entity` table.                              
[depth..del] Read 1 polymer type from `_entity_poly` table.                     
[depth..del] Parsed molecule with 1900 atoms (1837 resolved), 1902 bonds, 262   
residues, and 3 chains.                                                         
[depth..del] Read 1 non-polymer entity from `_pdbx_entity_nonpoly` table.       
[depth..del] Read 1 entities with a total of 243 residues from                  
`_entity_poly_seq` block.                                                       
[depth..del] Read 1 chain with a total of 243 residues from                     
`_pdbx_poly_seq_scheme` table.                                                  
[depth..del] Read 1 chain with a total of 1 residues from `_pdbx_nonpoly_scheme`
table.                                                                          
[depth..del] Read 2 chains from `_struct_asym` table.                           
[depth..del] Read 21 components from `_chem_comp` block.                        
[depth..del] Read 31 atoms from `_chem_comp_atom` block.                        
[depth..del] Read 2 entities from `_entity` table.                              
[depth..del] Read 1 polymer type from `_entity_poly` table.                     
[depth..del] Read 1 non-polymer entity from `_pdbx_entity_nonpoly` table.       
[depth..del] Parsed molecule with 1900 atoms (1837 resolved), 1902 bonds, 262   
residues, and 3 chains.                                                         
[depth..del] Read 2 entities from `_entity` table.                              
[depth..del] Read 1 polymer type from `_entity_poly` table.                     
[depth..del] Read 1 non-polymer entity from `_pdbx_entity_nonpoly` table.       
[depth..del] Read 1 entities with a total of 243 residues from                  
`_entity_poly_seq` block.                                                       
[depth..del] Read 1 chain with a total of 243 residues from                     
`_pdbx_poly_seq_scheme` table.                                                  
[depth..del] Read 1 entities with a total of 243 residues from                  
`_entity_poly_seq` block.                                                       
[depth..del] Read 1 chain with a total of 1 residues from `_pdbx_nonpoly_scheme`
table.                                                                          
[depth..del] Read 2 chains from `_struct_asym` table.                           
[depth..del] Read 21 components from `_chem_comp` block.                        
[depth..del] Read 31 atoms from `_chem_comp_atom` block.                        
[depth..del] Read 1 chain with a total of 243 residues from                     
`_pdbx_poly_seq_scheme` table.                                                  
[depth..del] Read 1 chain with a total of 1 residues from `_pdbx_nonpoly_scheme`
table.                                                                          
[depth..del] Read 2 chains from `_struct_asym` table.                           
[depth..del] Read 21 components from `_chem_comp` block.                        
[depth..del] Read 31 atoms from `_chem_comp_atom` block.                        
[depth..del] Read 2017 atoms from `_atom_site` table.                           
[depth..del] Identified 244 resolved residue(s) from `_atom_site` table.        
[depth..del] Parsed molecule with 2018 atoms (2017 resolved), 2064 bonds, 244   
residues, and 2 chains.                                                         
[depth..del] Read 2017 atoms from `_atom_site` table.                           
[depth..del] Read 2017 atoms from `_atom_site` table.                           
[depth..del] Identified 244 resolved residue(s) from `_atom_site` table.        
[depth..del] Identified 244 resolved residue(s) from `_atom_site` table.        
[depth..del] Internal Ligand RMSD: ligand chain 1 (B, component 01) = 6.028 Å (1
automorphisms, 1 nodes explored)                                                
[depth..del] Ligand bisyRMSD: ligand chain 1 (B, component 01) = 2.375 Å        
[depth..del] Using bounds matrix reference for component 01                     
[depth..del] Parsed molecule with 2018 atoms (2017 resolved), 2064 bonds, 244   
residues, and 2 chains.                                                         
[depth..del] Parsed molecule with 2018 atoms (2017 resolved), 2064 bonds, 244   
residues, and 2 chains.                                                         
[depth..del] Using bounds matrix reference for component 01                     
[depth..del] Read 3 entities from `_entity` table.                              
[depth..del] Read 1 polymer type from `_entity_poly` table.                     
[depth..del] Read 1 entities with a total of 225 residues from                  
`_entity_poly_seq` block.                                                       
[depth..del] Read 3 chains from `_struct_asym` table.                           
[depth..del] Read 1 assembly operation matrix from `_pdbx_struct_oper_list`     
table.                                                                          
[depth..del] Read 1 assembly from `_pdbx_struct_assembly_gen` table.            
[depth..del] Read 22 components from `_chem_comp` block.                        
[depth..del] Read 1837 atoms from `_atom_site` table.                           
[depth..del] Identified 256 resolved residue(s) from `_atom_site` table.        
[depth..del] Internal Ligand RMSD: ligand chain 1 (B, component 01) = 6.172 Å (1
automorphisms, 1 nodes explored)                                                
[depth..del] Ligand bisyRMSD: ligand chain 1 (B, component 01) = 12.580 Å       
[depth..del] Parsed molecule with 1900 atoms (1837 resolved), 1902 bonds, 262   
residues, and 3 chains.                                                         
[depth..del] Using bounds matrix reference for component 01                     
[depth..del] Read 2 entities from `_entity` table.                              
[depth..del] Read 1 polymer type from `_entity_poly` table.                     
[depth..del] Read 1 non-polymer entity from `_pdbx_entity_nonpoly` table.       
[depth..del] Read 1 entities with a total of 243 residues from                  
`_entity_poly_seq` block.                                                       
[depth..del] Read 1 chain with a total of 243 residues from                     
`_pdbx_poly_seq_scheme` table.                                                  
[depth..del] Read 1 chain with a total of 1 residues from `_pdbx_nonpoly_scheme`
table.                                                                          
[depth..del] Read 2 chains from `_struct_asym` table.                           
[depth..del] Read 21 components from `_chem_comp` block.                        
[depth..del] Read 31 atoms from `_chem_comp_atom` block.                        
[depth..del] Using bounds matrix reference for component 01                     
[depth..del] Read 2017 atoms from `_atom_site` table.                           
[depth..del] Identified 244 resolved residue(s) from `_atom_site` table.        
[depth..del] Parsed molecule with 2018 atoms (2017 resolved), 2064 bonds, 244   
residues, and 2 chains.                                                         
[depth..del] Internal Ligand RMSD: ligand chain 1 (B, component 01) = 6.026 Å (1
automorphisms, 1 nodes explored)                                                
[depth..del] Read 3 entities from `_entity` table.                              
[depth..del] Read 1 polymer type from `_entity_poly` table.                     
[depth..del] Ligand bisyRMSD: ligand chain 1 (B, component 01) = 23.438 Å       
[depth..del] Read 1 entities with a total of 225 residues from                  
`_entity_poly_seq` block.                                                       
[depth..del] Read 3 chains from `_struct_asym` table.                           
[depth..del] Read 1 assembly operation matrix from `_pdbx_struct_oper_list`     
table.                                                                          
[depth..del] Read 1 assembly from `_pdbx_struct_assembly_gen` table.            
[depth..del] Read 22 components from `_chem_comp` block.                        
[depth..del] Using bounds matrix reference for component 01                     
[depth..del] Using bounds matrix reference for component 01                     
[depth..del] Read 1837 atoms from `_atom_site` table.                           
[depth..del] Identified 256 resolved residue(s) from `_atom_site` table.        
[depth..del] Parsed molecule with 1900 atoms (1837 resolved), 1902 bonds, 262   
residues, and 3 chains.                                                         
[depth..del] Read 2 entities from `_entity` table.                              
[depth..del] Read 1 polymer type from `_entity_poly` table.                     
[depth..del] Read 1 non-polymer entity from `_pdbx_entity_nonpoly` table.       
[depth..del] Read 1 entities with a total of 243 residues from                  
`_entity_poly_seq` block.                                                       
[depth..del] Read 1 chain with a total of 243 residues from                     
`_pdbx_poly_seq_scheme` table.                                                  
[depth..del] Read 1 chain with a total of 1 residues from `_pdbx_nonpoly_scheme`
table.                                                                          
[depth..del] Read 2 chains from `_struct_asym` table.                           
[depth..del] Read 21 components from `_chem_comp` block.                        
[depth..del] Read 31 atoms from `_chem_comp_atom` block.                        
[depth..del] Internal Ligand RMSD: ligand chain 1 (B, component 01) = 5.951 Å (1
automorphisms, 1 nodes explored)                                                
[depth..del] Ligand bisyRMSD: ligand chain 1 (B, component 01) = 4.856 Å        
[depth..del] Using bounds matrix reference for component 01                     
[depth..del] Read 2017 atoms from `_atom_site` table.                           
[depth..del] Identified 244 resolved residue(s) from `_atom_site` table.        
[depth..del] Using bounds matrix reference for component 01                     
[depth..del] Parsed molecule with 2018 atoms (2017 resolved), 2064 bonds, 244   
residues, and 2 chains.                                                         
[depth..del] Read 3 entities from `_entity` table.                              
[depth..del] Read 1 polymer type from `_entity_poly` table.                     
[depth..del] Read 1 entities with a total of 225 residues from                  
`_entity_poly_seq` block.                                                       
[depth..del] Read 3 chains from `_struct_asym` table.                           
[depth..del] Read 1 assembly operation matrix from `_pdbx_struct_oper_list`     
table.                                                                          
[depth..del] Read 1 assembly from `_pdbx_struct_assembly_gen` table.            
[depth..del] Read 22 components from `_chem_comp` block.                        
[depth..del] Read 1837 atoms from `_atom_site` table.                           
[depth..del] Internal Ligand RMSD: ligand chain 1 (B, component 01) = 5.884 Å (1
automorphisms, 1 nodes explored)                                                
[depth..del] Identified 256 resolved residue(s) from `_atom_site` table.        
[depth..del] Ligand bisyRMSD: ligand chain 1 (B, component 01) = 20.716 Å       
[depth..del] Using bounds matrix reference for component 01                     
[depth..del] Using bounds matrix reference for component 01                     
[depth..del] Parsed molecule with 1900 atoms (1837 resolved), 1902 bonds, 262   
residues, and 3 chains.                                                         
[depth..del] Read 2 entities from `_entity` table.                              
[depth..del] Read 1 polymer type from `_entity_poly` table.                     
[depth..del] Read 1 non-polymer entity from `_pdbx_entity_nonpoly` table.       
[depth..del] Read 1 entities with a total of 243 residues from                  
`_entity_poly_seq` block.                                                       
[depth..del] Read 1 chain with a total of 243 residues from                     
`_pdbx_poly_seq_scheme` table.                                                  
[depth..del] Read 1 chain with a total of 1 residues from `_pdbx_nonpoly_scheme`
table.                                                                          
[depth..del] Read 2 chains from `_struct_asym` table.                           
[depth..del] Read 21 components from `_chem_comp` block.                        
[depth..del] Read 31 atoms from `_chem_comp_atom` block.                        
[depth..del] Read 3 entities from `_entity` table.                              
[depth..del] Read 1 polymer type from `_entity_poly` table.                     
[depth..del] Read 1 entities with a total of 225 residues from                  
`_entity_poly_seq` block.                                                       
[depth..del] Read 3 chains from `_struct_asym` table.                           
[depth..del] Read 1 assembly operation matrix from `_pdbx_struct_oper_list`     
table.                                                                          
[depth..del] Read 1 assembly from `_pdbx_struct_assembly_gen` table.            
[depth..del] Read 22 components from `_chem_comp` block.                        
[depth..del] Read 2017 atoms from `_atom_site` table.                           
[depth..del] Identified 244 resolved residue(s) from `_atom_site` table.        
[depth..del] Parsed molecule with 2018 atoms (2017 resolved), 2064 bonds, 244   
residues, and 2 chains.                                                         
[depth..del] Read 1837 atoms from `_atom_site` table.                           
[depth..del] Identified 256 resolved residue(s) from `_atom_site` table.        
[depth..del] Parsed molecule with 1900 atoms (1837 resolved), 1902 bonds, 262   
residues, and 3 chains.                                                         
[depth..del] Read 2 entities from `_entity` table.                              
[depth..del] Read 1 polymer type from `_entity_poly` table.                     
[depth..del] Read 1 non-polymer entity from `_pdbx_entity_nonpoly` table.       
[depth..del] Read 1 entities with a total of 243 residues from                  
`_entity_poly_seq` block.                                                       
[depth..del] Read 1 chain with a total of 243 residues from                     
`_pdbx_poly_seq_scheme` table.                                                  
[depth..del] Read 1 chain with a total of 1 residues from `_pdbx_nonpoly_scheme`
table.                                                                          
[depth..del] Read 2 chains from `_struct_asym` table.                           
[depth..del] Read 21 components from `_chem_comp` block.                        
[depth..del] Read 31 atoms from `_chem_comp_atom` block.                        
[depth..del] Read 2017 atoms from `_atom_site` table.                           
[depth..del] Read 3 entities from `_entity` table.                              
[depth..del] Read 1 polymer type from `_entity_poly` table.                     
[depth..del] Read 1 entities with a total of 225 residues from                  
`_entity_poly_seq` block.                                                       
[depth..del] Read 3 chains from `_struct_asym` table.                           
[depth..del] Read 1 assembly operation matrix from `_pdbx_struct_oper_list`     
table.                                                                          
[depth..del] Read 1 assembly from `_pdbx_struct_assembly_gen` table.            
[depth..del] Read 22 components from `_chem_comp` block.                        
[depth..del] Identified 244 resolved residue(s) from `_atom_site` table.        
[depth..del] Read 1837 atoms from `_atom_site` table.                           
[depth..del] Parsed molecule with 2018 atoms (2017 resolved), 2064 bonds, 244   
residues, and 2 chains.                                                         
[depth..del] Identified 256 resolved residue(s) from `_atom_site` table.        
[depth..del] Parsed molecule with 1900 atoms (1837 resolved), 1902 bonds, 262   
residues, and 3 chains.                                                         
[depth..del] Read 2 entities from `_entity` table.                              
[depth..del] Read 1 polymer type from `_entity_poly` table.                     
[depth..del] Read 1 non-polymer entity from `_pdbx_entity_nonpoly` table.       
[depth..del] Read 1 entities with a total of 243 residues from                  
`_entity_poly_seq` block.                                                       
[depth..del] Read 1 chain with a total of 243 residues from                     
`_pdbx_poly_seq_scheme` table.                                                  
[depth..del] Read 1 chain with a total of 1 residues from `_pdbx_nonpoly_scheme`
table.                                                                          
[depth..del] Read 2 chains from `_struct_asym` table.                           
[depth..del] Read 21 components from `_chem_comp` block.                        
[depth..del] Read 31 atoms from `_chem_comp_atom` block.                        
[depth..del] Internal Ligand RMSD: ligand chain 1 (B, component 01) = 5.949 Å (1
automorphisms, 1 nodes explored)                                                
[depth..del] Ligand bisyRMSD: ligand chain 1 (B, component 01) = 15.544 Å       
[depth..del] Read 2017 atoms from `_atom_site` table.                           
[depth..del] Internal Ligand RMSD: ligand chain 1 (B, component 01) = 6.008 Å (1
automorphisms, 1 nodes explored)                                                
[depth..del] Using bounds matrix reference for component 01                     
[depth..del] Identified 244 resolved residue(s) from `_atom_site` table.        
[depth..del] Ligand bisyRMSD: ligand chain 1 (B, component 01) = 2.438 Å        
[depth..del] Using bounds matrix reference for component 01                     
[depth..del] Using bounds matrix reference for component 01                     
[depth..del] Parsed molecule with 2018 atoms (2017 resolved), 2064 bonds, 244   
residues, and 2 chains.                                                         
[depth..del] Using bounds matrix reference for component 01                     
[depth..del] Read 3 entities from `_entity` table.                              
[depth..del] Read 1 polymer type from `_entity_poly` table.                     
[depth..del] Read 1 entities with a total of 225 residues from                  
`_entity_poly_seq` block.                                                       
[depth..del] Read 3 chains from `_struct_asym` table.                           
[depth..del] Read 1 assembly operation matrix from `_pdbx_struct_oper_list`     
table.                                                                          
[depth..del] Read 1 assembly from `_pdbx_struct_assembly_gen` table.            
[depth..del] Read 22 components from `_chem_comp` block.                        
[depth..del] Internal Ligand RMSD: ligand chain 1 (B, component 01) = 5.994 Å (1
automorphisms, 1 nodes explored)                                                
[depth..del] Ligand bisyRMSD: ligand chain 1 (B, component 01) = 2.322 Å        
[depth..del] Using bounds matrix reference for component 01                     
[depth..del] Using bounds matrix reference for component 01                     
[depth..del] Read 1837 atoms from `_atom_site` table.                           
[depth..del] Identified 256 resolved residue(s) from `_atom_site` table.        
[depth..del] Internal Ligand RMSD: ligand chain 1 (B, component 01) = 5.998 Å (1
automorphisms, 1 nodes explored)                                                
[depth..del] Ligand bisyRMSD: ligand chain 1 (B, component 01) = 26.580 Å       
[depth..del] Using bounds matrix reference for component 01                     
[depth..del] Using bounds matrix reference for component 01                     
[depth..del] Parsed molecule with 1900 atoms (1837 resolved), 1902 bonds, 262   
residues, and 3 chains.                                                         
[depth..del] Read 2 entities from `_entity` table.                              
[depth..del] Read 1 polymer type from `_entity_poly` table.                     
[depth..del] Read 1 non-polymer entity from `_pdbx_entity_nonpoly` table.       
[depth..del] Read 1 entities with a total of 243 residues from                  
`_entity_poly_seq` block.                                                       
[depth..del] Read 1 chain with a total of 243 residues from                     
`_pdbx_poly_seq_scheme` table.                                                  
[depth..del] Read 1 chain with a total of 1 residues from `_pdbx_nonpoly_scheme`
table.                                                                          
[depth..del] Read 2 chains from `_struct_asym` table.                           
[depth..del] Read 21 components from `_chem_comp` block.                        
[depth..del] Read 31 atoms from `_chem_comp_atom` block.                        
[depth..del] Internal Ligand RMSD: ligand chain 1 (B, component 01) = 5.883 Å (1
automorphisms, 1 nodes explored)                                                
[depth..del] Ligand bisyRMSD: ligand chain 1 (B, component 01) = 4.878 Å        
[depth..del] Using bounds matrix reference for component 01                     
[depth..del] Using bounds matrix reference for component 01                     
[depth..del] Read 2017 atoms from `_atom_site` table.                           
[depth..del] Identified 244 resolved residue(s) from `_atom_site` table.        
[depth..del] Parsed molecule with 2018 atoms (2017 resolved), 2064 bonds, 244   
residues, and 2 chains.                                                         
[depth..del] Read 3 entities from `_entity` table.                              
[depth..del] Read 1 polymer type from `_entity_poly` table.                     
[depth..del] Read 1 entities with a total of 225 residues from                  
`_entity_poly_seq` block.                                                       
[depth..del] Read 3 chains from `_struct_asym` table.                           
[depth..del] Read 1 assembly operation matrix from `_pdbx_struct_oper_list`     
table.                                                                          
[depth..del] Read 1 assembly from `_pdbx_struct_assembly_gen` table.            
[depth..del] Read 22 components from `_chem_comp` block.                        
[depth..del] Read 3 entities from `_entity` table.                              
[depth..del] Read 1 polymer type from `_entity_poly` table.                     
[depth..del] Read 1 entities with a total of 225 residues from                  
`_entity_poly_seq` block.                                                       
[depth..del] Read 3 chains from `_struct_asym` table.                           
[depth..del] Read 1 assembly operation matrix from `_pdbx_struct_oper_list`     
table.                                                                          
[depth..del] Read 1 assembly from `_pdbx_struct_assembly_gen` table.            
[depth..del] Read 22 components from `_chem_comp` block.                        
[depth..del] Read 1837 atoms from `_atom_site` table.                           
[depth..del] Identified 256 resolved residue(s) from `_atom_site` table.        
[depth..del] Parsed molecule with 1900 atoms (1837 resolved), 1902 bonds, 262   
residues, and 3 chains.                                                         
[depth..del] Read 2 entities from `_entity` table.                              
[depth..del] Read 1 polymer type from `_entity_poly` table.                     
[depth..del] Read 1 non-polymer entity from `_pdbx_entity_nonpoly` table.       
[depth..del] Read 1 entities with a total of 243 residues from                  
`_entity_poly_seq` block.                                                       
[depth..del] Read 1 chain with a total of 243 residues from                     
`_pdbx_poly_seq_scheme` table.                                                  
[depth..del] Read 1 chain with a total of 1 residues from `_pdbx_nonpoly_scheme`
table.                                                                          
[depth..del] Read 2 chains from `_struct_asym` table.                           
[depth..del] Read 21 components from `_chem_comp` block.                        
[depth..del] Read 31 atoms from `_chem_comp_atom` block.                        
[depth..del] Read 3 entities from `_entity` table.                              
[depth..del] Read 1 polymer type from `_entity_poly` table.                     
[depth..del] Read 2017 atoms from `_atom_site` table.                           
[depth..del] Read 1 entities with a total of 225 residues from                  
`_entity_poly_seq` block.                                                       
[depth..del] Read 3 chains from `_struct_asym` table.                           
[depth..del] Read 1 assembly operation matrix from `_pdbx_struct_oper_list`     
table.                                                                          
[depth..del] Read 1 assembly from `_pdbx_struct_assembly_gen` table.            
[depth..del] Read 22 components from `_chem_comp` block.                        
[depth..del] Identified 244 resolved residue(s) from `_atom_site` table.        
[depth..del] Read 1837 atoms from `_atom_site` table.                           
[depth..del] Identified 256 resolved residue(s) from `_atom_site` table.        
[depth..del] Parsed molecule with 2018 atoms (2017 resolved), 2064 bonds, 244   
residues, and 2 chains.                                                         
[depth..del] Read 1837 atoms from `_atom_site` table.                           
[depth..del] Parsed molecule with 1900 atoms (1837 resolved), 1902 bonds, 262   
residues, and 3 chains.                                                         
[depth..del] Read 2 entities from `_entity` table.                              
[depth..del] Read 1 polymer type from `_entity_poly` table.                     
[depth..del] Read 1 non-polymer entity from `_pdbx_entity_nonpoly` table.       
[depth..del] Read 1 entities with a total of 243 residues from                  
`_entity_poly_seq` block.                                                       
[depth..del] Read 1 chain with a total of 243 residues from                     
`_pdbx_poly_seq_scheme` table.                                                  
[depth..del] Read 1 chain with a total of 1 residues from `_pdbx_nonpoly_scheme`
table.                                                                          
[depth..del] Read 2 chains from `_struct_asym` table.                           
[depth..del] Read 21 components from `_chem_comp` block.                        
[depth..del] Identified 256 resolved residue(s) from `_atom_site` table.        
[depth..del] Read 31 atoms from `_chem_comp_atom` block.                        
[depth..del] Parsed molecule with 1900 atoms (1837 resolved), 1902 bonds, 262   
residues, and 3 chains.                                                         
[depth..del] Read 2 entities from `_entity` table.                              
[depth..del] Read 1 polymer type from `_entity_poly` table.                     
[depth..del] Read 1 non-polymer entity from `_pdbx_entity_nonpoly` table.       
[depth..del] Read 1 entities with a total of 243 residues from                  
`_entity_poly_seq` block.                                                       
[depth..del] Read 1 chain with a total of 243 residues from                     
`_pdbx_poly_seq_scheme` table.                                                  
[depth..del] Read 1 chain with a total of 1 residues from `_pdbx_nonpoly_scheme`
table.                                                                          
[depth..del] Read 2 chains from `_struct_asym` table.                           
[depth..del] Read 21 components from `_chem_comp` block.                        
[depth..del] Read 31 atoms from `_chem_comp_atom` block.                        
[depth..del] Read 2017 atoms from `_atom_site` table.                           
[depth..del] Read 2017 atoms from `_atom_site` table.                           
[depth..del] Read 3 entities from `_entity` table.                              
[depth..del] Read 1 polymer type from `_entity_poly` table.                     
[depth..del] Read 1 entities with a total of 225 residues from                  
`_entity_poly_seq` block.                                                       
[depth..del] Read 3 chains from `_struct_asym` table.                           
[depth..del] Read 1 assembly operation matrix from `_pdbx_struct_oper_list`     
table.                                                                          
[depth..del] Read 1 assembly from `_pdbx_struct_assembly_gen` table.            
[depth..del] Read 22 components from `_chem_comp` block.                        
[depth..del] Identified 244 resolved residue(s) from `_atom_site` table.        
[depth..del] Identified 244 resolved residue(s) from `_atom_site` table.        
[depth..del] Read 3 entities from `_entity` table.                              
[depth..del] Read 1 polymer type from `_entity_poly` table.                     
[depth..del] Read 1 entities with a total of 225 residues from                  
`_entity_poly_seq` block.                                                       
[depth..del] Read 3 chains from `_struct_asym` table.                           
[depth..del] Read 1 assembly operation matrix from `_pdbx_struct_oper_list`     
table.                                                                          
[depth..del] Read 1 assembly from `_pdbx_struct_assembly_gen` table.            
[depth..del] Read 22 components from `_chem_comp` block.                        
[depth..del] Parsed molecule with 2018 atoms (2017 resolved), 2064 bonds, 244   
residues, and 2 chains.                                                         
[depth..del] Parsed molecule with 2018 atoms (2017 resolved), 2064 bonds, 244   
residues, and 2 chains.                                                         
[depth..del] Internal Ligand RMSD: ligand chain 1 (B, component 01) = 6.139 Å (1
automorphisms, 1 nodes explored)                                                
[depth..del] Ligand bisyRMSD: ligand chain 1 (B, component 01) = 2.849 Å        
[depth..del] Using bounds matrix reference for component 01                     
[depth..del] Read 1837 atoms from `_atom_site` table.                           
[depth..del] Using bounds matrix reference for component 01                     
[depth..del] Identified 256 resolved residue(s) from `_atom_site` table.        
[depth..del] Internal Ligand RMSD: ligand chain 1 (B, component 01) = 5.609 Å (1
automorphisms, 1 nodes explored)                                                
[depth..del] Ligand bisyRMSD: ligand chain 1 (B, component 01) = 27.516 Å       
[depth..del] Using bounds matrix reference for component 01                     
[depth..del] Internal Ligand RMSD: ligand chain 1 (B, component 01) = 6.019 Å (1
automorphisms, 1 nodes explored)                                                
[depth..del] Ligand bisyRMSD: ligand chain 1 (B, component 01) = 2.329 Å        
[depth..del] Read 1837 atoms from `_atom_site` table.                           
[depth..del] Parsed molecule with 1900 atoms (1837 resolved), 1902 bonds, 262   
residues, and 3 chains.                                                         
[depth..del] Using bounds matrix reference for component 01                     
[depth..del] Read 2 entities from `_entity` table.                              
[depth..del] Identified 256 resolved residue(s) from `_atom_site` table.        
[depth..del] Read 1 polymer type from `_entity_poly` table.                     
[depth..del] Read 1 non-polymer entity from `_pdbx_entity_nonpoly` table.       
[depth..del] Read 1 entities with a total of 243 residues from                  
`_entity_poly_seq` block.                                                       
[depth..del] Using bounds matrix reference for component 01                     
[depth..del] Read 1 chain with a total of 243 residues from                     
`_pdbx_poly_seq_scheme` table.                                                  
[depth..del] Read 1 chain with a total of 1 residues from `_pdbx_nonpoly_scheme`
table.                                                                          
[depth..del] Read 2 chains from `_struct_asym` table.                           
[depth..del] Read 21 components from `_chem_comp` block.                        
[depth..del] Read 31 atoms from `_chem_comp_atom` block.                        
[depth..del] Using bounds matrix reference for component 01                     
[depth..del] Read 2017 atoms from `_atom_site` table.                           
[depth..del] Parsed molecule with 1900 atoms (1837 resolved), 1902 bonds, 262   
residues, and 3 chains.                                                         
[depth..del] Identified 244 resolved residue(s) from `_atom_site` table.        
[depth..del] Read 2 entities from `_entity` table.                              
[depth..del] Read 1 polymer type from `_entity_poly` table.                     
[depth..del] Read 1 non-polymer entity from `_pdbx_entity_nonpoly` table.       
[depth..del] Read 1 entities with a total of 243 residues from                  
`_entity_poly_seq` block.                                                       
[depth..del] Read 1 chain with a total of 243 residues from                     
`_pdbx_poly_seq_scheme` table.                                                  
[depth..del] Read 1 chain with a total of 1 residues from `_pdbx_nonpoly_scheme`
table.                                                                          
[depth..del] Read 2 chains from `_struct_asym` table.                           
[depth..del] Read 21 components from `_chem_comp` block.                        
[depth..del] Read 31 atoms from `_chem_comp_atom` block.                        
[depth..del] Parsed molecule with 2018 atoms (2017 resolved), 2064 bonds, 244   
residues, and 2 chains.                                                         
[depth..del] Read 2017 atoms from `_atom_site` table.                           
[depth..del] Identified 244 resolved residue(s) from `_atom_site` table.        
[depth..del] Parsed molecule with 2018 atoms (2017 resolved), 2064 bonds, 244   
residues, and 2 chains.                                                         
[depth..del] Read 3 entities from `_entity` table.                              
[depth..del] Read 1 polymer type from `_entity_poly` table.                     
[depth..del] Read 1 entities with a total of 225 residues from                  
`_entity_poly_seq` block.                                                       
[depth..del] Read 3 chains from `_struct_asym` table.                           
[depth..del] Read 1 assembly operation matrix from `_pdbx_struct_oper_list`     
table.                                                                          
[depth..del] Read 1 assembly from `_pdbx_struct_assembly_gen` table.            
[depth..del] Read 22 components from `_chem_comp` block.                        
[depth..del] Read 1837 atoms from `_atom_site` table.                           
[depth..del] Identified 256 resolved residue(s) from `_atom_site` table.        
[depth..del] Parsed molecule with 1900 atoms (1837 resolved), 1902 bonds, 262   
residues, and 3 chains.                                                         
[depth..del] Read 2 entities from `_entity` table.                              
[depth..del] Read 1 polymer type from `_entity_poly` table.                     
[depth..del] Read 1 non-polymer entity from `_pdbx_entity_nonpoly` table.       
[depth..del] Read 1 entities with a total of 243 residues from                  
`_entity_poly_seq` block.                                                       
[depth..del] Read 1 chain with a total of 243 residues from                     
`_pdbx_poly_seq_scheme` table.                                                  
[depth..del] Read 1 chain with a total of 1 residues from `_pdbx_nonpoly_scheme`
table.                                                                          
[depth..del] Read 2 chains from `_struct_asym` table.                           
[depth..del] Read 21 components from `_chem_comp` block.                        
[depth..del] Read 31 atoms from `_chem_comp_atom` block.                        
[depth..del] Read 2017 atoms from `_atom_site` table.                           
[depth..del] Identified 244 resolved residue(s) from `_atom_site` table.        
[depth..del] Parsed molecule with 2018 atoms (2017 resolved), 2064 bonds, 244   
residues, and 2 chains.                                                         
[depth..del] Internal Ligand RMSD: ligand chain 1 (B, component 01) = 5.788 Å (1
automorphisms, 1 nodes explored)                                                
[depth..del] Ligand bisyRMSD: ligand chain 1 (B, component 01) = 16.514 Å       
[depth..del] Using bounds matrix reference for component 01                     
[depth..del] Using bounds matrix reference for component 01                     
[depth..del] Read 3 entities from `_entity` table.                              
[depth..del] Read 1 polymer type from `_entity_poly` table.                     
[depth..del] Read 1 entities with a total of 225 residues from                  
`_entity_poly_seq` block.                                                       
[depth..del] Read 3 chains from `_struct_asym` table.                           
[depth..del] Read 1 assembly operation matrix from `_pdbx_struct_oper_list`     
table.                                                                          
[depth..del] Read 1 assembly from `_pdbx_struct_assembly_gen` table.            
[depth..del] Read 22 components from `_chem_comp` block.                        
[depth..del] Read 1837 atoms from `_atom_site` table.                           
[depth..del] Identified 256 resolved residue(s) from `_atom_site` table.        
[depth..del] Parsed molecule with 1900 atoms (1837 resolved), 1902 bonds, 262   
residues, and 3 chains.                                                         
[depth..del] Read 2 entities from `_entity` table.                              
[depth..del] Read 1 polymer type from `_entity_poly` table.                     
[depth..del] Read 1 non-polymer entity from `_pdbx_entity_nonpoly` table.       
[depth..del] Read 1 entities with a total of 243 residues from                  
`_entity_poly_seq` block.                                                       
[depth..del] Read 1 chain with a total of 243 residues from                     
`_pdbx_poly_seq_scheme` table.                                                  
[depth..del] Read 1 chain with a total of 1 residues from `_pdbx_nonpoly_scheme`
table.                                                                          
[depth..del] Read 2 chains from `_struct_asym` table.                           
[depth..del] Read 21 components from `_chem_comp` block.                        
[depth..del] Read 31 atoms from `_chem_comp_atom` block.                        
[depth..del] Read 2017 atoms from `_atom_site` table.                           
[depth..del] Identified 244 resolved residue(s) from `_atom_site` table.        
[depth..del] Parsed molecule with 2018 atoms (2017 resolved), 2064 bonds, 244   
residues, and 2 chains.                                                         
[depth..del] Internal Ligand RMSD: ligand chain 1 (B, component 01) = 6.113 Å (1
automorphisms, 1 nodes explored)                                                
[depth..del] Ligand bisyRMSD: ligand chain 1 (B, component 01) = 6.044 Å        
[depth..del] Using bounds matrix reference for component 01                     
[depth..del] Using bounds matrix reference for component 01                     
[depth..del] Read 3 entities from `_entity` table.                              
[depth..del] Read 1 polymer type from `_entity_poly` table.                     
[depth..del] Read 1 entities with a total of 225 residues from                  
`_entity_poly_seq` block.                                                       
[depth..del] Read 3 chains from `_struct_asym` table.                           
[depth..del] Read 1 assembly operation matrix from `_pdbx_struct_oper_list`     
table.                                                                          
[depth..del] Read 1 assembly from `_pdbx_struct_assembly_gen` table.            
[depth..del] Read 22 components from `_chem_comp` block.                        
[depth..del] Read 1837 atoms from `_atom_site` table.                           
[depth..del] Read 3 entities from `_entity` table.                              
[depth..del] Identified 256 resolved residue(s) from `_atom_site` table.        
[depth..del] Read 1 polymer type from `_entity_poly` table.                     
[depth..del] Read 1 entities with a total of 225 residues from                  
`_entity_poly_seq` block.                                                       
[depth..del] Read 3 chains from `_struct_asym` table.                           
[depth..del] Read 1 assembly operation matrix from `_pdbx_struct_oper_list`     
table.                                                                          
[depth..del] Read 1 assembly from `_pdbx_struct_assembly_gen` table.            
[depth..del] Read 22 components from `_chem_comp` block.                        
[depth..del] Parsed molecule with 1900 atoms (1837 resolved), 1902 bonds, 262   
residues, and 3 chains.                                                         
[depth..del] Read 2 entities from `_entity` table.                              
[depth..del] Read 1 polymer type from `_entity_poly` table.                     
[depth..del] Read 1 non-polymer entity from `_pdbx_entity_nonpoly` table.       
[depth..del] Read 1 entities with a total of 243 residues from                  
`_entity_poly_seq` block.                                                       
[depth..del] Read 1 chain with a total of 243 residues from                     
`_pdbx_poly_seq_scheme` table.                                                  
[depth..del] Read 1 chain with a total of 1 residues from `_pdbx_nonpoly_scheme`
table.                                                                          
[depth..del] Read 2 chains from `_struct_asym` table.                           
[depth..del] Read 21 components from `_chem_comp` block.                        
[depth..del] Read 31 atoms from `_chem_comp_atom` block.                        
[depth..del] Read 2017 atoms from `_atom_site` table.                           
[depth..del] Identified 244 resolved residue(s) from `_atom_site` table.        
[depth..del] Read 1837 atoms from `_atom_site` table.                           
[depth..del] Internal Ligand RMSD: ligand chain 1 (B, component 01) = 6.202 Å (1
automorphisms, 1 nodes explored)                                                
[depth..del] Ligand bisyRMSD: ligand chain 1 (B, component 01) = 17.655 Å       
[depth..del] Identified 256 resolved residue(s) from `_atom_site` table.        
[depth..del] Using bounds matrix reference for component 01                     
[depth..del] Using bounds matrix reference for component 01                     
[depth..del] Parsed molecule with 2018 atoms (2017 resolved), 2064 bonds, 244   
residues, and 2 chains.                                                         
[depth..del] Parsed molecule with 1900 atoms (1837 resolved), 1902 bonds, 262   
residues, and 3 chains.                                                         
[depth..del] Read 2 entities from `_entity` table.                              
[depth..del] Read 1 polymer type from `_entity_poly` table.                     
[depth..del] Read 1 non-polymer entity from `_pdbx_entity_nonpoly` table.       
[depth..del] Read 1 entities with a total of 243 residues from                  
`_entity_poly_seq` block.                                                       
[depth..del] Read 1 chain with a total of 243 residues from                     
`_pdbx_poly_seq_scheme` table.                                                  
[depth..del] Read 1 chain with a total of 1 residues from `_pdbx_nonpoly_scheme`
table.                                                                          
[depth..del] Read 2 chains from `_struct_asym` table.                           
[depth..del] Read 21 components from `_chem_comp` block.                        
[depth..del] Read 31 atoms from `_chem_comp_atom` block.                        
[depth..del] Read 3 entities from `_entity` table.                              
[depth..del] Read 2017 atoms from `_atom_site` table.                           
[depth..del] Read 1 polymer type from `_entity_poly` table.                     
[depth..del] Read 1 entities with a total of 225 residues from                  
`_entity_poly_seq` block.                                                       
[depth..del] Read 3 chains from `_struct_asym` table.                           
[depth..del] Read 1 assembly operation matrix from `_pdbx_struct_oper_list`     
table.                                                                          
[depth..del] Read 1 assembly from `_pdbx_struct_assembly_gen` table.            
[depth..del] Read 22 components from `_chem_comp` block.                        
[depth..del] Identified 244 resolved residue(s) from `_atom_site` table.        
[depth..del] Read 3 entities from `_entity` table.                              
[depth..del] Read 1 polymer type from `_entity_poly` table.                     
[depth..del] Read 1 entities with a total of 225 residues from                  
`_entity_poly_seq` block.                                                       
[depth..del] Read 3 chains from `_struct_asym` table.                           
[depth..del] Read 1 assembly operation matrix from `_pdbx_struct_oper_list`     
table.                                                                          
[depth..del] Read 1 assembly from `_pdbx_struct_assembly_gen` table.            
[depth..del] Read 22 components from `_chem_comp` block.                        
[depth..del] Read 3 entities from `_entity` table.                              
[depth..del] Read 1 polymer type from `_entity_poly` table.                     
[depth..del] Read 1 entities with a total of 225 residues from                  
`_entity_poly_seq` block.                                                       
[depth..del] Read 3 chains from `_struct_asym` table.                           
[depth..del] Read 1 assembly operation matrix from `_pdbx_struct_oper_list`     
table.                                                                          
[depth..del] Read 1 assembly from `_pdbx_struct_assembly_gen` table.            
[depth..del] Read 22 components from `_chem_comp` block.                        
[depth..del] Parsed molecule with 2018 atoms (2017 resolved), 2064 bonds, 244   
residues, and 2 chains.                                                         
[depth..del] Read 1837 atoms from `_atom_site` table.                           
[depth..del] Identified 256 resolved residue(s) from `_atom_site` table.        
[depth..del] Read 1837 atoms from `_atom_site` table.                           
[depth..del] Parsed molecule with 1900 atoms (1837 resolved), 1902 bonds, 262   
residues, and 3 chains.                                                         
[depth..del] Read 2 entities from `_entity` table.                              
[depth..del] Read 1 polymer type from `_entity_poly` table.                     
[depth..del] Read 1 non-polymer entity from `_pdbx_entity_nonpoly` table.       
[depth..del] Read 1 entities with a total of 243 residues from                  
`_entity_poly_seq` block.                                                       
[depth..del] Read 1 chain with a total of 243 residues from                     
`_pdbx_poly_seq_scheme` table.                                                  
[depth..del] Read 1 chain with a total of 1 residues from `_pdbx_nonpoly_scheme`
table.                                                                          
[depth..del] Read 2 chains from `_struct_asym` table.                           
[depth..del] Read 21 components from `_chem_comp` block.                        
[depth..del] Read 31 atoms from `_chem_comp_atom` block.                        
[depth..del] Identified 256 resolved residue(s) from `_atom_site` table.        
[depth..del] Read 2017 atoms from `_atom_site` table.                           
[depth..del] Identified 244 resolved residue(s) from `_atom_site` table.        
[depth..del] Parsed molecule with 2018 atoms (2017 resolved), 2064 bonds, 244   
residues, and 2 chains.                                                         
[depth..del] Parsed molecule with 1900 atoms (1837 resolved), 1902 bonds, 262   
residues, and 3 chains.                                                         
[depth..del] Read 2 entities from `_entity` table.                              
[depth..del] Read 1 polymer type from `_entity_poly` table.                     
[depth..del] Read 1 non-polymer entity from `_pdbx_entity_nonpoly` table.       
[depth..del] Read 1 entities with a total of 243 residues from                  
`_entity_poly_seq` block.                                                       
[depth..del] Read 1 chain with a total of 243 residues from                     
`_pdbx_poly_seq_scheme` table.                                                  
[depth..del] Internal Ligand RMSD: ligand chain 1 (B, component 01) = 6.045 Å (1
automorphisms, 1 nodes explored)                                                
[depth..del] Read 1 chain with a total of 1 residues from `_pdbx_nonpoly_scheme`
table.                                                                          
[depth..del] Read 2 chains from `_struct_asym` table.                           
[depth..del] Read 21 components from `_chem_comp` block.                        
[depth..del] Read 31 atoms from `_chem_comp_atom` block.                        
[depth..del] Ligand bisyRMSD: ligand chain 1 (B, component 01) = 2.544 Å        
[depth..del] Using bounds matrix reference for component 01                     
[depth..del] Using bounds matrix reference for component 01                     
[depth..del] Internal Ligand RMSD: ligand chain 1 (B, component 01) = 6.042 Å (1
automorphisms, 1 nodes explored)                                                
[depth..del] Ligand bisyRMSD: ligand chain 1 (B, component 01) = 2.460 Å        
[depth..del] Internal Ligand RMSD: ligand chain 1 (B, component 01) = 6.005 Å (1
automorphisms, 1 nodes explored)                                                
[depth..del] Ligand bisyRMSD: ligand chain 1 (B, component 01) = 3.035 Å        
[depth..del] Using bounds matrix reference for component 01                     
[depth..del] Using bounds matrix reference for component 01                     
[depth..del] Using bounds matrix reference for component 01                     
[depth..del] Using bounds matrix reference for component 01                     
[depth..del] Read 3 entities from `_entity` table.                              
[depth..del] Read 1 polymer type from `_entity_poly` table.                     
[depth..del] Read 1 entities with a total of 225 residues from                  
`_entity_poly_seq` block.                                                       
[depth..del] Read 3 chains from `_struct_asym` table.                           
[depth..del] Read 1 assembly operation matrix from `_pdbx_struct_oper_list`     
table.                                                                          
[depth..del] Read 1 assembly from `_pdbx_struct_assembly_gen` table.            
[depth..del] Read 22 components from `_chem_comp` block.                        
[depth..del] Read 1837 atoms from `_atom_site` table.                           
[depth..del] Identified 256 resolved residue(s) from `_atom_site` table.        
[depth..del] Read 2017 atoms from `_atom_site` table.                           
[depth..del] Parsed molecule with 1900 atoms (1837 resolved), 1902 bonds, 262   
residues, and 3 chains.                                                         
[depth..del] Internal Ligand RMSD: ligand chain 1 (B, component 01) = 5.971 Å (1
automorphisms, 1 nodes explored)                                                
[depth..del] Ligand bisyRMSD: ligand chain 1 (B, component 01) = 10.690 Å       
[depth..del] Read 2 entities from `_entity` table.                              
[depth..del] Read 1 polymer type from `_entity_poly` table.                     
[depth..del] Read 1 non-polymer entity from `_pdbx_entity_nonpoly` table.       
[depth..del] Read 1837 atoms from `_atom_site` table.                           
[depth..del] Read 1 entities with a total of 243 residues from                  
`_entity_poly_seq` block.                                                       
[depth..del] Read 1 chain with a total of 243 residues from                     
`_pdbx_poly_seq_scheme` table.                                                  
[depth..del] Read 1 chain with a total of 1 residues from `_pdbx_nonpoly_scheme`
table.                                                                          
[depth..del] Read 2 chains from `_struct_asym` table.                           
[depth..del] Read 21 components from `_chem_comp` block.                        
[depth..del] Read 31 atoms from `_chem_comp_atom` block.                        
[depth..del] Using bounds matrix reference for component 01                     
[depth..del] Using bounds matrix reference for component 01                     
[depth..del] Identified 244 resolved residue(s) from `_atom_site` table.        
[depth..del] Identified 256 resolved residue(s) from `_atom_site` table.        
[depth..del] Read 2017 atoms from `_atom_site` table.                           
[depth..del] Parsed molecule with 2018 atoms (2017 resolved), 2064 bonds, 244   
residues, and 2 chains.                                                         
[depth..del] Identified 244 resolved residue(s) from `_atom_site` table.        
[depth..del] Internal Ligand RMSD: ligand chain 1 (B, component 01) = 6.010 Å (1
automorphisms, 1 nodes explored)                                                
[depth..del] Ligand bisyRMSD: ligand chain 1 (B, component 01) = 3.545 Å        
[depth..del] Using bounds matrix reference for component 01                     
[depth..del] Parsed molecule with 1900 atoms (1837 resolved), 1902 bonds, 262   
residues, and 3 chains.                                                         
[depth..del] Parsed molecule with 2018 atoms (2017 resolved), 2064 bonds, 244   
residues, and 2 chains.                                                         
[depth..del] Using bounds matrix reference for component 01                     
[depth..del] Read 2 entities from `_entity` table.                              
[depth..del] Read 1 polymer type from `_entity_poly` table.                     
[depth..del] Read 1 non-polymer entity from `_pdbx_entity_nonpoly` table.       
[depth..del] Read 1 entities with a total of 243 residues from                  
`_entity_poly_seq` block.                                                       
[depth..del] Read 1 chain with a total of 243 residues from                     
`_pdbx_poly_seq_scheme` table.                                                  
[depth..del] Read 1 chain with a total of 1 residues from `_pdbx_nonpoly_scheme`
table.                                                                          
[depth..del] Read 2 chains from `_struct_asym` table.                           
[depth..del] Read 21 components from `_chem_comp` block.                        
[depth..del] Read 31 atoms from `_chem_comp_atom` block.                        
[depth..del] Read 2017 atoms from `_atom_site` table.                           
[depth..del] Identified 244 resolved residue(s) from `_atom_site` table.        
[depth..del] Parsed molecule with 2018 atoms (2017 resolved), 2064 bonds, 244   
residues, and 2 chains.                                                         
[depth..del] Internal Ligand RMSD: ligand chain 1 (B, component 01) = 5.918 Å (1
automorphisms, 1 nodes explored)                                                
[depth..del] Ligand bisyRMSD: ligand chain 1 (B, component 01) = 25.868 Å       
[depth..del] Using bounds matrix reference for component 01                     
[depth..del] Read 3 entities from `_entity` table.                              
[depth..del] Using bounds matrix reference for component 01                     
[depth..del] Read 1 polymer type from `_entity_poly` table.                     
[depth..del] Read 1 entities with a total of 225 residues from                  
`_entity_poly_seq` block.                                                       
[depth..del] Read 3 chains from `_struct_asym` table.                           
[depth..del] Read 1 assembly operation matrix from `_pdbx_struct_oper_list`     
table.                                                                          
[depth..del] Read 1 assembly from `_pdbx_struct_assembly_gen` table.            
[depth..del] Read 22 components from `_chem_comp` block.                        
[depth..del] Read 1837 atoms from `_atom_site` table.                           
[depth..del] Internal Ligand RMSD: ligand chain 1 (B, component 01) = 6.205 Å (1
automorphisms, 1 nodes explored)                                                
[depth..del] Ligand bisyRMSD: ligand chain 1 (B, component 01) = 4.745 Å        
[depth..del] Identified 256 resolved residue(s) from `_atom_site` table.        
[depth..del] Using bounds matrix reference for component 01                     
[depth..del] Using bounds matrix reference for component 01                     
[depth..del] Parsed molecule with 1900 atoms (1837 resolved), 1902 bonds, 262   
residues, and 3 chains.                                                         
[depth..del] Read 2 entities from `_entity` table.                              
[depth..del] Read 1 polymer type from `_entity_poly` table.                     
[depth..del] Read 1 non-polymer entity from `_pdbx_entity_nonpoly` table.       
[depth..del] Read 1 entities with a total of 243 residues from                  
`_entity_poly_seq` block.                                                       
[depth..del] Read 1 chain with a total of 243 residues from                     
`_pdbx_poly_seq_scheme` table.                                                  
[depth..del] Read 1 chain with a total of 1 residues from `_pdbx_nonpoly_scheme`
table.                                                                          
[depth..del] Read 2 chains from `_struct_asym` table.                           
[depth..del] Read 21 components from `_chem_comp` block.                        
[depth..del] Read 31 atoms from `_chem_comp_atom` block.                        
[depth..del] Read 2017 atoms from `_atom_site` table.                           
[depth..del] Identified 244 resolved residue(s) from `_atom_site` table.        
[depth..del] Internal Ligand RMSD: ligand chain 1 (B, component 01) = 5.996 Å (1
automorphisms, 1 nodes explored)                                                
[depth..del] Ligand bisyRMSD: ligand chain 1 (B, component 01) = 2.476 Å        
[depth..del] Using bounds matrix reference for component 01                     
[depth..del] Parsed molecule with 2018 atoms (2017 resolved), 2064 bonds, 244   
residues, and 2 chains.                                                         
[depth..del] Using bounds matrix reference for component 01                     
[depth..del] Read 3 entities from `_entity` table.                              
[depth..del] Read 1 polymer type from `_entity_poly` table.                     
[depth..del] Read 1 entities with a total of 225 residues from                  
`_entity_poly_seq` block.                                                       
[depth..del] Read 3 chains from `_struct_asym` table.                           
[depth..del] Read 1 assembly operation matrix from `_pdbx_struct_oper_list`     
table.                                                                          
[depth..del] Read 1 assembly from `_pdbx_struct_assembly_gen` table.            
[depth..del] Read 22 components from `_chem_comp` block.                        
[depth..del] Read 1837 atoms from `_atom_site` table.                           
[depth..del] Internal Ligand RMSD: ligand chain 1 (B, component 01) = 5.973 Å (1
automorphisms, 1 nodes explored)                                                
[depth..del] Ligand bisyRMSD: ligand chain 1 (B, component 01) = 2.379 Å        
[depth..del] Using bounds matrix reference for component 01                     
[depth..del] Identified 256 resolved residue(s) from `_atom_site` table.        
[depth..del] Using bounds matrix reference for component 01                     
[depth..del] Parsed molecule with 1900 atoms (1837 resolved), 1902 bonds, 262   
residues, and 3 chains.                                                         
[depth..del] Read 3 entities from `_entity` table.                              
[depth..del] Read 1 polymer type from `_entity_poly` table.                     
[depth..del] Read 1 entities with a total of 225 residues from                  
`_entity_poly_seq` block.                                                       
[depth..del] Read 3 chains from `_struct_asym` table.                           
[depth..del] Read 1 assembly operation matrix from `_pdbx_struct_oper_list`     
table.                                                                          
[depth..del] Read 1 assembly from `_pdbx_struct_assembly_gen` table.            
[depth..del] Read 22 components from `_chem_comp` block.                        
[depth..del] Read 3 entities from `_entity` table.                              
[depth..del] Read 1 polymer type from `_entity_poly` table.                     
[depth..del] Read 1 entities with a total of 225 residues from                  
`_entity_poly_seq` block.                                                       
[depth..del] Read 3 chains from `_struct_asym` table.                           
[depth..del] Read 1 assembly operation matrix from `_pdbx_struct_oper_list`     
table.                                                                          
[depth..del] Read 1 assembly from `_pdbx_struct_assembly_gen` table.            
[depth..del] Read 22 components from `_chem_comp` block.                        
[depth..del] Read 2 entities from `_entity` table.                              
[depth..del] Read 1 polymer type from `_entity_poly` table.                     
[depth..del] Read 1 non-polymer entity from `_pdbx_entity_nonpoly` table.       
[depth..del] Read 1 entities with a total of 243 residues from                  
`_entity_poly_seq` block.                                                       
[depth..del] Read 1837 atoms from `_atom_site` table.                           
[depth..del] Read 1 chain with a total of 243 residues from                     
`_pdbx_poly_seq_scheme` table.                                                  
[depth..del] Read 1 chain with a total of 1 residues from `_pdbx_nonpoly_scheme`
table.                                                                          
[depth..del] Read 2 chains from `_struct_asym` table.                           
[depth..del] Read 21 components from `_chem_comp` block.                        
[depth..del] Read 31 atoms from `_chem_comp_atom` block.                        
[depth..del] Identified 256 resolved residue(s) from `_atom_site` table.        
[depth..del] Parsed molecule with 1900 atoms (1837 resolved), 1902 bonds, 262   
residues, and 3 chains.                                                         
[depth..del] Read 2 entities from `_entity` table.                              
[depth..del] Read 1 polymer type from `_entity_poly` table.                     
[depth..del] Read 1 non-polymer entity from `_pdbx_entity_nonpoly` table.       
[depth..del] Read 1 entities with a total of 243 residues from                  
`_entity_poly_seq` block.                                                       
[depth..del] Read 1 chain with a total of 243 residues from                     
`_pdbx_poly_seq_scheme` table.                                                  
[depth..del] Read 1 chain with a total of 1 residues from `_pdbx_nonpoly_scheme`
table.                                                                          
[depth..del] Read 2 chains from `_struct_asym` table.                           
[depth..del] Read 21 components from `_chem_comp` block.                        
[depth..del] Read 31 atoms from `_chem_comp_atom` block.                        
[depth..del] Read 2017 atoms from `_atom_site` table.                           
[depth..del] Identified 244 resolved residue(s) from `_atom_site` table.        
[depth..del] Parsed molecule with 2018 atoms (2017 resolved), 2064 bonds, 244   
residues, and 2 chains.                                                         
[depth..del] Read 2017 atoms from `_atom_site` table.                           
[depth..del] Identified 244 resolved residue(s) from `_atom_site` table.        
[depth..del] Read 3 entities from `_entity` table.                              
[depth..del] Read 1 polymer type from `_entity_poly` table.                     
[depth..del] Read 3 entities from `_entity` table.                              
[depth..del] Read 1 polymer type from `_entity_poly` table.                     
[depth..del] Read 1 entities with a total of 225 residues from                  
`_entity_poly_seq` block.                                                       
[depth..del] Read 3 chains from `_struct_asym` table.                           
[depth..del] Read 1 assembly operation matrix from `_pdbx_struct_oper_list`     
table.                                                                          
[depth..del] Read 1 assembly from `_pdbx_struct_assembly_gen` table.            
[depth..del] Parsed molecule with 2018 atoms (2017 resolved), 2064 bonds, 244   
residues, and 2 chains.                                                         
[depth..del] Read 22 components from `_chem_comp` block.                        
[depth..del] Read 1 entities with a total of 225 residues from                  
`_entity_poly_seq` block.                                                       
[depth..del] Read 3 chains from `_struct_asym` table.                           
[depth..del] Read 1 assembly operation matrix from `_pdbx_struct_oper_list`     
table.                                                                          
[depth..del] Read 1 assembly from `_pdbx_struct_assembly_gen` table.            
[depth..del] Read 22 components from `_chem_comp` block.                        
[depth..del] Read 1837 atoms from `_atom_site` table.                           
[depth..del] Read 1837 atoms from `_atom_site` table.                           
[depth..del] Identified 256 resolved residue(s) from `_atom_site` table.        
[depth..del] Identified 256 resolved residue(s) from `_atom_site` table.        
[depth..del] Parsed molecule with 1900 atoms (1837 resolved), 1902 bonds, 262   
residues, and 3 chains.                                                         
[depth..del] Read 2 entities from `_entity` table.                              
[depth..del] Read 1 polymer type from `_entity_poly` table.                     
[depth..del] Read 1 non-polymer entity from `_pdbx_entity_nonpoly` table.       
[depth..del] Read 1 entities with a total of 243 residues from                  
`_entity_poly_seq` block.                                                       
[depth..del] Read 1 chain with a total of 243 residues from                     
`_pdbx_poly_seq_scheme` table.                                                  
[depth..del] Read 1 chain with a total of 1 residues from `_pdbx_nonpoly_scheme`
table.                                                                          
[depth..del] Read 2 chains from `_struct_asym` table.                           
[depth..del] Read 21 components from `_chem_comp` block.                        
[depth..del] Read 31 atoms from `_chem_comp_atom` block.                        
[depth..del] Parsed molecule with 1900 atoms (1837 resolved), 1902 bonds, 262   
residues, and 3 chains.                                                         
[depth..del] Read 1837 atoms from `_atom_site` table.                           
[depth..del] Identified 256 resolved residue(s) from `_atom_site` table.        
[depth..del] Read 2 entities from `_entity` table.                              
[depth..del] Read 1 polymer type from `_entity_poly` table.                     
[depth..del] Read 1 non-polymer entity from `_pdbx_entity_nonpoly` table.       
[depth..del] Read 1 entities with a total of 243 residues from                  
`_entity_poly_seq` block.                                                       
[depth..del] Read 1 chain with a total of 243 residues from                     
`_pdbx_poly_seq_scheme` table.                                                  
[depth..del] Read 1 chain with a total of 1 residues from `_pdbx_nonpoly_scheme`
table.                                                                          
[depth..del] Read 2 chains from `_struct_asym` table.                           
[depth..del] Read 21 components from `_chem_comp` block.                        
[depth..del] Read 3 entities from `_entity` table.                              
[depth..del] Read 31 atoms from `_chem_comp_atom` block.                        
[depth..del] Read 1 polymer type from `_entity_poly` table.                     
[depth..del] Parsed molecule with 1900 atoms (1837 resolved), 1902 bonds, 262   
residues, and 3 chains.                                                         
[depth..del] Read 1 entities with a total of 225 residues from                  
`_entity_poly_seq` block.                                                       
[depth..del] Read 3 chains from `_struct_asym` table.                           
[depth..del] Read 1 assembly operation matrix from `_pdbx_struct_oper_list`     
table.                                                                          
[depth..del] Read 1 assembly from `_pdbx_struct_assembly_gen` table.            
[depth..del] Read 22 components from `_chem_comp` block.                        
[depth..del] Read 2 entities from `_entity` table.                              
[depth..del] Read 1 polymer type from `_entity_poly` table.                     
[depth..del] Read 1 non-polymer entity from `_pdbx_entity_nonpoly` table.       
[depth..del] Read 1 entities with a total of 243 residues from                  
`_entity_poly_seq` block.                                                       
[depth..del] Read 1 chain with a total of 243 residues from                     
`_pdbx_poly_seq_scheme` table.                                                  
[depth..del] Read 1 chain with a total of 1 residues from `_pdbx_nonpoly_scheme`
table.                                                                          
[depth..del] Read 2 chains from `_struct_asym` table.                           
[depth..del] Read 21 components from `_chem_comp` block.                        
[depth..del] Read 31 atoms from `_chem_comp_atom` block.                        
[depth..del] Read 2017 atoms from `_atom_site` table.                           
[depth..del] Identified 244 resolved residue(s) from `_atom_site` table.        
[depth..del] Read 2017 atoms from `_atom_site` table.                           
[depth..del] Identified 244 resolved residue(s) from `_atom_site` table.        
[depth..del] Read 2017 atoms from `_atom_site` table.                           
[depth..del] Identified 244 resolved residue(s) from `_atom_site` table.        
[depth..del] Read 1837 atoms from `_atom_site` table.                           
[depth..del] Parsed molecule with 2018 atoms (2017 resolved), 2064 bonds, 244   
residues, and 2 chains.                                                         
[depth..del] Parsed molecule with 2018 atoms (2017 resolved), 2064 bonds, 244   
residues, and 2 chains.                                                         
[depth..del] Parsed molecule with 2018 atoms (2017 resolved), 2064 bonds, 244   
residues, and 2 chains.                                                         
[depth..del] Identified 256 resolved residue(s) from `_atom_site` table.        
[depth..del] Read 3 entities from `_entity` table.                              
[depth..del] Read 1 polymer type from `_entity_poly` table.                     
[depth..del] Read 1 entities with a total of 225 residues from                  
`_entity_poly_seq` block.                                                       
[depth..del] Read 3 chains from `_struct_asym` table.                           
[depth..del] Read 1 assembly operation matrix from `_pdbx_struct_oper_list`     
table.                                                                          
[depth..del] Read 1 assembly from `_pdbx_struct_assembly_gen` table.            
[depth..del] Read 22 components from `_chem_comp` block.                        
[depth..del] Internal Ligand RMSD: ligand chain 1 (B, component 01) = 5.871 Å (1
automorphisms, 1 nodes explored)                                                
[depth..del] Parsed molecule with 1900 atoms (1837 resolved), 1902 bonds, 262   
residues, and 3 chains.                                                         
[depth..del] Ligand bisyRMSD: ligand chain 1 (B, component 01) = 14.816 Å       
[depth..del] Using bounds matrix reference for component 01                     
[depth..del] Read 2 entities from `_entity` table.                              
[depth..del] Read 1 polymer type from `_entity_poly` table.                     
[depth..del] Read 1 non-polymer entity from `_pdbx_entity_nonpoly` table.       
[depth..del] Read 1 entities with a total of 243 residues from                  
`_entity_poly_seq` block.                                                       
[depth..del] Using bounds matrix reference for component 01                     
[depth..del] Read 1 chain with a total of 243 residues from                     
`_pdbx_poly_seq_scheme` table.                                                  
[depth..del] Read 1 chain with a total of 1 residues from `_pdbx_nonpoly_scheme`
table.                                                                          
[depth..del] Read 2 chains from `_struct_asym` table.                           
[depth..del] Read 21 components from `_chem_comp` block.                        
[depth..del] Read 31 atoms from `_chem_comp_atom` block.                        
[depth..del] Internal Ligand RMSD: ligand chain 1 (B, component 01) = 6.201 Å (1
automorphisms, 1 nodes explored)                                                
[depth..del] Ligand bisyRMSD: ligand chain 1 (B, component 01) = 1.759 Å        
[depth..del] Read 1837 atoms from `_atom_site` table.                           
[depth..del] Using bounds matrix reference for component 01                     
[depth..del] Read 2017 atoms from `_atom_site` table.                           
[depth..del] Identified 244 resolved residue(s) from `_atom_site` table.        
[depth..del] Identified 256 resolved residue(s) from `_atom_site` table.        
[depth..del] Using bounds matrix reference for component 01                     
[depth..del] Read 3 entities from `_entity` table.                              
[depth..del] Parsed molecule with 1900 atoms (1837 resolved), 1902 bonds, 262   
residues, and 3 chains.                                                         
[depth..del] Read 1 polymer type from `_entity_poly` table.                     
[depth..del] Read 1 entities with a total of 225 residues from                  
`_entity_poly_seq` block.                                                       
[depth..del] Read 3 chains from `_struct_asym` table.                           
[depth..del] Read 1 assembly operation matrix from `_pdbx_struct_oper_list`     
table.                                                                          
[depth..del] Read 1 assembly from `_pdbx_struct_assembly_gen` table.            
[depth..del] Read 22 components from `_chem_comp` block.                        
[depth..del] Read 2 entities from `_entity` table.                              
[depth..del] Read 1 polymer type from `_entity_poly` table.                     
[depth..del] Read 1 non-polymer entity from `_pdbx_entity_nonpoly` table.       
[depth..del] Read 1 entities with a total of 243 residues from                  
`_entity_poly_seq` block.                                                       
[depth..del] Read 1 chain with a total of 243 residues from                     
`_pdbx_poly_seq_scheme` table.                                                  
[depth..del] Read 1 chain with a total of 1 residues from `_pdbx_nonpoly_scheme`
table.                                                                          
[depth..del] Read 2 chains from `_struct_asym` table.                           
[depth..del] Read 21 components from `_chem_comp` block.                        
[depth..del] Read 31 atoms from `_chem_comp_atom` block.                        
[depth..del] Parsed molecule with 2018 atoms (2017 resolved), 2064 bonds, 244   
residues, and 2 chains.                                                         
[depth..del] Read 2017 atoms from `_atom_site` table.                           
[depth..del] Identified 244 resolved residue(s) from `_atom_site` table.        
[depth..del] Parsed molecule with 2018 atoms (2017 resolved), 2064 bonds, 244   
residues, and 2 chains.                                                         
[depth..del] Internal Ligand RMSD: ligand chain 1 (B, component 01) = 5.868 Å (1
automorphisms, 1 nodes explored)                                                
[depth..del] Ligand bisyRMSD: ligand chain 1 (B, component 01) = 8.411 Å        
[depth..del] Using bounds matrix reference for component 01                     
[depth..del] Using bounds matrix reference for component 01                     
[depth..del] Read 1837 atoms from `_atom_site` table.                           
[depth..del] Identified 256 resolved residue(s) from `_atom_site` table.        
[depth..del] Parsed molecule with 1900 atoms (1837 resolved), 1902 bonds, 262   
residues, and 3 chains.                                                         
[depth..del] Read 2 entities from `_entity` table.                              
[depth..del] Read 1 polymer type from `_entity_poly` table.                     
[depth..del] Read 1 non-polymer entity from `_pdbx_entity_nonpoly` table.       
[depth..del] Read 1 entities with a total of 243 residues from                  
`_entity_poly_seq` block.                                                       
[depth..del] Read 1 chain with a total of 243 residues from                     
`_pdbx_poly_seq_scheme` table.                                                  
[depth..del] Read 1 chain with a total of 1 residues from `_pdbx_nonpoly_scheme`
table.                                                                          
[depth..del] Read 2 chains from `_struct_asym` table.                           
[depth..del] Read 21 components from `_chem_comp` block.                        
[depth..del] Read 31 atoms from `_chem_comp_atom` block.                        
[depth..del] Read 2017 atoms from `_atom_site` table.                           
[depth..del] Identified 244 resolved residue(s) from `_atom_site` table.        
[depth..del] Parsed molecule with 2018 atoms (2017 resolved), 2064 bonds, 244   
residues, and 2 chains.                                                         
[depth..del] Internal Ligand RMSD: ligand chain 1 (B, component 01) = 6.008 Å (1
automorphisms, 1 nodes explored)                                                
[depth..del] Ligand bisyRMSD: ligand chain 1 (B, component 01) = 24.538 Å       
[depth..del] Using bounds matrix reference for component 01                     
[depth..del] Using bounds matrix reference for component 01                     
[depth..del] Read 3 entities from `_entity` table.                              
[depth..del] Read 1 polymer type from `_entity_poly` table.                     
[depth..del] Read 1 entities with a total of 225 residues from                  
`_entity_poly_seq` block.                                                       
[depth..del] Read 3 chains from `_struct_asym` table.                           
[depth..del] Read 1 assembly operation matrix from `_pdbx_struct_oper_list`     
table.                                                                          
[depth..del] Read 1 assembly from `_pdbx_struct_assembly_gen` table.            
[depth..del] Read 22 components from `_chem_comp` block.                        
[depth..del] Internal Ligand RMSD: ligand chain 1 (B, component 01) = 5.965 Å (1
automorphisms, 1 nodes explored)                                                
[depth..del] Ligand bisyRMSD: ligand chain 1 (B, component 01) = 25.208 Å       
[depth..del] Using bounds matrix reference for component 01                     
[depth..del] Using bounds matrix reference for component 01                     
[depth..del] Read 3 entities from `_entity` table.                              
[depth..del] Read 1 polymer type from `_entity_poly` table.                     
[depth..del] Read 1 entities with a total of 225 residues from                  
`_entity_poly_seq` block.                                                       
[depth..del] Read 3 chains from `_struct_asym` table.                           
[depth..del] Read 1 assembly operation matrix from `_pdbx_struct_oper_list`     
table.                                                                          
[depth..del] Read 1 assembly from `_pdbx_struct_assembly_gen` table.            
[depth..del] Read 22 components from `_chem_comp` block.                        
[depth..del] Read 1837 atoms from `_atom_site` table.                           
[depth..del] Identified 256 resolved residue(s) from `_atom_site` table.        
[depth..del] Read 1837 atoms from `_atom_site` table.                           
[depth..del] Identified 256 resolved residue(s) from `_atom_site` table.        
[depth..del] Parsed molecule with 1900 atoms (1837 resolved), 1902 bonds, 262   
residues, and 3 chains.                                                         
[depth..del] Read 2 entities from `_entity` table.                              
[depth..del] Read 1 polymer type from `_entity_poly` table.                     
[depth..del] Parsed molecule with 1900 atoms (1837 resolved), 1902 bonds, 262   
residues, and 3 chains.                                                         
[depth..del] Read 1 non-polymer entity from `_pdbx_entity_nonpoly` table.       
[depth..del] Read 1 entities with a total of 243 residues from                  
`_entity_poly_seq` block.                                                       
[depth..del] Read 1 chain with a total of 243 residues from                     
`_pdbx_poly_seq_scheme` table.                                                  
[depth..del] Read 1 chain with a total of 1 residues from `_pdbx_nonpoly_scheme`
table.                                                                          
[depth..del] Read 2 chains from `_struct_asym` table.                           
[depth..del] Read 21 components from `_chem_comp` block.                        
[depth..del] Read 31 atoms from `_chem_comp_atom` block.                        
[depth..del] Read 2 entities from `_entity` table.                              
[depth..del] Read 1 polymer type from `_entity_poly` table.                     
[depth..del] Read 1 non-polymer entity from `_pdbx_entity_nonpoly` table.       
[depth..del] Read 1 entities with a total of 243 residues from                  
`_entity_poly_seq` block.                                                       
[depth..del] Read 2017 atoms from `_atom_site` table.                           
[depth..del] Read 1 chain with a total of 243 residues from                     
`_pdbx_poly_seq_scheme` table.                                                  
[depth..del] Read 1 chain with a total of 1 residues from `_pdbx_nonpoly_scheme`
table.                                                                          
[depth..del] Read 2 chains from `_struct_asym` table.                           
[depth..del] Read 21 components from `_chem_comp` block.                        
[depth..del] Read 31 atoms from `_chem_comp_atom` block.                        
[depth..del] Identified 244 resolved residue(s) from `_atom_site` table.        
[depth..del] Parsed molecule with 2018 atoms (2017 resolved), 2064 bonds, 244   
residues, and 2 chains.                                                         
[depth..del] Read 2017 atoms from `_atom_site` table.                           
[depth..del] Read 3 entities from `_entity` table.                              
[depth..del] Identified 244 resolved residue(s) from `_atom_site` table.        
[depth..del] Read 1 polymer type from `_entity_poly` table.                     
[depth..del] Read 1 entities with a total of 225 residues from                  
`_entity_poly_seq` block.                                                       
[depth..del] Read 3 chains from `_struct_asym` table.                           
[depth..del] Read 1 assembly operation matrix from `_pdbx_struct_oper_list`     
table.                                                                          
[depth..del] Read 1 assembly from `_pdbx_struct_assembly_gen` table.            
[depth..del] Read 22 components from `_chem_comp` block.                        
[depth..del] Internal Ligand RMSD: ligand chain 1 (B, component 01) = 6.014 Å (1
automorphisms, 1 nodes explored)                                                
[depth..del] Ligand bisyRMSD: ligand chain 1 (B, component 01) = 2.280 Å        
[depth..del] Parsed molecule with 2018 atoms (2017 resolved), 2064 bonds, 244   
residues, and 2 chains.                                                         
[depth..del] Using bounds matrix reference for component 01                     
[depth..del] Using bounds matrix reference for component 01                     
[depth..del] Read 1837 atoms from `_atom_site` table.                           
[depth..del] Identified 256 resolved residue(s) from `_atom_site` table.        
[depth..del] Parsed molecule with 1900 atoms (1837 resolved), 1902 bonds, 262   
residues, and 3 chains.                                                         
[depth..del] Read 2 entities from `_entity` table.                              
[depth..del] Read 1 polymer type from `_entity_poly` table.                     
[depth..del] Read 1 non-polymer entity from `_pdbx_entity_nonpoly` table.       
[depth..del] Read 1 entities with a total of 243 residues from                  
`_entity_poly_seq` block.                                                       
[depth..del] Read 1 chain with a total of 243 residues from                     
`_pdbx_poly_seq_scheme` table.                                                  
[depth..del] Read 1 chain with a total of 1 residues from `_pdbx_nonpoly_scheme`
table.                                                                          
[depth..del] Read 2 chains from `_struct_asym` table.                           
[depth..del] Read 21 components from `_chem_comp` block.                        
[depth..del] Read 31 atoms from `_chem_comp_atom` block.                        
[depth..del] Read 2017 atoms from `_atom_site` table.                           
[depth..del] Identified 244 resolved residue(s) from `_atom_site` table.        
[depth..del] Internal Ligand RMSD: ligand chain 1 (B, component 01) = 6.002 Å (1
automorphisms, 1 nodes explored)                                                
[depth..del] Ligand bisyRMSD: ligand chain 1 (B, component 01) = 4.765 Å        
[depth..del] Parsed molecule with 2018 atoms (2017 resolved), 2064 bonds, 244   
residues, and 2 chains.                                                         
[depth..del] Using bounds matrix reference for component 01                     
[depth..del] Using bounds matrix reference for component 01                     
[depth..del] Internal Ligand RMSD: ligand chain 1 (B, component 01) = 6.047 Å (1
automorphisms, 1 nodes explored)                                                
[depth..del] Ligand bisyRMSD: ligand chain 1 (B, component 01) = 28.410 Å       
[depth..del] Read 3 entities from `_entity` table.                              
[depth..del] Read 1 polymer type from `_entity_poly` table.                     
[depth..del] Read 1 entities with a total of 225 residues from                  
`_entity_poly_seq` block.                                                       
[depth..del] Using bounds matrix reference for component 01                     
[depth..del] Read 3 chains from `_struct_asym` table.                           
[depth..del] Read 1 assembly operation matrix from `_pdbx_struct_oper_list`     
table.                                                                          
[depth..del] Read 1 assembly from `_pdbx_struct_assembly_gen` table.            
[depth..del] Read 22 components from `_chem_comp` block.                        
[depth..del] Using bounds matrix reference for component 01                     
[depth..del] Read 1837 atoms from `_atom_site` table.                           
[depth..del] Identified 256 resolved residue(s) from `_atom_site` table.        
[depth..del] Parsed molecule with 1900 atoms (1837 resolved), 1902 bonds, 262   
residues, and 3 chains.                                                         
[depth..del] Read 3 entities from `_entity` table.                              
[depth..del] Read 1 polymer type from `_entity_poly` table.                     
[depth..del] Read 2 entities from `_entity` table.                              
[depth..del] Read 1 entities with a total of 225 residues from                  
`_entity_poly_seq` block.                                                       
[depth..del] Read 1 polymer type from `_entity_poly` table.                     
[depth..del] Read 3 chains from `_struct_asym` table.                           
[depth..del] Read 1 non-polymer entity from `_pdbx_entity_nonpoly` table.       
[depth..del] Read 1 assembly operation matrix from `_pdbx_struct_oper_list`     
table.                                                                          
[depth..del] Read 1 assembly from `_pdbx_struct_assembly_gen` table.            
[depth..del] Read 1 entities with a total of 243 residues from                  
`_entity_poly_seq` block.                                                       
[depth..del] Read 22 components from `_chem_comp` block.                        
[depth..del] Read 1 chain with a total of 243 residues from                     
`_pdbx_poly_seq_scheme` table.                                                  
[depth..del] Read 1 chain with a total of 1 residues from `_pdbx_nonpoly_scheme`
table.                                                                          
[depth..del] Read 2 chains from `_struct_asym` table.                           
[depth..del] Read 21 components from `_chem_comp` block.                        
[depth..del] Read 31 atoms from `_chem_comp_atom` block.                        
[depth..del] Read 2017 atoms from `_atom_site` table.                           
[depth..del] Read 1837 atoms from `_atom_site` table.                           
[depth..del] Identified 256 resolved residue(s) from `_atom_site` table.        
[depth..del] Identified 244 resolved residue(s) from `_atom_site` table.        
[depth..del] Parsed molecule with 1900 atoms (1837 resolved), 1902 bonds, 262   
residues, and 3 chains.                                                         
[depth..del] Read 2 entities from `_entity` table.                              
[depth..del] Read 1 polymer type from `_entity_poly` table.                     
[depth..del] Read 1 non-polymer entity from `_pdbx_entity_nonpoly` table.       
[depth..del] Read 1 entities with a total of 243 residues from                  
`_entity_poly_seq` block.                                                       
[depth..del] Read 1 chain with a total of 243 residues from                     
`_pdbx_poly_seq_scheme` table.                                                  
[depth..del] Read 1 chain with a total of 1 residues from `_pdbx_nonpoly_scheme`
table.                                                                          
[depth..del] Read 2 chains from `_struct_asym` table.                           
[depth..del] Read 21 components from `_chem_comp` block.                        
[depth..del] Read 31 atoms from `_chem_comp_atom` block.                        
[depth..del] Parsed molecule with 2018 atoms (2017 resolved), 2064 bonds, 244   
residues, and 2 chains.                                                         
[depth..del] Read 2017 atoms from `_atom_site` table.                           
[depth..del] Identified 244 resolved residue(s) from `_atom_site` table.        
[depth..del] Parsed molecule with 2018 atoms (2017 resolved), 2064 bonds, 244   
residues, and 2 chains.                                                         
[depth..del] Read 3 entities from `_entity` table.                              
[depth..del] Read 1 polymer type from `_entity_poly` table.                     
[depth..del] Read 1 entities with a total of 225 residues from                  
`_entity_poly_seq` block.                                                       
[depth..del] Internal Ligand RMSD: ligand chain 1 (B, component 01) = 5.948 Å (1
automorphisms, 1 nodes explored)                                                
[depth..del] Read 3 chains from `_struct_asym` table.                           
[depth..del] Read 1 assembly operation matrix from `_pdbx_struct_oper_list`     
table.                                                                          
[depth..del] Read 1 assembly from `_pdbx_struct_assembly_gen` table.            
[depth..del] Read 22 components from `_chem_comp` block.                        
[depth..del] Ligand bisyRMSD: ligand chain 1 (B, component 01) = 25.830 Å       
[depth..del] Using bounds matrix reference for component 01                     
[depth..del] Read 1837 atoms from `_atom_site` table.                           
[depth..del] Using bounds matrix reference for component 01                     
[depth..del] Identified 256 resolved residue(s) from `_atom_site` table.        
[depth..del] Parsed molecule with 1900 atoms (1837 resolved), 1902 bonds, 262   
residues, and 3 chains.                                                         
[depth..del] Read 2 entities from `_entity` table.                              
[depth..del] Read 1 polymer type from `_entity_poly` table.                     
[depth..del] Read 1 non-polymer entity from `_pdbx_entity_nonpoly` table.       
[depth..del] Read 1 entities with a total of 243 residues from                  
`_entity_poly_seq` block.                                                       
[depth..del] Read 1 chain with a total of 243 residues from                     
`_pdbx_poly_seq_scheme` table.                                                  
[depth..del] Read 1 chain with a total of 1 residues from `_pdbx_nonpoly_scheme`
table.                                                                          
[depth..del] Read 2 chains from `_struct_asym` table.                           
[depth..del] Read 21 components from `_chem_comp` block.                        
[depth..del] Read 31 atoms from `_chem_comp_atom` block.                        
[depth..del] Read 2017 atoms from `_atom_site` table.                           
[depth..del] Identified 244 resolved residue(s) from `_atom_site` table.        
[depth..del] Parsed molecule with 2018 atoms (2017 resolved), 2064 bonds, 244   
residues, and 2 chains.                                                         
[depth..del] Internal Ligand RMSD: ligand chain 1 (B, component 01) = 5.590 Å (1
automorphisms, 1 nodes explored)                                                
[depth..del] Ligand bisyRMSD: ligand chain 1 (B, component 01) = 13.708 Å       
[depth..del] Using bounds matrix reference for component 01                     
[depth..del] Read 3 entities from `_entity` table.                              
[depth..del] Read 1 polymer type from `_entity_poly` table.                     
[depth..del] Read 1 entities with a total of 225 residues from                  
`_entity_poly_seq` block.                                                       
[depth..del] Read 3 chains from `_struct_asym` table.                           
[depth..del] Read 1 assembly operation matrix from `_pdbx_struct_oper_list`     
table.                                                                          
[depth..del] Read 1 assembly from `_pdbx_struct_assembly_gen` table.            
[depth..del] Read 22 components from `_chem_comp` block.                        
[depth..del] Using bounds matrix reference for component 01                     
[depth..del] Read 3 entities from `_entity` table.                              
[depth..del] Read 1 polymer type from `_entity_poly` table.                     
[depth..del] Read 1 entities with a total of 225 residues from                  
`_entity_poly_seq` block.                                                       
[depth..del] Read 3 chains from `_struct_asym` table.                           
[depth..del] Read 1 assembly operation matrix from `_pdbx_struct_oper_list`     
table.                                                                          
[depth..del] Read 1 assembly from `_pdbx_struct_assembly_gen` table.            
[depth..del] Read 22 components from `_chem_comp` block.                        
[depth..del] Read 3 entities from `_entity` table.                              
[depth..del] Read 1837 atoms from `_atom_site` table.                           
[depth..del] Identified 256 resolved residue(s) from `_atom_site` table.        
[depth..del] Read 1 polymer type from `_entity_poly` table.                     
[depth..del] Read 1837 atoms from `_atom_site` table.                           
[depth..del] Parsed molecule with 1900 atoms (1837 resolved), 1902 bonds, 262   
residues, and 3 chains.                                                         
[depth..del] Read 1 entities with a total of 225 residues from                  
`_entity_poly_seq` block.                                                       
[depth..del] Read 3 chains from `_struct_asym` table.                           
[depth..del] Identified 256 resolved residue(s) from `_atom_site` table.        
[depth..del] Read 1 assembly operation matrix from `_pdbx_struct_oper_list`     
table.                                                                          
[depth..del] Read 1 assembly from `_pdbx_struct_assembly_gen` table.            
[depth..del] Read 22 components from `_chem_comp` block.                        
[depth..del] Read 2 entities from `_entity` table.                              
[depth..del] Read 1 polymer type from `_entity_poly` table.                     
[depth..del] Read 1 non-polymer entity from `_pdbx_entity_nonpoly` table.       
[depth..del] Read 1 entities with a total of 243 residues from                  
`_entity_poly_seq` block.                                                       
[depth..del] Read 1 chain with a total of 243 residues from                     
`_pdbx_poly_seq_scheme` table.                                                  
[depth..del] Read 1 chain with a total of 1 residues from `_pdbx_nonpoly_scheme`
table.                                                                          
[depth..del] Read 2 chains from `_struct_asym` table.                           
[depth..del] Read 21 components from `_chem_comp` block.                        
[depth..del] Read 31 atoms from `_chem_comp_atom` block.                        
[depth..del] Read 2017 atoms from `_atom_site` table.                           
[depth..del] Identified 244 resolved residue(s) from `_atom_site` table.        
[depth..del] Parsed molecule with 1900 atoms (1837 resolved), 1902 bonds, 262   
residues, and 3 chains.                                                         
[depth..del] Read 2 entities from `_entity` table.                              
[depth..del] Read 1 polymer type from `_entity_poly` table.                     
[depth..del] Read 1 non-polymer entity from `_pdbx_entity_nonpoly` table.       
[depth..del] Read 1 entities with a total of 243 residues from                  
`_entity_poly_seq` block.                                                       
[depth..del] Read 1 chain with a total of 243 residues from                     
`_pdbx_poly_seq_scheme` table.                                                  
[depth..del] Read 1 chain with a total of 1 residues from `_pdbx_nonpoly_scheme`
table.                                                                          
[depth..del] Read 2 chains from `_struct_asym` table.                           
[depth..del] Read 21 components from `_chem_comp` block.                        
[depth..del] Read 31 atoms from `_chem_comp_atom` block.                        
[depth..del] Internal Ligand RMSD: ligand chain 1 (B, component 01) = 6.013 Å (1
automorphisms, 1 nodes explored)                                                
[depth..del] Ligand bisyRMSD: ligand chain 1 (B, component 01) = 2.641 Å        
[depth..del] Using bounds matrix reference for component 01                     
[depth..del] Parsed molecule with 2018 atoms (2017 resolved), 2064 bonds, 244   
residues, and 2 chains.                                                         
[depth..del] Read 2017 atoms from `_atom_site` table.                           
[depth..del] Using bounds matrix reference for component 01                     
[depth..del] Identified 244 resolved residue(s) from `_atom_site` table.        
[depth..del] Parsed molecule with 2018 atoms (2017 resolved), 2064 bonds, 244   
residues, and 2 chains.                                                         
[depth..del] Read 1837 atoms from `_atom_site` table.                           
[depth..del] Identified 256 resolved residue(s) from `_atom_site` table.        
[depth..del] Parsed molecule with 1900 atoms (1837 resolved), 1902 bonds, 262   
residues, and 3 chains.                                                         
[depth..del] Read 2 entities from `_entity` table.                              
[depth..del] Read 1 polymer type from `_entity_poly` table.                     
[depth..del] Read 1 non-polymer entity from `_pdbx_entity_nonpoly` table.       
[depth..del] Read 1 entities with a total of 243 residues from                  
`_entity_poly_seq` block.                                                       
[depth..del] Read 1 chain with a total of 243 residues from                     
`_pdbx_poly_seq_scheme` table.                                                  
[depth..del] Read 1 chain with a total of 1 residues from `_pdbx_nonpoly_scheme`
table.                                                                          
[depth..del] Read 2 chains from `_struct_asym` table.                           
[depth..del] Read 21 components from `_chem_comp` block.                        
[depth..del] Read 31 atoms from `_chem_comp_atom` block.                        
[depth..del] Read 2017 atoms from `_atom_site` table.                           
[depth..del] Identified 244 resolved residue(s) from `_atom_site` table.        
[depth..del] Parsed molecule with 2018 atoms (2017 resolved), 2064 bonds, 244   
residues, and 2 chains.                                                         
[depth..del] Read 3 entities from `_entity` table.                              
[depth..del] Read 1 polymer type from `_entity_poly` table.                     
[depth..del] Read 1 entities with a total of 225 residues from                  
`_entity_poly_seq` block.                                                       
[depth..del] Read 3 chains from `_struct_asym` table.                           
[depth..del] Read 1 assembly operation matrix from `_pdbx_struct_oper_list`     
table.                                                                          
[depth..del] Read 1 assembly from `_pdbx_struct_assembly_gen` table.            
[depth..del] Read 22 components from `_chem_comp` block.                        
[depth..del] Internal Ligand RMSD: ligand chain 1 (B, component 01) = 5.924 Å (1
automorphisms, 1 nodes explored)                                                
[depth..del] Ligand bisyRMSD: ligand chain 1 (B, component 01) = 14.021 Å       
[depth..del] Using bounds matrix reference for component 01                     
[depth..del] Using bounds matrix reference for component 01                     
[depth..del] Read 1837 atoms from `_atom_site` table.                           
[depth..del] Internal Ligand RMSD: ligand chain 1 (B, component 01) = 6.019 Å (1
automorphisms, 1 nodes explored)                                                
[depth..del] Ligand bisyRMSD: ligand chain 1 (B, component 01) = 2.258 Å        
[depth..del] Identified 256 resolved residue(s) from `_atom_site` table.        
[depth..del] Using bounds matrix reference for component 01                     
[depth..del] Using bounds matrix reference for component 01                     
[depth..del] Parsed molecule with 1900 atoms (1837 resolved), 1902 bonds, 262   
residues, and 3 chains.                                                         
[depth..del] Read 2 entities from `_entity` table.                              
[depth..del] Read 1 polymer type from `_entity_poly` table.                     
[depth..del] Read 1 non-polymer entity from `_pdbx_entity_nonpoly` table.       
[depth..del] Read 1 entities with a total of 243 residues from                  
`_entity_poly_seq` block.                                                       
[depth..del] Read 1 chain with a total of 243 residues from                     
`_pdbx_poly_seq_scheme` table.                                                  
[depth..del] Read 1 chain with a total of 1 residues from `_pdbx_nonpoly_scheme`
table.                                                                          
[depth..del] Read 2 chains from `_struct_asym` table.                           
[depth..del] Read 21 components from `_chem_comp` block.                        
[depth..del] Internal Ligand RMSD: ligand chain 1 (B, component 01) = 5.905 Å (1
automorphisms, 1 nodes explored)                                                
[depth..del] Read 31 atoms from `_chem_comp_atom` block.                        
[depth..del] Ligand bisyRMSD: ligand chain 1 (B, component 01) = 2.489 Å        
[depth..del] Using bounds matrix reference for component 01                     
[depth..del] Using bounds matrix reference for component 01                     
[depth..del] Read 2017 atoms from `_atom_site` table.                           
[depth..del] Identified 244 resolved residue(s) from `_atom_site` table.        
[depth..del] Parsed molecule with 2018 atoms (2017 resolved), 2064 bonds, 244   
residues, and 2 chains.                                                         
[depth..del] Internal Ligand RMSD: ligand chain 1 (B, component 01) = 6.209 Å (1
automorphisms, 1 nodes explored)                                                
[depth..del] Ligand bisyRMSD: ligand chain 1 (B, component 01) = 4.260 Å        
[depth..del] Using bounds matrix reference for component 01                     
[depth..del] Using bounds matrix reference for component 01                     
[depth..del] Internal Ligand RMSD: ligand chain 1 (B, component 01) = 5.993 Å (1
automorphisms, 1 nodes explored)                                                
[depth..del] Ligand bisyRMSD: ligand chain 1 (B, component 01) = 25.079 Å       
[depth..del] Using bounds matrix reference for component 01                     
[depth..del] Using bounds matrix reference for component 01                     
[depth..del] Read 3 entities from `_entity` table.                              
[depth..del] Read 1 polymer type from `_entity_poly` table.                     
[depth..del] Read 1 entities with a total of 225 residues from                  
`_entity_poly_seq` block.                                                       
[depth..del] Read 3 entities from `_entity` table.                              
[depth..del] Read 1 polymer type from `_entity_poly` table.                     
[depth..del] Read 1 entities with a total of 225 residues from                  
`_entity_poly_seq` block.                                                       
[depth..del] Read 3 chains from `_struct_asym` table.                           
[depth..del] Read 1 assembly operation matrix from `_pdbx_struct_oper_list`     
table.                                                                          
[depth..del] Read 1 assembly from `_pdbx_struct_assembly_gen` table.            
[depth..del] Read 22 components from `_chem_comp` block.                        
[depth..del] Read 3 chains from `_struct_asym` table.                           
[depth..del] Read 1 assembly operation matrix from `_pdbx_struct_oper_list`     
table.                                                                          
[depth..del] Read 1 assembly from `_pdbx_struct_assembly_gen` table.            
[depth..del] Read 22 components from `_chem_comp` block.                        
[depth..del] Read 1837 atoms from `_atom_site` table.                           
[depth..del] Read 1837 atoms from `_atom_site` table.                           
[depth..del] Identified 256 resolved residue(s) from `_atom_site` table.        
[depth..del] Parsed molecule with 1900 atoms (1837 resolved), 1902 bonds, 262   
residues, and 3 chains.                                                         
[depth..del] Read 2 entities from `_entity` table.                              
[depth..del] Read 1 polymer type from `_entity_poly` table.                     
[depth..del] Read 1 non-polymer entity from `_pdbx_entity_nonpoly` table.       
[depth..del] Read 1 entities with a total of 243 residues from                  
`_entity_poly_seq` block.                                                       
[depth..del] Read 1 chain with a total of 243 residues from                     
`_pdbx_poly_seq_scheme` table.                                                  
[depth..del] Read 1 chain with a total of 1 residues from `_pdbx_nonpoly_scheme`
table.                                                                          
[depth..del] Read 2 chains from `_struct_asym` table.                           
[depth..del] Read 21 components from `_chem_comp` block.                        
[depth..del] Read 31 atoms from `_chem_comp_atom` block.                        
[depth..del] Identified 256 resolved residue(s) from `_atom_site` table.        
[depth..del] Read 2017 atoms from `_atom_site` table.                           
[depth..del] Identified 244 resolved residue(s) from `_atom_site` table.        
[depth..del] Parsed molecule with 1900 atoms (1837 resolved), 1902 bonds, 262   
residues, and 3 chains.                                                         
[depth..del] Read 2 entities from `_entity` table.                              
[depth..del] Read 1 polymer type from `_entity_poly` table.                     
[depth..del] Read 1 non-polymer entity from `_pdbx_entity_nonpoly` table.       
[depth..del] Read 1 entities with a total of 243 residues from                  
`_entity_poly_seq` block.                                                       
[depth..del] Read 1 chain with a total of 243 residues from                     
`_pdbx_poly_seq_scheme` table.                                                  
[depth..del] Read 1 chain with a total of 1 residues from `_pdbx_nonpoly_scheme`
table.                                                                          
[depth..del] Read 2 chains from `_struct_asym` table.                           
[depth..del] Internal Ligand RMSD: ligand chain 1 (B, component 01) = 6.063 Å (1
automorphisms, 1 nodes explored)                                                
[depth..del] Read 21 components from `_chem_comp` block.                        
[depth..del] Read 31 atoms from `_chem_comp_atom` block.                        
[depth..del] Ligand bisyRMSD: ligand chain 1 (B, component 01) = 2.182 Å        
[depth..del] Using bounds matrix reference for component 01                     
[depth..del] Using bounds matrix reference for component 01                     
[depth..del] Parsed molecule with 2018 atoms (2017 resolved), 2064 bonds, 244   
residues, and 2 chains.                                                         
[depth..del] Read 2017 atoms from `_atom_site` table.                           
[depth..del] Read 3 entities from `_entity` table.                              
[depth..del] Read 1 polymer type from `_entity_poly` table.                     
[depth..del] Read 1 entities with a total of 225 residues from                  
`_entity_poly_seq` block.                                                       
[depth..del] Read 3 chains from `_struct_asym` table.                           
[depth..del] Read 1 assembly operation matrix from `_pdbx_struct_oper_list`     
table.                                                                          
[depth..del] Read 1 assembly from `_pdbx_struct_assembly_gen` table.            
[depth..del] Read 22 components from `_chem_comp` block.                        
[depth..del] Identified 244 resolved residue(s) from `_atom_site` table.        
[depth..del] Read 1837 atoms from `_atom_site` table.                           
[depth..del] Identified 256 resolved residue(s) from `_atom_site` table.        
[depth..del] Parsed molecule with 2018 atoms (2017 resolved), 2064 bonds, 244   
residues, and 2 chains.                                                         
[depth..del] Parsed molecule with 1900 atoms (1837 resolved), 1902 bonds, 262   
residues, and 3 chains.                                                         
[depth..del] Read 2 entities from `_entity` table.                              
[depth..del] Read 1 polymer type from `_entity_poly` table.                     
[depth..del] Read 1 non-polymer entity from `_pdbx_entity_nonpoly` table.       
[depth..del] Read 1 entities with a total of 243 residues from                  
`_entity_poly_seq` block.                                                       
[depth..del] Read 1 chain with a total of 243 residues from                     
`_pdbx_poly_seq_scheme` table.                                                  
[depth..del] Read 1 chain with a total of 1 residues from `_pdbx_nonpoly_scheme`
table.                                                                          
[depth..del] Read 2 chains from `_struct_asym` table.                           
[depth..del] Read 21 components from `_chem_comp` block.                        
[depth..del] Read 31 atoms from `_chem_comp_atom` block.                        
[depth..del] Read 2017 atoms from `_atom_site` table.                           
[depth..del] Identified 244 resolved residue(s) from `_atom_site` table.        
[depth..del] Parsed molecule with 2018 atoms (2017 resolved), 2064 bonds, 244   
residues, and 2 chains.                                                         
[depth..del] Internal Ligand RMSD: ligand chain 1 (B, component 01) = 6.063 Å (1
automorphisms, 1 nodes explored)                                                
[depth..del] Ligand bisyRMSD: ligand chain 1 (B, component 01) = 6.986 Å        
[depth..del] Using bounds matrix reference for component 01                     
[depth..del] Using bounds matrix reference for component 01                     
[depth..del] Read 3 entities from `_entity` table.                              
[depth..del] Read 1 polymer type from `_entity_poly` table.                     
[depth..del] Read 1 entities with a total of 225 residues from                  
`_entity_poly_seq` block.                                                       
[depth..del] Read 3 chains from `_struct_asym` table.                           
[depth..del] Read 1 assembly operation matrix from `_pdbx_struct_oper_list`     
table.                                                                          
[depth..del] Read 1 assembly from `_pdbx_struct_assembly_gen` table.            
[depth..del] Read 22 components from `_chem_comp` block.                        
[depth..del] Read 1837 atoms from `_atom_site` table.                           
[depth..del] Identified 256 resolved residue(s) from `_atom_site` table.        
[depth..del] Parsed molecule with 1900 atoms (1837 resolved), 1902 bonds, 262   
residues, and 3 chains.                                                         
[depth..del] Read 2 entities from `_entity` table.                              
[depth..del] Read 1 polymer type from `_entity_poly` table.                     
[depth..del] Read 1 non-polymer entity from `_pdbx_entity_nonpoly` table.       
[depth..del] Read 1 entities with a total of 243 residues from                  
`_entity_poly_seq` block.                                                       
[depth..del] Read 1 chain with a total of 243 residues from                     
`_pdbx_poly_seq_scheme` table.                                                  
[depth..del] Read 3 entities from `_entity` table.                              
[depth..del] Read 1 polymer type from `_entity_poly` table.                     
[depth..del] Read 1 chain with a total of 1 residues from `_pdbx_nonpoly_scheme`
table.                                                                          
[depth..del] Read 2 chains from `_struct_asym` table.                           
[depth..del] Read 21 components from `_chem_comp` block.                        
[depth..del] Read 31 atoms from `_chem_comp_atom` block.                        
[depth..del] Read 1 entities with a total of 225 residues from                  
`_entity_poly_seq` block.                                                       
[depth..del] Read 3 chains from `_struct_asym` table.                           
[depth..del] Read 1 assembly operation matrix from `_pdbx_struct_oper_list`     
table.                                                                          
[depth..del] Read 1 assembly from `_pdbx_struct_assembly_gen` table.            
[depth..del] Read 22 components from `_chem_comp` block.                        
[depth..del] Read 2017 atoms from `_atom_site` table.                           
[depth..del] Identified 244 resolved residue(s) from `_atom_site` table.        
[depth..del] Internal Ligand RMSD: ligand chain 1 (B, component 01) = 6.146 Å (1
automorphisms, 1 nodes explored)                                                
[depth..del] Ligand bisyRMSD: ligand chain 1 (B, component 01) = 39.421 Å       
[depth..del] Using bounds matrix reference for component 01                     
[depth..del] Using bounds matrix reference for component 01                     
[depth..del] Parsed molecule with 2018 atoms (2017 resolved), 2064 bonds, 244   
residues, and 2 chains.                                                         
[depth..del] Read 1837 atoms from `_atom_site` table.                           
[depth..del] Internal Ligand RMSD: ligand chain 1 (B, component 01) = 6.134 Å (1
automorphisms, 1 nodes explored)                                                
[depth..del] Ligand bisyRMSD: ligand chain 1 (B, component 01) = 1.780 Å        
[depth..del] Using bounds matrix reference for component 01                     
[depth..del] Identified 256 resolved residue(s) from `_atom_site` table.        
[depth..del] Using bounds matrix reference for component 01                     
[depth..del] Read 3 entities from `_entity` table.                              
[depth..del] Read 1 polymer type from `_entity_poly` table.                     
[depth..del] Read 1 entities with a total of 225 residues from                  
`_entity_poly_seq` block.                                                       
[depth..del] Read 3 chains from `_struct_asym` table.                           
[depth..del] Read 1 assembly operation matrix from `_pdbx_struct_oper_list`     
table.                                                                          
[depth..del] Read 1 assembly from `_pdbx_struct_assembly_gen` table.            
[depth..del] Read 22 components from `_chem_comp` block.                        
[depth..del] Parsed molecule with 1900 atoms (1837 resolved), 1902 bonds, 262   
residues, and 3 chains.                                                         
[depth..del] Read 2 entities from `_entity` table.                              
[depth..del] Read 1 polymer type from `_entity_poly` table.                     
[depth..del] Read 1 non-polymer entity from `_pdbx_entity_nonpoly` table.       
[depth..del] Read 1 entities with a total of 243 residues from                  
`_entity_poly_seq` block.                                                       
[depth..del] Read 1 chain with a total of 243 residues from                     
`_pdbx_poly_seq_scheme` table.                                                  
[depth..del] Read 1 chain with a total of 1 residues from `_pdbx_nonpoly_scheme`
table.                                                                          
[depth..del] Read 2 chains from `_struct_asym` table.                           
[depth..del] Read 21 components from `_chem_comp` block.                        
[depth..del] Read 31 atoms from `_chem_comp_atom` block.                        
[depth..del] Read 1837 atoms from `_atom_site` table.                           
[depth..del] Identified 256 resolved residue(s) from `_atom_site` table.        
[depth..del] Parsed molecule with 1900 atoms (1837 resolved), 1902 bonds, 262   
residues, and 3 chains.                                                         
[depth..del] Read 2017 atoms from `_atom_site` table.                           
[depth..del] Read 2 entities from `_entity` table.                              
[depth..del] Read 1 polymer type from `_entity_poly` table.                     
[depth..del] Read 1 non-polymer entity from `_pdbx_entity_nonpoly` table.       
[depth..del] Identified 244 resolved residue(s) from `_atom_site` table.        
[depth..del] Parsed molecule with 2018 atoms (2017 resolved), 2064 bonds, 244   
residues, and 2 chains.                                                         
[depth..del] Internal Ligand RMSD: ligand chain 1 (B, component 01) = 6.082 Å (1
automorphisms, 1 nodes explored)                                                
[depth..del] Ligand bisyRMSD: ligand chain 1 (B, component 01) = 1.354 Å        
[depth..del] Using bounds matrix reference for component 01                     
[depth..del] Using bounds matrix reference for component 01                     
[depth..del] Read 3 entities from `_entity` table.                              
[depth..del] Read 1 polymer type from `_entity_poly` table.                     
[depth..del] Read 1 entities with a total of 225 residues from                  
`_entity_poly_seq` block.                                                       
[depth..del] Read 3 entities from `_entity` table.                              
[depth..del] Read 3 chains from `_struct_asym` table.                           
[depth..del] Read 1 assembly operation matrix from `_pdbx_struct_oper_list`     
table.                                                                          
[depth..del] Read 1 polymer type from `_entity_poly` table.                     
[depth..del] Read 1 entities with a total of 225 residues from                  
`_entity_poly_seq` block.                                                       
[depth..del] Read 3 chains from `_struct_asym` table.                           
[depth..del] Read 1 assembly operation matrix from `_pdbx_struct_oper_list`     
table.                                                                          
[depth..del] Read 1 assembly from `_pdbx_struct_assembly_gen` table.            
[depth..del] Read 22 components from `_chem_comp` block.                        
[depth..del] Read 1 assembly from `_pdbx_struct_assembly_gen` table.            
[depth..del] Read 22 components from `_chem_comp` block.                        
[depth..del] Read 1837 atoms from `_atom_site` table.                           
[depth..del] Identified 256 resolved residue(s) from `_atom_site` table.        
[depth..del] Parsed molecule with 1900 atoms (1837 resolved), 1902 bonds, 262   
residues, and 3 chains.                                                         
[depth..del] Read 2 entities from `_entity` table.                              
[depth..del] Read 1 polymer type from `_entity_poly` table.                     
[depth..del] Read 1 non-polymer entity from `_pdbx_entity_nonpoly` table.       
[depth..del] Read 1 entities with a total of 243 residues from                  
`_entity_poly_seq` block.                                                       
[depth..del] Read 1 chain with a total of 243 residues from                     
`_pdbx_poly_seq_scheme` table.                                                  
[depth..del] Read 1 chain with a total of 1 residues from `_pdbx_nonpoly_scheme`
table.                                                                          
[depth..del] Read 2 chains from `_struct_asym` table.                           
[depth..del] Read 21 components from `_chem_comp` block.                        
[depth..del] Read 31 atoms from `_chem_comp_atom` block.                        
[depth..del] Internal Ligand RMSD: ligand chain 1 (B, component 01) = 5.729 Å (1
automorphisms, 1 nodes explored)                                                
[depth..del] Read 1837 atoms from `_atom_site` table.                           
[depth..del] Ligand bisyRMSD: ligand chain 1 (B, component 01) = 1.330 Å        
[depth..del] Read 2017 atoms from `_atom_site` table.                           
[depth..del] Using bounds matrix reference for component 01                     
[depth..del] Identified 244 resolved residue(s) from `_atom_site` table.        
[depth..del] Identified 256 resolved residue(s) from `_atom_site` table.        
[depth..del] Parsed molecule with 1900 atoms (1837 resolved), 1902 bonds, 262   
residues, and 3 chains.                                                         
[depth..del] Parsed molecule with 2018 atoms (2017 resolved), 2064 bonds, 244   
residues, and 2 chains.                                                         
[depth..del] Using bounds matrix reference for component 01                     
[depth..del] Read 2 entities from `_entity` table.                              
[depth..del] Read 1 polymer type from `_entity_poly` table.                     
[depth..del] Read 1 non-polymer entity from `_pdbx_entity_nonpoly` table.       
[depth..del] Read 1 entities with a total of 243 residues from                  
`_entity_poly_seq` block.                                                       
[depth..del] Read 1 chain with a total of 243 residues from                     
`_pdbx_poly_seq_scheme` table.                                                  
[depth..del] Read 1 chain with a total of 1 residues from `_pdbx_nonpoly_scheme`
table.                                                                          
[depth..del] Read 2 chains from `_struct_asym` table.                           
[depth..del] Read 21 components from `_chem_comp` block.                        
[depth..del] Read 31 atoms from `_chem_comp_atom` block.                        
[depth..del] Read 2017 atoms from `_atom_site` table.                           
[depth..del] Identified 244 resolved residue(s) from `_atom_site` table.        
[depth..del] Parsed molecule with 2018 atoms (2017 resolved), 2064 bonds, 244   
residues, and 2 chains.                                                         
[depth..del] Internal Ligand RMSD: ligand chain 1 (B, component 01) = 5.945 Å (1
automorphisms, 1 nodes explored)                                                
[depth..del] Ligand bisyRMSD: ligand chain 1 (B, component 01) = 11.825 Å       
[depth..del] Using bounds matrix reference for component 01                     
[depth..del] Using bounds matrix reference for component 01                     
[depth..del] Read 3 entities from `_entity` table.                              
[depth..del] Read 1 polymer type from `_entity_poly` table.                     
[depth..del] Read 1 entities with a total of 225 residues from                  
`_entity_poly_seq` block.                                                       
[depth..del] Read 3 chains from `_struct_asym` table.                           
[depth..del] Read 1 assembly operation matrix from `_pdbx_struct_oper_list`     
table.                                                                          
[depth..del] Read 1 assembly from `_pdbx_struct_assembly_gen` table.            
[depth..del] Read 22 components from `_chem_comp` block.                        
[depth..del] Read 1837 atoms from `_atom_site` table.                           
[depth..del] Identified 256 resolved residue(s) from `_atom_site` table.        
[depth..del] Parsed molecule with 1900 atoms (1837 resolved), 1902 bonds, 262   
residues, and 3 chains.                                                         
[depth..del] Read 2 entities from `_entity` table.                              
[depth..del] Read 1 polymer type from `_entity_poly` table.                     
[depth..del] Read 1 non-polymer entity from `_pdbx_entity_nonpoly` table.       
[depth..del] Read 1 entities with a total of 243 residues from                  
`_entity_poly_seq` block.                                                       
[depth..del] Read 1 chain with a total of 243 residues from                     
`_pdbx_poly_seq_scheme` table.                                                  
[depth..del] Read 1 chain with a total of 1 residues from `_pdbx_nonpoly_scheme`
table.                                                                          
[depth..del] Read 2 chains from `_struct_asym` table.                           
[depth..del] Read 21 components from `_chem_comp` block.                        
[depth..del] Read 31 atoms from `_chem_comp_atom` block.                        
[depth..del] Read 2017 atoms from `_atom_site` table.                           
[depth..del] Identified 244 resolved residue(s) from `_atom_site` table.        
[depth..del] Internal Ligand RMSD: ligand chain 1 (B, component 01) = 5.944 Å (1
automorphisms, 1 nodes explored)                                                
[depth..del] Read 3 entities from `_entity` table.                              
[depth..del] Read 1 polymer type from `_entity_poly` table.                     
[depth..del] Ligand bisyRMSD: ligand chain 1 (B, component 01) = 30.085 Å       
[depth..del] Read 1 entities with a total of 225 residues from                  
`_entity_poly_seq` block.                                                       
[depth..del] Read 3 chains from `_struct_asym` table.                           
[depth..del] Read 1 assembly operation matrix from `_pdbx_struct_oper_list`     
table.                                                                          
[depth..del] Read 1 assembly from `_pdbx_struct_assembly_gen` table.            
[depth..del] Read 22 components from `_chem_comp` block.                        
[depth..del] Parsed molecule with 2018 atoms (2017 resolved), 2064 bonds, 244   
residues, and 2 chains.                                                         
[depth..del] Using bounds matrix reference for component 01                     
[depth..del] Using bounds matrix reference for component 01                     
[depth..del] Read 1837 atoms from `_atom_site` table.                           
[depth..del] Identified 256 resolved residue(s) from `_atom_site` table.        
[depth..del] Parsed molecule with 1900 atoms (1837 resolved), 1902 bonds, 262   
residues, and 3 chains.                                                         
[depth..del] Read 2 entities from `_entity` table.                              
[depth..del] Read 1 polymer type from `_entity_poly` table.                     
[depth..del] Read 1 non-polymer entity from `_pdbx_entity_nonpoly` table.       
[depth..del] Read 1 entities with a total of 243 residues from                  
`_entity_poly_seq` block.                                                       
[depth..del] Read 1 chain with a total of 243 residues from                     
`_pdbx_poly_seq_scheme` table.                                                  
[depth..del] Read 1 chain with a total of 1 residues from `_pdbx_nonpoly_scheme`
table.                                                                          
[depth..del] Read 2 chains from `_struct_asym` table.                           
[depth..del] Read 21 components from `_chem_comp` block.                        
[depth..del] Read 31 atoms from `_chem_comp_atom` block.                        
[depth..del] Read 3 entities from `_entity` table.                              
[depth..del] Read 1 polymer type from `_entity_poly` table.                     
[depth..del] Read 1 entities with a total of 225 residues from                  
`_entity_poly_seq` block.                                                       
[depth..del] Read 3 chains from `_struct_asym` table.                           
[depth..del] Read 1 assembly operation matrix from `_pdbx_struct_oper_list`     
table.                                                                          
[depth..del] Read 1 assembly from `_pdbx_struct_assembly_gen` table.            
[depth..del] Read 22 components from `_chem_comp` block.                        
[depth..del] Read 3 entities from `_entity` table.                              
[depth..del] Read 1 polymer type from `_entity_poly` table.                     
[depth..del] Read 1 entities with a total of 225 residues from                  
`_entity_poly_seq` block.                                                       
[depth..del] Read 3 chains from `_struct_asym` table.                           
[depth..del] Read 1 assembly operation matrix from `_pdbx_struct_oper_list`     
table.                                                                          
[depth..del] Read 1 assembly from `_pdbx_struct_assembly_gen` table.            
[depth..del] Read 22 components from `_chem_comp` block.                        
[depth..del] Read 2017 atoms from `_atom_site` table.                           
[depth..del] Read 1837 atoms from `_atom_site` table.                           
[depth..del] Identified 244 resolved residue(s) from `_atom_site` table.        
[depth..del] Identified 256 resolved residue(s) from `_atom_site` table.        
[depth..del] Parsed molecule with 2018 atoms (2017 resolved), 2064 bonds, 244   
residues, and 2 chains.                                                         
[depth..del] Parsed molecule with 1900 atoms (1837 resolved), 1902 bonds, 262   
residues, and 3 chains.                                                         
[depth..del] Read 2 entities from `_entity` table.                              
[depth..del] Read 1 polymer type from `_entity_poly` table.                     
[depth..del] Read 1 non-polymer entity from `_pdbx_entity_nonpoly` table.       
[depth..del] Read 1 entities with a total of 243 residues from                  
`_entity_poly_seq` block.                                                       
[depth..del] Read 1 chain with a total of 243 residues from                     
`_pdbx_poly_seq_scheme` table.                                                  
[depth..del] Read 1 chain with a total of 1 residues from `_pdbx_nonpoly_scheme`
table.                                                                          
[depth..del] Read 2 chains from `_struct_asym` table.                           
[depth..del] Read 21 components from `_chem_comp` block.                        
[depth..del] Read 31 atoms from `_chem_comp_atom` block.                        
[depth..del] Read 1837 atoms from `_atom_site` table.                           
[depth..del] Identified 256 resolved residue(s) from `_atom_site` table.        
[depth..del] Parsed molecule with 1900 atoms (1837 resolved), 1902 bonds, 262   
residues, and 3 chains.                                                         
[depth..del] Read 2 entities from `_entity` table.                              
[depth..del] Read 1 polymer type from `_entity_poly` table.                     
[depth..del] Read 1 non-polymer entity from `_pdbx_entity_nonpoly` table.       
[depth..del] Read 1 entities with a total of 243 residues from                  
`_entity_poly_seq` block.                                                       
[depth..del] Read 1 chain with a total of 243 residues from                     
`_pdbx_poly_seq_scheme` table.                                                  
[depth..del] Read 1 chain with a total of 1 residues from `_pdbx_nonpoly_scheme`
table.                                                                          
[depth..del] Read 2 chains from `_struct_asym` table.                           
[depth..del] Read 21 components from `_chem_comp` block.                        
[depth..del] Read 31 atoms from `_chem_comp_atom` block.                        
[depth..del] Internal Ligand RMSD: ligand chain 1 (B, component 01) = 6.044 Å (1
automorphisms, 1 nodes explored)                                                
[depth..del] Ligand bisyRMSD: ligand chain 1 (B, component 01) = 2.356 Å        
[depth..del] Using bounds matrix reference for component 01                     
[depth..del] Read 2017 atoms from `_atom_site` table.                           
[depth..del] Internal Ligand RMSD: ligand chain 1 (B, component 01) = 6.133 Å (1
automorphisms, 1 nodes explored)                                                
[depth..del] Ligand bisyRMSD: ligand chain 1 (B, component 01) = 13.890 Å       
[depth..del] Identified 244 resolved residue(s) from `_atom_site` table.        
[depth..del] Using bounds matrix reference for component 01                     
[depth..del] Using bounds matrix reference for component 01                     
[depth..del] Read 3 entities from `_entity` table.                              
[depth..del] Using bounds matrix reference for component 01                     
[depth..del] Internal Ligand RMSD: ligand chain 1 (B, component 01) = 5.985 Å (1
automorphisms, 1 nodes explored)                                                
[depth..del] Parsed molecule with 2018 atoms (2017 resolved), 2064 bonds, 244   
residues, and 2 chains.                                                         
[depth..del] Ligand bisyRMSD: ligand chain 1 (B, component 01) = 2.278 Å        
[depth..del] Read 1 polymer type from `_entity_poly` table.                     
[depth..del] Using bounds matrix reference for component 01                     
[depth..del] Read 1 entities with a total of 225 residues from                  
`_entity_poly_seq` block.                                                       
[depth..del] Read 1 entities with a total of 243 residues from                  
`_entity_poly_seq` block.                                                       
[depth..del] Read 3 chains from `_struct_asym` table.                           
[depth..del] Read 1 assembly operation matrix from `_pdbx_struct_oper_list`     
table.                                                                          
[depth..del] Read 1 assembly from `_pdbx_struct_assembly_gen` table.            
[depth..del] Read 1 chain with a total of 243 residues from                     
`_pdbx_poly_seq_scheme` table.                                                  
[depth..del] Read 22 components from `_chem_comp` block.                        
[depth..del] Read 1 chain with a total of 1 residues from `_pdbx_nonpoly_scheme`
table.                                                                          
[depth..del] Read 2 chains from `_struct_asym` table.                           
[depth..del] Read 21 components from `_chem_comp` block.                        
[depth..del] Read 31 atoms from `_chem_comp_atom` block.                        
[depth..del] Using bounds matrix reference for component 01                     
[depth..del] Read 2017 atoms from `_atom_site` table.                           
[depth..del] Identified 244 resolved residue(s) from `_atom_site` table.        
[depth..del] Read 3 entities from `_entity` table.                              
[depth..del] Read 1 polymer type from `_entity_poly` table.                     
[depth..del] Read 1 entities with a total of 225 residues from                  
`_entity_poly_seq` block.                                                       
[depth..del] Read 3 chains from `_struct_asym` table.                           
[depth..del] Read 1 assembly operation matrix from `_pdbx_struct_oper_list`     
table.                                                                          
[depth..del] Read 1 assembly from `_pdbx_struct_assembly_gen` table.            
[depth..del] Parsed molecule with 2018 atoms (2017 resolved), 2064 bonds, 244   
residues, and 2 chains.                                                         
[depth..del] Read 22 components from `_chem_comp` block.                        
[depth..del] Read 2017 atoms from `_atom_site` table.                           
[depth..del] Identified 244 resolved residue(s) from `_atom_site` table.        
[depth..del] Read 1837 atoms from `_atom_site` table.                           
[depth..del] Identified 256 resolved residue(s) from `_atom_site` table.        
[depth..del] Parsed molecule with 1900 atoms (1837 resolved), 1902 bonds, 262   
residues, and 3 chains.                                                         
[depth..del] Read 2 entities from `_entity` table.                              
[depth..del] Read 1 polymer type from `_entity_poly` table.                     
[depth..del] Read 1 non-polymer entity from `_pdbx_entity_nonpoly` table.       
[depth..del] Read 1 entities with a total of 243 residues from                  
`_entity_poly_seq` block.                                                       
[depth..del] Read 1 chain with a total of 243 residues from                     
`_pdbx_poly_seq_scheme` table.                                                  
[depth..del] Read 1 chain with a total of 1 residues from `_pdbx_nonpoly_scheme`
table.                                                                          
[depth..del] Read 2 chains from `_struct_asym` table.                           
[depth..del] Read 21 components from `_chem_comp` block.                        
[depth..del] Read 31 atoms from `_chem_comp_atom` block.                        
[depth..del] Parsed molecule with 2018 atoms (2017 resolved), 2064 bonds, 244   
residues, and 2 chains.                                                         
[depth..del] Internal Ligand RMSD: ligand chain 1 (B, component 01) = 5.605 Å (1
automorphisms, 1 nodes explored)                                                
[depth..del] Read 1837 atoms from `_atom_site` table.                           
[depth..del] Ligand bisyRMSD: ligand chain 1 (B, component 01) = 30.324 Å       
[depth..del] Using bounds matrix reference for component 01                     
[depth..del] Using bounds matrix reference for component 01                     
[depth..del] Identified 256 resolved residue(s) from `_atom_site` table.        
[depth..del] Parsed molecule with 1900 atoms (1837 resolved), 1902 bonds, 262   
residues, and 3 chains.                                                         
[depth..del] Read 2 entities from `_entity` table.                              
[depth..del] Read 1 polymer type from `_entity_poly` table.                     
[depth..del] Read 1 non-polymer entity from `_pdbx_entity_nonpoly` table.       
[depth..del] Read 1 entities with a total of 243 residues from                  
`_entity_poly_seq` block.                                                       
[depth..del] Read 1 chain with a total of 243 residues from                     
`_pdbx_poly_seq_scheme` table.                                                  
[depth..del] Read 1 chain with a total of 1 residues from `_pdbx_nonpoly_scheme`
table.                                                                          
[depth..del] Read 2 chains from `_struct_asym` table.                           
[depth..del] Read 21 components from `_chem_comp` block.                        
[depth..del] Read 31 atoms from `_chem_comp_atom` block.                        
[depth..del] Read 2017 atoms from `_atom_site` table.                           
[depth..del] Identified 244 resolved residue(s) from `_atom_site` table.        
[depth..del] Parsed molecule with 2018 atoms (2017 resolved), 2064 bonds, 244   
residues, and 2 chains.                                                         
[depth..del] Read 3 entities from `_entity` table.                              
[depth..del] Read 1 polymer type from `_entity_poly` table.                     
[depth..del] Read 1 entities with a total of 225 residues from                  
`_entity_poly_seq` block.                                                       
[depth..del] Read 3 chains from `_struct_asym` table.                           
[depth..del] Read 1 assembly operation matrix from `_pdbx_struct_oper_list`     
table.                                                                          
[depth..del] Read 1 assembly from `_pdbx_struct_assembly_gen` table.            
[depth..del] Read 22 components from `_chem_comp` block.                        
[depth..del] Read 2017 atoms from `_atom_site` table.                           
[depth..del] Identified 244 resolved residue(s) from `_atom_site` table.        
[depth..del] Parsed molecule with 2018 atoms (2017 resolved), 2064 bonds, 244   
residues, and 2 chains.                                                         
[depth..del] Read 1837 atoms from `_atom_site` table.                           
[depth..del] Identified 256 resolved residue(s) from `_atom_site` table.        
[depth..del] Parsed molecule with 1900 atoms (1837 resolved), 1902 bonds, 262   
residues, and 3 chains.                                                         
[depth..del] Read 2 entities from `_entity` table.                              
[depth..del] Read 1 polymer type from `_entity_poly` table.                     
[depth..del] Read 1 non-polymer entity from `_pdbx_entity_nonpoly` table.       
[depth..del] Read 1 entities with a total of 243 residues from                  
`_entity_poly_seq` block.                                                       
[depth..del] Read 1 chain with a total of 243 residues from                     
`_pdbx_poly_seq_scheme` table.                                                  
[depth..del] Read 1 chain with a total of 1 residues from `_pdbx_nonpoly_scheme`
table.                                                                          
[depth..del] Read 2 chains from `_struct_asym` table.                           
[depth..del] Read 21 components from `_chem_comp` block.                        
[depth..del] Read 31 atoms from `_chem_comp_atom` block.                        
[depth..del] Read 2017 atoms from `_atom_site` table.                           
[depth..del] Identified 244 resolved residue(s) from `_atom_site` table.        
[depth..del] Parsed molecule with 2018 atoms (2017 resolved), 2064 bonds, 244   
residues, and 2 chains.                                                         
[depth..del] Internal Ligand RMSD: ligand chain 1 (B, component 01) = 6.072 Å (1
automorphisms, 1 nodes explored)                                                
[depth..del] Ligand bisyRMSD: ligand chain 1 (B, component 01) = 6.681 Å        
[depth..del] Using bounds matrix reference for component 01                     
[depth..del] Using bounds matrix reference for component 01                     
[depth..del] Internal Ligand RMSD: ligand chain 1 (B, component 01) = 5.661 Å (1
automorphisms, 1 nodes explored)                                                
[depth..del] Ligand bisyRMSD: ligand chain 1 (B, component 01) = 18.128 Å       
[depth..del] Using bounds matrix reference for component 01                     
[depth..del] Using bounds matrix reference for component 01                     
[depth..del] Internal Ligand RMSD: ligand chain 1 (B, component 01) = 6.054 Å (1
automorphisms, 1 nodes explored)                                                
[depth..del] Ligand bisyRMSD: ligand chain 1 (B, component 01) = 3.044 Å        
[depth..del] Using bounds matrix reference for component 01                     
[depth..del] Using bounds matrix reference for component 01                     
[depth..del] Internal Ligand RMSD: ligand chain 1 (B, component 01) = 6.047 Å (1
automorphisms, 1 nodes explored)                                                
[depth..del] Ligand bisyRMSD: ligand chain 1 (B, component 01) = 2.606 Å        
[depth..del] Internal Ligand RMSD: ligand chain 1 (B, component 01) = 6.006 Å (1
automorphisms, 1 nodes explored)                                                
[depth..del] Using bounds matrix reference for component 01                     
[depth..del] Ligand bisyRMSD: ligand chain 1 (B, component 01) = 2.350 Å        
[depth..del] Using bounds matrix reference for component 01                     
[depth..del] Using bounds matrix reference for component 01                     
[depth..del] Using bounds matrix reference for component 01                     
[depth..del] Internal Ligand RMSD: ligand chain 1 (B, component 01) = 6.006 Å (1
automorphisms, 1 nodes explored)                                                
[depth..del] Ligand bisyRMSD: ligand chain 1 (B, component 01) = 2.101 Å        
[depth..del] Using bounds matrix reference for component 01                     
[depth..del] Using bounds matrix reference for component 01                     
[depth..del] Internal Ligand RMSD: ligand chain 1 (B, component 01) = 6.022 Å (1
automorphisms, 1 nodes explored)                                                
[depth..del] Ligand bisyRMSD: ligand chain 1 (B, component 01) = 2.184 Å        
[depth..del] Using bounds matrix reference for component 01                     
[depth..del] Using bounds matrix reference for component 01                     
Computing metrics ━━━━━━━━━━━━━━━━━━━━━━━━━━━━━━━━━━━━━━━━━━━━ 200/200 0:00:38
Computed metrics for 200/200 prediction sample(s) in 200 group(s).
