┌──────────────────────────────────────────────────────────────────────────────┐
│                         APHERIS OpenFold3 Prediction                         │
│                      Run OpenFold3 prediction pipeline                       │
└──────────────────────────────────────────────────────────────────────────────┘
Set OpenFold3 flavor to of3ob based on weights file                             
/app/weights/of3-ob-2025-06-30-174k.pt                                          
df: /tmp/.triton: No such file or directory
/app/.pixi/envs/openfold3-image/lib/python3.11/site-packages/torch/jit/_script.py:1488: DeprecationWarning: `torch.jit.script` is deprecated. Please switch to `torch.compile` or `torch.export`.
  warnings.warn(
Reading input queries                                                           
Paired 1/2 entities with an MSA for query 'RAND_CHEMBL5850461_agonist'          
Paired 1/2 entities with an MSA for query 'RAND_CHEMBL4745606_agonist'          
Paired 1/2 entities with an MSA for query 'RAND_CHEMBL3317837_antagonist'       
Paired 1/2 entities with an MSA for query 'RAND_CHEMBL4206368_antagonist'       
Paired 1/2 entities with an MSA for query 'RAND_CHEMBL3581546_agonist'          
Paired 1/2 entities with an MSA for query 'RAND_CHEMBL3361027_antagonist'       
Paired 1/2 entities with an MSA for query 'RAND_CHEMBL5867825_agonist'          
Paired 1/2 entities with an MSA for query 'RAND_CHEMBL5779116_antagonist'       
Paired 1/2 entities with an MSA for query 'RAND_CHEMBL4283051_antagonist'       
Paired 1/2 entities with an MSA for query 'RAND_CHEMBL3234252_antagonist'       
Paired 1/2 entities with an MSA for query 'RAND_CHEMBL4749158_agonist'          
Paired 1/2 entities with an MSA for query 'RAND_CHEMBL5910914_antagonist'       
Paired 1/2 entities with an MSA for query 'RAND_CHEMBL4863122_agonist'          
Paired 1/2 entities with an MSA for query 'RAND_CHEMBL4552142_antagonist'       
Paired 1/2 entities with an MSA for query 'RAND_CHEMBL6052651_antagonist'       
Paired 1/2 entities with an MSA for query 'RAND_CHEMBL5902173_agonist'          
Paired 1/2 entities with an MSA for query 'RAND_CHEMBL4547336_agonist'          
Paired 1/2 entities with an MSA for query 'RAND_CHEMBL5834289_antagonist'       
Paired 1/2 entities with an MSA for query 'RAND_CHEMBL3581540_agonist'          
Paired 1/2 entities with an MSA for query 'RAND_CHEMBL5813818_antagonist'       
Paired 1/2 entities with an MSA for query 'RAND_CHEMBL5867540_antagonist'       
Paired 1/2 entities with an MSA for query 'RAND_CHEMBL6016819_agonist'          
Paired 1/2 entities with an MSA for query 'RAND_CHEMBL5875081_antagonist'       
Paired 1/2 entities with an MSA for query 'RAND_CHEMBL5920888_agonist'          
Paired 1/2 entities with an MSA for query 'RAND_CHEMBL6028453_antagonist'       
Paired 1/2 entities with an MSA for query 'RAND_CHEMBL5943390_agonist'          
Paired 1/2 entities with an MSA for query 'RAND_CHEMBL5972735_antagonist'       
Paired 1/2 entities with an MSA for query 'RAND_CHEMBL6055423_agonist'          
Paired 1/2 entities with an MSA for query 'RAND_CHEMBL4292862_antagonist'       
Paired 1/2 entities with an MSA for query 'RAND_CHEMBL3609388_agonist'          
Paired 1/2 entities with an MSA for query 'RAND_CHEMBL6001168_agonist'          
Paired 1/2 entities with an MSA for query 'RAND_CHEMBL5780772_antagonist'       
Paired 1/2 entities with an MSA for query 'RAND_CHEMBL5918239_agonist'          
Paired 1/2 entities with an MSA for query 'RAND_CHEMBL5091940_agonist'          
Paired 1/2 entities with an MSA for query 'RAND_CHEMBL5993128_agonist'          
Paired 1/2 entities with an MSA for query 'RAND_CHEMBL4435215_antagonist'       
Paired 1/2 entities with an MSA for query 'RAND_CHEMBL5944112_antagonist'       
Paired 1/2 entities with an MSA for query 'RAND_CHEMBL5085004_agonist'          
Paired 1/2 entities with an MSA for query 'RAND_CHEMBL4868485_agonist'          
Paired 1/2 entities with an MSA for query 'RAND_CHEMBL4777002_agonist'          
Paired 1/2 entities with an MSA for query 'RAND_CHEMBL6063921_agonist'          
Paired 1/2 entities with an MSA for query 'RAND_CHEMBL4848879_agonist'          
Paired 1/2 entities with an MSA for query 'RAND_CHEMBL4438967_antagonist'       
Paired 1/2 entities with an MSA for query 'RAND_CHEMBL4878238_agonist'          
Paired 1/2 entities with an MSA for query 'RAND_CHEMBL5898496_antagonist'       
Paired 1/2 entities with an MSA for query 'RAND_CHEMBL4878616_agonist'          
Paired 1/2 entities with an MSA for query 'RAND_CHEMBL5429680_agonist'          
Paired 1/2 entities with an MSA for query 'RAND_CHEMBL4861529_antagonist'       
Paired 1/2 entities with an MSA for query 'RAND_CHEMBL5825349_agonist'          
Paired 1/2 entities with an MSA for query 'RAND_CHEMBL5410061_agonist'          
Paired 1/2 entities with an MSA for query 'RAND_CHEMBL6034054_antagonist'       
Paired 1/2 entities with an MSA for query 'RAND_CHEMBL3596270_antagonist'       
Paired 1/2 entities with an MSA for query 'RAND_CHEMBL5877834_antagonist'       
Paired 1/2 entities with an MSA for query 'RAND_CHEMBL4205062_antagonist'       
Paired 1/2 entities with an MSA for query 'RAND_CHEMBL5090647_agonist'          
Paired 1/2 entities with an MSA for query 'RAND_CHEMBL3218918_agonist'          
Paired 1/2 entities with an MSA for query 'RAND_CHEMBL5890977_antagonist'       
Paired 1/2 entities with an MSA for query 'RAND_CHEMBL4876485_agonist'          
Paired 1/2 entities with an MSA for query 'RAND_CHEMBL3609400_agonist'          
Paired 1/2 entities with an MSA for query 'RAND_CHEMBL3609414_agonist'          
Paired 1/2 entities with an MSA for query 'RAND_CHEMBL4287715_antagonist'       
Paired 1/2 entities with an MSA for query 'RAND_CHEMBL5839073_antagonist'       
Paired 1/2 entities with an MSA for query 'RAND_CHEMBL4209944_antagonist'       
Paired 1/2 entities with an MSA for query 'RAND_CHEMBL4849995_agonist'          
Paired 1/2 entities with an MSA for query 'RAND_CHEMBL4457391_antagonist'       
Paired 1/2 entities with an MSA for query 'RAND_CHEMBL5805510_antagonist'       
Paired 1/2 entities with an MSA for query 'RAND_CHEMBL5082726_agonist'          
Paired 1/2 entities with an MSA for query 'RAND_CHEMBL4648441_antagonist'       
Paired 1/2 entities with an MSA for query 'RAND_CHEMBL5962887_antagonist'       
Paired 1/2 entities with an MSA for query 'RAND_CHEMBL4576948_agonist'          
Paired 1/2 entities with an MSA for query 'RAND_CHEMBL5897451_antagonist'       
Paired 1/2 entities with an MSA for query 'RAND_CHEMBL3317824_antagonist'       
Paired 1/2 entities with an MSA for query 'RAND_CHEMBL6053001_antagonist'       
Paired 1/2 entities with an MSA for query 'RAND_CHEMBL6023459_agonist'          
Paired 1/2 entities with an MSA for query 'RAND_CHEMBL4754713_agonist'          
Paired 1/2 entities with an MSA for query 'RAND_CHEMBL4857658_agonist'          
Paired 1/2 entities with an MSA for query 'RAND_CHEMBL5832803_antagonist'       
Paired 1/2 entities with an MSA for query 'RAND_CHEMBL5836020_antagonist'       
Paired 1/2 entities with an MSA for query 'RAND_CHEMBL3598076_antagonist'       
Paired 1/2 entities with an MSA for query 'RAND_CHEMBL4470666_antagonist'       
Paired 1/2 entities with an MSA for query 'RAND_CHEMBL6023400_agonist'          
Paired 1/2 entities with an MSA for query 'RAND_CHEMBL5943144_antagonist'       
Paired 1/2 entities with an MSA for query 'RAND_CHEMBL6003966_antagonist'       
Paired 1/2 entities with an MSA for query 'RAND_CHEMBL5808033_antagonist'       
Paired 1/2 entities with an MSA for query 'RAND_CHEMBL3962504_antagonist'       
Paired 1/2 entities with an MSA for query 'RAND_CHEMBL5974193_agonist'          
Paired 1/2 entities with an MSA for query 'RAND_CHEMBL5880263_antagonist'       
Paired 1/2 entities with an MSA for query 'RAND_CHEMBL5984085_antagonist'       
Paired 1/2 entities with an MSA for query 'RAND_CHEMBL5075147_agonist'          
Paired 1/2 entities with an MSA for query 'RAND_CHEMBL5953210_agonist'          
Paired 1/2 entities with an MSA for query 'RAND_CHEMBL6011105_agonist'          
Paired 1/2 entities with an MSA for query 'RAND_CHEMBL5859429_antagonist'       
Paired 1/2 entities with an MSA for query 'RAND_CHEMBL3218919_agonist'          
Paired 1/2 entities with an MSA for query 'RAND_CHEMBL6007121_antagonist'       
Paired 1/2 entities with an MSA for query 'RAND_CHEMBL4279941_antagonist'       
Paired 1/2 entities with an MSA for query 'RAND_CHEMBL4855243_agonist'          
Paired 1/2 entities with an MSA for query 'RAND_CHEMBL3609412_agonist'          
Paired 1/2 entities with an MSA for query 'RAND_CHEMBL5892069_agonist'          
Paired 1/2 entities with an MSA for query 'RAND_CHEMBL4874647_agonist'          
Paired 1/2 entities with an MSA for query 'RAND_CHEMBL4866161_agonist'          
Paired 1/2 entities with an MSA for query 'RAND_CHEMBL5940583_agonist'          
Paired 1/2 entities with an MSA for query 'RAND_CHEMBL5986130_agonist'          
Paired 1/2 entities with an MSA for query 'RAND_CHEMBL5177120_antagonist'       
Paired 1/2 entities with an MSA for query 'RAND_CHEMBL3609385_agonist'          
Paired 1/2 entities with an MSA for query 'RAND_CHEMBL6031221_antagonist'       
Paired 1/2 entities with an MSA for query 'RAND_CHEMBL5410860_antagonist'       
Paired 1/2 entities with an MSA for query 'RAND_CHEMBL5438539_agonist'          
Paired 1/2 entities with an MSA for query 'RAND_CHEMBL5880489_antagonist'       
Paired 1/2 entities with an MSA for query 'RAND_CHEMBL5965241_antagonist'       
Paired 1/2 entities with an MSA for query 'RAND_CHEMBL4649541_agonist'          
Paired 1/2 entities with an MSA for query 'RAND_CHEMBL5867090_antagonist'       
Paired 1/2 entities with an MSA for query 'RAND_CHEMBL5794612_antagonist'       
Paired 1/2 entities with an MSA for query 'RAND_CHEMBL6060615_antagonist'       
Paired 1/2 entities with an MSA for query 'RAND_CHEMBL4452914_agonist'          
Paired 1/2 entities with an MSA for query 'RAND_CHEMBL5990020_antagonist'       
Paired 1/2 entities with an MSA for query 'RAND_CHEMBL3313998_agonist'          
Paired 1/2 entities with an MSA for query 'RAND_CHEMBL5432279_agonist'          
Paired 1/2 entities with an MSA for query 'RAND_CHEMBL4877008_agonist'          
Paired 1/2 entities with an MSA for query 'RAND_CHEMBL4776548_antagonist'       
Paired 1/2 entities with an MSA for query 'RAND_CHEMBL6063063_antagonist'       
Paired 1/2 entities with an MSA for query 'RAND_CHEMBL5273235_antagonist'       
Paired 1/2 entities with an MSA for query 'RAND_CHEMBL4851088_agonist'          
Paired 1/2 entities with an MSA for query 'RAND_CHEMBL4857191_agonist'          
Paired 1/2 entities with an MSA for query 'RAND_CHEMBL4126216_antagonist'       
Paired 1/2 entities with an MSA for query 'RAND_CHEMBL4871691_agonist'          
Paired 1/2 entities with an MSA for query 'RAND_CHEMBL5785729_agonist'          
Paired 1/2 entities with an MSA for query 'RAND_CHEMBL6016295_agonist'          
Paired 1/2 entities with an MSA for query 'RAND_CHEMBL5875331_antagonist'       
Paired 1/2 entities with an MSA for query 'RAND_CHEMBL3933290_antagonist'       
Paired 1/2 entities with an MSA for query 'RAND_CHEMBL5998057_antagonist'       
Paired 1/2 entities with an MSA for query 'RAND_CHEMBL5289748_antagonist'       
Paired 1/2 entities with an MSA for query 'RAND_CHEMBL4869567_agonist'          
Paired 1/2 entities with an MSA for query 'RAND_CHEMBL4227729_antagonist'       
Paired 1/2 entities with an MSA for query 'RAND_CHEMBL6064848_antagonist'       
Paired 1/2 entities with an MSA for query 'RAND_CHEMBL5998039_antagonist'       
Paired 1/2 entities with an MSA for query 'RAND_CHEMBL5086937_agonist'          
Paired 1/2 entities with an MSA for query 'RAND_CHEMBL5803336_agonist'          
Paired 1/2 entities with an MSA for query 'RAND_CHEMBL5951176_agonist'          
Paired 1/2 entities with an MSA for query 'RAND_CHEMBL3598057_antagonist'       
Paired 1/2 entities with an MSA for query 'RAND_CHEMBL4866533_agonist'          
Paired 1/2 entities with an MSA for query 'RAND_CHEMBL5771001_antagonist'       
Paired 1/2 entities with an MSA for query 'RAND_CHEMBL4859771_agonist'          
Paired 1/2 entities with an MSA for query 'RAND_CHEMBL5092278_agonist'          
Paired 1/2 entities with an MSA for query 'RAND_CHEMBL5769179_agonist'          
Paired 1/2 entities with an MSA for query 'RAND_CHEMBL3581530_antagonist'       
Paired 1/2 entities with an MSA for query 'RAND_CHEMBL6058199_antagonist'       
Paired 1/2 entities with an MSA for query 'RAND_CHEMBL3965066_antagonist'       
Paired 1/2 entities with an MSA for query 'RAND_CHEMBL5094172_agonist'          
Paired 1/2 entities with an MSA for query 'RAND_CHEMBL4847617_agonist'          
Paired 1/2 entities with an MSA for query 'RAND_CHEMBL4435106_agonist'          
Read 150 queries from /in/query.json                                            
Reading config                                                                  
Seed set to 42
Creating data module                                                            
Seed set to 42
Creating inference module                                                       
Creating trainer                                                                
GPU available: True (cuda), used: True
TPU available: False, using: 0 TPU cores
Seed set to 42
Loading weights                                                                 
Seed set to 42
Run prediction                                                                  
LOCAL_RANK: 0 - CUDA_VISIBLE_DEVICES: [0]
Seeding DataModule DatasetMode.prediction generator with 42                     
/app/.pixi/envs/openfold3-image/lib/python3.11/site-packages/pytorch_lightning/utilities/_pytree.py:21: `isinstance(treespec, LeafSpec)` is deprecated, use `isinstance(treespec, TreeSpec) and treespec.is_leaf()` instead.
/app/.pixi/envs/openfold3-image/lib/python3.11/site-packages/pytorch_lightning/trainer/connectors/data_connector.py:434: The 'predict_dataloader' does not have many workers which may be a bottleneck. Consider increasing the value of the `num_workers` argument` to `num_workers=15` in the `DataLoader` to improve performance.
Predicting query 'RAND_CHEMBL5850461_agonist' with 2027 atom(s), 284 token(s), 2
chain(s), 2009 MSA(s) (0 paired), 0 template(s)                                 
Seed set to 42
Tuning chunk size...                                                            
Tuning chunk size...                                                            
Tuning chunk size...                                                            
Tuning chunk size...                                                            
Writing predicted structure to                                                  
/out/RAND_CHEMBL5850461_agonist/seed_42/RAND_CHEMBL5850461_agonist_seed_42_sampl
e_1_model.cif                                                                   
Writing predicted structure to                                                  
/out/RAND_CHEMBL5850461_agonist/seed_42/RAND_CHEMBL5850461_agonist_seed_42_sampl
e_2_model.cif                                                                   
Writing predicted structure to                                                  
/out/RAND_CHEMBL5850461_agonist/seed_42/RAND_CHEMBL5850461_agonist_seed_42_sampl
e_3_model.cif                                                                   
Writing predicted structure to                                                  
/out/RAND_CHEMBL5850461_agonist/seed_42/RAND_CHEMBL5850461_agonist_seed_42_sampl
e_4_model.cif                                                                   
Writing predicted structure to                                                  
/out/RAND_CHEMBL5850461_agonist/seed_42/RAND_CHEMBL5850461_agonist_seed_42_sampl
e_5_model.cif                                                                   
Predicting query 'RAND_CHEMBL4745606_agonist' with 2016 atom(s), 273 token(s), 2
chain(s), 2009 MSA(s) (0 paired), 0 template(s)                                 
Seed set to 42
Tuning chunk size...                                                            
Tuning chunk size...                                                            
Tuning chunk size...                                                            
Tuning chunk size...                                                            
Writing predicted structure to                                                  
/out/RAND_CHEMBL4745606_agonist/seed_42/RAND_CHEMBL4745606_agonist_seed_42_sampl
e_1_model.cif                                                                   
Writing predicted structure to                                                  
/out/RAND_CHEMBL4745606_agonist/seed_42/RAND_CHEMBL4745606_agonist_seed_42_sampl
e_2_model.cif                                                                   
Writing predicted structure to                                                  
/out/RAND_CHEMBL4745606_agonist/seed_42/RAND_CHEMBL4745606_agonist_seed_42_sampl
e_3_model.cif                                                                   
Writing predicted structure to                                                  
/out/RAND_CHEMBL4745606_agonist/seed_42/RAND_CHEMBL4745606_agonist_seed_42_sampl
e_4_model.cif                                                                   
Writing predicted structure to                                                  
/out/RAND_CHEMBL4745606_agonist/seed_42/RAND_CHEMBL4745606_agonist_seed_42_sampl
e_5_model.cif                                                                   
Predicting query 'RAND_CHEMBL3317837_antagonist' with 2017 atom(s), 274         
token(s), 2 chain(s), 2009 MSA(s) (0 paired), 0 template(s)                     
Seed set to 42
Tuning chunk size...                                                            
Tuning chunk size...                                                            
Tuning chunk size...                                                            
Tuning chunk size...                                                            
Writing predicted structure to                                                  
/out/RAND_CHEMBL3317837_antagonist/seed_42/RAND_CHEMBL3317837_antagonist_seed_42
_sample_1_model.cif                                                             
Writing predicted structure to                                                  
/out/RAND_CHEMBL3317837_antagonist/seed_42/RAND_CHEMBL3317837_antagonist_seed_42
_sample_2_model.cif                                                             
Writing predicted structure to                                                  
/out/RAND_CHEMBL3317837_antagonist/seed_42/RAND_CHEMBL3317837_antagonist_seed_42
_sample_3_model.cif                                                             
Writing predicted structure to                                                  
/out/RAND_CHEMBL3317837_antagonist/seed_42/RAND_CHEMBL3317837_antagonist_seed_42
_sample_4_model.cif                                                             
Writing predicted structure to                                                  
/out/RAND_CHEMBL3317837_antagonist/seed_42/RAND_CHEMBL3317837_antagonist_seed_42
_sample_5_model.cif                                                             
Predicting query 'RAND_CHEMBL4206368_antagonist' with 2025 atom(s), 282         
token(s), 2 chain(s), 2009 MSA(s) (0 paired), 0 template(s)                     
Seed set to 42
Tuning chunk size...                                                            
Tuning chunk size...                                                            
Tuning chunk size...                                                            
Tuning chunk size...                                                            
Writing predicted structure to                                                  
/out/RAND_CHEMBL4206368_antagonist/seed_42/RAND_CHEMBL4206368_antagonist_seed_42
_sample_1_model.cif                                                             
Writing predicted structure to                                                  
/out/RAND_CHEMBL4206368_antagonist/seed_42/RAND_CHEMBL4206368_antagonist_seed_42
_sample_2_model.cif                                                             
Writing predicted structure to                                                  
/out/RAND_CHEMBL4206368_antagonist/seed_42/RAND_CHEMBL4206368_antagonist_seed_42
_sample_3_model.cif                                                             
Writing predicted structure to                                                  
/out/RAND_CHEMBL4206368_antagonist/seed_42/RAND_CHEMBL4206368_antagonist_seed_42
_sample_4_model.cif                                                             
Writing predicted structure to                                                  
/out/RAND_CHEMBL4206368_antagonist/seed_42/RAND_CHEMBL4206368_antagonist_seed_42
_sample_5_model.cif                                                             
Predicting query 'RAND_CHEMBL3581546_agonist' with 2019 atom(s), 276 token(s), 2
chain(s), 2009 MSA(s) (0 paired), 0 template(s)                                 
Seed set to 42
Tuning chunk size...                                                            
Tuning chunk size...                                                            
Tuning chunk size...                                                            
Tuning chunk size...                                                            
Writing predicted structure to                                                  
/out/RAND_CHEMBL3581546_agonist/seed_42/RAND_CHEMBL3581546_agonist_seed_42_sampl
e_1_model.cif                                                                   
Writing predicted structure to                                                  
/out/RAND_CHEMBL3581546_agonist/seed_42/RAND_CHEMBL3581546_agonist_seed_42_sampl
e_2_model.cif                                                                   
Writing predicted structure to                                                  
/out/RAND_CHEMBL3581546_agonist/seed_42/RAND_CHEMBL3581546_agonist_seed_42_sampl
e_3_model.cif                                                                   
Writing predicted structure to                                                  
/out/RAND_CHEMBL3581546_agonist/seed_42/RAND_CHEMBL3581546_agonist_seed_42_sampl
e_4_model.cif                                                                   
Writing predicted structure to                                                  
/out/RAND_CHEMBL3581546_agonist/seed_42/RAND_CHEMBL3581546_agonist_seed_42_sampl
e_5_model.cif                                                                   
Predicting query 'RAND_CHEMBL3361027_antagonist' with 2018 atom(s), 275         
token(s), 2 chain(s), 2009 MSA(s) (0 paired), 0 template(s)                     
Seed set to 42
Tuning chunk size...                                                            
Tuning chunk size...                                                            
Tuning chunk size...                                                            
Tuning chunk size...                                                            
Writing predicted structure to                                                  
/out/RAND_CHEMBL3361027_antagonist/seed_42/RAND_CHEMBL3361027_antagonist_seed_42
_sample_1_model.cif                                                             
Writing predicted structure to                                                  
/out/RAND_CHEMBL3361027_antagonist/seed_42/RAND_CHEMBL3361027_antagonist_seed_42
_sample_2_model.cif                                                             
Writing predicted structure to                                                  
/out/RAND_CHEMBL3361027_antagonist/seed_42/RAND_CHEMBL3361027_antagonist_seed_42
_sample_3_model.cif                                                             
Writing predicted structure to                                                  
/out/RAND_CHEMBL3361027_antagonist/seed_42/RAND_CHEMBL3361027_antagonist_seed_42
_sample_4_model.cif                                                             
Writing predicted structure to                                                  
/out/RAND_CHEMBL3361027_antagonist/seed_42/RAND_CHEMBL3361027_antagonist_seed_42
_sample_5_model.cif                                                             
Predicting query 'RAND_CHEMBL5867825_agonist' with 2023 atom(s), 280 token(s), 2
chain(s), 2009 MSA(s) (0 paired), 0 template(s)                                 
Seed set to 42
Tuning chunk size...                                                            
Tuning chunk size...                                                            
Tuning chunk size...                                                            
Tuning chunk size...                                                            
Writing predicted structure to                                                  
/out/RAND_CHEMBL5867825_agonist/seed_42/RAND_CHEMBL5867825_agonist_seed_42_sampl
e_1_model.cif                                                                   
Writing predicted structure to                                                  
/out/RAND_CHEMBL5867825_agonist/seed_42/RAND_CHEMBL5867825_agonist_seed_42_sampl
e_2_model.cif                                                                   
Writing predicted structure to                                                  
/out/RAND_CHEMBL5867825_agonist/seed_42/RAND_CHEMBL5867825_agonist_seed_42_sampl
e_3_model.cif                                                                   
Writing predicted structure to                                                  
/out/RAND_CHEMBL5867825_agonist/seed_42/RAND_CHEMBL5867825_agonist_seed_42_sampl
e_4_model.cif                                                                   
Writing predicted structure to                                                  
/out/RAND_CHEMBL5867825_agonist/seed_42/RAND_CHEMBL5867825_agonist_seed_42_sampl
e_5_model.cif                                                                   
Predicting query 'RAND_CHEMBL5779116_antagonist' with 2026 atom(s), 283         
token(s), 2 chain(s), 2009 MSA(s) (0 paired), 0 template(s)                     
Seed set to 42
Tuning chunk size...                                                            
Tuning chunk size...                                                            
Tuning chunk size...                                                            
Tuning chunk size...                                                            
Writing predicted structure to                                                  
/out/RAND_CHEMBL5779116_antagonist/seed_42/RAND_CHEMBL5779116_antagonist_seed_42
_sample_1_model.cif                                                             
Writing predicted structure to                                                  
/out/RAND_CHEMBL5779116_antagonist/seed_42/RAND_CHEMBL5779116_antagonist_seed_42
_sample_2_model.cif                                                             
Writing predicted structure to                                                  
/out/RAND_CHEMBL5779116_antagonist/seed_42/RAND_CHEMBL5779116_antagonist_seed_42
_sample_3_model.cif                                                             
Writing predicted structure to                                                  
/out/RAND_CHEMBL5779116_antagonist/seed_42/RAND_CHEMBL5779116_antagonist_seed_42
_sample_4_model.cif                                                             
Writing predicted structure to                                                  
/out/RAND_CHEMBL5779116_antagonist/seed_42/RAND_CHEMBL5779116_antagonist_seed_42
_sample_5_model.cif                                                             
Predicting query 'RAND_CHEMBL4283051_antagonist' with 2020 atom(s), 277         
token(s), 2 chain(s), 2009 MSA(s) (0 paired), 0 template(s)                     
Seed set to 42
Tuning chunk size...                                                            
Tuning chunk size...                                                            
Tuning chunk size...                                                            
Tuning chunk size...                                                            
Writing predicted structure to                                                  
/out/RAND_CHEMBL4283051_antagonist/seed_42/RAND_CHEMBL4283051_antagonist_seed_42
_sample_1_model.cif                                                             
Writing predicted structure to                                                  
/out/RAND_CHEMBL4283051_antagonist/seed_42/RAND_CHEMBL4283051_antagonist_seed_42
_sample_2_model.cif                                                             
Writing predicted structure to                                                  
/out/RAND_CHEMBL4283051_antagonist/seed_42/RAND_CHEMBL4283051_antagonist_seed_42
_sample_3_model.cif                                                             
Writing predicted structure to                                                  
/out/RAND_CHEMBL4283051_antagonist/seed_42/RAND_CHEMBL4283051_antagonist_seed_42
_sample_4_model.cif                                                             
Writing predicted structure to                                                  
/out/RAND_CHEMBL4283051_antagonist/seed_42/RAND_CHEMBL4283051_antagonist_seed_42
_sample_5_model.cif                                                             
Predicting query 'RAND_CHEMBL3234252_antagonist' with 2014 atom(s), 271         
token(s), 2 chain(s), 2009 MSA(s) (0 paired), 0 template(s)                     
Seed set to 42
Tuning chunk size...                                                            
Tuning chunk size...                                                            
Tuning chunk size...                                                            
Tuning chunk size...                                                            
Writing predicted structure to                                                  
/out/RAND_CHEMBL3234252_antagonist/seed_42/RAND_CHEMBL3234252_antagonist_seed_42
_sample_1_model.cif                                                             
Writing predicted structure to                                                  
/out/RAND_CHEMBL3234252_antagonist/seed_42/RAND_CHEMBL3234252_antagonist_seed_42
_sample_2_model.cif                                                             
Writing predicted structure to                                                  
/out/RAND_CHEMBL3234252_antagonist/seed_42/RAND_CHEMBL3234252_antagonist_seed_42
_sample_3_model.cif                                                             
Writing predicted structure to                                                  
/out/RAND_CHEMBL3234252_antagonist/seed_42/RAND_CHEMBL3234252_antagonist_seed_42
_sample_4_model.cif                                                             
Writing predicted structure to                                                  
/out/RAND_CHEMBL3234252_antagonist/seed_42/RAND_CHEMBL3234252_antagonist_seed_42
_sample_5_model.cif                                                             
Predicting query 'RAND_CHEMBL4749158_agonist' with 2015 atom(s), 272 token(s), 2
chain(s), 2009 MSA(s) (0 paired), 0 template(s)                                 
Seed set to 42
Tuning chunk size...                                                            
Tuning chunk size...                                                            
Tuning chunk size...                                                            
Tuning chunk size...                                                            
Writing predicted structure to                                                  
/out/RAND_CHEMBL4749158_agonist/seed_42/RAND_CHEMBL4749158_agonist_seed_42_sampl
e_1_model.cif                                                                   
Writing predicted structure to                                                  
/out/RAND_CHEMBL4749158_agonist/seed_42/RAND_CHEMBL4749158_agonist_seed_42_sampl
e_2_model.cif                                                                   
Writing predicted structure to                                                  
/out/RAND_CHEMBL4749158_agonist/seed_42/RAND_CHEMBL4749158_agonist_seed_42_sampl
e_3_model.cif                                                                   
Writing predicted structure to                                                  
/out/RAND_CHEMBL4749158_agonist/seed_42/RAND_CHEMBL4749158_agonist_seed_42_sampl
e_4_model.cif                                                                   
Writing predicted structure to                                                  
/out/RAND_CHEMBL4749158_agonist/seed_42/RAND_CHEMBL4749158_agonist_seed_42_sampl
e_5_model.cif                                                                   
Predicting query 'RAND_CHEMBL5910914_antagonist' with 2027 atom(s), 284         
token(s), 2 chain(s), 2009 MSA(s) (0 paired), 0 template(s)                     
Seed set to 42
Tuning chunk size...                                                            
Tuning chunk size...                                                            
Tuning chunk size...                                                            
Tuning chunk size...                                                            
Writing predicted structure to                                                  
/out/RAND_CHEMBL5910914_antagonist/seed_42/RAND_CHEMBL5910914_antagonist_seed_42
_sample_1_model.cif                                                             
Writing predicted structure to                                                  
/out/RAND_CHEMBL5910914_antagonist/seed_42/RAND_CHEMBL5910914_antagonist_seed_42
_sample_2_model.cif                                                             
Writing predicted structure to                                                  
/out/RAND_CHEMBL5910914_antagonist/seed_42/RAND_CHEMBL5910914_antagonist_seed_42
_sample_3_model.cif                                                             
Writing predicted structure to                                                  
/out/RAND_CHEMBL5910914_antagonist/seed_42/RAND_CHEMBL5910914_antagonist_seed_42
_sample_4_model.cif                                                             
Writing predicted structure to                                                  
/out/RAND_CHEMBL5910914_antagonist/seed_42/RAND_CHEMBL5910914_antagonist_seed_42
_sample_5_model.cif                                                             
Predicting query 'RAND_CHEMBL4863122_agonist' with 2023 atom(s), 280 token(s), 2
chain(s), 2009 MSA(s) (0 paired), 0 template(s)                                 
Seed set to 42
Tuning chunk size...                                                            
Tuning chunk size...                                                            
Tuning chunk size...                                                            
Tuning chunk size...                                                            
Writing predicted structure to                                                  
/out/RAND_CHEMBL4863122_agonist/seed_42/RAND_CHEMBL4863122_agonist_seed_42_sampl
e_1_model.cif                                                                   
Writing predicted structure to                                                  
/out/RAND_CHEMBL4863122_agonist/seed_42/RAND_CHEMBL4863122_agonist_seed_42_sampl
e_2_model.cif                                                                   
Writing predicted structure to                                                  
/out/RAND_CHEMBL4863122_agonist/seed_42/RAND_CHEMBL4863122_agonist_seed_42_sampl
e_3_model.cif                                                                   
Writing predicted structure to                                                  
/out/RAND_CHEMBL4863122_agonist/seed_42/RAND_CHEMBL4863122_agonist_seed_42_sampl
e_4_model.cif                                                                   
Writing predicted structure to                                                  
/out/RAND_CHEMBL4863122_agonist/seed_42/RAND_CHEMBL4863122_agonist_seed_42_sampl
e_5_model.cif                                                                   
Predicting query 'RAND_CHEMBL4552142_antagonist' with 2028 atom(s), 285         
token(s), 2 chain(s), 2009 MSA(s) (0 paired), 0 template(s)                     
Seed set to 42
Tuning chunk size...                                                            
Tuning chunk size...                                                            
Tuning chunk size...                                                            
Tuning chunk size...                                                            
Writing predicted structure to                                                  
/out/RAND_CHEMBL4552142_antagonist/seed_42/RAND_CHEMBL4552142_antagonist_seed_42
_sample_1_model.cif                                                             
Writing predicted structure to                                                  
/out/RAND_CHEMBL4552142_antagonist/seed_42/RAND_CHEMBL4552142_antagonist_seed_42
_sample_2_model.cif                                                             
Writing predicted structure to                                                  
/out/RAND_CHEMBL4552142_antagonist/seed_42/RAND_CHEMBL4552142_antagonist_seed_42
_sample_3_model.cif                                                             
Writing predicted structure to                                                  
/out/RAND_CHEMBL4552142_antagonist/seed_42/RAND_CHEMBL4552142_antagonist_seed_42
_sample_4_model.cif                                                             
Writing predicted structure to                                                  
/out/RAND_CHEMBL4552142_antagonist/seed_42/RAND_CHEMBL4552142_antagonist_seed_42
_sample_5_model.cif                                                             
Predicting query 'RAND_CHEMBL6052651_antagonist' with 2033 atom(s), 290         
token(s), 2 chain(s), 2009 MSA(s) (0 paired), 0 template(s)                     
Seed set to 42
Tuning chunk size...                                                            
Tuning chunk size...                                                            
Tuning chunk size...                                                            
Tuning chunk size...                                                            
Writing predicted structure to                                                  
/out/RAND_CHEMBL6052651_antagonist/seed_42/RAND_CHEMBL6052651_antagonist_seed_42
_sample_1_model.cif                                                             
Writing predicted structure to                                                  
/out/RAND_CHEMBL6052651_antagonist/seed_42/RAND_CHEMBL6052651_antagonist_seed_42
_sample_2_model.cif                                                             
Writing predicted structure to                                                  
/out/RAND_CHEMBL6052651_antagonist/seed_42/RAND_CHEMBL6052651_antagonist_seed_42
_sample_3_model.cif                                                             
Writing predicted structure to                                                  
/out/RAND_CHEMBL6052651_antagonist/seed_42/RAND_CHEMBL6052651_antagonist_seed_42
_sample_4_model.cif                                                             
Writing predicted structure to                                                  
/out/RAND_CHEMBL6052651_antagonist/seed_42/RAND_CHEMBL6052651_antagonist_seed_42
_sample_5_model.cif                                                             
Predicting query 'RAND_CHEMBL5902173_agonist' with 2021 atom(s), 278 token(s), 2
chain(s), 2009 MSA(s) (0 paired), 0 template(s)                                 
Seed set to 42
Tuning chunk size...                                                            
Tuning chunk size...                                                            
Tuning chunk size...                                                            
Tuning chunk size...                                                            
Writing predicted structure to                                                  
/out/RAND_CHEMBL5902173_agonist/seed_42/RAND_CHEMBL5902173_agonist_seed_42_sampl
e_1_model.cif                                                                   
Writing predicted structure to                                                  
/out/RAND_CHEMBL5902173_agonist/seed_42/RAND_CHEMBL5902173_agonist_seed_42_sampl
e_2_model.cif                                                                   
Writing predicted structure to                                                  
/out/RAND_CHEMBL5902173_agonist/seed_42/RAND_CHEMBL5902173_agonist_seed_42_sampl
e_3_model.cif                                                                   
Writing predicted structure to                                                  
/out/RAND_CHEMBL5902173_agonist/seed_42/RAND_CHEMBL5902173_agonist_seed_42_sampl
e_4_model.cif                                                                   
Writing predicted structure to                                                  
/out/RAND_CHEMBL5902173_agonist/seed_42/RAND_CHEMBL5902173_agonist_seed_42_sampl
e_5_model.cif                                                                   
Predicting query 'RAND_CHEMBL4547336_agonist' with 2019 atom(s), 276 token(s), 2
chain(s), 2009 MSA(s) (0 paired), 0 template(s)                                 
Seed set to 42
Tuning chunk size...                                                            
Tuning chunk size...                                                            
Tuning chunk size...                                                            
Tuning chunk size...                                                            
Writing predicted structure to                                                  
/out/RAND_CHEMBL4547336_agonist/seed_42/RAND_CHEMBL4547336_agonist_seed_42_sampl
e_1_model.cif                                                                   
Writing predicted structure to                                                  
/out/RAND_CHEMBL4547336_agonist/seed_42/RAND_CHEMBL4547336_agonist_seed_42_sampl
e_2_model.cif                                                                   
Writing predicted structure to                                                  
/out/RAND_CHEMBL4547336_agonist/seed_42/RAND_CHEMBL4547336_agonist_seed_42_sampl
e_3_model.cif                                                                   
Writing predicted structure to                                                  
/out/RAND_CHEMBL4547336_agonist/seed_42/RAND_CHEMBL4547336_agonist_seed_42_sampl
e_4_model.cif                                                                   
Writing predicted structure to                                                  
/out/RAND_CHEMBL4547336_agonist/seed_42/RAND_CHEMBL4547336_agonist_seed_42_sampl
e_5_model.cif                                                                   
Predicting query 'RAND_CHEMBL5834289_antagonist' with 2024 atom(s), 281         
token(s), 2 chain(s), 2009 MSA(s) (0 paired), 0 template(s)                     
Seed set to 42
Tuning chunk size...                                                            
Tuning chunk size...                                                            
Tuning chunk size...                                                            
Tuning chunk size...                                                            
Writing predicted structure to                                                  
/out/RAND_CHEMBL5834289_antagonist/seed_42/RAND_CHEMBL5834289_antagonist_seed_42
_sample_1_model.cif                                                             
Writing predicted structure to                                                  
/out/RAND_CHEMBL5834289_antagonist/seed_42/RAND_CHEMBL5834289_antagonist_seed_42
_sample_2_model.cif                                                             
Writing predicted structure to                                                  
/out/RAND_CHEMBL5834289_antagonist/seed_42/RAND_CHEMBL5834289_antagonist_seed_42
_sample_3_model.cif                                                             
Writing predicted structure to                                                  
/out/RAND_CHEMBL5834289_antagonist/seed_42/RAND_CHEMBL5834289_antagonist_seed_42
_sample_4_model.cif                                                             
Writing predicted structure to                                                  
/out/RAND_CHEMBL5834289_antagonist/seed_42/RAND_CHEMBL5834289_antagonist_seed_42
_sample_5_model.cif                                                             
Predicting query 'RAND_CHEMBL3581540_agonist' with 2018 atom(s), 275 token(s), 2
chain(s), 2009 MSA(s) (0 paired), 0 template(s)                                 
Seed set to 42
Tuning chunk size...                                                            
Tuning chunk size...                                                            
Tuning chunk size...                                                            
Tuning chunk size...                                                            
Writing predicted structure to                                                  
/out/RAND_CHEMBL3581540_agonist/seed_42/RAND_CHEMBL3581540_agonist_seed_42_sampl
e_1_model.cif                                                                   
Writing predicted structure to                                                  
/out/RAND_CHEMBL3581540_agonist/seed_42/RAND_CHEMBL3581540_agonist_seed_42_sampl
e_2_model.cif                                                                   
Writing predicted structure to                                                  
/out/RAND_CHEMBL3581540_agonist/seed_42/RAND_CHEMBL3581540_agonist_seed_42_sampl
e_3_model.cif                                                                   
Writing predicted structure to                                                  
/out/RAND_CHEMBL3581540_agonist/seed_42/RAND_CHEMBL3581540_agonist_seed_42_sampl
e_4_model.cif                                                                   
Writing predicted structure to                                                  
/out/RAND_CHEMBL3581540_agonist/seed_42/RAND_CHEMBL3581540_agonist_seed_42_sampl
e_5_model.cif                                                                   
Predicting query 'RAND_CHEMBL5813818_antagonist' with 2025 atom(s), 282         
token(s), 2 chain(s), 2009 MSA(s) (0 paired), 0 template(s)                     
Seed set to 42
Tuning chunk size...                                                            
Tuning chunk size...                                                            
Tuning chunk size...                                                            
Tuning chunk size...                                                            
Writing predicted structure to                                                  
/out/RAND_CHEMBL5813818_antagonist/seed_42/RAND_CHEMBL5813818_antagonist_seed_42
_sample_1_model.cif                                                             
Writing predicted structure to                                                  
/out/RAND_CHEMBL5813818_antagonist/seed_42/RAND_CHEMBL5813818_antagonist_seed_42
_sample_2_model.cif                                                             
Writing predicted structure to                                                  
/out/RAND_CHEMBL5813818_antagonist/seed_42/RAND_CHEMBL5813818_antagonist_seed_42
_sample_3_model.cif                                                             
Writing predicted structure to                                                  
/out/RAND_CHEMBL5813818_antagonist/seed_42/RAND_CHEMBL5813818_antagonist_seed_42
_sample_4_model.cif                                                             
Writing predicted structure to                                                  
/out/RAND_CHEMBL5813818_antagonist/seed_42/RAND_CHEMBL5813818_antagonist_seed_42
_sample_5_model.cif                                                             
Predicting query 'RAND_CHEMBL5867540_antagonist' with 2029 atom(s), 286         
token(s), 2 chain(s), 2009 MSA(s) (0 paired), 0 template(s)                     
Seed set to 42
Tuning chunk size...                                                            
Tuning chunk size...                                                            
Tuning chunk size...                                                            
Tuning chunk size...                                                            
Writing predicted structure to                                                  
/out/RAND_CHEMBL5867540_antagonist/seed_42/RAND_CHEMBL5867540_antagonist_seed_42
_sample_1_model.cif                                                             
Writing predicted structure to                                                  
/out/RAND_CHEMBL5867540_antagonist/seed_42/RAND_CHEMBL5867540_antagonist_seed_42
_sample_2_model.cif                                                             
Writing predicted structure to                                                  
/out/RAND_CHEMBL5867540_antagonist/seed_42/RAND_CHEMBL5867540_antagonist_seed_42
_sample_3_model.cif                                                             
Writing predicted structure to                                                  
/out/RAND_CHEMBL5867540_antagonist/seed_42/RAND_CHEMBL5867540_antagonist_seed_42
_sample_4_model.cif                                                             
Writing predicted structure to                                                  
/out/RAND_CHEMBL5867540_antagonist/seed_42/RAND_CHEMBL5867540_antagonist_seed_42
_sample_5_model.cif                                                             
Predicting query 'RAND_CHEMBL6016819_agonist' with 2023 atom(s), 280 token(s), 2
chain(s), 2009 MSA(s) (0 paired), 0 template(s)                                 
Seed set to 42
Tuning chunk size...                                                            
Tuning chunk size...                                                            
Tuning chunk size...                                                            
Tuning chunk size...                                                            
Writing predicted structure to                                                  
/out/RAND_CHEMBL6016819_agonist/seed_42/RAND_CHEMBL6016819_agonist_seed_42_sampl
e_1_model.cif                                                                   
Writing predicted structure to                                                  
/out/RAND_CHEMBL6016819_agonist/seed_42/RAND_CHEMBL6016819_agonist_seed_42_sampl
e_2_model.cif                                                                   
Writing predicted structure to                                                  
/out/RAND_CHEMBL6016819_agonist/seed_42/RAND_CHEMBL6016819_agonist_seed_42_sampl
e_3_model.cif                                                                   
Writing predicted structure to                                                  
/out/RAND_CHEMBL6016819_agonist/seed_42/RAND_CHEMBL6016819_agonist_seed_42_sampl
e_4_model.cif                                                                   
Writing predicted structure to                                                  
/out/RAND_CHEMBL6016819_agonist/seed_42/RAND_CHEMBL6016819_agonist_seed_42_sampl
e_5_model.cif                                                                   
Predicting query 'RAND_CHEMBL5875081_antagonist' with 2029 atom(s), 286         
token(s), 2 chain(s), 2009 MSA(s) (0 paired), 0 template(s)                     
Seed set to 42
Tuning chunk size...                                                            
Tuning chunk size...                                                            
Tuning chunk size...                                                            
Tuning chunk size...                                                            
Writing predicted structure to                                                  
/out/RAND_CHEMBL5875081_antagonist/seed_42/RAND_CHEMBL5875081_antagonist_seed_42
_sample_1_model.cif                                                             
Writing predicted structure to                                                  
/out/RAND_CHEMBL5875081_antagonist/seed_42/RAND_CHEMBL5875081_antagonist_seed_42
_sample_2_model.cif                                                             
Writing predicted structure to                                                  
/out/RAND_CHEMBL5875081_antagonist/seed_42/RAND_CHEMBL5875081_antagonist_seed_42
_sample_3_model.cif                                                             
Writing predicted structure to                                                  
/out/RAND_CHEMBL5875081_antagonist/seed_42/RAND_CHEMBL5875081_antagonist_seed_42
_sample_4_model.cif                                                             
Writing predicted structure to                                                  
/out/RAND_CHEMBL5875081_antagonist/seed_42/RAND_CHEMBL5875081_antagonist_seed_42
_sample_5_model.cif                                                             
Predicting query 'RAND_CHEMBL5920888_agonist' with 2024 atom(s), 281 token(s), 2
chain(s), 2009 MSA(s) (0 paired), 0 template(s)                                 
Seed set to 42
Tuning chunk size...                                                            
Tuning chunk size...                                                            
Tuning chunk size...                                                            
Tuning chunk size...                                                            
Writing predicted structure to                                                  
/out/RAND_CHEMBL5920888_agonist/seed_42/RAND_CHEMBL5920888_agonist_seed_42_sampl
e_1_model.cif                                                                   
Writing predicted structure to                                                  
/out/RAND_CHEMBL5920888_agonist/seed_42/RAND_CHEMBL5920888_agonist_seed_42_sampl
e_2_model.cif                                                                   
Writing predicted structure to                                                  
/out/RAND_CHEMBL5920888_agonist/seed_42/RAND_CHEMBL5920888_agonist_seed_42_sampl
e_3_model.cif                                                                   
Writing predicted structure to                                                  
/out/RAND_CHEMBL5920888_agonist/seed_42/RAND_CHEMBL5920888_agonist_seed_42_sampl
e_4_model.cif                                                                   
Writing predicted structure to                                                  
/out/RAND_CHEMBL5920888_agonist/seed_42/RAND_CHEMBL5920888_agonist_seed_42_sampl
e_5_model.cif                                                                   
Predicting query 'RAND_CHEMBL6028453_antagonist' with 2029 atom(s), 286         
token(s), 2 chain(s), 2009 MSA(s) (0 paired), 0 template(s)                     
Seed set to 42
Tuning chunk size...                                                            
Tuning chunk size...                                                            
Tuning chunk size...                                                            
Tuning chunk size...                                                            
Writing predicted structure to                                                  
/out/RAND_CHEMBL6028453_antagonist/seed_42/RAND_CHEMBL6028453_antagonist_seed_42
_sample_1_model.cif                                                             
Writing predicted structure to                                                  
/out/RAND_CHEMBL6028453_antagonist/seed_42/RAND_CHEMBL6028453_antagonist_seed_42
_sample_2_model.cif                                                             
Writing predicted structure to                                                  
/out/RAND_CHEMBL6028453_antagonist/seed_42/RAND_CHEMBL6028453_antagonist_seed_42
_sample_3_model.cif                                                             
Writing predicted structure to                                                  
/out/RAND_CHEMBL6028453_antagonist/seed_42/RAND_CHEMBL6028453_antagonist_seed_42
_sample_4_model.cif                                                             
Writing predicted structure to                                                  
/out/RAND_CHEMBL6028453_antagonist/seed_42/RAND_CHEMBL6028453_antagonist_seed_42
_sample_5_model.cif                                                             
Predicting query 'RAND_CHEMBL5943390_agonist' with 2021 atom(s), 278 token(s), 2
chain(s), 2009 MSA(s) (0 paired), 0 template(s)                                 
Seed set to 42
Tuning chunk size...                                                            
Tuning chunk size...                                                            
Tuning chunk size...                                                            
Tuning chunk size...                                                            
Writing predicted structure to                                                  
/out/RAND_CHEMBL5943390_agonist/seed_42/RAND_CHEMBL5943390_agonist_seed_42_sampl
e_1_model.cif                                                                   
Writing predicted structure to                                                  
/out/RAND_CHEMBL5943390_agonist/seed_42/RAND_CHEMBL5943390_agonist_seed_42_sampl
e_2_model.cif                                                                   
Writing predicted structure to                                                  
/out/RAND_CHEMBL5943390_agonist/seed_42/RAND_CHEMBL5943390_agonist_seed_42_sampl
e_3_model.cif                                                                   
Writing predicted structure to                                                  
/out/RAND_CHEMBL5943390_agonist/seed_42/RAND_CHEMBL5943390_agonist_seed_42_sampl
e_4_model.cif                                                                   
Writing predicted structure to                                                  
/out/RAND_CHEMBL5943390_agonist/seed_42/RAND_CHEMBL5943390_agonist_seed_42_sampl
e_5_model.cif                                                                   
Predicting query 'RAND_CHEMBL5972735_antagonist' with 2028 atom(s), 285         
token(s), 2 chain(s), 2009 MSA(s) (0 paired), 0 template(s)                     
Seed set to 42
Tuning chunk size...                                                            
Tuning chunk size...                                                            
Tuning chunk size...                                                            
Tuning chunk size...                                                            
Writing predicted structure to                                                  
/out/RAND_CHEMBL5972735_antagonist/seed_42/RAND_CHEMBL5972735_antagonist_seed_42
_sample_1_model.cif                                                             
Writing predicted structure to                                                  
/out/RAND_CHEMBL5972735_antagonist/seed_42/RAND_CHEMBL5972735_antagonist_seed_42
_sample_2_model.cif                                                             
Writing predicted structure to                                                  
/out/RAND_CHEMBL5972735_antagonist/seed_42/RAND_CHEMBL5972735_antagonist_seed_42
_sample_3_model.cif                                                             
Writing predicted structure to                                                  
/out/RAND_CHEMBL5972735_antagonist/seed_42/RAND_CHEMBL5972735_antagonist_seed_42
_sample_4_model.cif                                                             
Writing predicted structure to                                                  
/out/RAND_CHEMBL5972735_antagonist/seed_42/RAND_CHEMBL5972735_antagonist_seed_42
_sample_5_model.cif                                                             
Predicting query 'RAND_CHEMBL6055423_agonist' with 2021 atom(s), 278 token(s), 2
chain(s), 2009 MSA(s) (0 paired), 0 template(s)                                 
Seed set to 42
Tuning chunk size...                                                            
Tuning chunk size...                                                            
Tuning chunk size...                                                            
Tuning chunk size...                                                            
Writing predicted structure to                                                  
/out/RAND_CHEMBL6055423_agonist/seed_42/RAND_CHEMBL6055423_agonist_seed_42_sampl
e_1_model.cif                                                                   
Writing predicted structure to                                                  
/out/RAND_CHEMBL6055423_agonist/seed_42/RAND_CHEMBL6055423_agonist_seed_42_sampl
e_2_model.cif                                                                   
Writing predicted structure to                                                  
/out/RAND_CHEMBL6055423_agonist/seed_42/RAND_CHEMBL6055423_agonist_seed_42_sampl
e_3_model.cif                                                                   
Writing predicted structure to                                                  
/out/RAND_CHEMBL6055423_agonist/seed_42/RAND_CHEMBL6055423_agonist_seed_42_sampl
e_4_model.cif                                                                   
Writing predicted structure to                                                  
/out/RAND_CHEMBL6055423_agonist/seed_42/RAND_CHEMBL6055423_agonist_seed_42_sampl
e_5_model.cif                                                                   
Predicting query 'RAND_CHEMBL4292862_antagonist' with 2019 atom(s), 276         
token(s), 2 chain(s), 2009 MSA(s) (0 paired), 0 template(s)                     
Seed set to 42
Tuning chunk size...                                                            
Tuning chunk size...                                                            
Tuning chunk size...                                                            
Tuning chunk size...                                                            
Writing predicted structure to                                                  
/out/RAND_CHEMBL4292862_antagonist/seed_42/RAND_CHEMBL4292862_antagonist_seed_42
_sample_1_model.cif                                                             
Writing predicted structure to                                                  
/out/RAND_CHEMBL4292862_antagonist/seed_42/RAND_CHEMBL4292862_antagonist_seed_42
_sample_2_model.cif                                                             
Writing predicted structure to                                                  
/out/RAND_CHEMBL4292862_antagonist/seed_42/RAND_CHEMBL4292862_antagonist_seed_42
_sample_3_model.cif                                                             
Writing predicted structure to                                                  
/out/RAND_CHEMBL4292862_antagonist/seed_42/RAND_CHEMBL4292862_antagonist_seed_42
_sample_4_model.cif                                                             
Writing predicted structure to                                                  
/out/RAND_CHEMBL4292862_antagonist/seed_42/RAND_CHEMBL4292862_antagonist_seed_42
_sample_5_model.cif                                                             
Predicting query 'RAND_CHEMBL3609388_agonist' with 2015 atom(s), 272 token(s), 2
chain(s), 2009 MSA(s) (0 paired), 0 template(s)                                 
Seed set to 42
Tuning chunk size...                                                            
Tuning chunk size...                                                            
Tuning chunk size...                                                            
Tuning chunk size...                                                            
Writing predicted structure to                                                  
/out/RAND_CHEMBL3609388_agonist/seed_42/RAND_CHEMBL3609388_agonist_seed_42_sampl
e_1_model.cif                                                                   
Writing predicted structure to                                                  
/out/RAND_CHEMBL3609388_agonist/seed_42/RAND_CHEMBL3609388_agonist_seed_42_sampl
e_2_model.cif                                                                   
Writing predicted structure to                                                  
/out/RAND_CHEMBL3609388_agonist/seed_42/RAND_CHEMBL3609388_agonist_seed_42_sampl
e_3_model.cif                                                                   
Writing predicted structure to                                                  
/out/RAND_CHEMBL3609388_agonist/seed_42/RAND_CHEMBL3609388_agonist_seed_42_sampl
e_4_model.cif                                                                   
Writing predicted structure to                                                  
/out/RAND_CHEMBL3609388_agonist/seed_42/RAND_CHEMBL3609388_agonist_seed_42_sampl
e_5_model.cif                                                                   
Predicting query 'RAND_CHEMBL6001168_agonist' with 2023 atom(s), 280 token(s), 2
chain(s), 2009 MSA(s) (0 paired), 0 template(s)                                 
Seed set to 42
Tuning chunk size...                                                            
Tuning chunk size...                                                            
Tuning chunk size...                                                            
Tuning chunk size...                                                            
Writing predicted structure to                                                  
/out/RAND_CHEMBL6001168_agonist/seed_42/RAND_CHEMBL6001168_agonist_seed_42_sampl
e_1_model.cif                                                                   
Writing predicted structure to                                                  
/out/RAND_CHEMBL6001168_agonist/seed_42/RAND_CHEMBL6001168_agonist_seed_42_sampl
e_2_model.cif                                                                   
Writing predicted structure to                                                  
/out/RAND_CHEMBL6001168_agonist/seed_42/RAND_CHEMBL6001168_agonist_seed_42_sampl
e_3_model.cif                                                                   
Writing predicted structure to                                                  
/out/RAND_CHEMBL6001168_agonist/seed_42/RAND_CHEMBL6001168_agonist_seed_42_sampl
e_4_model.cif                                                                   
Writing predicted structure to                                                  
/out/RAND_CHEMBL6001168_agonist/seed_42/RAND_CHEMBL6001168_agonist_seed_42_sampl
e_5_model.cif                                                                   
Predicting query 'RAND_CHEMBL5780772_antagonist' with 2023 atom(s), 280         
token(s), 2 chain(s), 2009 MSA(s) (0 paired), 0 template(s)                     
Seed set to 42
Writing predicted structure to                                                  
/out/RAND_CHEMBL5780772_antagonist/seed_42/RAND_CHEMBL5780772_antagonist_seed_42
_sample_1_model.cif                                                             
Writing predicted structure to                                                  
/out/RAND_CHEMBL5780772_antagonist/seed_42/RAND_CHEMBL5780772_antagonist_seed_42
_sample_2_model.cif                                                             
Writing predicted structure to                                                  
/out/RAND_CHEMBL5780772_antagonist/seed_42/RAND_CHEMBL5780772_antagonist_seed_42
_sample_3_model.cif                                                             
Writing predicted structure to                                                  
/out/RAND_CHEMBL5780772_antagonist/seed_42/RAND_CHEMBL5780772_antagonist_seed_42
_sample_4_model.cif                                                             
Writing predicted structure to                                                  
/out/RAND_CHEMBL5780772_antagonist/seed_42/RAND_CHEMBL5780772_antagonist_seed_42
_sample_5_model.cif                                                             
Predicting query 'RAND_CHEMBL5918239_agonist' with 2022 atom(s), 279 token(s), 2
chain(s), 2009 MSA(s) (0 paired), 0 template(s)                                 
Seed set to 42
Tuning chunk size...                                                            
Tuning chunk size...                                                            
Tuning chunk size...                                                            
Tuning chunk size...                                                            
Writing predicted structure to                                                  
/out/RAND_CHEMBL5918239_agonist/seed_42/RAND_CHEMBL5918239_agonist_seed_42_sampl
e_1_model.cif                                                                   
Writing predicted structure to                                                  
/out/RAND_CHEMBL5918239_agonist/seed_42/RAND_CHEMBL5918239_agonist_seed_42_sampl
e_2_model.cif                                                                   
Writing predicted structure to                                                  
/out/RAND_CHEMBL5918239_agonist/seed_42/RAND_CHEMBL5918239_agonist_seed_42_sampl
e_3_model.cif                                                                   
Writing predicted structure to                                                  
/out/RAND_CHEMBL5918239_agonist/seed_42/RAND_CHEMBL5918239_agonist_seed_42_sampl
e_4_model.cif                                                                   
Writing predicted structure to                                                  
/out/RAND_CHEMBL5918239_agonist/seed_42/RAND_CHEMBL5918239_agonist_seed_42_sampl
e_5_model.cif                                                                   
Predicting query 'RAND_CHEMBL5091940_agonist' with 2018 atom(s), 275 token(s), 2
chain(s), 2009 MSA(s) (0 paired), 0 template(s)                                 
Seed set to 42
Tuning chunk size...                                                            
Tuning chunk size...                                                            
Tuning chunk size...                                                            
Tuning chunk size...                                                            
Writing predicted structure to                                                  
/out/RAND_CHEMBL5091940_agonist/seed_42/RAND_CHEMBL5091940_agonist_seed_42_sampl
e_1_model.cif                                                                   
Writing predicted structure to                                                  
/out/RAND_CHEMBL5091940_agonist/seed_42/RAND_CHEMBL5091940_agonist_seed_42_sampl
e_2_model.cif                                                                   
Writing predicted structure to                                                  
/out/RAND_CHEMBL5091940_agonist/seed_42/RAND_CHEMBL5091940_agonist_seed_42_sampl
e_3_model.cif                                                                   
Writing predicted structure to                                                  
/out/RAND_CHEMBL5091940_agonist/seed_42/RAND_CHEMBL5091940_agonist_seed_42_sampl
e_4_model.cif                                                                   
Writing predicted structure to                                                  
/out/RAND_CHEMBL5091940_agonist/seed_42/RAND_CHEMBL5091940_agonist_seed_42_sampl
e_5_model.cif                                                                   
Predicting query 'RAND_CHEMBL5993128_agonist' with 2020 atom(s), 277 token(s), 2
chain(s), 2009 MSA(s) (0 paired), 0 template(s)                                 
Seed set to 42
Tuning chunk size...                                                            
Tuning chunk size...                                                            
Tuning chunk size...                                                            
Tuning chunk size...                                                            
Writing predicted structure to                                                  
/out/RAND_CHEMBL5993128_agonist/seed_42/RAND_CHEMBL5993128_agonist_seed_42_sampl
e_1_model.cif                                                                   
Writing predicted structure to                                                  
/out/RAND_CHEMBL5993128_agonist/seed_42/RAND_CHEMBL5993128_agonist_seed_42_sampl
e_2_model.cif                                                                   
Writing predicted structure to                                                  
/out/RAND_CHEMBL5993128_agonist/seed_42/RAND_CHEMBL5993128_agonist_seed_42_sampl
e_3_model.cif                                                                   
Writing predicted structure to                                                  
/out/RAND_CHEMBL5993128_agonist/seed_42/RAND_CHEMBL5993128_agonist_seed_42_sampl
e_4_model.cif                                                                   
Writing predicted structure to                                                  
/out/RAND_CHEMBL5993128_agonist/seed_42/RAND_CHEMBL5993128_agonist_seed_42_sampl
e_5_model.cif                                                                   
Predicting query 'RAND_CHEMBL4435215_antagonist' with 2027 atom(s), 284         
token(s), 2 chain(s), 2009 MSA(s) (0 paired), 0 template(s)                     
Seed set to 42
Tuning chunk size...                                                            
Tuning chunk size...                                                            
Tuning chunk size...                                                            
Tuning chunk size...                                                            
Writing predicted structure to                                                  
/out/RAND_CHEMBL4435215_antagonist/seed_42/RAND_CHEMBL4435215_antagonist_seed_42
_sample_1_model.cif                                                             
Writing predicted structure to                                                  
/out/RAND_CHEMBL4435215_antagonist/seed_42/RAND_CHEMBL4435215_antagonist_seed_42
_sample_2_model.cif                                                             
Writing predicted structure to                                                  
/out/RAND_CHEMBL4435215_antagonist/seed_42/RAND_CHEMBL4435215_antagonist_seed_42
_sample_3_model.cif                                                             
Writing predicted structure to                                                  
/out/RAND_CHEMBL4435215_antagonist/seed_42/RAND_CHEMBL4435215_antagonist_seed_42
_sample_4_model.cif                                                             
Writing predicted structure to                                                  
/out/RAND_CHEMBL4435215_antagonist/seed_42/RAND_CHEMBL4435215_antagonist_seed_42
_sample_5_model.cif                                                             
Predicting query 'RAND_CHEMBL5944112_antagonist' with 2028 atom(s), 285         
token(s), 2 chain(s), 2009 MSA(s) (0 paired), 0 template(s)                     
Seed set to 42
Tuning chunk size...                                                            
Tuning chunk size...                                                            
Tuning chunk size...                                                            
Tuning chunk size...                                                            
Writing predicted structure to                                                  
/out/RAND_CHEMBL5944112_antagonist/seed_42/RAND_CHEMBL5944112_antagonist_seed_42
_sample_1_model.cif                                                             
Writing predicted structure to                                                  
/out/RAND_CHEMBL5944112_antagonist/seed_42/RAND_CHEMBL5944112_antagonist_seed_42
_sample_2_model.cif                                                             
Writing predicted structure to                                                  
/out/RAND_CHEMBL5944112_antagonist/seed_42/RAND_CHEMBL5944112_antagonist_seed_42
_sample_3_model.cif                                                             
Writing predicted structure to                                                  
/out/RAND_CHEMBL5944112_antagonist/seed_42/RAND_CHEMBL5944112_antagonist_seed_42
_sample_4_model.cif                                                             
Writing predicted structure to                                                  
/out/RAND_CHEMBL5944112_antagonist/seed_42/RAND_CHEMBL5944112_antagonist_seed_42
_sample_5_model.cif                                                             
Predicting query 'RAND_CHEMBL5085004_agonist' with 2020 atom(s), 277 token(s), 2
chain(s), 2009 MSA(s) (0 paired), 0 template(s)                                 
Seed set to 42
Tuning chunk size...                                                            
Tuning chunk size...                                                            
Tuning chunk size...                                                            
Tuning chunk size...                                                            
Writing predicted structure to                                                  
/out/RAND_CHEMBL5085004_agonist/seed_42/RAND_CHEMBL5085004_agonist_seed_42_sampl
e_1_model.cif                                                                   
Writing predicted structure to                                                  
/out/RAND_CHEMBL5085004_agonist/seed_42/RAND_CHEMBL5085004_agonist_seed_42_sampl
e_2_model.cif                                                                   
Writing predicted structure to                                                  
/out/RAND_CHEMBL5085004_agonist/seed_42/RAND_CHEMBL5085004_agonist_seed_42_sampl
e_3_model.cif                                                                   
Writing predicted structure to                                                  
/out/RAND_CHEMBL5085004_agonist/seed_42/RAND_CHEMBL5085004_agonist_seed_42_sampl
e_4_model.cif                                                                   
Writing predicted structure to                                                  
/out/RAND_CHEMBL5085004_agonist/seed_42/RAND_CHEMBL5085004_agonist_seed_42_sampl
e_5_model.cif                                                                   
Predicting query 'RAND_CHEMBL4868485_agonist' with 2024 atom(s), 281 token(s), 2
chain(s), 2009 MSA(s) (0 paired), 0 template(s)                                 
Seed set to 42
Tuning chunk size...                                                            
Tuning chunk size...                                                            
Tuning chunk size...                                                            
Tuning chunk size...                                                            
Writing predicted structure to                                                  
/out/RAND_CHEMBL4868485_agonist/seed_42/RAND_CHEMBL4868485_agonist_seed_42_sampl
e_1_model.cif                                                                   
Writing predicted structure to                                                  
/out/RAND_CHEMBL4868485_agonist/seed_42/RAND_CHEMBL4868485_agonist_seed_42_sampl
e_2_model.cif                                                                   
Writing predicted structure to                                                  
/out/RAND_CHEMBL4868485_agonist/seed_42/RAND_CHEMBL4868485_agonist_seed_42_sampl
e_3_model.cif                                                                   
Writing predicted structure to                                                  
/out/RAND_CHEMBL4868485_agonist/seed_42/RAND_CHEMBL4868485_agonist_seed_42_sampl
e_4_model.cif                                                                   
Writing predicted structure to                                                  
/out/RAND_CHEMBL4868485_agonist/seed_42/RAND_CHEMBL4868485_agonist_seed_42_sampl
e_5_model.cif                                                                   
Predicting query 'RAND_CHEMBL4777002_agonist' with 2016 atom(s), 273 token(s), 2
chain(s), 2009 MSA(s) (0 paired), 0 template(s)                                 
Seed set to 42
Tuning chunk size...                                                            
Tuning chunk size...                                                            
Tuning chunk size...                                                            
Tuning chunk size...                                                            
Writing predicted structure to                                                  
/out/RAND_CHEMBL4777002_agonist/seed_42/RAND_CHEMBL4777002_agonist_seed_42_sampl
e_1_model.cif                                                                   
Writing predicted structure to                                                  
/out/RAND_CHEMBL4777002_agonist/seed_42/RAND_CHEMBL4777002_agonist_seed_42_sampl
e_2_model.cif                                                                   
Writing predicted structure to                                                  
/out/RAND_CHEMBL4777002_agonist/seed_42/RAND_CHEMBL4777002_agonist_seed_42_sampl
e_3_model.cif                                                                   
Writing predicted structure to                                                  
/out/RAND_CHEMBL4777002_agonist/seed_42/RAND_CHEMBL4777002_agonist_seed_42_sampl
e_4_model.cif                                                                   
Writing predicted structure to                                                  
/out/RAND_CHEMBL4777002_agonist/seed_42/RAND_CHEMBL4777002_agonist_seed_42_sampl
e_5_model.cif                                                                   
Predicting query 'RAND_CHEMBL6063921_agonist' with 2014 atom(s), 271 token(s), 2
chain(s), 2009 MSA(s) (0 paired), 0 template(s)                                 
Seed set to 42
Tuning chunk size...                                                            
Tuning chunk size...                                                            
Tuning chunk size...                                                            
Tuning chunk size...                                                            
Writing predicted structure to                                                  
/out/RAND_CHEMBL6063921_agonist/seed_42/RAND_CHEMBL6063921_agonist_seed_42_sampl
e_1_model.cif                                                                   
Writing predicted structure to                                                  
/out/RAND_CHEMBL6063921_agonist/seed_42/RAND_CHEMBL6063921_agonist_seed_42_sampl
e_2_model.cif                                                                   
Writing predicted structure to                                                  
/out/RAND_CHEMBL6063921_agonist/seed_42/RAND_CHEMBL6063921_agonist_seed_42_sampl
e_3_model.cif                                                                   
Writing predicted structure to                                                  
/out/RAND_CHEMBL6063921_agonist/seed_42/RAND_CHEMBL6063921_agonist_seed_42_sampl
e_4_model.cif                                                                   
Writing predicted structure to                                                  
/out/RAND_CHEMBL6063921_agonist/seed_42/RAND_CHEMBL6063921_agonist_seed_42_sampl
e_5_model.cif                                                                   
Predicting query 'RAND_CHEMBL4848879_agonist' with 2023 atom(s), 280 token(s), 2
chain(s), 2009 MSA(s) (0 paired), 0 template(s)                                 
Seed set to 42
Tuning chunk size...                                                            
Tuning chunk size...                                                            
Tuning chunk size...                                                            
Tuning chunk size...                                                            
Writing predicted structure to                                                  
/out/RAND_CHEMBL4848879_agonist/seed_42/RAND_CHEMBL4848879_agonist_seed_42_sampl
e_1_model.cif                                                                   
Writing predicted structure to                                                  
/out/RAND_CHEMBL4848879_agonist/seed_42/RAND_CHEMBL4848879_agonist_seed_42_sampl
e_2_model.cif                                                                   
Writing predicted structure to                                                  
/out/RAND_CHEMBL4848879_agonist/seed_42/RAND_CHEMBL4848879_agonist_seed_42_sampl
e_3_model.cif                                                                   
Writing predicted structure to                                                  
/out/RAND_CHEMBL4848879_agonist/seed_42/RAND_CHEMBL4848879_agonist_seed_42_sampl
e_4_model.cif                                                                   
Writing predicted structure to                                                  
/out/RAND_CHEMBL4848879_agonist/seed_42/RAND_CHEMBL4848879_agonist_seed_42_sampl
e_5_model.cif                                                                   
Predicting query 'RAND_CHEMBL4438967_antagonist' with 2024 atom(s), 281         
token(s), 2 chain(s), 2009 MSA(s) (0 paired), 0 template(s)                     
Seed set to 42
Tuning chunk size...                                                            
Tuning chunk size...                                                            
Tuning chunk size...                                                            
Tuning chunk size...                                                            
Writing predicted structure to                                                  
/out/RAND_CHEMBL4438967_antagonist/seed_42/RAND_CHEMBL4438967_antagonist_seed_42
_sample_1_model.cif                                                             
Writing predicted structure to                                                  
/out/RAND_CHEMBL4438967_antagonist/seed_42/RAND_CHEMBL4438967_antagonist_seed_42
_sample_2_model.cif                                                             
Writing predicted structure to                                                  
/out/RAND_CHEMBL4438967_antagonist/seed_42/RAND_CHEMBL4438967_antagonist_seed_42
_sample_3_model.cif                                                             
Writing predicted structure to                                                  
/out/RAND_CHEMBL4438967_antagonist/seed_42/RAND_CHEMBL4438967_antagonist_seed_42
_sample_4_model.cif                                                             
Writing predicted structure to                                                  
/out/RAND_CHEMBL4438967_antagonist/seed_42/RAND_CHEMBL4438967_antagonist_seed_42
_sample_5_model.cif                                                             
Predicting query 'RAND_CHEMBL4878238_agonist' with 2023 atom(s), 280 token(s), 2
chain(s), 2009 MSA(s) (0 paired), 0 template(s)                                 
Seed set to 42
Tuning chunk size...                                                            
Tuning chunk size...                                                            
Tuning chunk size...                                                            
Tuning chunk size...                                                            
Writing predicted structure to                                                  
/out/RAND_CHEMBL4878238_agonist/seed_42/RAND_CHEMBL4878238_agonist_seed_42_sampl
e_1_model.cif                                                                   
Writing predicted structure to                                                  
/out/RAND_CHEMBL4878238_agonist/seed_42/RAND_CHEMBL4878238_agonist_seed_42_sampl
e_2_model.cif                                                                   
Writing predicted structure to                                                  
/out/RAND_CHEMBL4878238_agonist/seed_42/RAND_CHEMBL4878238_agonist_seed_42_sampl
e_3_model.cif                                                                   
Writing predicted structure to                                                  
/out/RAND_CHEMBL4878238_agonist/seed_42/RAND_CHEMBL4878238_agonist_seed_42_sampl
e_4_model.cif                                                                   
Writing predicted structure to                                                  
/out/RAND_CHEMBL4878238_agonist/seed_42/RAND_CHEMBL4878238_agonist_seed_42_sampl
e_5_model.cif                                                                   
Predicting query 'RAND_CHEMBL5898496_antagonist' with 2025 atom(s), 282         
token(s), 2 chain(s), 2009 MSA(s) (0 paired), 0 template(s)                     
Seed set to 42
Tuning chunk size...                                                            
Tuning chunk size...                                                            
Tuning chunk size...                                                            
Tuning chunk size...                                                            
Writing predicted structure to                                                  
/out/RAND_CHEMBL5898496_antagonist/seed_42/RAND_CHEMBL5898496_antagonist_seed_42
_sample_1_model.cif                                                             
Writing predicted structure to                                                  
/out/RAND_CHEMBL5898496_antagonist/seed_42/RAND_CHEMBL5898496_antagonist_seed_42
_sample_2_model.cif                                                             
Writing predicted structure to                                                  
/out/RAND_CHEMBL5898496_antagonist/seed_42/RAND_CHEMBL5898496_antagonist_seed_42
_sample_3_model.cif                                                             
Writing predicted structure to                                                  
/out/RAND_CHEMBL5898496_antagonist/seed_42/RAND_CHEMBL5898496_antagonist_seed_42
_sample_4_model.cif                                                             
Writing predicted structure to                                                  
/out/RAND_CHEMBL5898496_antagonist/seed_42/RAND_CHEMBL5898496_antagonist_seed_42
_sample_5_model.cif                                                             
Predicting query 'RAND_CHEMBL4878616_agonist' with 2023 atom(s), 280 token(s), 2
chain(s), 2009 MSA(s) (0 paired), 0 template(s)                                 
Seed set to 42
Tuning chunk size...                                                            
Tuning chunk size...                                                            
Tuning chunk size...                                                            
Tuning chunk size...                                                            
Writing predicted structure to                                                  
/out/RAND_CHEMBL4878616_agonist/seed_42/RAND_CHEMBL4878616_agonist_seed_42_sampl
e_1_model.cif                                                                   
Writing predicted structure to                                                  
/out/RAND_CHEMBL4878616_agonist/seed_42/RAND_CHEMBL4878616_agonist_seed_42_sampl
e_2_model.cif                                                                   
Writing predicted structure to                                                  
/out/RAND_CHEMBL4878616_agonist/seed_42/RAND_CHEMBL4878616_agonist_seed_42_sampl
e_3_model.cif                                                                   
Writing predicted structure to                                                  
/out/RAND_CHEMBL4878616_agonist/seed_42/RAND_CHEMBL4878616_agonist_seed_42_sampl
e_4_model.cif                                                                   
Writing predicted structure to                                                  
/out/RAND_CHEMBL4878616_agonist/seed_42/RAND_CHEMBL4878616_agonist_seed_42_sampl
e_5_model.cif                                                                   
Predicting query 'RAND_CHEMBL5429680_agonist' with 2021 atom(s), 278 token(s), 2
chain(s), 2009 MSA(s) (0 paired), 0 template(s)                                 
Seed set to 42
Tuning chunk size...                                                            
Tuning chunk size...                                                            
Tuning chunk size...                                                            
Tuning chunk size...                                                            
Writing predicted structure to                                                  
/out/RAND_CHEMBL5429680_agonist/seed_42/RAND_CHEMBL5429680_agonist_seed_42_sampl
e_1_model.cif                                                                   
Writing predicted structure to                                                  
/out/RAND_CHEMBL5429680_agonist/seed_42/RAND_CHEMBL5429680_agonist_seed_42_sampl
e_2_model.cif                                                                   
Writing predicted structure to                                                  
/out/RAND_CHEMBL5429680_agonist/seed_42/RAND_CHEMBL5429680_agonist_seed_42_sampl
e_3_model.cif                                                                   
Writing predicted structure to                                                  
/out/RAND_CHEMBL5429680_agonist/seed_42/RAND_CHEMBL5429680_agonist_seed_42_sampl
e_4_model.cif                                                                   
Writing predicted structure to                                                  
/out/RAND_CHEMBL5429680_agonist/seed_42/RAND_CHEMBL5429680_agonist_seed_42_sampl
e_5_model.cif                                                                   
Predicting query 'RAND_CHEMBL4861529_antagonist' with 2031 atom(s), 288         
token(s), 2 chain(s), 2009 MSA(s) (0 paired), 0 template(s)                     
Seed set to 42
Tuning chunk size...                                                            
Tuning chunk size...                                                            
Tuning chunk size...                                                            
Tuning chunk size...                                                            
Writing predicted structure to                                                  
/out/RAND_CHEMBL4861529_antagonist/seed_42/RAND_CHEMBL4861529_antagonist_seed_42
_sample_1_model.cif                                                             
Writing predicted structure to                                                  
/out/RAND_CHEMBL4861529_antagonist/seed_42/RAND_CHEMBL4861529_antagonist_seed_42
_sample_2_model.cif                                                             
Writing predicted structure to                                                  
/out/RAND_CHEMBL4861529_antagonist/seed_42/RAND_CHEMBL4861529_antagonist_seed_42
_sample_3_model.cif                                                             
Writing predicted structure to                                                  
/out/RAND_CHEMBL4861529_antagonist/seed_42/RAND_CHEMBL4861529_antagonist_seed_42
_sample_4_model.cif                                                             
Writing predicted structure to                                                  
/out/RAND_CHEMBL4861529_antagonist/seed_42/RAND_CHEMBL4861529_antagonist_seed_42
_sample_5_model.cif                                                             
Predicting query 'RAND_CHEMBL5825349_agonist' with 2018 atom(s), 275 token(s), 2
chain(s), 2009 MSA(s) (0 paired), 0 template(s)                                 
Seed set to 42
Tuning chunk size...                                                            
Tuning chunk size...                                                            
Tuning chunk size...                                                            
Tuning chunk size...                                                            
Writing predicted structure to                                                  
/out/RAND_CHEMBL5825349_agonist/seed_42/RAND_CHEMBL5825349_agonist_seed_42_sampl
e_1_model.cif                                                                   
Writing predicted structure to                                                  
/out/RAND_CHEMBL5825349_agonist/seed_42/RAND_CHEMBL5825349_agonist_seed_42_sampl
e_2_model.cif                                                                   
Writing predicted structure to                                                  
/out/RAND_CHEMBL5825349_agonist/seed_42/RAND_CHEMBL5825349_agonist_seed_42_sampl
e_3_model.cif                                                                   
Writing predicted structure to                                                  
/out/RAND_CHEMBL5825349_agonist/seed_42/RAND_CHEMBL5825349_agonist_seed_42_sampl
e_4_model.cif                                                                   
Writing predicted structure to                                                  
/out/RAND_CHEMBL5825349_agonist/seed_42/RAND_CHEMBL5825349_agonist_seed_42_sampl
e_5_model.cif                                                                   
Predicting query 'RAND_CHEMBL5410061_agonist' with 2020 atom(s), 277 token(s), 2
chain(s), 2009 MSA(s) (0 paired), 0 template(s)                                 
Seed set to 42
Tuning chunk size...                                                            
Tuning chunk size...                                                            
Tuning chunk size...                                                            
Tuning chunk size...                                                            
Writing predicted structure to                                                  
/out/RAND_CHEMBL5410061_agonist/seed_42/RAND_CHEMBL5410061_agonist_seed_42_sampl
e_1_model.cif                                                                   
Writing predicted structure to                                                  
/out/RAND_CHEMBL5410061_agonist/seed_42/RAND_CHEMBL5410061_agonist_seed_42_sampl
e_2_model.cif                                                                   
Writing predicted structure to                                                  
/out/RAND_CHEMBL5410061_agonist/seed_42/RAND_CHEMBL5410061_agonist_seed_42_sampl
e_3_model.cif                                                                   
Writing predicted structure to                                                  
/out/RAND_CHEMBL5410061_agonist/seed_42/RAND_CHEMBL5410061_agonist_seed_42_sampl
e_4_model.cif                                                                   
Writing predicted structure to                                                  
/out/RAND_CHEMBL5410061_agonist/seed_42/RAND_CHEMBL5410061_agonist_seed_42_sampl
e_5_model.cif                                                                   
Predicting query 'RAND_CHEMBL6034054_antagonist' with 2030 atom(s), 287         
token(s), 2 chain(s), 2009 MSA(s) (0 paired), 0 template(s)                     
Seed set to 42
Tuning chunk size...                                                            
Tuning chunk size...                                                            
Tuning chunk size...                                                            
Tuning chunk size...                                                            
Writing predicted structure to                                                  
/out/RAND_CHEMBL6034054_antagonist/seed_42/RAND_CHEMBL6034054_antagonist_seed_42
_sample_1_model.cif                                                             
Writing predicted structure to                                                  
/out/RAND_CHEMBL6034054_antagonist/seed_42/RAND_CHEMBL6034054_antagonist_seed_42
_sample_2_model.cif                                                             
Writing predicted structure to                                                  
/out/RAND_CHEMBL6034054_antagonist/seed_42/RAND_CHEMBL6034054_antagonist_seed_42
_sample_3_model.cif                                                             
Writing predicted structure to                                                  
/out/RAND_CHEMBL6034054_antagonist/seed_42/RAND_CHEMBL6034054_antagonist_seed_42
_sample_4_model.cif                                                             
Writing predicted structure to                                                  
/out/RAND_CHEMBL6034054_antagonist/seed_42/RAND_CHEMBL6034054_antagonist_seed_42
_sample_5_model.cif                                                             
Predicting query 'RAND_CHEMBL3596270_antagonist' with 2018 atom(s), 275         
token(s), 2 chain(s), 2009 MSA(s) (0 paired), 0 template(s)                     
Seed set to 42
Tuning chunk size...                                                            
Tuning chunk size...                                                            
Tuning chunk size...                                                            
Tuning chunk size...                                                            
Writing predicted structure to                                                  
/out/RAND_CHEMBL3596270_antagonist/seed_42/RAND_CHEMBL3596270_antagonist_seed_42
_sample_1_model.cif                                                             
Writing predicted structure to                                                  
/out/RAND_CHEMBL3596270_antagonist/seed_42/RAND_CHEMBL3596270_antagonist_seed_42
_sample_2_model.cif                                                             
Writing predicted structure to                                                  
/out/RAND_CHEMBL3596270_antagonist/seed_42/RAND_CHEMBL3596270_antagonist_seed_42
_sample_3_model.cif                                                             
Writing predicted structure to                                                  
/out/RAND_CHEMBL3596270_antagonist/seed_42/RAND_CHEMBL3596270_antagonist_seed_42
_sample_4_model.cif                                                             
Writing predicted structure to                                                  
/out/RAND_CHEMBL3596270_antagonist/seed_42/RAND_CHEMBL3596270_antagonist_seed_42
_sample_5_model.cif                                                             
Predicting query 'RAND_CHEMBL5877834_antagonist' with 2027 atom(s), 284         
token(s), 2 chain(s), 2009 MSA(s) (0 paired), 0 template(s)                     
Seed set to 42
Tuning chunk size...                                                            
Tuning chunk size...                                                            
Tuning chunk size...                                                            
Tuning chunk size...                                                            
Writing predicted structure to                                                  
/out/RAND_CHEMBL5877834_antagonist/seed_42/RAND_CHEMBL5877834_antagonist_seed_42
_sample_1_model.cif                                                             
Writing predicted structure to                                                  
/out/RAND_CHEMBL5877834_antagonist/seed_42/RAND_CHEMBL5877834_antagonist_seed_42
_sample_2_model.cif                                                             
Writing predicted structure to                                                  
/out/RAND_CHEMBL5877834_antagonist/seed_42/RAND_CHEMBL5877834_antagonist_seed_42
_sample_3_model.cif                                                             
Writing predicted structure to                                                  
/out/RAND_CHEMBL5877834_antagonist/seed_42/RAND_CHEMBL5877834_antagonist_seed_42
_sample_4_model.cif                                                             
Writing predicted structure to                                                  
/out/RAND_CHEMBL5877834_antagonist/seed_42/RAND_CHEMBL5877834_antagonist_seed_42
_sample_5_model.cif                                                             
Predicting query 'RAND_CHEMBL4205062_antagonist' with 2023 atom(s), 280         
token(s), 2 chain(s), 2009 MSA(s) (0 paired), 0 template(s)                     
Seed set to 42
Tuning chunk size...                                                            
Tuning chunk size...                                                            
Tuning chunk size...                                                            
Tuning chunk size...                                                            
Writing predicted structure to                                                  
/out/RAND_CHEMBL4205062_antagonist/seed_42/RAND_CHEMBL4205062_antagonist_seed_42
_sample_1_model.cif                                                             
Writing predicted structure to                                                  
/out/RAND_CHEMBL4205062_antagonist/seed_42/RAND_CHEMBL4205062_antagonist_seed_42
_sample_2_model.cif                                                             
Writing predicted structure to                                                  
/out/RAND_CHEMBL4205062_antagonist/seed_42/RAND_CHEMBL4205062_antagonist_seed_42
_sample_3_model.cif                                                             
Writing predicted structure to                                                  
/out/RAND_CHEMBL4205062_antagonist/seed_42/RAND_CHEMBL4205062_antagonist_seed_42
_sample_4_model.cif                                                             
Writing predicted structure to                                                  
/out/RAND_CHEMBL4205062_antagonist/seed_42/RAND_CHEMBL4205062_antagonist_seed_42
_sample_5_model.cif                                                             
Predicting query 'RAND_CHEMBL5090647_agonist' with 2016 atom(s), 273 token(s), 2
chain(s), 2009 MSA(s) (0 paired), 0 template(s)                                 
Seed set to 42
Tuning chunk size...                                                            
Tuning chunk size...                                                            
Tuning chunk size...                                                            
Tuning chunk size...                                                            
Writing predicted structure to                                                  
/out/RAND_CHEMBL5090647_agonist/seed_42/RAND_CHEMBL5090647_agonist_seed_42_sampl
e_1_model.cif                                                                   
Writing predicted structure to                                                  
/out/RAND_CHEMBL5090647_agonist/seed_42/RAND_CHEMBL5090647_agonist_seed_42_sampl
e_2_model.cif                                                                   
Writing predicted structure to                                                  
/out/RAND_CHEMBL5090647_agonist/seed_42/RAND_CHEMBL5090647_agonist_seed_42_sampl
e_3_model.cif                                                                   
Writing predicted structure to                                                  
/out/RAND_CHEMBL5090647_agonist/seed_42/RAND_CHEMBL5090647_agonist_seed_42_sampl
e_4_model.cif                                                                   
Writing predicted structure to                                                  
/out/RAND_CHEMBL5090647_agonist/seed_42/RAND_CHEMBL5090647_agonist_seed_42_sampl
e_5_model.cif                                                                   
Predicting query 'RAND_CHEMBL3218918_agonist' with 2007 atom(s), 264 token(s), 2
chain(s), 2009 MSA(s) (0 paired), 0 template(s)                                 
Seed set to 42
Tuning chunk size...                                                            
Tuning chunk size...                                                            
Tuning chunk size...                                                            
Tuning chunk size...                                                            
Writing predicted structure to                                                  
/out/RAND_CHEMBL3218918_agonist/seed_42/RAND_CHEMBL3218918_agonist_seed_42_sampl
e_1_model.cif                                                                   
Writing predicted structure to                                                  
/out/RAND_CHEMBL3218918_agonist/seed_42/RAND_CHEMBL3218918_agonist_seed_42_sampl
e_2_model.cif                                                                   
Writing predicted structure to                                                  
/out/RAND_CHEMBL3218918_agonist/seed_42/RAND_CHEMBL3218918_agonist_seed_42_sampl
e_3_model.cif                                                                   
Writing predicted structure to                                                  
/out/RAND_CHEMBL3218918_agonist/seed_42/RAND_CHEMBL3218918_agonist_seed_42_sampl
e_4_model.cif                                                                   
Writing predicted structure to                                                  
/out/RAND_CHEMBL3218918_agonist/seed_42/RAND_CHEMBL3218918_agonist_seed_42_sampl
e_5_model.cif                                                                   
Predicting query 'RAND_CHEMBL5890977_antagonist' with 2025 atom(s), 282         
token(s), 2 chain(s), 2009 MSA(s) (0 paired), 0 template(s)                     
Seed set to 42
Tuning chunk size...                                                            
Tuning chunk size...                                                            
Tuning chunk size...                                                            
Tuning chunk size...                                                            
Writing predicted structure to                                                  
/out/RAND_CHEMBL5890977_antagonist/seed_42/RAND_CHEMBL5890977_antagonist_seed_42
_sample_1_model.cif                                                             
Writing predicted structure to                                                  
/out/RAND_CHEMBL5890977_antagonist/seed_42/RAND_CHEMBL5890977_antagonist_seed_42
_sample_2_model.cif                                                             
Writing predicted structure to                                                  
/out/RAND_CHEMBL5890977_antagonist/seed_42/RAND_CHEMBL5890977_antagonist_seed_42
_sample_3_model.cif                                                             
Writing predicted structure to                                                  
/out/RAND_CHEMBL5890977_antagonist/seed_42/RAND_CHEMBL5890977_antagonist_seed_42
_sample_4_model.cif                                                             
Writing predicted structure to                                                  
/out/RAND_CHEMBL5890977_antagonist/seed_42/RAND_CHEMBL5890977_antagonist_seed_42
_sample_5_model.cif                                                             
Predicting query 'RAND_CHEMBL4876485_agonist' with 2018 atom(s), 275 token(s), 2
chain(s), 2009 MSA(s) (0 paired), 0 template(s)                                 
Seed set to 42
Tuning chunk size...                                                            
Tuning chunk size...                                                            
Tuning chunk size...                                                            
Tuning chunk size...                                                            
Writing predicted structure to                                                  
/out/RAND_CHEMBL4876485_agonist/seed_42/RAND_CHEMBL4876485_agonist_seed_42_sampl
e_1_model.cif                                                                   
Writing predicted structure to                                                  
/out/RAND_CHEMBL4876485_agonist/seed_42/RAND_CHEMBL4876485_agonist_seed_42_sampl
e_2_model.cif                                                                   
Writing predicted structure to                                                  
/out/RAND_CHEMBL4876485_agonist/seed_42/RAND_CHEMBL4876485_agonist_seed_42_sampl
e_3_model.cif                                                                   
Writing predicted structure to                                                  
/out/RAND_CHEMBL4876485_agonist/seed_42/RAND_CHEMBL4876485_agonist_seed_42_sampl
e_4_model.cif                                                                   
Writing predicted structure to                                                  
/out/RAND_CHEMBL4876485_agonist/seed_42/RAND_CHEMBL4876485_agonist_seed_42_sampl
e_5_model.cif                                                                   
Predicting query 'RAND_CHEMBL3609400_agonist' with 2022 atom(s), 279 token(s), 2
chain(s), 2009 MSA(s) (0 paired), 0 template(s)                                 
Seed set to 42
Tuning chunk size...                                                            
Tuning chunk size...                                                            
Tuning chunk size...                                                            
Tuning chunk size...                                                            
Writing predicted structure to                                                  
/out/RAND_CHEMBL3609400_agonist/seed_42/RAND_CHEMBL3609400_agonist_seed_42_sampl
e_1_model.cif                                                                   
Writing predicted structure to                                                  
/out/RAND_CHEMBL3609400_agonist/seed_42/RAND_CHEMBL3609400_agonist_seed_42_sampl
e_2_model.cif                                                                   
Writing predicted structure to                                                  
/out/RAND_CHEMBL3609400_agonist/seed_42/RAND_CHEMBL3609400_agonist_seed_42_sampl
e_3_model.cif                                                                   
Writing predicted structure to                                                  
/out/RAND_CHEMBL3609400_agonist/seed_42/RAND_CHEMBL3609400_agonist_seed_42_sampl
e_4_model.cif                                                                   
Writing predicted structure to                                                  
/out/RAND_CHEMBL3609400_agonist/seed_42/RAND_CHEMBL3609400_agonist_seed_42_sampl
e_5_model.cif                                                                   
Predicting query 'RAND_CHEMBL3609414_agonist' with 2019 atom(s), 276 token(s), 2
chain(s), 2009 MSA(s) (0 paired), 0 template(s)                                 
Seed set to 42
Tuning chunk size...                                                            
Tuning chunk size...                                                            
Tuning chunk size...                                                            
Tuning chunk size...                                                            
Writing predicted structure to                                                  
/out/RAND_CHEMBL3609414_agonist/seed_42/RAND_CHEMBL3609414_agonist_seed_42_sampl
e_1_model.cif                                                                   
Writing predicted structure to                                                  
/out/RAND_CHEMBL3609414_agonist/seed_42/RAND_CHEMBL3609414_agonist_seed_42_sampl
e_2_model.cif                                                                   
Writing predicted structure to                                                  
/out/RAND_CHEMBL3609414_agonist/seed_42/RAND_CHEMBL3609414_agonist_seed_42_sampl
e_3_model.cif                                                                   
Writing predicted structure to                                                  
/out/RAND_CHEMBL3609414_agonist/seed_42/RAND_CHEMBL3609414_agonist_seed_42_sampl
e_4_model.cif                                                                   
Writing predicted structure to                                                  
/out/RAND_CHEMBL3609414_agonist/seed_42/RAND_CHEMBL3609414_agonist_seed_42_sampl
e_5_model.cif                                                                   
Predicting query 'RAND_CHEMBL4287715_antagonist' with 2020 atom(s), 277         
token(s), 2 chain(s), 2009 MSA(s) (0 paired), 0 template(s)                     
Seed set to 42
Tuning chunk size...                                                            
Tuning chunk size...                                                            
Tuning chunk size...                                                            
Tuning chunk size...                                                            
Writing predicted structure to                                                  
/out/RAND_CHEMBL4287715_antagonist/seed_42/RAND_CHEMBL4287715_antagonist_seed_42
_sample_1_model.cif                                                             
Writing predicted structure to                                                  
/out/RAND_CHEMBL4287715_antagonist/seed_42/RAND_CHEMBL4287715_antagonist_seed_42
_sample_2_model.cif                                                             
Writing predicted structure to                                                  
/out/RAND_CHEMBL4287715_antagonist/seed_42/RAND_CHEMBL4287715_antagonist_seed_42
_sample_3_model.cif                                                             
Writing predicted structure to                                                  
/out/RAND_CHEMBL4287715_antagonist/seed_42/RAND_CHEMBL4287715_antagonist_seed_42
_sample_4_model.cif                                                             
Writing predicted structure to                                                  
/out/RAND_CHEMBL4287715_antagonist/seed_42/RAND_CHEMBL4287715_antagonist_seed_42
_sample_5_model.cif                                                             
Predicting query 'RAND_CHEMBL5839073_antagonist' with 2029 atom(s), 286         
token(s), 2 chain(s), 2009 MSA(s) (0 paired), 0 template(s)                     
Seed set to 42
Tuning chunk size...                                                            
Tuning chunk size...                                                            
Tuning chunk size...                                                            
Tuning chunk size...                                                            
Writing predicted structure to                                                  
/out/RAND_CHEMBL5839073_antagonist/seed_42/RAND_CHEMBL5839073_antagonist_seed_42
_sample_1_model.cif                                                             
Writing predicted structure to                                                  
/out/RAND_CHEMBL5839073_antagonist/seed_42/RAND_CHEMBL5839073_antagonist_seed_42
_sample_2_model.cif                                                             
Writing predicted structure to                                                  
/out/RAND_CHEMBL5839073_antagonist/seed_42/RAND_CHEMBL5839073_antagonist_seed_42
_sample_3_model.cif                                                             
Writing predicted structure to                                                  
/out/RAND_CHEMBL5839073_antagonist/seed_42/RAND_CHEMBL5839073_antagonist_seed_42
_sample_4_model.cif                                                             
Writing predicted structure to                                                  
/out/RAND_CHEMBL5839073_antagonist/seed_42/RAND_CHEMBL5839073_antagonist_seed_42
_sample_5_model.cif                                                             
Predicting query 'RAND_CHEMBL4209944_antagonist' with 2019 atom(s), 276         
token(s), 2 chain(s), 2009 MSA(s) (0 paired), 0 template(s)                     
Seed set to 42
Tuning chunk size...                                                            
Tuning chunk size...                                                            
Tuning chunk size...                                                            
Tuning chunk size...                                                            
Writing predicted structure to                                                  
/out/RAND_CHEMBL4209944_antagonist/seed_42/RAND_CHEMBL4209944_antagonist_seed_42
_sample_1_model.cif                                                             
Writing predicted structure to                                                  
/out/RAND_CHEMBL4209944_antagonist/seed_42/RAND_CHEMBL4209944_antagonist_seed_42
_sample_2_model.cif                                                             
Writing predicted structure to                                                  
/out/RAND_CHEMBL4209944_antagonist/seed_42/RAND_CHEMBL4209944_antagonist_seed_42
_sample_3_model.cif                                                             
Writing predicted structure to                                                  
/out/RAND_CHEMBL4209944_antagonist/seed_42/RAND_CHEMBL4209944_antagonist_seed_42
_sample_4_model.cif                                                             
Writing predicted structure to                                                  
/out/RAND_CHEMBL4209944_antagonist/seed_42/RAND_CHEMBL4209944_antagonist_seed_42
_sample_5_model.cif                                                             
Predicting query 'RAND_CHEMBL4849995_agonist' with 2027 atom(s), 284 token(s), 2
chain(s), 2009 MSA(s) (0 paired), 0 template(s)                                 
Seed set to 42
Tuning chunk size...                                                            
Tuning chunk size...                                                            
Tuning chunk size...                                                            
Tuning chunk size...                                                            
Writing predicted structure to                                                  
/out/RAND_CHEMBL4849995_agonist/seed_42/RAND_CHEMBL4849995_agonist_seed_42_sampl
e_1_model.cif                                                                   
Writing predicted structure to                                                  
/out/RAND_CHEMBL4849995_agonist/seed_42/RAND_CHEMBL4849995_agonist_seed_42_sampl
e_2_model.cif                                                                   
Writing predicted structure to                                                  
/out/RAND_CHEMBL4849995_agonist/seed_42/RAND_CHEMBL4849995_agonist_seed_42_sampl
e_3_model.cif                                                                   
Writing predicted structure to                                                  
/out/RAND_CHEMBL4849995_agonist/seed_42/RAND_CHEMBL4849995_agonist_seed_42_sampl
e_4_model.cif                                                                   
Writing predicted structure to                                                  
/out/RAND_CHEMBL4849995_agonist/seed_42/RAND_CHEMBL4849995_agonist_seed_42_sampl
e_5_model.cif                                                                   
Predicting query 'RAND_CHEMBL4457391_antagonist' with 2020 atom(s), 277         
token(s), 2 chain(s), 2009 MSA(s) (0 paired), 0 template(s)                     
Seed set to 42
Tuning chunk size...                                                            
Tuning chunk size...                                                            
Tuning chunk size...                                                            
Tuning chunk size...                                                            
Writing predicted structure to                                                  
/out/RAND_CHEMBL4457391_antagonist/seed_42/RAND_CHEMBL4457391_antagonist_seed_42
_sample_1_model.cif                                                             
Writing predicted structure to                                                  
/out/RAND_CHEMBL4457391_antagonist/seed_42/RAND_CHEMBL4457391_antagonist_seed_42
_sample_2_model.cif                                                             
Writing predicted structure to                                                  
/out/RAND_CHEMBL4457391_antagonist/seed_42/RAND_CHEMBL4457391_antagonist_seed_42
_sample_3_model.cif                                                             
Writing predicted structure to                                                  
/out/RAND_CHEMBL4457391_antagonist/seed_42/RAND_CHEMBL4457391_antagonist_seed_42
_sample_4_model.cif                                                             
Writing predicted structure to                                                  
/out/RAND_CHEMBL4457391_antagonist/seed_42/RAND_CHEMBL4457391_antagonist_seed_42
_sample_5_model.cif                                                             
Predicting query 'RAND_CHEMBL5805510_antagonist' with 2026 atom(s), 283         
token(s), 2 chain(s), 2009 MSA(s) (0 paired), 0 template(s)                     
Seed set to 42
Tuning chunk size...                                                            
Tuning chunk size...                                                            
Tuning chunk size...                                                            
Tuning chunk size...                                                            
Writing predicted structure to                                                  
/out/RAND_CHEMBL5805510_antagonist/seed_42/RAND_CHEMBL5805510_antagonist_seed_42
_sample_1_model.cif                                                             
Writing predicted structure to                                                  
/out/RAND_CHEMBL5805510_antagonist/seed_42/RAND_CHEMBL5805510_antagonist_seed_42
_sample_2_model.cif                                                             
Writing predicted structure to                                                  
/out/RAND_CHEMBL5805510_antagonist/seed_42/RAND_CHEMBL5805510_antagonist_seed_42
_sample_3_model.cif                                                             
Writing predicted structure to                                                  
/out/RAND_CHEMBL5805510_antagonist/seed_42/RAND_CHEMBL5805510_antagonist_seed_42
_sample_4_model.cif                                                             
Writing predicted structure to                                                  
/out/RAND_CHEMBL5805510_antagonist/seed_42/RAND_CHEMBL5805510_antagonist_seed_42
_sample_5_model.cif                                                             
Predicting query 'RAND_CHEMBL5082726_agonist' with 2027 atom(s), 284 token(s), 2
chain(s), 2009 MSA(s) (0 paired), 0 template(s)                                 
Seed set to 42
Tuning chunk size...                                                            
Tuning chunk size...                                                            
Tuning chunk size...                                                            
Tuning chunk size...                                                            
Writing predicted structure to                                                  
/out/RAND_CHEMBL5082726_agonist/seed_42/RAND_CHEMBL5082726_agonist_seed_42_sampl
e_1_model.cif                                                                   
Writing predicted structure to                                                  
/out/RAND_CHEMBL5082726_agonist/seed_42/RAND_CHEMBL5082726_agonist_seed_42_sampl
e_2_model.cif                                                                   
Writing predicted structure to                                                  
/out/RAND_CHEMBL5082726_agonist/seed_42/RAND_CHEMBL5082726_agonist_seed_42_sampl
e_3_model.cif                                                                   
Writing predicted structure to                                                  
/out/RAND_CHEMBL5082726_agonist/seed_42/RAND_CHEMBL5082726_agonist_seed_42_sampl
e_4_model.cif                                                                   
Writing predicted structure to                                                  
/out/RAND_CHEMBL5082726_agonist/seed_42/RAND_CHEMBL5082726_agonist_seed_42_sampl
e_5_model.cif                                                                   
Predicting query 'RAND_CHEMBL4648441_antagonist' with 2030 atom(s), 287         
token(s), 2 chain(s), 2009 MSA(s) (0 paired), 0 template(s)                     
Seed set to 42
Tuning chunk size...                                                            
Tuning chunk size...                                                            
Tuning chunk size...                                                            
Tuning chunk size...                                                            
Writing predicted structure to                                                  
/out/RAND_CHEMBL4648441_antagonist/seed_42/RAND_CHEMBL4648441_antagonist_seed_42
_sample_1_model.cif                                                             
Writing predicted structure to                                                  
/out/RAND_CHEMBL4648441_antagonist/seed_42/RAND_CHEMBL4648441_antagonist_seed_42
_sample_2_model.cif                                                             
Writing predicted structure to                                                  
/out/RAND_CHEMBL4648441_antagonist/seed_42/RAND_CHEMBL4648441_antagonist_seed_42
_sample_3_model.cif                                                             
Writing predicted structure to                                                  
/out/RAND_CHEMBL4648441_antagonist/seed_42/RAND_CHEMBL4648441_antagonist_seed_42
_sample_4_model.cif                                                             
Writing predicted structure to                                                  
/out/RAND_CHEMBL4648441_antagonist/seed_42/RAND_CHEMBL4648441_antagonist_seed_42
_sample_5_model.cif                                                             
Predicting query 'RAND_CHEMBL5962887_antagonist' with 2025 atom(s), 282         
token(s), 2 chain(s), 2009 MSA(s) (0 paired), 0 template(s)                     
Seed set to 42
Tuning chunk size...                                                            
Tuning chunk size...                                                            
Tuning chunk size...                                                            
Tuning chunk size...                                                            
Writing predicted structure to                                                  
/out/RAND_CHEMBL5962887_antagonist/seed_42/RAND_CHEMBL5962887_antagonist_seed_42
_sample_1_model.cif                                                             
Writing predicted structure to                                                  
/out/RAND_CHEMBL5962887_antagonist/seed_42/RAND_CHEMBL5962887_antagonist_seed_42
_sample_2_model.cif                                                             
Writing predicted structure to                                                  
/out/RAND_CHEMBL5962887_antagonist/seed_42/RAND_CHEMBL5962887_antagonist_seed_42
_sample_3_model.cif                                                             
Writing predicted structure to                                                  
/out/RAND_CHEMBL5962887_antagonist/seed_42/RAND_CHEMBL5962887_antagonist_seed_42
_sample_4_model.cif                                                             
Writing predicted structure to                                                  
/out/RAND_CHEMBL5962887_antagonist/seed_42/RAND_CHEMBL5962887_antagonist_seed_42
_sample_5_model.cif                                                             
Predicting query 'RAND_CHEMBL4576948_agonist' with 2020 atom(s), 277 token(s), 2
chain(s), 2009 MSA(s) (0 paired), 0 template(s)                                 
Seed set to 42
Tuning chunk size...                                                            
Tuning chunk size...                                                            
Tuning chunk size...                                                            
Tuning chunk size...                                                            
Writing predicted structure to                                                  
/out/RAND_CHEMBL4576948_agonist/seed_42/RAND_CHEMBL4576948_agonist_seed_42_sampl
e_1_model.cif                                                                   
Writing predicted structure to                                                  
/out/RAND_CHEMBL4576948_agonist/seed_42/RAND_CHEMBL4576948_agonist_seed_42_sampl
e_2_model.cif                                                                   
Writing predicted structure to                                                  
/out/RAND_CHEMBL4576948_agonist/seed_42/RAND_CHEMBL4576948_agonist_seed_42_sampl
e_3_model.cif                                                                   
Writing predicted structure to                                                  
/out/RAND_CHEMBL4576948_agonist/seed_42/RAND_CHEMBL4576948_agonist_seed_42_sampl
e_4_model.cif                                                                   
Writing predicted structure to                                                  
/out/RAND_CHEMBL4576948_agonist/seed_42/RAND_CHEMBL4576948_agonist_seed_42_sampl
e_5_model.cif                                                                   
Predicting query 'RAND_CHEMBL5897451_antagonist' with 2029 atom(s), 286         
token(s), 2 chain(s), 2009 MSA(s) (0 paired), 0 template(s)                     
Seed set to 42
Tuning chunk size...                                                            
Tuning chunk size...                                                            
Tuning chunk size...                                                            
Tuning chunk size...                                                            
Writing predicted structure to                                                  
/out/RAND_CHEMBL5897451_antagonist/seed_42/RAND_CHEMBL5897451_antagonist_seed_42
_sample_1_model.cif                                                             
Writing predicted structure to                                                  
/out/RAND_CHEMBL5897451_antagonist/seed_42/RAND_CHEMBL5897451_antagonist_seed_42
_sample_2_model.cif                                                             
Writing predicted structure to                                                  
/out/RAND_CHEMBL5897451_antagonist/seed_42/RAND_CHEMBL5897451_antagonist_seed_42
_sample_3_model.cif                                                             
Writing predicted structure to                                                  
/out/RAND_CHEMBL5897451_antagonist/seed_42/RAND_CHEMBL5897451_antagonist_seed_42
_sample_4_model.cif                                                             
Writing predicted structure to                                                  
/out/RAND_CHEMBL5897451_antagonist/seed_42/RAND_CHEMBL5897451_antagonist_seed_42
_sample_5_model.cif                                                             
Predicting query 'RAND_CHEMBL3317824_antagonist' with 2019 atom(s), 276         
token(s), 2 chain(s), 2009 MSA(s) (0 paired), 0 template(s)                     
Seed set to 42
Tuning chunk size...                                                            
Tuning chunk size...                                                            
Tuning chunk size...                                                            
Tuning chunk size...                                                            
Writing predicted structure to                                                  
/out/RAND_CHEMBL3317824_antagonist/seed_42/RAND_CHEMBL3317824_antagonist_seed_42
_sample_1_model.cif                                                             
Writing predicted structure to                                                  
/out/RAND_CHEMBL3317824_antagonist/seed_42/RAND_CHEMBL3317824_antagonist_seed_42
_sample_2_model.cif                                                             
Writing predicted structure to                                                  
/out/RAND_CHEMBL3317824_antagonist/seed_42/RAND_CHEMBL3317824_antagonist_seed_42
_sample_3_model.cif                                                             
Writing predicted structure to                                                  
/out/RAND_CHEMBL3317824_antagonist/seed_42/RAND_CHEMBL3317824_antagonist_seed_42
_sample_4_model.cif                                                             
Writing predicted structure to                                                  
/out/RAND_CHEMBL3317824_antagonist/seed_42/RAND_CHEMBL3317824_antagonist_seed_42
_sample_5_model.cif                                                             
Predicting query 'RAND_CHEMBL6053001_antagonist' with 2028 atom(s), 285         
token(s), 2 chain(s), 2009 MSA(s) (0 paired), 0 template(s)                     
Seed set to 42
Tuning chunk size...                                                            
Tuning chunk size...                                                            
Tuning chunk size...                                                            
Tuning chunk size...                                                            
Writing predicted structure to                                                  
/out/RAND_CHEMBL6053001_antagonist/seed_42/RAND_CHEMBL6053001_antagonist_seed_42
_sample_1_model.cif                                                             
Writing predicted structure to                                                  
/out/RAND_CHEMBL6053001_antagonist/seed_42/RAND_CHEMBL6053001_antagonist_seed_42
_sample_2_model.cif                                                             
Writing predicted structure to                                                  
/out/RAND_CHEMBL6053001_antagonist/seed_42/RAND_CHEMBL6053001_antagonist_seed_42
_sample_3_model.cif                                                             
Writing predicted structure to                                                  
/out/RAND_CHEMBL6053001_antagonist/seed_42/RAND_CHEMBL6053001_antagonist_seed_42
_sample_4_model.cif                                                             
Writing predicted structure to                                                  
/out/RAND_CHEMBL6053001_antagonist/seed_42/RAND_CHEMBL6053001_antagonist_seed_42
_sample_5_model.cif                                                             
Predicting query 'RAND_CHEMBL6023459_agonist' with 2020 atom(s), 277 token(s), 2
chain(s), 2009 MSA(s) (0 paired), 0 template(s)                                 
Seed set to 42
Tuning chunk size...                                                            
Tuning chunk size...                                                            
Tuning chunk size...                                                            
Tuning chunk size...                                                            
Writing predicted structure to                                                  
/out/RAND_CHEMBL6023459_agonist/seed_42/RAND_CHEMBL6023459_agonist_seed_42_sampl
e_1_model.cif                                                                   
Writing predicted structure to                                                  
/out/RAND_CHEMBL6023459_agonist/seed_42/RAND_CHEMBL6023459_agonist_seed_42_sampl
e_2_model.cif                                                                   
Writing predicted structure to                                                  
/out/RAND_CHEMBL6023459_agonist/seed_42/RAND_CHEMBL6023459_agonist_seed_42_sampl
e_3_model.cif                                                                   
Writing predicted structure to                                                  
/out/RAND_CHEMBL6023459_agonist/seed_42/RAND_CHEMBL6023459_agonist_seed_42_sampl
e_4_model.cif                                                                   
Writing predicted structure to                                                  
/out/RAND_CHEMBL6023459_agonist/seed_42/RAND_CHEMBL6023459_agonist_seed_42_sampl
e_5_model.cif                                                                   
Predicting query 'RAND_CHEMBL4754713_agonist' with 2019 atom(s), 276 token(s), 2
chain(s), 2009 MSA(s) (0 paired), 0 template(s)                                 
Seed set to 42
Tuning chunk size...                                                            
Tuning chunk size...                                                            
Tuning chunk size...                                                            
Tuning chunk size...                                                            
Writing predicted structure to                                                  
/out/RAND_CHEMBL4754713_agonist/seed_42/RAND_CHEMBL4754713_agonist_seed_42_sampl
e_1_model.cif                                                                   
Writing predicted structure to                                                  
/out/RAND_CHEMBL4754713_agonist/seed_42/RAND_CHEMBL4754713_agonist_seed_42_sampl
e_2_model.cif                                                                   
Writing predicted structure to                                                  
/out/RAND_CHEMBL4754713_agonist/seed_42/RAND_CHEMBL4754713_agonist_seed_42_sampl
e_3_model.cif                                                                   
Writing predicted structure to                                                  
/out/RAND_CHEMBL4754713_agonist/seed_42/RAND_CHEMBL4754713_agonist_seed_42_sampl
e_4_model.cif                                                                   
Writing predicted structure to                                                  
/out/RAND_CHEMBL4754713_agonist/seed_42/RAND_CHEMBL4754713_agonist_seed_42_sampl
e_5_model.cif                                                                   
Predicting query 'RAND_CHEMBL4857658_agonist' with 2018 atom(s), 275 token(s), 2
chain(s), 2009 MSA(s) (0 paired), 0 template(s)                                 
Seed set to 42
Tuning chunk size...                                                            
Tuning chunk size...                                                            
Tuning chunk size...                                                            
Tuning chunk size...                                                            
Writing predicted structure to                                                  
/out/RAND_CHEMBL4857658_agonist/seed_42/RAND_CHEMBL4857658_agonist_seed_42_sampl
e_1_model.cif                                                                   
Writing predicted structure to                                                  
/out/RAND_CHEMBL4857658_agonist/seed_42/RAND_CHEMBL4857658_agonist_seed_42_sampl
e_2_model.cif                                                                   
Writing predicted structure to                                                  
/out/RAND_CHEMBL4857658_agonist/seed_42/RAND_CHEMBL4857658_agonist_seed_42_sampl
e_3_model.cif                                                                   
Writing predicted structure to                                                  
/out/RAND_CHEMBL4857658_agonist/seed_42/RAND_CHEMBL4857658_agonist_seed_42_sampl
e_4_model.cif                                                                   
Writing predicted structure to                                                  
/out/RAND_CHEMBL4857658_agonist/seed_42/RAND_CHEMBL4857658_agonist_seed_42_sampl
e_5_model.cif                                                                   
Predicting query 'RAND_CHEMBL5832803_antagonist' with 2025 atom(s), 282         
token(s), 2 chain(s), 2009 MSA(s) (0 paired), 0 template(s)                     
Seed set to 42
Tuning chunk size...                                                            
Tuning chunk size...                                                            
Tuning chunk size...                                                            
Tuning chunk size...                                                            
Writing predicted structure to                                                  
/out/RAND_CHEMBL5832803_antagonist/seed_42/RAND_CHEMBL5832803_antagonist_seed_42
_sample_1_model.cif                                                             
Writing predicted structure to                                                  
/out/RAND_CHEMBL5832803_antagonist/seed_42/RAND_CHEMBL5832803_antagonist_seed_42
_sample_2_model.cif                                                             
Writing predicted structure to                                                  
/out/RAND_CHEMBL5832803_antagonist/seed_42/RAND_CHEMBL5832803_antagonist_seed_42
_sample_3_model.cif                                                             
Writing predicted structure to                                                  
/out/RAND_CHEMBL5832803_antagonist/seed_42/RAND_CHEMBL5832803_antagonist_seed_42
_sample_4_model.cif                                                             
Writing predicted structure to                                                  
/out/RAND_CHEMBL5832803_antagonist/seed_42/RAND_CHEMBL5832803_antagonist_seed_42
_sample_5_model.cif                                                             
Predicting query 'RAND_CHEMBL5836020_antagonist' with 2029 atom(s), 286         
token(s), 2 chain(s), 2009 MSA(s) (0 paired), 0 template(s)                     
Seed set to 42
Tuning chunk size...                                                            
Tuning chunk size...                                                            
Tuning chunk size...                                                            
Tuning chunk size...                                                            
Writing predicted structure to                                                  
/out/RAND_CHEMBL5836020_antagonist/seed_42/RAND_CHEMBL5836020_antagonist_seed_42
_sample_1_model.cif                                                             
Writing predicted structure to                                                  
/out/RAND_CHEMBL5836020_antagonist/seed_42/RAND_CHEMBL5836020_antagonist_seed_42
_sample_2_model.cif                                                             
Writing predicted structure to                                                  
/out/RAND_CHEMBL5836020_antagonist/seed_42/RAND_CHEMBL5836020_antagonist_seed_42
_sample_3_model.cif                                                             
Writing predicted structure to                                                  
/out/RAND_CHEMBL5836020_antagonist/seed_42/RAND_CHEMBL5836020_antagonist_seed_42
_sample_4_model.cif                                                             
Writing predicted structure to                                                  
/out/RAND_CHEMBL5836020_antagonist/seed_42/RAND_CHEMBL5836020_antagonist_seed_42
_sample_5_model.cif                                                             
Predicting query 'RAND_CHEMBL3598076_antagonist' with 2022 atom(s), 279         
token(s), 2 chain(s), 2009 MSA(s) (0 paired), 0 template(s)                     
Seed set to 42
Tuning chunk size...                                                            
Tuning chunk size...                                                            
Tuning chunk size...                                                            
Tuning chunk size...                                                            
Writing predicted structure to                                                  
/out/RAND_CHEMBL3598076_antagonist/seed_42/RAND_CHEMBL3598076_antagonist_seed_42
_sample_1_model.cif                                                             
Writing predicted structure to                                                  
/out/RAND_CHEMBL3598076_antagonist/seed_42/RAND_CHEMBL3598076_antagonist_seed_42
_sample_2_model.cif                                                             
Writing predicted structure to                                                  
/out/RAND_CHEMBL3598076_antagonist/seed_42/RAND_CHEMBL3598076_antagonist_seed_42
_sample_3_model.cif                                                             
Writing predicted structure to                                                  
/out/RAND_CHEMBL3598076_antagonist/seed_42/RAND_CHEMBL3598076_antagonist_seed_42
_sample_4_model.cif                                                             
Writing predicted structure to                                                  
/out/RAND_CHEMBL3598076_antagonist/seed_42/RAND_CHEMBL3598076_antagonist_seed_42
_sample_5_model.cif                                                             
Predicting query 'RAND_CHEMBL4470666_antagonist' with 2027 atom(s), 284         
token(s), 2 chain(s), 2009 MSA(s) (0 paired), 0 template(s)                     
Seed set to 42
Tuning chunk size...                                                            
Tuning chunk size...                                                            
Tuning chunk size...                                                            
Tuning chunk size...                                                            
Writing predicted structure to                                                  
/out/RAND_CHEMBL4470666_antagonist/seed_42/RAND_CHEMBL4470666_antagonist_seed_42
_sample_1_model.cif                                                             
Writing predicted structure to                                                  
/out/RAND_CHEMBL4470666_antagonist/seed_42/RAND_CHEMBL4470666_antagonist_seed_42
_sample_2_model.cif                                                             
Writing predicted structure to                                                  
/out/RAND_CHEMBL4470666_antagonist/seed_42/RAND_CHEMBL4470666_antagonist_seed_42
_sample_3_model.cif                                                             
Writing predicted structure to                                                  
/out/RAND_CHEMBL4470666_antagonist/seed_42/RAND_CHEMBL4470666_antagonist_seed_42
_sample_4_model.cif                                                             
Writing predicted structure to                                                  
/out/RAND_CHEMBL4470666_antagonist/seed_42/RAND_CHEMBL4470666_antagonist_seed_42
_sample_5_model.cif                                                             
Predicting query 'RAND_CHEMBL6023400_agonist' with 2024 atom(s), 281 token(s), 2
chain(s), 2009 MSA(s) (0 paired), 0 template(s)                                 
Seed set to 42
Tuning chunk size...                                                            
Tuning chunk size...                                                            
Tuning chunk size...                                                            
Tuning chunk size...                                                            
Writing predicted structure to                                                  
/out/RAND_CHEMBL6023400_agonist/seed_42/RAND_CHEMBL6023400_agonist_seed_42_sampl
e_1_model.cif                                                                   
Writing predicted structure to                                                  
/out/RAND_CHEMBL6023400_agonist/seed_42/RAND_CHEMBL6023400_agonist_seed_42_sampl
e_2_model.cif                                                                   
Writing predicted structure to                                                  
/out/RAND_CHEMBL6023400_agonist/seed_42/RAND_CHEMBL6023400_agonist_seed_42_sampl
e_3_model.cif                                                                   
Writing predicted structure to                                                  
/out/RAND_CHEMBL6023400_agonist/seed_42/RAND_CHEMBL6023400_agonist_seed_42_sampl
e_4_model.cif                                                                   
Writing predicted structure to                                                  
/out/RAND_CHEMBL6023400_agonist/seed_42/RAND_CHEMBL6023400_agonist_seed_42_sampl
e_5_model.cif                                                                   
Predicting query 'RAND_CHEMBL5943144_antagonist' with 2023 atom(s), 280         
token(s), 2 chain(s), 2009 MSA(s) (0 paired), 0 template(s)                     
Seed set to 42
Tuning chunk size...                                                            
Tuning chunk size...                                                            
Tuning chunk size...                                                            
Tuning chunk size...                                                            
Writing predicted structure to                                                  
/out/RAND_CHEMBL5943144_antagonist/seed_42/RAND_CHEMBL5943144_antagonist_seed_42
_sample_1_model.cif                                                             
Writing predicted structure to                                                  
/out/RAND_CHEMBL5943144_antagonist/seed_42/RAND_CHEMBL5943144_antagonist_seed_42
_sample_2_model.cif                                                             
Writing predicted structure to                                                  
/out/RAND_CHEMBL5943144_antagonist/seed_42/RAND_CHEMBL5943144_antagonist_seed_42
_sample_3_model.cif                                                             
Writing predicted structure to                                                  
/out/RAND_CHEMBL5943144_antagonist/seed_42/RAND_CHEMBL5943144_antagonist_seed_42
_sample_4_model.cif                                                             
Writing predicted structure to                                                  
/out/RAND_CHEMBL5943144_antagonist/seed_42/RAND_CHEMBL5943144_antagonist_seed_42
_sample_5_model.cif                                                             
Predicting query 'RAND_CHEMBL6003966_antagonist' with 2027 atom(s), 284         
token(s), 2 chain(s), 2009 MSA(s) (0 paired), 0 template(s)                     
Seed set to 42
Tuning chunk size...                                                            
Tuning chunk size...                                                            
Tuning chunk size...                                                            
Tuning chunk size...                                                            
Writing predicted structure to                                                  
/out/RAND_CHEMBL6003966_antagonist/seed_42/RAND_CHEMBL6003966_antagonist_seed_42
_sample_1_model.cif                                                             
Writing predicted structure to                                                  
/out/RAND_CHEMBL6003966_antagonist/seed_42/RAND_CHEMBL6003966_antagonist_seed_42
_sample_2_model.cif                                                             
Writing predicted structure to                                                  
/out/RAND_CHEMBL6003966_antagonist/seed_42/RAND_CHEMBL6003966_antagonist_seed_42
_sample_3_model.cif                                                             
Writing predicted structure to                                                  
/out/RAND_CHEMBL6003966_antagonist/seed_42/RAND_CHEMBL6003966_antagonist_seed_42
_sample_4_model.cif                                                             
Writing predicted structure to                                                  
/out/RAND_CHEMBL6003966_antagonist/seed_42/RAND_CHEMBL6003966_antagonist_seed_42
_sample_5_model.cif                                                             
Predicting query 'RAND_CHEMBL5808033_antagonist' with 2029 atom(s), 286         
token(s), 2 chain(s), 2009 MSA(s) (0 paired), 0 template(s)                     
Seed set to 42
Tuning chunk size...                                                            
Tuning chunk size...                                                            
Tuning chunk size...                                                            
Tuning chunk size...                                                            
Writing predicted structure to                                                  
/out/RAND_CHEMBL5808033_antagonist/seed_42/RAND_CHEMBL5808033_antagonist_seed_42
_sample_1_model.cif                                                             
Writing predicted structure to                                                  
/out/RAND_CHEMBL5808033_antagonist/seed_42/RAND_CHEMBL5808033_antagonist_seed_42
_sample_2_model.cif                                                             
Writing predicted structure to                                                  
/out/RAND_CHEMBL5808033_antagonist/seed_42/RAND_CHEMBL5808033_antagonist_seed_42
_sample_3_model.cif                                                             
Writing predicted structure to                                                  
/out/RAND_CHEMBL5808033_antagonist/seed_42/RAND_CHEMBL5808033_antagonist_seed_42
_sample_4_model.cif                                                             
Writing predicted structure to                                                  
/out/RAND_CHEMBL5808033_antagonist/seed_42/RAND_CHEMBL5808033_antagonist_seed_42
_sample_5_model.cif                                                             
Predicting query 'RAND_CHEMBL3962504_antagonist' with 2034 atom(s), 291         
token(s), 2 chain(s), 2009 MSA(s) (0 paired), 0 template(s)                     
Seed set to 42
Tuning chunk size...                                                            
Tuning chunk size...                                                            
Tuning chunk size...                                                            
Tuning chunk size...                                                            
Writing predicted structure to                                                  
/out/RAND_CHEMBL3962504_antagonist/seed_42/RAND_CHEMBL3962504_antagonist_seed_42
_sample_1_model.cif                                                             
Writing predicted structure to                                                  
/out/RAND_CHEMBL3962504_antagonist/seed_42/RAND_CHEMBL3962504_antagonist_seed_42
_sample_2_model.cif                                                             
Writing predicted structure to                                                  
/out/RAND_CHEMBL3962504_antagonist/seed_42/RAND_CHEMBL3962504_antagonist_seed_42
_sample_3_model.cif                                                             
Writing predicted structure to                                                  
/out/RAND_CHEMBL3962504_antagonist/seed_42/RAND_CHEMBL3962504_antagonist_seed_42
_sample_4_model.cif                                                             
Writing predicted structure to                                                  
/out/RAND_CHEMBL3962504_antagonist/seed_42/RAND_CHEMBL3962504_antagonist_seed_42
_sample_5_model.cif                                                             
Predicting query 'RAND_CHEMBL5974193_agonist' with 2024 atom(s), 281 token(s), 2
chain(s), 2009 MSA(s) (0 paired), 0 template(s)                                 
Seed set to 42
Tuning chunk size...                                                            
Tuning chunk size...                                                            
Tuning chunk size...                                                            
Tuning chunk size...                                                            
Writing predicted structure to                                                  
/out/RAND_CHEMBL5974193_agonist/seed_42/RAND_CHEMBL5974193_agonist_seed_42_sampl
e_1_model.cif                                                                   
Writing predicted structure to                                                  
/out/RAND_CHEMBL5974193_agonist/seed_42/RAND_CHEMBL5974193_agonist_seed_42_sampl
e_2_model.cif                                                                   
Writing predicted structure to                                                  
/out/RAND_CHEMBL5974193_agonist/seed_42/RAND_CHEMBL5974193_agonist_seed_42_sampl
e_3_model.cif                                                                   
Writing predicted structure to                                                  
/out/RAND_CHEMBL5974193_agonist/seed_42/RAND_CHEMBL5974193_agonist_seed_42_sampl
e_4_model.cif                                                                   
Writing predicted structure to                                                  
/out/RAND_CHEMBL5974193_agonist/seed_42/RAND_CHEMBL5974193_agonist_seed_42_sampl
e_5_model.cif                                                                   
Predicting query 'RAND_CHEMBL5880263_antagonist' with 2023 atom(s), 280         
token(s), 2 chain(s), 2009 MSA(s) (0 paired), 0 template(s)                     
Seed set to 42
Tuning chunk size...                                                            
Tuning chunk size...                                                            
Tuning chunk size...                                                            
Tuning chunk size...                                                            
Writing predicted structure to                                                  
/out/RAND_CHEMBL5880263_antagonist/seed_42/RAND_CHEMBL5880263_antagonist_seed_42
_sample_1_model.cif                                                             
Writing predicted structure to                                                  
/out/RAND_CHEMBL5880263_antagonist/seed_42/RAND_CHEMBL5880263_antagonist_seed_42
_sample_2_model.cif                                                             
Writing predicted structure to                                                  
/out/RAND_CHEMBL5880263_antagonist/seed_42/RAND_CHEMBL5880263_antagonist_seed_42
_sample_3_model.cif                                                             
Writing predicted structure to                                                  
/out/RAND_CHEMBL5880263_antagonist/seed_42/RAND_CHEMBL5880263_antagonist_seed_42
_sample_4_model.cif                                                             
Writing predicted structure to                                                  
/out/RAND_CHEMBL5880263_antagonist/seed_42/RAND_CHEMBL5880263_antagonist_seed_42
_sample_5_model.cif                                                             
Predicting query 'RAND_CHEMBL5984085_antagonist' with 2023 atom(s), 280         
token(s), 2 chain(s), 2009 MSA(s) (0 paired), 0 template(s)                     
Seed set to 42
Writing predicted structure to                                                  
/out/RAND_CHEMBL5984085_antagonist/seed_42/RAND_CHEMBL5984085_antagonist_seed_42
_sample_1_model.cif                                                             
Writing predicted structure to                                                  
/out/RAND_CHEMBL5984085_antagonist/seed_42/RAND_CHEMBL5984085_antagonist_seed_42
_sample_2_model.cif                                                             
Writing predicted structure to                                                  
/out/RAND_CHEMBL5984085_antagonist/seed_42/RAND_CHEMBL5984085_antagonist_seed_42
_sample_3_model.cif                                                             
Writing predicted structure to                                                  
/out/RAND_CHEMBL5984085_antagonist/seed_42/RAND_CHEMBL5984085_antagonist_seed_42
_sample_4_model.cif                                                             
Writing predicted structure to                                                  
/out/RAND_CHEMBL5984085_antagonist/seed_42/RAND_CHEMBL5984085_antagonist_seed_42
_sample_5_model.cif                                                             
Predicting query 'RAND_CHEMBL5075147_agonist' with 2018 atom(s), 275 token(s), 2
chain(s), 2009 MSA(s) (0 paired), 0 template(s)                                 
Seed set to 42
Tuning chunk size...                                                            
Tuning chunk size...                                                            
Tuning chunk size...                                                            
Tuning chunk size...                                                            
Writing predicted structure to                                                  
/out/RAND_CHEMBL5075147_agonist/seed_42/RAND_CHEMBL5075147_agonist_seed_42_sampl
e_1_model.cif                                                                   
Writing predicted structure to                                                  
/out/RAND_CHEMBL5075147_agonist/seed_42/RAND_CHEMBL5075147_agonist_seed_42_sampl
e_2_model.cif                                                                   
Writing predicted structure to                                                  
/out/RAND_CHEMBL5075147_agonist/seed_42/RAND_CHEMBL5075147_agonist_seed_42_sampl
e_3_model.cif                                                                   
Writing predicted structure to                                                  
/out/RAND_CHEMBL5075147_agonist/seed_42/RAND_CHEMBL5075147_agonist_seed_42_sampl
e_4_model.cif                                                                   
Writing predicted structure to                                                  
/out/RAND_CHEMBL5075147_agonist/seed_42/RAND_CHEMBL5075147_agonist_seed_42_sampl
e_5_model.cif                                                                   
Predicting query 'RAND_CHEMBL5953210_agonist' with 2019 atom(s), 276 token(s), 2
chain(s), 2009 MSA(s) (0 paired), 0 template(s)                                 
Seed set to 42
Tuning chunk size...                                                            
Tuning chunk size...                                                            
Tuning chunk size...                                                            
Tuning chunk size...                                                            
Writing predicted structure to                                                  
/out/RAND_CHEMBL5953210_agonist/seed_42/RAND_CHEMBL5953210_agonist_seed_42_sampl
e_1_model.cif                                                                   
Writing predicted structure to                                                  
/out/RAND_CHEMBL5953210_agonist/seed_42/RAND_CHEMBL5953210_agonist_seed_42_sampl
e_2_model.cif                                                                   
Writing predicted structure to                                                  
/out/RAND_CHEMBL5953210_agonist/seed_42/RAND_CHEMBL5953210_agonist_seed_42_sampl
e_3_model.cif                                                                   
Writing predicted structure to                                                  
/out/RAND_CHEMBL5953210_agonist/seed_42/RAND_CHEMBL5953210_agonist_seed_42_sampl
e_4_model.cif                                                                   
Writing predicted structure to                                                  
/out/RAND_CHEMBL5953210_agonist/seed_42/RAND_CHEMBL5953210_agonist_seed_42_sampl
e_5_model.cif                                                                   
Predicting query 'RAND_CHEMBL6011105_agonist' with 2024 atom(s), 281 token(s), 2
chain(s), 2009 MSA(s) (0 paired), 0 template(s)                                 
Seed set to 42
Tuning chunk size...                                                            
Tuning chunk size...                                                            
Tuning chunk size...                                                            
Tuning chunk size...                                                            
Writing predicted structure to                                                  
/out/RAND_CHEMBL6011105_agonist/seed_42/RAND_CHEMBL6011105_agonist_seed_42_sampl
e_1_model.cif                                                                   
Writing predicted structure to                                                  
/out/RAND_CHEMBL6011105_agonist/seed_42/RAND_CHEMBL6011105_agonist_seed_42_sampl
e_2_model.cif                                                                   
Writing predicted structure to                                                  
/out/RAND_CHEMBL6011105_agonist/seed_42/RAND_CHEMBL6011105_agonist_seed_42_sampl
e_3_model.cif                                                                   
Writing predicted structure to                                                  
/out/RAND_CHEMBL6011105_agonist/seed_42/RAND_CHEMBL6011105_agonist_seed_42_sampl
e_4_model.cif                                                                   
Writing predicted structure to                                                  
/out/RAND_CHEMBL6011105_agonist/seed_42/RAND_CHEMBL6011105_agonist_seed_42_sampl
e_5_model.cif                                                                   
Predicting query 'RAND_CHEMBL5859429_antagonist' with 2034 atom(s), 291         
token(s), 2 chain(s), 2009 MSA(s) (0 paired), 0 template(s)                     
Seed set to 42
Tuning chunk size...                                                            
Tuning chunk size...                                                            
Tuning chunk size...                                                            
Tuning chunk size...                                                            
Writing predicted structure to                                                  
/out/RAND_CHEMBL5859429_antagonist/seed_42/RAND_CHEMBL5859429_antagonist_seed_42
_sample_1_model.cif                                                             
Writing predicted structure to                                                  
/out/RAND_CHEMBL5859429_antagonist/seed_42/RAND_CHEMBL5859429_antagonist_seed_42
_sample_2_model.cif                                                             
Writing predicted structure to                                                  
/out/RAND_CHEMBL5859429_antagonist/seed_42/RAND_CHEMBL5859429_antagonist_seed_42
_sample_3_model.cif                                                             
Writing predicted structure to                                                  
/out/RAND_CHEMBL5859429_antagonist/seed_42/RAND_CHEMBL5859429_antagonist_seed_42
_sample_4_model.cif                                                             
Writing predicted structure to                                                  
/out/RAND_CHEMBL5859429_antagonist/seed_42/RAND_CHEMBL5859429_antagonist_seed_42
_sample_5_model.cif                                                             
Predicting query 'RAND_CHEMBL3218919_agonist' with 2006 atom(s), 263 token(s), 2
chain(s), 2009 MSA(s) (0 paired), 0 template(s)                                 
Seed set to 42
Tuning chunk size...                                                            
Tuning chunk size...                                                            
Tuning chunk size...                                                            
Tuning chunk size...                                                            
Writing predicted structure to                                                  
/out/RAND_CHEMBL3218919_agonist/seed_42/RAND_CHEMBL3218919_agonist_seed_42_sampl
e_1_model.cif                                                                   
Writing predicted structure to                                                  
/out/RAND_CHEMBL3218919_agonist/seed_42/RAND_CHEMBL3218919_agonist_seed_42_sampl
e_2_model.cif                                                                   
Writing predicted structure to                                                  
/out/RAND_CHEMBL3218919_agonist/seed_42/RAND_CHEMBL3218919_agonist_seed_42_sampl
e_3_model.cif                                                                   
Writing predicted structure to                                                  
/out/RAND_CHEMBL3218919_agonist/seed_42/RAND_CHEMBL3218919_agonist_seed_42_sampl
e_4_model.cif                                                                   
Writing predicted structure to                                                  
/out/RAND_CHEMBL3218919_agonist/seed_42/RAND_CHEMBL3218919_agonist_seed_42_sampl
e_5_model.cif                                                                   
Predicting query 'RAND_CHEMBL6007121_antagonist' with 2025 atom(s), 282         
token(s), 2 chain(s), 2009 MSA(s) (0 paired), 0 template(s)                     
Seed set to 42
Tuning chunk size...                                                            
Tuning chunk size...                                                            
Tuning chunk size...                                                            
Tuning chunk size...                                                            
Writing predicted structure to                                                  
/out/RAND_CHEMBL6007121_antagonist/seed_42/RAND_CHEMBL6007121_antagonist_seed_42
_sample_1_model.cif                                                             
Writing predicted structure to                                                  
/out/RAND_CHEMBL6007121_antagonist/seed_42/RAND_CHEMBL6007121_antagonist_seed_42
_sample_2_model.cif                                                             
Writing predicted structure to                                                  
/out/RAND_CHEMBL6007121_antagonist/seed_42/RAND_CHEMBL6007121_antagonist_seed_42
_sample_3_model.cif                                                             
Writing predicted structure to                                                  
/out/RAND_CHEMBL6007121_antagonist/seed_42/RAND_CHEMBL6007121_antagonist_seed_42
_sample_4_model.cif                                                             
Writing predicted structure to                                                  
/out/RAND_CHEMBL6007121_antagonist/seed_42/RAND_CHEMBL6007121_antagonist_seed_42
_sample_5_model.cif                                                             
Predicting query 'RAND_CHEMBL4279941_antagonist' with 2021 atom(s), 278         
token(s), 2 chain(s), 2009 MSA(s) (0 paired), 0 template(s)                     
Seed set to 42
Tuning chunk size...                                                            
Tuning chunk size...                                                            
Tuning chunk size...                                                            
Tuning chunk size...                                                            
Writing predicted structure to                                                  
/out/RAND_CHEMBL4279941_antagonist/seed_42/RAND_CHEMBL4279941_antagonist_seed_42
_sample_1_model.cif                                                             
Writing predicted structure to                                                  
/out/RAND_CHEMBL4279941_antagonist/seed_42/RAND_CHEMBL4279941_antagonist_seed_42
_sample_2_model.cif                                                             
Writing predicted structure to                                                  
/out/RAND_CHEMBL4279941_antagonist/seed_42/RAND_CHEMBL4279941_antagonist_seed_42
_sample_3_model.cif                                                             
Writing predicted structure to                                                  
/out/RAND_CHEMBL4279941_antagonist/seed_42/RAND_CHEMBL4279941_antagonist_seed_42
_sample_4_model.cif                                                             
Writing predicted structure to                                                  
/out/RAND_CHEMBL4279941_antagonist/seed_42/RAND_CHEMBL4279941_antagonist_seed_42
_sample_5_model.cif                                                             
Predicting query 'RAND_CHEMBL4855243_agonist' with 2022 atom(s), 279 token(s), 2
chain(s), 2009 MSA(s) (0 paired), 0 template(s)                                 
Seed set to 42
Tuning chunk size...                                                            
Tuning chunk size...                                                            
Tuning chunk size...                                                            
Tuning chunk size...                                                            
Writing predicted structure to                                                  
/out/RAND_CHEMBL4855243_agonist/seed_42/RAND_CHEMBL4855243_agonist_seed_42_sampl
e_1_model.cif                                                                   
Writing predicted structure to                                                  
/out/RAND_CHEMBL4855243_agonist/seed_42/RAND_CHEMBL4855243_agonist_seed_42_sampl
e_2_model.cif                                                                   
Writing predicted structure to                                                  
/out/RAND_CHEMBL4855243_agonist/seed_42/RAND_CHEMBL4855243_agonist_seed_42_sampl
e_3_model.cif                                                                   
Writing predicted structure to                                                  
/out/RAND_CHEMBL4855243_agonist/seed_42/RAND_CHEMBL4855243_agonist_seed_42_sampl
e_4_model.cif                                                                   
Writing predicted structure to                                                  
/out/RAND_CHEMBL4855243_agonist/seed_42/RAND_CHEMBL4855243_agonist_seed_42_sampl
e_5_model.cif                                                                   
Predicting query 'RAND_CHEMBL3609412_agonist' with 2019 atom(s), 276 token(s), 2
chain(s), 2009 MSA(s) (0 paired), 0 template(s)                                 
Seed set to 42
Tuning chunk size...                                                            
Tuning chunk size...                                                            
Tuning chunk size...                                                            
Tuning chunk size...                                                            
Writing predicted structure to                                                  
/out/RAND_CHEMBL3609412_agonist/seed_42/RAND_CHEMBL3609412_agonist_seed_42_sampl
e_1_model.cif                                                                   
Writing predicted structure to                                                  
/out/RAND_CHEMBL3609412_agonist/seed_42/RAND_CHEMBL3609412_agonist_seed_42_sampl
e_2_model.cif                                                                   
Writing predicted structure to                                                  
/out/RAND_CHEMBL3609412_agonist/seed_42/RAND_CHEMBL3609412_agonist_seed_42_sampl
e_3_model.cif                                                                   
Writing predicted structure to                                                  
/out/RAND_CHEMBL3609412_agonist/seed_42/RAND_CHEMBL3609412_agonist_seed_42_sampl
e_4_model.cif                                                                   
Writing predicted structure to                                                  
/out/RAND_CHEMBL3609412_agonist/seed_42/RAND_CHEMBL3609412_agonist_seed_42_sampl
e_5_model.cif                                                                   
Predicting query 'RAND_CHEMBL5892069_agonist' with 2026 atom(s), 283 token(s), 2
chain(s), 2009 MSA(s) (0 paired), 0 template(s)                                 
Seed set to 42
Tuning chunk size...                                                            
Tuning chunk size...                                                            
Tuning chunk size...                                                            
Tuning chunk size...                                                            
Writing predicted structure to                                                  
/out/RAND_CHEMBL5892069_agonist/seed_42/RAND_CHEMBL5892069_agonist_seed_42_sampl
e_1_model.cif                                                                   
Writing predicted structure to                                                  
/out/RAND_CHEMBL5892069_agonist/seed_42/RAND_CHEMBL5892069_agonist_seed_42_sampl
e_2_model.cif                                                                   
Writing predicted structure to                                                  
/out/RAND_CHEMBL5892069_agonist/seed_42/RAND_CHEMBL5892069_agonist_seed_42_sampl
e_3_model.cif                                                                   
Writing predicted structure to                                                  
/out/RAND_CHEMBL5892069_agonist/seed_42/RAND_CHEMBL5892069_agonist_seed_42_sampl
e_4_model.cif                                                                   
Writing predicted structure to                                                  
/out/RAND_CHEMBL5892069_agonist/seed_42/RAND_CHEMBL5892069_agonist_seed_42_sampl
e_5_model.cif                                                                   
Predicting query 'RAND_CHEMBL4874647_agonist' with 2022 atom(s), 279 token(s), 2
chain(s), 2009 MSA(s) (0 paired), 0 template(s)                                 
Seed set to 42
Tuning chunk size...                                                            
Tuning chunk size...                                                            
Tuning chunk size...                                                            
Tuning chunk size...                                                            
Writing predicted structure to                                                  
/out/RAND_CHEMBL4874647_agonist/seed_42/RAND_CHEMBL4874647_agonist_seed_42_sampl
e_1_model.cif                                                                   
Writing predicted structure to                                                  
/out/RAND_CHEMBL4874647_agonist/seed_42/RAND_CHEMBL4874647_agonist_seed_42_sampl
e_2_model.cif                                                                   
Writing predicted structure to                                                  
/out/RAND_CHEMBL4874647_agonist/seed_42/RAND_CHEMBL4874647_agonist_seed_42_sampl
e_3_model.cif                                                                   
Writing predicted structure to                                                  
/out/RAND_CHEMBL4874647_agonist/seed_42/RAND_CHEMBL4874647_agonist_seed_42_sampl
e_4_model.cif                                                                   
Writing predicted structure to                                                  
/out/RAND_CHEMBL4874647_agonist/seed_42/RAND_CHEMBL4874647_agonist_seed_42_sampl
e_5_model.cif                                                                   
Predicting query 'RAND_CHEMBL4866161_agonist' with 2024 atom(s), 281 token(s), 2
chain(s), 2009 MSA(s) (0 paired), 0 template(s)                                 
Seed set to 42
Tuning chunk size...                                                            
Tuning chunk size...                                                            
Tuning chunk size...                                                            
Tuning chunk size...                                                            
Writing predicted structure to                                                  
/out/RAND_CHEMBL4866161_agonist/seed_42/RAND_CHEMBL4866161_agonist_seed_42_sampl
e_1_model.cif                                                                   
Writing predicted structure to                                                  
/out/RAND_CHEMBL4866161_agonist/seed_42/RAND_CHEMBL4866161_agonist_seed_42_sampl
e_2_model.cif                                                                   
Writing predicted structure to                                                  
/out/RAND_CHEMBL4866161_agonist/seed_42/RAND_CHEMBL4866161_agonist_seed_42_sampl
e_3_model.cif                                                                   
Writing predicted structure to                                                  
/out/RAND_CHEMBL4866161_agonist/seed_42/RAND_CHEMBL4866161_agonist_seed_42_sampl
e_4_model.cif                                                                   
Writing predicted structure to                                                  
/out/RAND_CHEMBL4866161_agonist/seed_42/RAND_CHEMBL4866161_agonist_seed_42_sampl
e_5_model.cif                                                                   
Predicting query 'RAND_CHEMBL5940583_agonist' with 2022 atom(s), 279 token(s), 2
chain(s), 2009 MSA(s) (0 paired), 0 template(s)                                 
Seed set to 42
Tuning chunk size...                                                            
Tuning chunk size...                                                            
Tuning chunk size...                                                            
Tuning chunk size...                                                            
Writing predicted structure to                                                  
/out/RAND_CHEMBL5940583_agonist/seed_42/RAND_CHEMBL5940583_agonist_seed_42_sampl
e_1_model.cif                                                                   
Writing predicted structure to                                                  
/out/RAND_CHEMBL5940583_agonist/seed_42/RAND_CHEMBL5940583_agonist_seed_42_sampl
e_2_model.cif                                                                   
Writing predicted structure to                                                  
/out/RAND_CHEMBL5940583_agonist/seed_42/RAND_CHEMBL5940583_agonist_seed_42_sampl
e_3_model.cif                                                                   
Writing predicted structure to                                                  
/out/RAND_CHEMBL5940583_agonist/seed_42/RAND_CHEMBL5940583_agonist_seed_42_sampl
e_4_model.cif                                                                   
Writing predicted structure to                                                  
/out/RAND_CHEMBL5940583_agonist/seed_42/RAND_CHEMBL5940583_agonist_seed_42_sampl
e_5_model.cif                                                                   
Predicting query 'RAND_CHEMBL5986130_agonist' with 2021 atom(s), 278 token(s), 2
chain(s), 2009 MSA(s) (0 paired), 0 template(s)                                 
Seed set to 42
Tuning chunk size...                                                            
Tuning chunk size...                                                            
Tuning chunk size...                                                            
Tuning chunk size...                                                            
Writing predicted structure to                                                  
/out/RAND_CHEMBL5986130_agonist/seed_42/RAND_CHEMBL5986130_agonist_seed_42_sampl
e_1_model.cif                                                                   
Writing predicted structure to                                                  
/out/RAND_CHEMBL5986130_agonist/seed_42/RAND_CHEMBL5986130_agonist_seed_42_sampl
e_2_model.cif                                                                   
Writing predicted structure to                                                  
/out/RAND_CHEMBL5986130_agonist/seed_42/RAND_CHEMBL5986130_agonist_seed_42_sampl
e_3_model.cif                                                                   
Writing predicted structure to                                                  
/out/RAND_CHEMBL5986130_agonist/seed_42/RAND_CHEMBL5986130_agonist_seed_42_sampl
e_4_model.cif                                                                   
Writing predicted structure to                                                  
/out/RAND_CHEMBL5986130_agonist/seed_42/RAND_CHEMBL5986130_agonist_seed_42_sampl
e_5_model.cif                                                                   
Predicting query 'RAND_CHEMBL5177120_antagonist' with 2018 atom(s), 275         
token(s), 2 chain(s), 2009 MSA(s) (0 paired), 0 template(s)                     
Seed set to 42
Tuning chunk size...                                                            
Tuning chunk size...                                                            
Tuning chunk size...                                                            
Tuning chunk size...                                                            
Writing predicted structure to                                                  
/out/RAND_CHEMBL5177120_antagonist/seed_42/RAND_CHEMBL5177120_antagonist_seed_42
_sample_1_model.cif                                                             
Writing predicted structure to                                                  
/out/RAND_CHEMBL5177120_antagonist/seed_42/RAND_CHEMBL5177120_antagonist_seed_42
_sample_2_model.cif                                                             
Writing predicted structure to                                                  
/out/RAND_CHEMBL5177120_antagonist/seed_42/RAND_CHEMBL5177120_antagonist_seed_42
_sample_3_model.cif                                                             
Writing predicted structure to                                                  
/out/RAND_CHEMBL5177120_antagonist/seed_42/RAND_CHEMBL5177120_antagonist_seed_42
_sample_4_model.cif                                                             
Writing predicted structure to                                                  
/out/RAND_CHEMBL5177120_antagonist/seed_42/RAND_CHEMBL5177120_antagonist_seed_42
_sample_5_model.cif                                                             
Predicting query 'RAND_CHEMBL3609385_agonist' with 2014 atom(s), 271 token(s), 2
chain(s), 2009 MSA(s) (0 paired), 0 template(s)                                 
Seed set to 42
Tuning chunk size...                                                            
Tuning chunk size...                                                            
Tuning chunk size...                                                            
Tuning chunk size...                                                            
Writing predicted structure to                                                  
/out/RAND_CHEMBL3609385_agonist/seed_42/RAND_CHEMBL3609385_agonist_seed_42_sampl
e_1_model.cif                                                                   
Writing predicted structure to                                                  
/out/RAND_CHEMBL3609385_agonist/seed_42/RAND_CHEMBL3609385_agonist_seed_42_sampl
e_2_model.cif                                                                   
Writing predicted structure to                                                  
/out/RAND_CHEMBL3609385_agonist/seed_42/RAND_CHEMBL3609385_agonist_seed_42_sampl
e_3_model.cif                                                                   
Writing predicted structure to                                                  
/out/RAND_CHEMBL3609385_agonist/seed_42/RAND_CHEMBL3609385_agonist_seed_42_sampl
e_4_model.cif                                                                   
Writing predicted structure to                                                  
/out/RAND_CHEMBL3609385_agonist/seed_42/RAND_CHEMBL3609385_agonist_seed_42_sampl
e_5_model.cif                                                                   
Predicting query 'RAND_CHEMBL6031221_antagonist' with 2027 atom(s), 284         
token(s), 2 chain(s), 2009 MSA(s) (0 paired), 0 template(s)                     
Seed set to 42
Tuning chunk size...                                                            
Tuning chunk size...                                                            
Tuning chunk size...                                                            
Tuning chunk size...                                                            
Writing predicted structure to                                                  
/out/RAND_CHEMBL6031221_antagonist/seed_42/RAND_CHEMBL6031221_antagonist_seed_42
_sample_1_model.cif                                                             
Writing predicted structure to                                                  
/out/RAND_CHEMBL6031221_antagonist/seed_42/RAND_CHEMBL6031221_antagonist_seed_42
_sample_2_model.cif                                                             
Writing predicted structure to                                                  
/out/RAND_CHEMBL6031221_antagonist/seed_42/RAND_CHEMBL6031221_antagonist_seed_42
_sample_3_model.cif                                                             
Writing predicted structure to                                                  
/out/RAND_CHEMBL6031221_antagonist/seed_42/RAND_CHEMBL6031221_antagonist_seed_42
_sample_4_model.cif                                                             
Writing predicted structure to                                                  
/out/RAND_CHEMBL6031221_antagonist/seed_42/RAND_CHEMBL6031221_antagonist_seed_42
_sample_5_model.cif                                                             
Predicting query 'RAND_CHEMBL5410860_antagonist' with 2020 atom(s), 277         
token(s), 2 chain(s), 2009 MSA(s) (0 paired), 0 template(s)                     
Seed set to 42
Tuning chunk size...                                                            
Tuning chunk size...                                                            
Tuning chunk size...                                                            
Tuning chunk size...                                                            
Writing predicted structure to                                                  
/out/RAND_CHEMBL5410860_antagonist/seed_42/RAND_CHEMBL5410860_antagonist_seed_42
_sample_1_model.cif                                                             
Writing predicted structure to                                                  
/out/RAND_CHEMBL5410860_antagonist/seed_42/RAND_CHEMBL5410860_antagonist_seed_42
_sample_2_model.cif                                                             
Writing predicted structure to                                                  
/out/RAND_CHEMBL5410860_antagonist/seed_42/RAND_CHEMBL5410860_antagonist_seed_42
_sample_3_model.cif                                                             
Writing predicted structure to                                                  
/out/RAND_CHEMBL5410860_antagonist/seed_42/RAND_CHEMBL5410860_antagonist_seed_42
_sample_4_model.cif                                                             
Writing predicted structure to                                                  
/out/RAND_CHEMBL5410860_antagonist/seed_42/RAND_CHEMBL5410860_antagonist_seed_42
_sample_5_model.cif                                                             
Predicting query 'RAND_CHEMBL5438539_agonist' with 2019 atom(s), 276 token(s), 2
chain(s), 2009 MSA(s) (0 paired), 0 template(s)                                 
Seed set to 42
Tuning chunk size...                                                            
Tuning chunk size...                                                            
Tuning chunk size...                                                            
Tuning chunk size...                                                            
Writing predicted structure to                                                  
/out/RAND_CHEMBL5438539_agonist/seed_42/RAND_CHEMBL5438539_agonist_seed_42_sampl
e_1_model.cif                                                                   
Writing predicted structure to                                                  
/out/RAND_CHEMBL5438539_agonist/seed_42/RAND_CHEMBL5438539_agonist_seed_42_sampl
e_2_model.cif                                                                   
Writing predicted structure to                                                  
/out/RAND_CHEMBL5438539_agonist/seed_42/RAND_CHEMBL5438539_agonist_seed_42_sampl
e_3_model.cif                                                                   
Writing predicted structure to                                                  
/out/RAND_CHEMBL5438539_agonist/seed_42/RAND_CHEMBL5438539_agonist_seed_42_sampl
e_4_model.cif                                                                   
Writing predicted structure to                                                  
/out/RAND_CHEMBL5438539_agonist/seed_42/RAND_CHEMBL5438539_agonist_seed_42_sampl
e_5_model.cif                                                                   
Predicting query 'RAND_CHEMBL5880489_antagonist' with 2027 atom(s), 284         
token(s), 2 chain(s), 2009 MSA(s) (0 paired), 0 template(s)                     
Seed set to 42
Tuning chunk size...                                                            
Tuning chunk size...                                                            
Tuning chunk size...                                                            
Tuning chunk size...                                                            
Writing predicted structure to                                                  
/out/RAND_CHEMBL5880489_antagonist/seed_42/RAND_CHEMBL5880489_antagonist_seed_42
_sample_1_model.cif                                                             
Writing predicted structure to                                                  
/out/RAND_CHEMBL5880489_antagonist/seed_42/RAND_CHEMBL5880489_antagonist_seed_42
_sample_2_model.cif                                                             
Writing predicted structure to                                                  
/out/RAND_CHEMBL5880489_antagonist/seed_42/RAND_CHEMBL5880489_antagonist_seed_42
_sample_3_model.cif                                                             
Writing predicted structure to                                                  
/out/RAND_CHEMBL5880489_antagonist/seed_42/RAND_CHEMBL5880489_antagonist_seed_42
_sample_4_model.cif                                                             
Writing predicted structure to                                                  
/out/RAND_CHEMBL5880489_antagonist/seed_42/RAND_CHEMBL5880489_antagonist_seed_42
_sample_5_model.cif                                                             
Predicting query 'RAND_CHEMBL5965241_antagonist' with 2030 atom(s), 287         
token(s), 2 chain(s), 2009 MSA(s) (0 paired), 0 template(s)                     
Seed set to 42
Tuning chunk size...                                                            
Tuning chunk size...                                                            
Tuning chunk size...                                                            
Tuning chunk size...                                                            
Writing predicted structure to                                                  
/out/RAND_CHEMBL5965241_antagonist/seed_42/RAND_CHEMBL5965241_antagonist_seed_42
_sample_1_model.cif                                                             
Writing predicted structure to                                                  
/out/RAND_CHEMBL5965241_antagonist/seed_42/RAND_CHEMBL5965241_antagonist_seed_42
_sample_2_model.cif                                                             
Writing predicted structure to                                                  
/out/RAND_CHEMBL5965241_antagonist/seed_42/RAND_CHEMBL5965241_antagonist_seed_42
_sample_3_model.cif                                                             
Writing predicted structure to                                                  
/out/RAND_CHEMBL5965241_antagonist/seed_42/RAND_CHEMBL5965241_antagonist_seed_42
_sample_4_model.cif                                                             
Writing predicted structure to                                                  
/out/RAND_CHEMBL5965241_antagonist/seed_42/RAND_CHEMBL5965241_antagonist_seed_42
_sample_5_model.cif                                                             
Predicting query 'RAND_CHEMBL4649541_agonist' with 2023 atom(s), 280 token(s), 2
chain(s), 2009 MSA(s) (0 paired), 0 template(s)                                 
Seed set to 42
Tuning chunk size...                                                            
Tuning chunk size...                                                            
Tuning chunk size...                                                            
Tuning chunk size...                                                            
Writing predicted structure to                                                  
/out/RAND_CHEMBL4649541_agonist/seed_42/RAND_CHEMBL4649541_agonist_seed_42_sampl
e_1_model.cif                                                                   
Writing predicted structure to                                                  
/out/RAND_CHEMBL4649541_agonist/seed_42/RAND_CHEMBL4649541_agonist_seed_42_sampl
e_2_model.cif                                                                   
Writing predicted structure to                                                  
/out/RAND_CHEMBL4649541_agonist/seed_42/RAND_CHEMBL4649541_agonist_seed_42_sampl
e_3_model.cif                                                                   
Writing predicted structure to                                                  
/out/RAND_CHEMBL4649541_agonist/seed_42/RAND_CHEMBL4649541_agonist_seed_42_sampl
e_4_model.cif                                                                   
Writing predicted structure to                                                  
/out/RAND_CHEMBL4649541_agonist/seed_42/RAND_CHEMBL4649541_agonist_seed_42_sampl
e_5_model.cif                                                                   
Predicting query 'RAND_CHEMBL5867090_antagonist' with 2018 atom(s), 275         
token(s), 2 chain(s), 2009 MSA(s) (0 paired), 0 template(s)                     
Seed set to 42
Tuning chunk size...                                                            
Tuning chunk size...                                                            
Tuning chunk size...                                                            
Tuning chunk size...                                                            
Writing predicted structure to                                                  
/out/RAND_CHEMBL5867090_antagonist/seed_42/RAND_CHEMBL5867090_antagonist_seed_42
_sample_1_model.cif                                                             
Writing predicted structure to                                                  
/out/RAND_CHEMBL5867090_antagonist/seed_42/RAND_CHEMBL5867090_antagonist_seed_42
_sample_2_model.cif                                                             
Writing predicted structure to                                                  
/out/RAND_CHEMBL5867090_antagonist/seed_42/RAND_CHEMBL5867090_antagonist_seed_42
_sample_3_model.cif                                                             
Writing predicted structure to                                                  
/out/RAND_CHEMBL5867090_antagonist/seed_42/RAND_CHEMBL5867090_antagonist_seed_42
_sample_4_model.cif                                                             
Writing predicted structure to                                                  
/out/RAND_CHEMBL5867090_antagonist/seed_42/RAND_CHEMBL5867090_antagonist_seed_42
_sample_5_model.cif                                                             
Predicting query 'RAND_CHEMBL5794612_antagonist' with 2025 atom(s), 282         
token(s), 2 chain(s), 2009 MSA(s) (0 paired), 0 template(s)                     
Seed set to 42
Tuning chunk size...                                                            
Tuning chunk size...                                                            
Tuning chunk size...                                                            
Tuning chunk size...                                                            
Writing predicted structure to                                                  
/out/RAND_CHEMBL5794612_antagonist/seed_42/RAND_CHEMBL5794612_antagonist_seed_42
_sample_1_model.cif                                                             
Writing predicted structure to                                                  
/out/RAND_CHEMBL5794612_antagonist/seed_42/RAND_CHEMBL5794612_antagonist_seed_42
_sample_2_model.cif                                                             
Writing predicted structure to                                                  
/out/RAND_CHEMBL5794612_antagonist/seed_42/RAND_CHEMBL5794612_antagonist_seed_42
_sample_3_model.cif                                                             
Writing predicted structure to                                                  
/out/RAND_CHEMBL5794612_antagonist/seed_42/RAND_CHEMBL5794612_antagonist_seed_42
_sample_4_model.cif                                                             
Writing predicted structure to                                                  
/out/RAND_CHEMBL5794612_antagonist/seed_42/RAND_CHEMBL5794612_antagonist_seed_42
_sample_5_model.cif                                                             
Predicting query 'RAND_CHEMBL6060615_antagonist' with 2025 atom(s), 282         
token(s), 2 chain(s), 2009 MSA(s) (0 paired), 0 template(s)                     
Seed set to 42
Writing predicted structure to                                                  
/out/RAND_CHEMBL6060615_antagonist/seed_42/RAND_CHEMBL6060615_antagonist_seed_42
_sample_1_model.cif                                                             
Writing predicted structure to                                                  
/out/RAND_CHEMBL6060615_antagonist/seed_42/RAND_CHEMBL6060615_antagonist_seed_42
_sample_2_model.cif                                                             
Writing predicted structure to                                                  
/out/RAND_CHEMBL6060615_antagonist/seed_42/RAND_CHEMBL6060615_antagonist_seed_42
_sample_3_model.cif                                                             
Writing predicted structure to                                                  
/out/RAND_CHEMBL6060615_antagonist/seed_42/RAND_CHEMBL6060615_antagonist_seed_42
_sample_4_model.cif                                                             
Writing predicted structure to                                                  
/out/RAND_CHEMBL6060615_antagonist/seed_42/RAND_CHEMBL6060615_antagonist_seed_42
_sample_5_model.cif                                                             
Predicting query 'RAND_CHEMBL4452914_agonist' with 2023 atom(s), 280 token(s), 2
chain(s), 2009 MSA(s) (0 paired), 0 template(s)                                 
Seed set to 42
Tuning chunk size...                                                            
Tuning chunk size...                                                            
Tuning chunk size...                                                            
Tuning chunk size...                                                            
Writing predicted structure to                                                  
/out/RAND_CHEMBL4452914_agonist/seed_42/RAND_CHEMBL4452914_agonist_seed_42_sampl
e_1_model.cif                                                                   
Writing predicted structure to                                                  
/out/RAND_CHEMBL4452914_agonist/seed_42/RAND_CHEMBL4452914_agonist_seed_42_sampl
e_2_model.cif                                                                   
Writing predicted structure to                                                  
/out/RAND_CHEMBL4452914_agonist/seed_42/RAND_CHEMBL4452914_agonist_seed_42_sampl
e_3_model.cif                                                                   
Writing predicted structure to                                                  
/out/RAND_CHEMBL4452914_agonist/seed_42/RAND_CHEMBL4452914_agonist_seed_42_sampl
e_4_model.cif                                                                   
Writing predicted structure to                                                  
/out/RAND_CHEMBL4452914_agonist/seed_42/RAND_CHEMBL4452914_agonist_seed_42_sampl
e_5_model.cif                                                                   
Predicting query 'RAND_CHEMBL5990020_antagonist' with 2031 atom(s), 288         
token(s), 2 chain(s), 2009 MSA(s) (0 paired), 0 template(s)                     
Seed set to 42
Tuning chunk size...                                                            
Tuning chunk size...                                                            
Tuning chunk size...                                                            
Tuning chunk size...                                                            
Writing predicted structure to                                                  
/out/RAND_CHEMBL5990020_antagonist/seed_42/RAND_CHEMBL5990020_antagonist_seed_42
_sample_1_model.cif                                                             
Writing predicted structure to                                                  
/out/RAND_CHEMBL5990020_antagonist/seed_42/RAND_CHEMBL5990020_antagonist_seed_42
_sample_2_model.cif                                                             
Writing predicted structure to                                                  
/out/RAND_CHEMBL5990020_antagonist/seed_42/RAND_CHEMBL5990020_antagonist_seed_42
_sample_3_model.cif                                                             
Writing predicted structure to                                                  
/out/RAND_CHEMBL5990020_antagonist/seed_42/RAND_CHEMBL5990020_antagonist_seed_42
_sample_4_model.cif                                                             
Writing predicted structure to                                                  
/out/RAND_CHEMBL5990020_antagonist/seed_42/RAND_CHEMBL5990020_antagonist_seed_42
_sample_5_model.cif                                                             
Predicting query 'RAND_CHEMBL3313998_agonist' with 2024 atom(s), 281 token(s), 2
chain(s), 2009 MSA(s) (0 paired), 0 template(s)                                 
Seed set to 42
Tuning chunk size...                                                            
Tuning chunk size...                                                            
Tuning chunk size...                                                            
Tuning chunk size...                                                            
Writing predicted structure to                                                  
/out/RAND_CHEMBL3313998_agonist/seed_42/RAND_CHEMBL3313998_agonist_seed_42_sampl
e_1_model.cif                                                                   
Writing predicted structure to                                                  
/out/RAND_CHEMBL3313998_agonist/seed_42/RAND_CHEMBL3313998_agonist_seed_42_sampl
e_2_model.cif                                                                   
Writing predicted structure to                                                  
/out/RAND_CHEMBL3313998_agonist/seed_42/RAND_CHEMBL3313998_agonist_seed_42_sampl
e_3_model.cif                                                                   
Writing predicted structure to                                                  
/out/RAND_CHEMBL3313998_agonist/seed_42/RAND_CHEMBL3313998_agonist_seed_42_sampl
e_4_model.cif                                                                   
Writing predicted structure to                                                  
/out/RAND_CHEMBL3313998_agonist/seed_42/RAND_CHEMBL3313998_agonist_seed_42_sampl
e_5_model.cif                                                                   
Predicting query 'RAND_CHEMBL5432279_agonist' with 2022 atom(s), 279 token(s), 2
chain(s), 2009 MSA(s) (0 paired), 0 template(s)                                 
Seed set to 42
Tuning chunk size...                                                            
Tuning chunk size...                                                            
Tuning chunk size...                                                            
Tuning chunk size...                                                            
Writing predicted structure to                                                  
/out/RAND_CHEMBL5432279_agonist/seed_42/RAND_CHEMBL5432279_agonist_seed_42_sampl
e_1_model.cif                                                                   
Writing predicted structure to                                                  
/out/RAND_CHEMBL5432279_agonist/seed_42/RAND_CHEMBL5432279_agonist_seed_42_sampl
e_2_model.cif                                                                   
Writing predicted structure to                                                  
/out/RAND_CHEMBL5432279_agonist/seed_42/RAND_CHEMBL5432279_agonist_seed_42_sampl
e_3_model.cif                                                                   
Writing predicted structure to                                                  
/out/RAND_CHEMBL5432279_agonist/seed_42/RAND_CHEMBL5432279_agonist_seed_42_sampl
e_4_model.cif                                                                   
Writing predicted structure to                                                  
/out/RAND_CHEMBL5432279_agonist/seed_42/RAND_CHEMBL5432279_agonist_seed_42_sampl
e_5_model.cif                                                                   
Predicting query 'RAND_CHEMBL4877008_agonist' with 2023 atom(s), 280 token(s), 2
chain(s), 2009 MSA(s) (0 paired), 0 template(s)                                 
Seed set to 42
Tuning chunk size...                                                            
Tuning chunk size...                                                            
Tuning chunk size...                                                            
Tuning chunk size...                                                            
Writing predicted structure to                                                  
/out/RAND_CHEMBL4877008_agonist/seed_42/RAND_CHEMBL4877008_agonist_seed_42_sampl
e_1_model.cif                                                                   
Writing predicted structure to                                                  
/out/RAND_CHEMBL4877008_agonist/seed_42/RAND_CHEMBL4877008_agonist_seed_42_sampl
e_2_model.cif                                                                   
Writing predicted structure to                                                  
/out/RAND_CHEMBL4877008_agonist/seed_42/RAND_CHEMBL4877008_agonist_seed_42_sampl
e_3_model.cif                                                                   
Writing predicted structure to                                                  
/out/RAND_CHEMBL4877008_agonist/seed_42/RAND_CHEMBL4877008_agonist_seed_42_sampl
e_4_model.cif                                                                   
Writing predicted structure to                                                  
/out/RAND_CHEMBL4877008_agonist/seed_42/RAND_CHEMBL4877008_agonist_seed_42_sampl
e_5_model.cif                                                                   
Predicting query 'RAND_CHEMBL4776548_antagonist' with 2024 atom(s), 281         
token(s), 2 chain(s), 2009 MSA(s) (0 paired), 0 template(s)                     
Seed set to 42
Tuning chunk size...                                                            
Tuning chunk size...                                                            
Tuning chunk size...                                                            
Tuning chunk size...                                                            
Writing predicted structure to                                                  
/out/RAND_CHEMBL4776548_antagonist/seed_42/RAND_CHEMBL4776548_antagonist_seed_42
_sample_1_model.cif                                                             
Writing predicted structure to                                                  
/out/RAND_CHEMBL4776548_antagonist/seed_42/RAND_CHEMBL4776548_antagonist_seed_42
_sample_2_model.cif                                                             
Writing predicted structure to                                                  
/out/RAND_CHEMBL4776548_antagonist/seed_42/RAND_CHEMBL4776548_antagonist_seed_42
_sample_3_model.cif                                                             
Writing predicted structure to                                                  
/out/RAND_CHEMBL4776548_antagonist/seed_42/RAND_CHEMBL4776548_antagonist_seed_42
_sample_4_model.cif                                                             
Writing predicted structure to                                                  
/out/RAND_CHEMBL4776548_antagonist/seed_42/RAND_CHEMBL4776548_antagonist_seed_42
_sample_5_model.cif                                                             
Predicting query 'RAND_CHEMBL6063063_antagonist' with 2027 atom(s), 284         
token(s), 2 chain(s), 2009 MSA(s) (0 paired), 0 template(s)                     
Seed set to 42
Tuning chunk size...                                                            
Tuning chunk size...                                                            
Tuning chunk size...                                                            
Tuning chunk size...                                                            
Writing predicted structure to                                                  
/out/RAND_CHEMBL6063063_antagonist/seed_42/RAND_CHEMBL6063063_antagonist_seed_42
_sample_1_model.cif                                                             
Writing predicted structure to                                                  
/out/RAND_CHEMBL6063063_antagonist/seed_42/RAND_CHEMBL6063063_antagonist_seed_42
_sample_2_model.cif                                                             
Writing predicted structure to                                                  
/out/RAND_CHEMBL6063063_antagonist/seed_42/RAND_CHEMBL6063063_antagonist_seed_42
_sample_3_model.cif                                                             
Writing predicted structure to                                                  
/out/RAND_CHEMBL6063063_antagonist/seed_42/RAND_CHEMBL6063063_antagonist_seed_42
_sample_4_model.cif                                                             
Writing predicted structure to                                                  
/out/RAND_CHEMBL6063063_antagonist/seed_42/RAND_CHEMBL6063063_antagonist_seed_42
_sample_5_model.cif                                                             
Predicting query 'RAND_CHEMBL5273235_antagonist' with 2025 atom(s), 282         
token(s), 2 chain(s), 2009 MSA(s) (0 paired), 0 template(s)                     
Seed set to 42
Tuning chunk size...                                                            
Tuning chunk size...                                                            
Tuning chunk size...                                                            
Tuning chunk size...                                                            
Writing predicted structure to                                                  
/out/RAND_CHEMBL5273235_antagonist/seed_42/RAND_CHEMBL5273235_antagonist_seed_42
_sample_1_model.cif                                                             
Writing predicted structure to                                                  
/out/RAND_CHEMBL5273235_antagonist/seed_42/RAND_CHEMBL5273235_antagonist_seed_42
_sample_2_model.cif                                                             
Writing predicted structure to                                                  
/out/RAND_CHEMBL5273235_antagonist/seed_42/RAND_CHEMBL5273235_antagonist_seed_42
_sample_3_model.cif                                                             
Writing predicted structure to                                                  
/out/RAND_CHEMBL5273235_antagonist/seed_42/RAND_CHEMBL5273235_antagonist_seed_42
_sample_4_model.cif                                                             
Writing predicted structure to                                                  
/out/RAND_CHEMBL5273235_antagonist/seed_42/RAND_CHEMBL5273235_antagonist_seed_42
_sample_5_model.cif                                                             
Predicting query 'RAND_CHEMBL4851088_agonist' with 2023 atom(s), 280 token(s), 2
chain(s), 2009 MSA(s) (0 paired), 0 template(s)                                 
Seed set to 42
Tuning chunk size...                                                            
Tuning chunk size...                                                            
Tuning chunk size...                                                            
Tuning chunk size...                                                            
Writing predicted structure to                                                  
/out/RAND_CHEMBL4851088_agonist/seed_42/RAND_CHEMBL4851088_agonist_seed_42_sampl
e_1_model.cif                                                                   
Writing predicted structure to                                                  
/out/RAND_CHEMBL4851088_agonist/seed_42/RAND_CHEMBL4851088_agonist_seed_42_sampl
e_2_model.cif                                                                   
Writing predicted structure to                                                  
/out/RAND_CHEMBL4851088_agonist/seed_42/RAND_CHEMBL4851088_agonist_seed_42_sampl
e_3_model.cif                                                                   
Writing predicted structure to                                                  
/out/RAND_CHEMBL4851088_agonist/seed_42/RAND_CHEMBL4851088_agonist_seed_42_sampl
e_4_model.cif                                                                   
Writing predicted structure to                                                  
/out/RAND_CHEMBL4851088_agonist/seed_42/RAND_CHEMBL4851088_agonist_seed_42_sampl
e_5_model.cif                                                                   
Predicting query 'RAND_CHEMBL4857191_agonist' with 2020 atom(s), 277 token(s), 2
chain(s), 2009 MSA(s) (0 paired), 0 template(s)                                 
Seed set to 42
Tuning chunk size...                                                            
Tuning chunk size...                                                            
Tuning chunk size...                                                            
Tuning chunk size...                                                            
Writing predicted structure to                                                  
/out/RAND_CHEMBL4857191_agonist/seed_42/RAND_CHEMBL4857191_agonist_seed_42_sampl
e_1_model.cif                                                                   
Writing predicted structure to                                                  
/out/RAND_CHEMBL4857191_agonist/seed_42/RAND_CHEMBL4857191_agonist_seed_42_sampl
e_2_model.cif                                                                   
Writing predicted structure to                                                  
/out/RAND_CHEMBL4857191_agonist/seed_42/RAND_CHEMBL4857191_agonist_seed_42_sampl
e_3_model.cif                                                                   
Writing predicted structure to                                                  
/out/RAND_CHEMBL4857191_agonist/seed_42/RAND_CHEMBL4857191_agonist_seed_42_sampl
e_4_model.cif                                                                   
Writing predicted structure to                                                  
/out/RAND_CHEMBL4857191_agonist/seed_42/RAND_CHEMBL4857191_agonist_seed_42_sampl
e_5_model.cif                                                                   
Predicting query 'RAND_CHEMBL4126216_antagonist' with 2026 atom(s), 283         
token(s), 2 chain(s), 2009 MSA(s) (0 paired), 0 template(s)                     
Seed set to 42
Tuning chunk size...                                                            
Tuning chunk size...                                                            
Tuning chunk size...                                                            
Tuning chunk size...                                                            
Writing predicted structure to                                                  
/out/RAND_CHEMBL4126216_antagonist/seed_42/RAND_CHEMBL4126216_antagonist_seed_42
_sample_1_model.cif                                                             
Writing predicted structure to                                                  
/out/RAND_CHEMBL4126216_antagonist/seed_42/RAND_CHEMBL4126216_antagonist_seed_42
_sample_2_model.cif                                                             
Writing predicted structure to                                                  
/out/RAND_CHEMBL4126216_antagonist/seed_42/RAND_CHEMBL4126216_antagonist_seed_42
_sample_3_model.cif                                                             
Writing predicted structure to                                                  
/out/RAND_CHEMBL4126216_antagonist/seed_42/RAND_CHEMBL4126216_antagonist_seed_42
_sample_4_model.cif                                                             
Writing predicted structure to                                                  
/out/RAND_CHEMBL4126216_antagonist/seed_42/RAND_CHEMBL4126216_antagonist_seed_42
_sample_5_model.cif                                                             
Predicting query 'RAND_CHEMBL4871691_agonist' with 2024 atom(s), 281 token(s), 2
chain(s), 2009 MSA(s) (0 paired), 0 template(s)                                 
Seed set to 42
Tuning chunk size...                                                            
Tuning chunk size...                                                            
Tuning chunk size...                                                            
Tuning chunk size...                                                            
Writing predicted structure to                                                  
/out/RAND_CHEMBL4871691_agonist/seed_42/RAND_CHEMBL4871691_agonist_seed_42_sampl
e_1_model.cif                                                                   
Writing predicted structure to                                                  
/out/RAND_CHEMBL4871691_agonist/seed_42/RAND_CHEMBL4871691_agonist_seed_42_sampl
e_2_model.cif                                                                   
Writing predicted structure to                                                  
/out/RAND_CHEMBL4871691_agonist/seed_42/RAND_CHEMBL4871691_agonist_seed_42_sampl
e_3_model.cif                                                                   
Writing predicted structure to                                                  
/out/RAND_CHEMBL4871691_agonist/seed_42/RAND_CHEMBL4871691_agonist_seed_42_sampl
e_4_model.cif                                                                   
Writing predicted structure to                                                  
/out/RAND_CHEMBL4871691_agonist/seed_42/RAND_CHEMBL4871691_agonist_seed_42_sampl
e_5_model.cif                                                                   
Predicting query 'RAND_CHEMBL5785729_agonist' with 2021 atom(s), 278 token(s), 2
chain(s), 2009 MSA(s) (0 paired), 0 template(s)                                 
Seed set to 42
Tuning chunk size...                                                            
Tuning chunk size...                                                            
Tuning chunk size...                                                            
Tuning chunk size...                                                            
Writing predicted structure to                                                  
/out/RAND_CHEMBL5785729_agonist/seed_42/RAND_CHEMBL5785729_agonist_seed_42_sampl
e_1_model.cif                                                                   
Writing predicted structure to                                                  
/out/RAND_CHEMBL5785729_agonist/seed_42/RAND_CHEMBL5785729_agonist_seed_42_sampl
e_2_model.cif                                                                   
Writing predicted structure to                                                  
/out/RAND_CHEMBL5785729_agonist/seed_42/RAND_CHEMBL5785729_agonist_seed_42_sampl
e_3_model.cif                                                                   
Writing predicted structure to                                                  
/out/RAND_CHEMBL5785729_agonist/seed_42/RAND_CHEMBL5785729_agonist_seed_42_sampl
e_4_model.cif                                                                   
Writing predicted structure to                                                  
/out/RAND_CHEMBL5785729_agonist/seed_42/RAND_CHEMBL5785729_agonist_seed_42_sampl
e_5_model.cif                                                                   
Predicting query 'RAND_CHEMBL6016295_agonist' with 2027 atom(s), 284 token(s), 2
chain(s), 2009 MSA(s) (0 paired), 0 template(s)                                 
Seed set to 42
Tuning chunk size...                                                            
Tuning chunk size...                                                            
Tuning chunk size...                                                            
Tuning chunk size...                                                            
Writing predicted structure to                                                  
/out/RAND_CHEMBL6016295_agonist/seed_42/RAND_CHEMBL6016295_agonist_seed_42_sampl
e_1_model.cif                                                                   
Writing predicted structure to                                                  
/out/RAND_CHEMBL6016295_agonist/seed_42/RAND_CHEMBL6016295_agonist_seed_42_sampl
e_2_model.cif                                                                   
Writing predicted structure to                                                  
/out/RAND_CHEMBL6016295_agonist/seed_42/RAND_CHEMBL6016295_agonist_seed_42_sampl
e_3_model.cif                                                                   
Writing predicted structure to                                                  
/out/RAND_CHEMBL6016295_agonist/seed_42/RAND_CHEMBL6016295_agonist_seed_42_sampl
e_4_model.cif                                                                   
Writing predicted structure to                                                  
/out/RAND_CHEMBL6016295_agonist/seed_42/RAND_CHEMBL6016295_agonist_seed_42_sampl
e_5_model.cif                                                                   
Predicting query 'RAND_CHEMBL5875331_antagonist' with 2028 atom(s), 285         
token(s), 2 chain(s), 2009 MSA(s) (0 paired), 0 template(s)                     
Seed set to 42
Tuning chunk size...                                                            
Tuning chunk size...                                                            
Tuning chunk size...                                                            
Tuning chunk size...                                                            
Writing predicted structure to                                                  
/out/RAND_CHEMBL5875331_antagonist/seed_42/RAND_CHEMBL5875331_antagonist_seed_42
_sample_1_model.cif                                                             
Writing predicted structure to                                                  
/out/RAND_CHEMBL5875331_antagonist/seed_42/RAND_CHEMBL5875331_antagonist_seed_42
_sample_2_model.cif                                                             
Writing predicted structure to                                                  
/out/RAND_CHEMBL5875331_antagonist/seed_42/RAND_CHEMBL5875331_antagonist_seed_42
_sample_3_model.cif                                                             
Writing predicted structure to                                                  
/out/RAND_CHEMBL5875331_antagonist/seed_42/RAND_CHEMBL5875331_antagonist_seed_42
_sample_4_model.cif                                                             
Writing predicted structure to                                                  
/out/RAND_CHEMBL5875331_antagonist/seed_42/RAND_CHEMBL5875331_antagonist_seed_42
_sample_5_model.cif                                                             
Predicting query 'RAND_CHEMBL3933290_antagonist' with 2037 atom(s), 294         
token(s), 2 chain(s), 2009 MSA(s) (0 paired), 0 template(s)                     
Seed set to 42
Tuning chunk size...                                                            
Tuning chunk size...                                                            
Tuning chunk size...                                                            
Tuning chunk size...                                                            
Writing predicted structure to                                                  
/out/RAND_CHEMBL3933290_antagonist/seed_42/RAND_CHEMBL3933290_antagonist_seed_42
_sample_1_model.cif                                                             
Writing predicted structure to                                                  
/out/RAND_CHEMBL3933290_antagonist/seed_42/RAND_CHEMBL3933290_antagonist_seed_42
_sample_2_model.cif                                                             
Writing predicted structure to                                                  
/out/RAND_CHEMBL3933290_antagonist/seed_42/RAND_CHEMBL3933290_antagonist_seed_42
_sample_3_model.cif                                                             
Writing predicted structure to                                                  
/out/RAND_CHEMBL3933290_antagonist/seed_42/RAND_CHEMBL3933290_antagonist_seed_42
_sample_4_model.cif                                                             
Writing predicted structure to                                                  
/out/RAND_CHEMBL3933290_antagonist/seed_42/RAND_CHEMBL3933290_antagonist_seed_42
_sample_5_model.cif                                                             
Predicting query 'RAND_CHEMBL5998057_antagonist' with 2027 atom(s), 284         
token(s), 2 chain(s), 2009 MSA(s) (0 paired), 0 template(s)                     
Seed set to 42
Tuning chunk size...                                                            
Tuning chunk size...                                                            
Tuning chunk size...                                                            
Tuning chunk size...                                                            
Writing predicted structure to                                                  
/out/RAND_CHEMBL5998057_antagonist/seed_42/RAND_CHEMBL5998057_antagonist_seed_42
_sample_1_model.cif                                                             
Writing predicted structure to                                                  
/out/RAND_CHEMBL5998057_antagonist/seed_42/RAND_CHEMBL5998057_antagonist_seed_42
_sample_2_model.cif                                                             
Writing predicted structure to                                                  
/out/RAND_CHEMBL5998057_antagonist/seed_42/RAND_CHEMBL5998057_antagonist_seed_42
_sample_3_model.cif                                                             
Writing predicted structure to                                                  
/out/RAND_CHEMBL5998057_antagonist/seed_42/RAND_CHEMBL5998057_antagonist_seed_42
_sample_4_model.cif                                                             
Writing predicted structure to                                                  
/out/RAND_CHEMBL5998057_antagonist/seed_42/RAND_CHEMBL5998057_antagonist_seed_42
_sample_5_model.cif                                                             
Predicting query 'RAND_CHEMBL5289748_antagonist' with 2026 atom(s), 283         
token(s), 2 chain(s), 2009 MSA(s) (0 paired), 0 template(s)                     
Seed set to 42
Tuning chunk size...                                                            
Tuning chunk size...                                                            
Tuning chunk size...                                                            
Tuning chunk size...                                                            
Writing predicted structure to                                                  
/out/RAND_CHEMBL5289748_antagonist/seed_42/RAND_CHEMBL5289748_antagonist_seed_42
_sample_1_model.cif                                                             
Writing predicted structure to                                                  
/out/RAND_CHEMBL5289748_antagonist/seed_42/RAND_CHEMBL5289748_antagonist_seed_42
_sample_2_model.cif                                                             
Writing predicted structure to                                                  
/out/RAND_CHEMBL5289748_antagonist/seed_42/RAND_CHEMBL5289748_antagonist_seed_42
_sample_3_model.cif                                                             
Writing predicted structure to                                                  
/out/RAND_CHEMBL5289748_antagonist/seed_42/RAND_CHEMBL5289748_antagonist_seed_42
_sample_4_model.cif                                                             
Writing predicted structure to                                                  
/out/RAND_CHEMBL5289748_antagonist/seed_42/RAND_CHEMBL5289748_antagonist_seed_42
_sample_5_model.cif                                                             
Predicting query 'RAND_CHEMBL4869567_agonist' with 2030 atom(s), 287 token(s), 2
chain(s), 2009 MSA(s) (0 paired), 0 template(s)                                 
Seed set to 42
Tuning chunk size...                                                            
Tuning chunk size...                                                            
Tuning chunk size...                                                            
Tuning chunk size...                                                            
Writing predicted structure to                                                  
/out/RAND_CHEMBL4869567_agonist/seed_42/RAND_CHEMBL4869567_agonist_seed_42_sampl
e_1_model.cif                                                                   
Writing predicted structure to                                                  
/out/RAND_CHEMBL4869567_agonist/seed_42/RAND_CHEMBL4869567_agonist_seed_42_sampl
e_2_model.cif                                                                   
Writing predicted structure to                                                  
/out/RAND_CHEMBL4869567_agonist/seed_42/RAND_CHEMBL4869567_agonist_seed_42_sampl
e_3_model.cif                                                                   
Writing predicted structure to                                                  
/out/RAND_CHEMBL4869567_agonist/seed_42/RAND_CHEMBL4869567_agonist_seed_42_sampl
e_4_model.cif                                                                   
Writing predicted structure to                                                  
/out/RAND_CHEMBL4869567_agonist/seed_42/RAND_CHEMBL4869567_agonist_seed_42_sampl
e_5_model.cif                                                                   
Predicting query 'RAND_CHEMBL4227729_antagonist' with 2020 atom(s), 277         
token(s), 2 chain(s), 2009 MSA(s) (0 paired), 0 template(s)                     
Seed set to 42
Tuning chunk size...                                                            
Tuning chunk size...                                                            
Tuning chunk size...                                                            
Tuning chunk size...                                                            
Writing predicted structure to                                                  
/out/RAND_CHEMBL4227729_antagonist/seed_42/RAND_CHEMBL4227729_antagonist_seed_42
_sample_1_model.cif                                                             
Writing predicted structure to                                                  
/out/RAND_CHEMBL4227729_antagonist/seed_42/RAND_CHEMBL4227729_antagonist_seed_42
_sample_2_model.cif                                                             
Writing predicted structure to                                                  
/out/RAND_CHEMBL4227729_antagonist/seed_42/RAND_CHEMBL4227729_antagonist_seed_42
_sample_3_model.cif                                                             
Writing predicted structure to                                                  
/out/RAND_CHEMBL4227729_antagonist/seed_42/RAND_CHEMBL4227729_antagonist_seed_42
_sample_4_model.cif                                                             
Writing predicted structure to                                                  
/out/RAND_CHEMBL4227729_antagonist/seed_42/RAND_CHEMBL4227729_antagonist_seed_42
_sample_5_model.cif                                                             
Predicting query 'RAND_CHEMBL6064848_antagonist' with 2025 atom(s), 282         
token(s), 2 chain(s), 2009 MSA(s) (0 paired), 0 template(s)                     
Seed set to 42
Tuning chunk size...                                                            
Tuning chunk size...                                                            
Tuning chunk size...                                                            
Tuning chunk size...                                                            
Writing predicted structure to                                                  
/out/RAND_CHEMBL6064848_antagonist/seed_42/RAND_CHEMBL6064848_antagonist_seed_42
_sample_1_model.cif                                                             
Writing predicted structure to                                                  
/out/RAND_CHEMBL6064848_antagonist/seed_42/RAND_CHEMBL6064848_antagonist_seed_42
_sample_2_model.cif                                                             
Writing predicted structure to                                                  
/out/RAND_CHEMBL6064848_antagonist/seed_42/RAND_CHEMBL6064848_antagonist_seed_42
_sample_3_model.cif                                                             
Writing predicted structure to                                                  
/out/RAND_CHEMBL6064848_antagonist/seed_42/RAND_CHEMBL6064848_antagonist_seed_42
_sample_4_model.cif                                                             
Writing predicted structure to                                                  
/out/RAND_CHEMBL6064848_antagonist/seed_42/RAND_CHEMBL6064848_antagonist_seed_42
_sample_5_model.cif                                                             
Predicting query 'RAND_CHEMBL5998039_antagonist' with 2029 atom(s), 286         
token(s), 2 chain(s), 2009 MSA(s) (0 paired), 0 template(s)                     
Seed set to 42
Tuning chunk size...                                                            
Tuning chunk size...                                                            
Tuning chunk size...                                                            
Tuning chunk size...                                                            
Writing predicted structure to                                                  
/out/RAND_CHEMBL5998039_antagonist/seed_42/RAND_CHEMBL5998039_antagonist_seed_42
_sample_1_model.cif                                                             
Writing predicted structure to                                                  
/out/RAND_CHEMBL5998039_antagonist/seed_42/RAND_CHEMBL5998039_antagonist_seed_42
_sample_2_model.cif                                                             
Writing predicted structure to                                                  
/out/RAND_CHEMBL5998039_antagonist/seed_42/RAND_CHEMBL5998039_antagonist_seed_42
_sample_3_model.cif                                                             
Writing predicted structure to                                                  
/out/RAND_CHEMBL5998039_antagonist/seed_42/RAND_CHEMBL5998039_antagonist_seed_42
_sample_4_model.cif                                                             
Writing predicted structure to                                                  
/out/RAND_CHEMBL5998039_antagonist/seed_42/RAND_CHEMBL5998039_antagonist_seed_42
_sample_5_model.cif                                                             
Predicting query 'RAND_CHEMBL5086937_agonist' with 2016 atom(s), 273 token(s), 2
chain(s), 2009 MSA(s) (0 paired), 0 template(s)                                 
Seed set to 42
Tuning chunk size...                                                            
Tuning chunk size...                                                            
Tuning chunk size...                                                            
Tuning chunk size...                                                            
Writing predicted structure to                                                  
/out/RAND_CHEMBL5086937_agonist/seed_42/RAND_CHEMBL5086937_agonist_seed_42_sampl
e_1_model.cif                                                                   
Writing predicted structure to                                                  
/out/RAND_CHEMBL5086937_agonist/seed_42/RAND_CHEMBL5086937_agonist_seed_42_sampl
e_2_model.cif                                                                   
Writing predicted structure to                                                  
/out/RAND_CHEMBL5086937_agonist/seed_42/RAND_CHEMBL5086937_agonist_seed_42_sampl
e_3_model.cif                                                                   
Writing predicted structure to                                                  
/out/RAND_CHEMBL5086937_agonist/seed_42/RAND_CHEMBL5086937_agonist_seed_42_sampl
e_4_model.cif                                                                   
Writing predicted structure to                                                  
/out/RAND_CHEMBL5086937_agonist/seed_42/RAND_CHEMBL5086937_agonist_seed_42_sampl
e_5_model.cif                                                                   
Predicting query 'RAND_CHEMBL5803336_agonist' with 2012 atom(s), 269 token(s), 2
chain(s), 2009 MSA(s) (0 paired), 0 template(s)                                 
Seed set to 42
Tuning chunk size...                                                            
Tuning chunk size...                                                            
Tuning chunk size...                                                            
Tuning chunk size...                                                            
Writing predicted structure to                                                  
/out/RAND_CHEMBL5803336_agonist/seed_42/RAND_CHEMBL5803336_agonist_seed_42_sampl
e_1_model.cif                                                                   
Writing predicted structure to                                                  
/out/RAND_CHEMBL5803336_agonist/seed_42/RAND_CHEMBL5803336_agonist_seed_42_sampl
e_2_model.cif                                                                   
Writing predicted structure to                                                  
/out/RAND_CHEMBL5803336_agonist/seed_42/RAND_CHEMBL5803336_agonist_seed_42_sampl
e_3_model.cif                                                                   
Writing predicted structure to                                                  
/out/RAND_CHEMBL5803336_agonist/seed_42/RAND_CHEMBL5803336_agonist_seed_42_sampl
e_4_model.cif                                                                   
Writing predicted structure to                                                  
/out/RAND_CHEMBL5803336_agonist/seed_42/RAND_CHEMBL5803336_agonist_seed_42_sampl
e_5_model.cif                                                                   
Predicting query 'RAND_CHEMBL5951176_agonist' with 2024 atom(s), 281 token(s), 2
chain(s), 2009 MSA(s) (0 paired), 0 template(s)                                 
Seed set to 42
Tuning chunk size...                                                            
Tuning chunk size...                                                            
Tuning chunk size...                                                            
Tuning chunk size...                                                            
Writing predicted structure to                                                  
/out/RAND_CHEMBL5951176_agonist/seed_42/RAND_CHEMBL5951176_agonist_seed_42_sampl
e_1_model.cif                                                                   
Writing predicted structure to                                                  
/out/RAND_CHEMBL5951176_agonist/seed_42/RAND_CHEMBL5951176_agonist_seed_42_sampl
e_2_model.cif                                                                   
Writing predicted structure to                                                  
/out/RAND_CHEMBL5951176_agonist/seed_42/RAND_CHEMBL5951176_agonist_seed_42_sampl
e_3_model.cif                                                                   
Writing predicted structure to                                                  
/out/RAND_CHEMBL5951176_agonist/seed_42/RAND_CHEMBL5951176_agonist_seed_42_sampl
e_4_model.cif                                                                   
Writing predicted structure to                                                  
/out/RAND_CHEMBL5951176_agonist/seed_42/RAND_CHEMBL5951176_agonist_seed_42_sampl
e_5_model.cif                                                                   
----------------------------------------                                        
Failed to process RAND_CHEMBL3598057_antagonist with preferredException type:   
ValueError                                                                      
Traceback: Traceback (most recent call last):                                   
  File                                                                          
"/app/.pixi/envs/openfold3-image/lib/python3.11/site-packages/openfold-3-openbin
d/openfold3/core/data/framework/single_datasets/inference.py", line 362, in     
__getitem__                                                                     
    features = self.create_all_features(query)                                  
               ^^^^^^^^^^^^^^^^^^^^^^^^^^^^^^^                                  
  File                                                                          
"/app/.pixi/envs/openfold3-image/lib/python3.11/site-packages/openfold-3-openbin
d/openfold3/core/data/framework/single_datasets/inference.py", line 311, in     
create_all_features                                                             
    structure_objs = self.get_structure_with_ref_mols(                          
                     ^^^^^^^^^^^^^^^^^^^^^^^^^^^^^^^^^                          
  File                                                                          
"/app/apheris_openfold3/src/apheris_openfold3/inference/data_module/_dataset.py"
, line 69, in get_structure_with_ref_mols                                       
    return get_structure_with_ref_mols_from_apheris_query(query)                
           ^^^^^^^^^^^^^^^^^^^^^^^^^^^^^^^^^^^^^^^^^^^^^^^^^^^^^                
  File "/app/apheris_openfold3/src/apheris_openfold3/features/_query.py", line  
36, in get_structure_with_ref_mols_from_apheris_query                           
    return get_openfold3_atom_array_from_biomolecule(biomolecule),              
get_reference_mols_from_biomolecule(biomolecule)                                
                                                                   ^^^^^^^^^^^^^
^^^^^^^^^^^^^^^^^^^^^^^^^^^^^^^^^^^                                             
  File "/app/apheris_openfold3/src/apheris_openfold3/features/_ref_mols.py",    
line 32, in get_reference_mols_from_biomolecule                                 
    return [                                                                    
           ^                                                                    
  File "/app/apheris_openfold3/src/apheris_openfold3/features/_ref_mols.py",    
line 33, in <listcomp>                                                          
    get_reference_mol_for_molecule(                                             
  File "/app/apheris_openfold3/src/apheris_openfold3/features/_ref_mols.py",    
line 81, in get_reference_mol_for_molecule                                      
    return processed_reference_molecule_from_mol(                               
           ^^^^^^^^^^^^^^^^^^^^^^^^^^^^^^^^^^^^^^                               
  File                                                                          
"/app/.pixi/envs/openfold3-image/lib/python3.11/site-packages/openfold-3-openbin
d/openfold3/core/data/primitives/structure/query.py", line 265, in              
processed_reference_molecule_from_mol                                           
    mol = set_atomwise_annotation(mol, "atom_name", atom_names)                 
          ^^^^^^^^^^^^^^^^^^^^^^^^^^^^^^^^^^^^^^^^^^^^^^^^^^^^^                 
  File                                                                          
"/app/.pixi/envs/openfold3-image/lib/python3.11/site-packages/openfold-3-openbin
d/openfold3/core/data/primitives/structure/component.py", line 130, in          
set_atomwise_annotation                                                         
    for atom, annotation in zip(mol.GetAtoms(), annotations, strict=True):      
ValueError: zip() argument 2 is longer than argument 1                          
----------------------------------------                                        
Predicting ━━━━━━━━━━━━━━━━━━━━━━━━━━━━━    138/150 0:16:39 • 0:01:26 0.14it/s 
error[internal]: 'token_mask'
/app/.pixi/envs/openfold3-image/lib/python3.11/tempfile.py:934: ResourceWarning: Implicitly cleaning up <TemporaryDirectory '/tmp/apheris-openfold3-msas-5viqdc66'>
  _warnings.warn(warn_message, ResourceWarning)
